Date,Open,High,Low,Close,Volume
2016-01-04,25.653964,26.342796,25.499071,26.339026,270602671.0
2016-01-05,26.441155,26.465125,25.602597,25.676713,223150441.0
2016-01-06,25.1406,25.592204,24.968953,25.173169,273844199.0
2016-01-07,24.666252,25.031529,24.109477,24.114855,324409873.0
2016-01-08,24.637797,24.776504,24.187896,24.237459,283142399.0
2016-01-11,24.74277,24.76039,24.334747,24.63652,198983871.0
2016-01-12,25.136023,25.17278,24.709863,24.988215,196612764.0
2016-01-13,25.075892,25.29513,24.326106,24.347774,249791907.0
2016-01-14,24.489828,25.116429,23.936504,24.875267,252676243.0
2016-01-15,24.045391,24.428033,23.836756,24.280789,319338652.0
2016-01-19,24.602088,24.662985,23.875071,24.164515,212373066.0
2016-01-20,23.774961,24.549126,23.355353,24.197707,289330235.0
2016-01-21,24.270917,24.470604,23.735013,24.073121,208642845.0
2016-01-22,24.660199,25.368065,24.592537,25.353619,263259739.0
2016-01-25,25.382259,25.38464,24.80069,24.862451,207196447.0
2016-01-26,24.983755,25.21825,24.516324,24.999252,300281906.0
2016-01-27,24.00944,24.161359,23.330812,23.355288,533488888.0
2016-01-28,23.446836,23.62967,23.101625,23.522171,222687239.0
2016-01-29,23.696207,24.340764,23.586293,24.335599,257681548.0
2016-02-01,24.119469,24.178449,23.847983,24.108853,163800529.0
2016-02-02,23.858335,24.011552,23.570649,23.62301,149446968.0
2016-02-03,23.749249,24.21261,23.522176,24.088691,183867627.0
2016-02-04,23.96479,24.334188,23.795298,24.154319,185875857.0
2016-02-05,24.131754,24.230096,23.424953,23.503596,185682882.0
2016-02-08,23.285891,23.925623,23.265211,23.753578,216112930.0
2016-02-09,23.576104,23.985417,23.486673,23.746535,177340387.0
2016-02-10,23.98528,24.085319,23.526005,23.568241,169363798.0
2016-02-11,23.449203,23.677916,23.145845,23.425966,200301794.0
2016-02-12,23.549351,23.62743,23.255175,23.490594,161376917.0
2016-02-16,23.758021,24.211851,23.651846,24.161309,196212633.0
2016-02-17,24.165776,24.549765,24.037488,24.529758,179461232.0
2016-02-18,24.712083,24.721567,24.022252,24.062819,156105999.0
2016-02-19,24.000345,24.191342,23.949848,24.009584,141487988.0
2016-02-22,24.079753,24.224721,23.982508,24.219513,137127289.0
2016-02-23,24.099935,24.121311,23.640038,23.672837,127771256.0
2016-02-24,23.495196,24.089571,23.332338,24.026469,145015970.0
2016-02-25,24.011082,24.191894,23.813379,24.191046,110325379.0
2016-02-26,24.302983,24.503863,24.14798,24.224303,115965282.0
2016-02-29,24.216781,24.553709,24.161946,24.170274,140871713.0
2016-03-01,24.414258,25.194393,24.352165,25.135622,201630974.0
2016-03-02,25.125567,25.223154,24.910417,25.186505,132695972.0
2016-03-03,25.145071,25.426488,25.110396,25.379352,147821726.0
2016-03-04,25.595754,25.940343,25.346115,25.752894,184240582.0
2016-03-07,25.601673,25.708518,25.239104,25.464958,143326521.0
2016-03-08,25.197347,25.435196,25.095796,25.255926,126263782.0
2016-03-09,25.326437,25.391131,25.066783,25.279054,108821530.0
2016-03-10,25.354752,25.563817,25.039321,25.290016,134050562.0
2016-03-11,25.56274,25.56829,25.367977,25.562331,109649013.0
2016-03-14,25.476261,25.725207,25.449223,25.629516,100300772.0
2016-03-15,25.989864,26.292578,25.959224,26.148393,160255620.0
2016-03-16,26.153994,26.577894,26.147676,26.491555,153186546.0
2016-03-17,26.383279,26.617163,26.240721,26.453861,137693318.0
2016-03-18,26.585419,26.621317,26.297676,26.482685,176809339.0
2016-03-21,26.478525,26.909266,26.286757,26.474228,142014664.0
2016-03-22,26.31184,26.828241,26.303796,26.68248,129741888.0
2016-03-23,26.622525,26.766262,26.47557,26.527951,102840685.0
2016-03-24,26.367005,26.560083,26.216589,26.420606,104535674.0
2016-03-28,26.498924,26.547028,26.262017,26.300596,77637681.0
2016-03-29,26.220805,26.948336,26.220596,26.922551,124750065.0
2016-03-30,27.161346,27.610797,27.152284,27.387513,182381907.0
2016-03-31,27.42927,27.474501,27.223275,27.251771,103546780.0
2016-04-01,27.196115,27.498004,27.050224,27.494753,103500136.0
2016-04-04,27.601121,28.048459,27.562669,27.781691,149404253.0
2016-04-05,27.373669,27.685433,27.344988,27.454617,106323759.0
2016-04-06,27.553361,27.745649,27.300229,27.736475,105611684.0
2016-04-07,27.488449,27.600413,27.026587,27.13809,127212795.0
2016-04-08,27.227455,27.447639,27.043147,27.16957,94317752.0
2016-04-11,27.240203,27.6524,27.21099,27.264872,117630609.0
2016-04-12,27.338169,27.627679,27.165058,27.609281,108951890.0
2016-04-13,27.703127,28.083268,27.703127,28.007716,133019716.0
2016-04-14,27.90718,28.102862,27.828055,28.021808,101901330.0
2016-04-15,28.028099,28.07443,27.42749,27.458672,187740134.0
2016-04-18,27.217961,27.231479,26.733166,26.872698,243262044.0
2016-04-19,26.972387,26.999115,26.555246,26.720222,129557627.0
2016-04-20,26.6621,27.016634,26.513176,26.78091,122438876.0
2016-04-21,26.731449,26.731708,26.380838,26.487166,126203836.0
2016-04-22,26.24988,26.61995,26.156303,26.42332,134729621.0
2016-04-25,26.25249,26.41116,26.126823,26.270148,112126203.0
2016-04-26,25.977574,26.326502,25.975419,26.088688,224088392.0
2016-04-27,24.004405,24.674816,23.917961,24.454693,458366324.0
2016-04-28,24.40003,24.468379,23.559794,23.709417,328993185.0
2016-04-29,23.49691,23.683158,23.129841,23.439514,274096173.0
2016-05-02,23.492111,23.521649,23.108341,23.408204,192565413.0
2016-05-03,23.549613,23.929561,23.423008,23.79573,227343585.0
2016-05-04,23.79948,23.974988,23.452459,23.548661,164062471.0
2016-05-05,23.499377,23.516721,23.166221,23.310824,143553905.0
2016-05-06,23.341011,23.362343,22.962011,23.180537,174788186.0
2016-05-09,23.243404,23.446339,23.146021,23.199622,131721231.0
2016-05-10,23.332738,23.394473,23.025702,23.356028,134734143.0
2016-05-11,23.370983,23.387893,23.114686,23.126513,114843804.0
2016-05-12,23.180773,23.195284,22.368538,22.583596,305257214.0
2016-05-13,22.497855,22.916694,22.497855,22.627095,177603895.0
2016-05-16,23.099275,23.59711,22.91284,23.472647,245012117.0
2016-05-17,23.642525,23.675007,23.252383,23.374067,187651035.0
2016-05-18,23.543198,23.800703,23.468906,23.637648,168255259.0
2016-05-19,23.657285,23.659612,23.396237,23.545708,121753364.0
2016-05-20,23.659183,23.85958,23.6298,23.803542,128115472.0
2016-05-23,23.96599,24.294039,23.914133,24.108113,152068329.0
2016-05-24,24.30703,24.524576,24.213216,24.475468,140577069.0
2016-05-25,24.667648,24.932386,24.529408,24.900698,152677768.0
2016-05-26,24.920117,25.180639,24.659991,25.108214,225330040.0
2016-05-27,24.863544,25.12115,24.810371,25.084555,145381753.0
2016-05-31,24.902377,25.101207,24.705854,24.965772,169213337.0
2016-06-01,24.754928,24.881818,24.580071,24.614692,116707390.0
2016-06-02,24.403462,24.458695,24.158264,24.426126,160770738.0
2016-06-03,24.444941,24.570414,24.36371,24.481244,114010714.0
2016-06-06,24.50036,25.472088,24.389068,24.659315,93171140.0
2016-06-07,24.809827,24.967922,24.74127,24.756704,89657608.0
2016-06-08,24.759484,24.89147,24.669549,24.73662,83399887.0
2016-06-09,24.626344,25.000933,24.618865,24.912173,106396285.0
2016-06-10,24.631684,24.836083,24.61825,24.709002,126844201.0
2016-06-13,24.672053,24.784933,24.273482,24.334317,152096750.0
2016-06-14,24.328197,24.620436,24.18697,24.369842,127713420.0
2016-06-15,24.454284,24.605507,24.257957,24.285208,117763296.0
2016-06-16,24.113446,24.433898,24.017543,24.385253,125300356.0
2016-06-17,24.154148,24.159787,23.820778,23.834207,244031979.0
2016-06-20,24.001797,24.14296,23.757797,23.777763,137639572.0
2016-06-21,23.735015,24.088534,23.667762,23.9768,142187826.0
2016-06-22,24.060958,24.221062,23.838362,23.889928,116875149.0
2016-06-23,23.985846,24.071055,23.811829,24.023299,128971586.0
2016-06-24,23.225786,23.661315,23.162136,23.349775,301255617.0
2016-06-27,23.248318,23.260575,22.874278,23.007826,181956699.0
2016-06-28,23.221004,23.415216,23.037647,23.396248,161778647.0
2016-06-29,23.493522,23.636962,23.409742,23.595758,146117735.0
2016-06-30,23.605526,23.939676,23.572322,23.897158,143342405.0
2016-07-01,23.877124,24.119182,23.833167,23.971227,104107341.0
2016-07-05,23.847272,23.851118,23.614552,23.747539,110810214.0
2016-07-06,23.652004,23.915417,23.592394,23.882845,123773343.0
2016-07-07,23.928553,24.127805,23.904223,23.986651,100560692.0
2016-07-08,24.12166,24.22495,24.015869,24.169283,115646435.0
2016-07-11,24.188187,24.410628,24.185772,24.245838,95175043.0
2016-07-12,24.288965,24.420528,24.274998,24.351028,96670622.0
2016-07-13,24.35222,24.421353,24.208809,24.218511,103550055.0
2016-07-14,24.351721,24.748892,24.332826,24.695371,155672287.0
2016-07-15,24.728861,24.826413,24.626463,24.694533,120537169.0
2016-07-18,24.674275,25.030061,24.649958,24.96257,145996785.0
2016-07-19,24.891553,25.00084,24.836303,24.965623,95117669.0
2016-07-20,24.99618,25.116411,24.934763,24.991781,105084906.0
2016-07-21,24.9566,25.249246,24.785282,24.858458,130800588.0
2016-07-22,24.814878,24.824294,24.57523,24.666747,113258927.0
2016-07-25,24.566258,24.710491,24.227649,24.33013,161533167.0
2016-07-26,24.20536,24.492336,24.103736,24.166238,224961997.0
2016-07-27,26.072113,26.086185,25.689605,25.734016,369391816.0
2016-07-28,25.7069,26.111425,25.7069,26.085676,159483049.0
2016-07-29,26.049363,26.139693,25.91807,26.054328,110921458.0
2016-08-01,26.102291,26.536452,26.102291,26.510182,152664262.0
2016-08-02,26.515242,26.518172,25.996389,26.121982,135271846.0
2016-08-03,26.20139,26.463542,26.196259,26.450056,120797748.0
2016-08-04,26.391625,26.498916,26.318937,26.468502,109629805.0
2016-08-05,26.568386,26.909895,26.545616,26.86715,162234871.0
2016-08-08,26.878179,27.094484,26.787683,27.093809,112150967.0
2016-08-09,27.055955,27.233937,27.000427,27.202334,105273753.0
2016-08-10,27.17927,27.223799,26.938718,26.997291,96035198.0
2016-08-11,27.12665,27.236866,26.961458,26.982264,109939472.0
2016-08-12,26.941336,27.109751,26.941336,27.045593,74635488.0
2016-08-15,27.033401,27.387243,27.024218,27.367673,103477517.0
2016-08-16,27.410846,27.558203,27.305984,27.33945,135165766.0
2016-08-17,27.272585,27.34173,27.089633,27.30513,101419233.0
2016-08-18,27.313919,27.404083,27.250949,27.266643,87937141.0
2016-08-19,27.192388,27.425568,27.091829,27.342025,101486858.0
2016-08-22,27.211653,27.275054,26.956419,27.123995,103276399.0
2016-08-23,27.144894,27.325792,27.13084,27.209973,85044168.0
2016-08-24,27.142005,27.18784,26.917248,27.01047,94718042.0
2016-08-25,26.84751,26.970362,26.667568,26.888465,100351652.0
2016-08-26,26.851891,26.987198,26.582584,26.737797,111071679.0
2016-08-29,26.650004,26.858453,26.57351,26.707499,99887136.0
2016-08-30,26.453997,26.62723,26.372769,26.498791,99465655.0
2016-08-31,26.414356,26.644188,26.405185,26.522868,118666065.0
2016-09-01,26.5338,26.701116,26.40526,26.682148,106811336.0
2016-09-02,26.930385,27.003688,26.705222,26.933888,107189289.0
2016-09-06,26.976643,27.074739,26.879926,26.921247,107510926.0
2016-09-07,26.955516,27.191124,26.766058,27.088923,169462624.0
2016-09-08,26.815044,26.815044,26.312132,26.38389,212020098.0
2016-09-09,26.162405,26.427584,25.780821,25.785908,186267560.0
2016-09-12,25.662473,26.430157,25.63266,26.357717,181167716.0
2016-09-13,26.877458,27.196989,26.810177,26.991063,248720767.0
2016-09-14,27.184661,28.259839,27.150495,27.945993,443544773.0
2016-09-15,28.463033,28.933414,28.3721,28.898245,359940790.0
2016-09-16,28.783885,29.032621,28.509003,28.724454,319527474.0
2016-09-19,28.799177,29.041769,28.312437,28.402003,188070430.0
2016-09-20,28.260949,28.530104,28.134071,28.387037,138064860.0
2016-09-21,28.465147,28.496699,28.109662,28.388753,144033129.0
2016-09-22,28.589421,28.734076,28.501913,28.65214,124298653.0
2016-09-23,28.607824,28.700799,27.889281,28.174454,209905115.0
2016-09-26,27.901699,28.34912,27.887401,28.219659,119480473.0
2016-09-27,28.252994,28.297745,28.084741,28.270116,98425086.0
2016-09-28,28.426278,28.658518,28.357416,28.487738,118564520.0
2016-09-29,28.290253,28.448912,27.951122,28.042284,143560887.0
2016-09-30,28.121687,28.338336,27.945897,28.259207,145509958.0
2016-10-03,28.173568,28.264609,28.070486,28.133562,86814067.0
2016-10-04,28.25954,28.575706,28.159587,28.243511,118923096.0
2016-10-05,28.347316,28.412165,28.170026,28.261301,85810679.0
2016-10-06,28.423896,28.586168,28.282178,28.477168,115135648.0
2016-10-07,28.580274,28.642382,28.377469,28.513642,97431500.0
2016-10-10,28.759577,29.189434,28.678271,29.012233,144941755.0
2016-10-11,29.422693,29.669338,29.051062,29.075853,256143561.0
2016-10-12,29.343431,29.495598,29.185457,29.333376,150336597.0
2016-10-13,29.195873,29.364052,28.932981,29.246767,140759490.0
2016-10-14,29.473549,29.546055,29.277081,29.406228,142619217.0
2016-10-17,29.337641,29.460546,29.195648,29.384028,94482277.0
2016-10-18,29.543246,29.548337,29.362132,29.366824,98213250.0
2016-10-19,29.309703,29.439247,28.453482,29.281506,80116364.0
2016-10-20,29.212765,29.34476,29.081651,29.267848,96498732.0
2016-10-21,29.201761,29.221082,29.07134,29.147718,92770938.0
2016-10-24,29.272897,29.436736,29.248897,29.418493,94145618.0
2016-10-25,29.488133,29.589018,29.330914,29.561274,192514212.0
2016-10-26,28.57314,28.925969,28.328319,28.897676,264518780.0
2016-10-27,28.854104,28.959854,28.526604,28.616828,138244539.0
2016-10-28,28.464266,28.800124,28.361269,28.429745,151425790.0
2016-10-31,28.410541,28.550949,28.301773,28.385517,105658631.0
2016-11-01,28.365186,28.442636,27.633118,27.868119,175341702.0
2016-11-02,27.850737,28.085679,27.805913,27.89856,113317086.0
2016-11-03,27.747629,27.864268,27.391637,27.462077,107730930.0
2016-11-04,27.128054,27.561571,27.022552,27.213086,123351843.0
2016-11-07,27.523487,27.624883,27.363912,27.600179,130243945.0
2016-11-08,27.578159,27.928634,27.425642,27.764383,97026893.0
2016-11-09,27.474616,27.833593,27.011702,27.718998,236699480.0
2016-11-10,27.769616,27.771272,26.455223,26.94605,228542623.0
2016-11-11,26.779523,27.215836,26.634534,27.108574,136562598.0
2016-11-14,26.928764,26.948683,26.021909,26.427907,204704325.0
2016-11-15,26.651083,26.919933,26.540837,26.773478,129061485.0
2016-11-16,26.676134,27.563502,26.652692,27.497684,235338666.0
2016-11-17,27.458577,27.585304,27.203449,27.483743,110535153.0
2016-11-18,27.429959,27.628939,27.421321,27.515315,113729200.0
2016-11-21,27.534847,28.001374,27.501243,27.9343,117058387.0
2016-11-22,27.987478,28.104899,27.851379,27.949137,103872543.0
2016-11-23,27.837725,27.879603,27.58427,27.811167,109725220.0
2016-11-25,27.781162,27.96488,27.737728,27.948044,45902637.0
2016-11-28,27.857396,28.122645,27.847444,27.896045,108785093.0
2016-11-29,27.692678,28.006053,27.51994,27.862239,114117205.0
2016-11-30,27.901298,28.054097,27.562163,27.630163,144654070.0
2016-12-01,27.590771,27.735459,27.251443,27.369203,148367144.0
2016-12-02,27.290199,27.522966,27.211375,27.474751,106124277.0
2016-12-05,27.50069,27.504926,27.065479,27.277418,137298945.0
2016-12-06,27.374382,27.588287,27.296297,27.483848,104783077.0
2016-12-07,27.313345,27.794857,27.293695,27.76139,120008860.0
2016-12-08,27.714948,28.106037,27.648662,28.031208,108284556.0
2016-12-09,28.076723,28.678509,28.075287,28.490634,137576889.0
2016-12-12,28.322039,28.753134,28.123189,28.323249,105509476.0
2016-12-13,28.46387,28.98099,28.434715,28.792397,174948519.0
2016-12-14,28.764195,29.050799,28.747122,28.801642,136129646.0
2016-12-15,28.844141,29.183037,28.80692,28.952905,186117221.0
2016-12-16,29.11811,29.127922,28.914463,28.998409,177387486.0
2016-12-19,28.947182,29.3476,28.938732,29.16007,111116004.0
2016-12-20,29.187154,29.373277,29.177562,29.234629,85707115.0
2016-12-21,29.196685,29.349513,29.196685,29.265223,95112865.0
2016-12-22,29.085579,29.128269,28.908671,29.072841,104341247.0
2016-12-23,28.896754,29.131792,28.896418,29.131792,56992807.0
2016-12-27,29.126368,29.45136,29.121893,29.314388,73192249.0
2016-12-28,29.380521,29.507733,29.04949,29.187898,83617576.0
2016-12-29,29.112282,29.276514,29.100222,29.180355,60158060.0
2016-12-30,29.159868,29.301507,28.859584,28.957737,122330236.0
2017-01-03,28.952158,29.081208,28.687589,29.033069,115141588.0
2017-01-04,28.963414,29.130263,28.93466,29.003774,84482886.0
2017-01-05,28.980698,29.215413,28.950971,29.155334,88766560.0
2017-01-06,29.19562,29.542679,29.115449,29.47729,127009202.0
2017-01-09,29.482985,29.859593,29.482985,29.749437,134228960.0
2017-01-10,29.696557,29.84665,29.570768,29.777806,97845694.0
2017-01-11,29.678564,29.984887,29.653314,29.93867,110343646.0
2017-01-12,29.728076,29.826915,29.55464,29.810115,108341763.0
2017-01-13,29.779526,29.906899,29.701431,29.76294,104457917.0
2017-01-17,29.585976,30.057847,29.557905,29.998585,137744200.0
2017-01-18,29.997713,30.126449,29.931316,29.991278,94860493.0
2017-01-19,29.850364,30.019851,29.843889,29.944411,102412868.0
2017-01-20,30.112493,30.116751,29.936762,30.005697,130398257.0
2017-01-23,30.005321,30.20077,29.942973,30.015167,88201741.0
2017-01-24,29.893063,30.018763,29.880488,29.992667,92847321.0
2017-01-25,30.105804,30.526699,30.068915,30.468451,129493640.0
2017-01-26,30.413047,30.612366,30.399779,30.484938,105351049.0
2017-01-27,30.537801,30.586839,30.394705,30.486082,82265711.0
2017-01-30,30.238543,30.413613,30.16597,30.410126,121502495.0
2017-01-31,30.291047,30.346573,30.158175,30.333671,196761003.0
2017-02-01,31.760619,32.62813,31.754109,32.189391,447942144.0
2017-02-02,31.994236,32.346507,31.948925,32.13379,134826631.0
2017-02-03,32.075416,32.300079,32.042838,32.270267,98026512.0
2017-02-06,32.282039,32.627912,32.225404,32.571429,107393192.0
2017-02-07,32.635051,33.023639,32.615097,32.889987,152727351.0
2017-02-08,32.837927,33.060712,32.804035,33.010242,92025919.0
2017-02-09,32.91092,33.107055,32.78545,33.103634,113401935.0
2017-02-10,33.111175,33.239908,33.01486,33.030384,80250130.0
2017-02-13,33.270351,33.458553,33.188981,33.323639,92157463.0
2017-02-14,33.363733,33.770064,33.312723,33.755406,132910630.0
2017-02-15,33.877308,34.062863,33.651352,33.873022,142493655.0
2017-02-16,33.917228,33.973495,33.710268,33.846113,90341217.0
2017-02-17,33.780556,33.957247,33.780332,33.932844,88779694.0
2017-02-21,34.060576,34.188008,33.992625,34.175704,98056513.0
2017-02-22,34.109213,34.283519,34.029983,34.275639,83346629.0
2017-02-23,34.34918,34.372044,34.086649,34.132856,83136357.0
2017-02-24,33.976322,34.165757,33.818444,34.163115,87107650.0
2017-02-27,34.286822,34.365924,34.067218,34.233628,81037142.0
2017-02-28,34.274525,34.366815,34.175155,34.255641,93929571.0
2017-03-01,34.474013,35.039039,34.396881,34.943474,145656323.0
2017-03-02,34.996133,35.069662,34.690732,34.739028,104834680.0
2017-03-03,34.698467,34.958971,34.648109,34.944338,84438614.0
2017-03-06,34.841725,34.938963,34.64944,34.827712,86995833.0
2017-03-07,34.765734,35.000206,34.697865,34.881988,69775687.0
2017-03-08,34.732972,34.954241,34.708421,34.756047,74829801.0
2017-03-09,34.689809,34.6991,34.264339,34.670249,88639912.0
2017-03-10,34.810662,34.839123,34.666823,34.788476,78456635.0
2017-03-13,34.711731,34.856472,34.706325,34.799718,69689907.0
2017-03-14,34.819809,34.911158,34.707048,34.750284,61243747.0
2017-03-15,34.851991,35.190627,34.756902,35.117294,102770268.0
2017-03-16,35.178517,35.261207,35.063771,35.170378,76920759.0
2017-03-17,35.247637,35.249955,34.975432,35.001882,175550632.0
2017-03-20,35.106417,35.374106,35.055755,35.364962,86164269.0
2017-03-21,35.532603,35.70004,34.932845,34.95727,158113131.0
2017-03-22,34.959438,35.404082,34.943754,35.350772,103436038.0
2017-03-23,35.320794,35.394821,35.151449,35.229522,81373059.0
2017-03-24,35.372659,35.428452,35.085568,35.156273,89586452.0
2017-03-27,34.842083,35.316176,34.660118,35.224257,94299115.0
2017-03-28,35.2252,36.009409,35.153318,35.948134,133501073.0
2017-03-29,35.922965,36.123156,35.795084,36.027348,116745746.0
2017-03-30,36.049911,36.124804,35.881114,35.987006,84830101.0
2017-03-31,35.926037,36.065552,35.750179,35.913334,78638881.0
2017-04-03,35.926324,36.031171,35.75705,35.928239,79944623.0
2017-04-04,35.814902,36.220658,35.791787,36.192509,79578076.0
2017-04-05,36.049125,36.362476,35.948543,36.001558,110835450.0
2017-04-06,36.072432,36.130987,35.865949,35.917087,84590121.0
2017-04-07,35.932286,36.046115,35.812473,35.836378,66687277.0
2017-04-10,35.901172,35.966543,35.719692,35.79621,75724341.0
2017-04-11,35.73713,35.836635,35.016752,35.410531,121520641.0
2017-04-12,35.399283,35.540941,35.258857,35.456781,81406346.0
2017-04-13,35.474909,35.59678,35.256854,35.262038,71283647.0
2017-04-17,35.374686,35.473729,35.216079,35.46045,66320739.0
2017-04-18,35.34409,35.51084,35.272734,35.305589,58790428.0
2017-04-19,35.470655,35.497281,35.107836,35.171922,69312785.0
2017-04-20,35.307999,35.730749,35.286922,35.603323,93270546.0
2017-04-21,35.614339,35.670175,35.466379,35.569894,69284944.0
2017-04-24,35.87565,35.98787,35.796835,35.914366,68541100.0
2017-04-25,35.984468,36.217911,35.965649,36.12637,75479064.0
2017-04-26,36.112282,36.154676,35.84374,35.926997,80162028.0
2017-04-27,35.985499,36.036105,35.825925,35.947475,56974948.0
2017-04-28,36.021436,36.078931,35.820044,35.920436,83444882.0
2017-05-01,36.280911,36.803556,36.24071,36.645562,134407176.0
2017-05-02,36.882147,37.022295,36.71488,36.874207,181403144.0
2017-05-03,36.393658,36.867701,36.059587,36.766433,182826495.0
2017-05-04,36.628953,36.785176,36.451472,36.632054,93494603.0
2017-05-05,36.693901,37.246777,36.690583,37.231599,109302635.0
2017-05-08,37.253242,38.419132,37.253242,38.253667,195010059.0
2017-05-09,38.466381,38.710499,38.356601,38.497458,156533459.0
2017-05-10,38.405837,38.488454,38.021462,38.310101,103226030.0
2017-05-11,38.119325,38.517768,38.075082,38.482259,109011959.0
2017-05-12,38.669063,39.104403,38.669063,39.019814,130125612.0
2017-05-15,38.999914,39.152985,38.754904,38.921578,104041165.0
2017-05-16,38.982536,39.019763,38.673366,38.867567,80201852.0
2017-05-17,38.403707,38.64305,37.429149,37.563849,203091056.0
2017-05-18,37.817974,38.330426,37.783302,38.136727,134269511.0
2017-05-19,38.346653,38.494573,38.156967,38.259628,107843056.0
2017-05-22,38.500229,38.650538,38.226577,38.505407,91863332.0
2017-05-23,38.725455,38.725455,38.326152,38.445761,79661088.0
2017-05-24,38.463615,38.548565,38.166295,38.32989,76714956.0
2017-05-25,38.429159,38.574646,38.253806,38.464156,76949095.0
2017-05-26,38.500212,38.561824,38.327481,38.399036,87718360.0
2017-05-30,38.358598,38.610365,38.333995,38.421618,80517645.0
2017-05-31,38.489159,38.547031,38.097061,38.191462,97796979.0
2017-06-01,38.287482,38.328099,38.048492,38.293449,65623492.0
2017-06-02,38.399102,38.866924,38.227589,38.858194,111074934.0
2017-06-05,38.57954,38.616389,38.369392,38.487574,101319744.0
2017-06-06,38.477856,38.954117,38.448123,38.612841,106513424.0
2017-06-07,38.755253,38.992989,38.621892,38.837688,84274677.0
2017-06-08,38.804653,38.887658,38.60012,38.74792,85007758.0
2017-06-09,38.800861,38.800861,36.504782,37.247111,259518572.0
2017-06-12,36.439976,36.523601,35.631098,36.354692,289166819.0
2017-06-13,36.79283,36.866688,36.291296,36.645649,136659287.0
2017-06-14,36.871727,36.876868,35.962175,36.291425,126138044.0
2017-06-15,35.824147,36.112961,35.555506,36.079268,128682695.0
2017-06-16,35.938909,36.130799,35.551444,35.565614,201446814.0
2017-06-19,35.914398,36.688621,35.912229,36.587604,130178273.0
2017-06-20,36.719187,36.719187,36.232062,36.248938,99604002.0
2017-06-21,36.382791,36.515076,36.153665,36.471335,85076449.0
2017-06-22,36.440259,36.674506,36.275009,36.404074,76428762.0
2017-06-23,36.28776,36.789119,36.277411,36.571287,141738693.0
2017-06-26,36.788509,37.069889,36.34843,36.455748,102777741.0
2017-06-27,36.25795,36.54447,35.906941,35.928236,99049085.0
2017-06-28,36.116302,36.524135,35.788419,36.457406,88328917.0
2017-06-29,36.181294,36.284514,35.572915,35.916669,125982032.0
2017-06-30,36.110222,36.238926,35.951752,36.001042,92100996.0
2017-07-03,36.220689,36.320874,35.777272,35.872009,57111116.0
2017-07-05,35.925294,36.193682,35.681339,36.025746,86284367.0
2017-07-06,35.757046,35.876213,35.608116,35.682589,96521178.0
2017-07-07,35.721237,36.181525,35.721237,36.044143,76815388.0
2017-07-10,36.024382,36.490314,35.842148,36.267504,84371734.0
2017-07-11,36.184959,36.46392,36.097466,36.383252,79135511.0
2017-07-12,36.463271,36.543045,36.196111,36.435394,99539331.0
2017-07-13,36.373564,37.120567,36.353664,36.936376,100796225.0
2017-07-14,36.998696,37.329249,36.836943,37.261865,80523622.0
2017-07-17,37.20587,37.728095,37.144823,37.395949,95164506.0
2017-07-18,37.30238,37.537577,37.168847,37.521681,71482746.0
2017-07-19,37.622761,37.853934,37.489106,37.761088,83681842.0
2017-07-20,37.875589,37.935522,37.546113,37.577319,68979068.0
2017-07-21,37.495729,37.610443,37.219424,37.565378,105018203.0
2017-07-24,37.645481,38.109855,37.472511,38.018332,85982690.0
2017-07-25,37.951866,38.461416,37.949399,38.188064,75428408.0
2017-07-26,38.334986,38.487339,38.26345,38.360895,63124131.0
2017-07-27,38.436464,38.503299,36.826944,37.6395,129911269.0
2017-07-28,37.472678,37.556428,37.294859,37.377153,68860689.0
2017-07-31,37.475544,37.580592,37.035598,37.187761,79380533.0
2017-08-01,37.268669,37.55403,37.09991,37.511785,141490245.0
2017-08-02,39.819977,39.93877,39.048291,39.282008,279747665.0
2017-08-03,39.263364,39.299479,38.752681,38.895807,108389242.0
2017-08-04,39.019058,39.352543,38.926198,39.098172,82219628.0
2017-08-07,39.262829,39.733499,39.16607,39.702456,87475515.0
2017-08-08,39.650668,40.456487,39.565874,40.022705,144804491.0
2017-08-09,39.817629,40.3173,39.77233,40.262489,104538527.0
2017-08-10,39.980269,39.992337,38.658214,38.824595,163194225.0
2017-08-11,39.154535,39.643965,39.015551,39.373461,105028589.0
2017-08-14,39.829958,40.055336,39.691235,39.956536,88510769.0
2017-08-15,40.161697,40.551553,40.031174,40.405229,117878808.0
2017-08-16,40.490041,40.631465,40.039604,40.24243,110692308.0
2017-08-17,40.127926,40.184221,39.456321,39.466337,111770395.0
2017-08-18,39.463458,39.871685,39.179966,39.371798,109711047.0
2017-08-21,39.377787,39.47034,38.771928,39.303996,105481392.0
2017-08-22,39.557402,39.995097,39.506786,39.944694,86413620.0
2017-08-23,39.767358,40.118968,39.720487,39.995831,77602469.0
2017-08-24,40.110191,40.183072,39.636436,39.811284,79268295.0
2017-08-25,39.916353,40.149317,39.815707,39.965759,101894600.0
2017-08-28,40.031274,40.504696,39.98101,40.362204,103859938.0
2017-08-29,40.025638,40.779932,39.992756,40.723948,118065291.0
2017-08-30,40.946595,40.971785,40.651146,40.837493,109095982.0
2017-08-31,40.909307,41.132155,40.868345,40.999642,107131004.0
2017-09-01,41.207534,41.238885,40.908509,41.005264,66359148.0
2017-09-05,40.938224,41.05706,40.143419,40.51789,117858680.0
2017-09-06,40.678716,40.746685,40.135197,40.478074,86608834.0
2017-09-07,40.515886,40.563188,40.089993,40.316411,87719285.0
2017-09-08,40.220167,40.292505,39.631887,39.651577,114435034.0
2017-09-11,40.120317,40.512003,39.973949,40.373588,126319445.0
2017-09-12,40.661905,40.98628,39.698861,40.21731,286801249.0
2017-09-13,39.967634,39.990453,39.483656,39.917937,179637627.0
2017-09-14,39.749372,39.847251,39.530055,39.570729,95025940.0
2017-09-15,39.621039,40.242607,39.498257,39.970659,196483091.0
2017-09-18,40.027516,40.123614,39.497279,39.667579,113075267.0
2017-09-19,39.875272,39.944631,39.61785,39.680676,83233775.0
2017-09-20,39.476771,39.562707,38.453117,39.010261,211819941.0
2017-09-21,38.948827,38.954597,38.186458,38.349589,150064877.0
2017-09-22,37.881717,38.064087,37.639328,37.966953,186558589.0
2017-09-25,37.497292,37.958643,37.295366,37.641017,177520591.0
2017-09-26,37.948238,38.482089,37.919575,38.284891,146616963.0
2017-09-27,38.451532,38.682556,38.390664,38.562844,102041032.0
2017-09-28,38.477032,38.568813,38.172561,38.321163,88029692.0
2017-09-29,38.304429,38.52951,37.998061,38.52951,105194201.0
2017-10-02,38.566657,38.618461,38.178642,38.446255,74797214.0
2017-10-03,38.500049,38.77525,38.479741,38.625777,64920056.0
2017-10-04,38.40964,38.460714,38.109646,38.369092,80654083.0
2017-10-05,38.549099,38.859696,38.507092,38.839804,85131685.0
2017-10-06,38.746083,38.875674,38.634648,38.820619,69638727.0
2017-10-09,38.949526,39.184019,38.875755,38.96296,65042210.0
2017-10-10,39.01554,39.500955,38.774649,38.975518,62471924.0
2017-10-11,38.991341,39.238484,38.930602,39.13615,67614634.0
2017-10-12,39.088856,39.349265,38.931941,39.002556,64497847.0
2017-10-13,39.185061,39.31425,39.101258,39.246545,65579960.0
2017-10-16,39.475126,39.994413,39.418543,39.968592,96476315.0
2017-10-17,39.950206,40.213816,39.802459,40.110918,75994499.0
2017-10-18,40.10331,40.170987,39.899576,39.939618,65487700.0
2017-10-19,39.187631,39.271184,38.755945,38.99576,170381828.0
2017-10-20,39.152911,39.433616,38.989012,39.067459,95894517.0
2017-10-23,39.226466,39.423715,38.872017,39.040461,87928234.0
2017-10-24,39.078253,39.354166,39.046775,39.273563,71026662.0
2017-10-25,39.228825,39.388576,38.813828,39.103205,84822822.0
2017-10-26,39.306278,39.456261,39.194448,39.353615,68013887.0
2017-10-27,39.814671,40.898633,39.66958,40.769528,177825161.0
2017-10-30,40.978147,42.021454,40.934225,41.680939,178787281.0
2017-10-31,41.968994,42.407476,41.742025,42.263972,144183027.0
2017-11-01,42.468102,42.481337,41.401969,41.715729,134556151.0
2017-11-02,41.651035,42.12112,41.317495,42.029991,165595621.0
2017-11-03,43.503452,43.560355,42.782469,43.127552,237576725.0
2017-11-06,43.089782,43.752182,42.923882,43.563837,140097049.0
2017-11-07,43.472918,43.813904,43.39824,43.704462,97438559.0
2017-11-08,43.664474,44.063301,43.586565,44.063301,97668248.0
2017-11-09,43.782856,44.025434,43.283514,43.97858,117921353.0
2017-11-10,43.776232,43.848331,43.568429,43.664457,100590303.0
2017-11-13,43.380643,43.620625,43.349285,43.49854,67935914.0
2017-11-14,43.265554,43.364156,42.797097,42.826352,99123591.0
2017-11-15,42.488546,42.57753,42.095821,42.270265,116636529.0
2017-11-16,42.791665,42.961742,42.5719,42.770446,94543287.0
2017-11-17,42.75925,42.846601,42.413392,42.538316,87592522.0
2017-11-20,42.574102,42.637647,42.387421,42.506043,65053975.0
2017-11-21,42.69699,43.418058,42.696663,43.287549,100512168.0
2017-11-22,43.342215,43.752285,43.26829,43.738212,102380704.0
2017-11-24,43.773246,43.870076,43.656733,43.749872,56102685.0
2017-11-27,43.763392,43.769185,43.340275,43.515552,82862898.0
2017-11-28,43.569209,43.714167,42.966587,43.26957,105718401.0
2017-11-29,43.163737,43.233538,41.791704,42.36873,166689941.0
2017-11-30,42.607382,43.037876,42.113769,42.969377,166123375.0
2017-12-01,42.486409,42.920045,42.125918,42.765686,159042191.0
2017-12-04,43.118711,43.157815,42.40702,42.451783,130203007.0
2017-12-05,42.261602,42.883963,42.105203,42.415918,109401866.0
2017-12-06,41.881636,42.551337,41.622533,42.25139,114261438.0
2017-12-07,42.260103,42.61291,42.225182,42.334738,102693052.0
2017-12-08,42.627812,42.745321,42.20558,42.337855,93419401.0
2017-12-11,42.300275,43.221441,42.191475,43.166919,141093737.0
2017-12-12,43.040771,43.098965,42.864261,42.922826,77639633.0
2017-12-13,43.119987,43.384058,43.006673,43.067302,95265989.0
2017-12-14,43.097528,43.29037,42.915124,43.061951,81890734.0
2017-12-15,43.40654,43.541184,43.112538,43.493456,160664498.0
2017-12-18,43.717034,44.299407,43.717034,44.103685,117700125.0
2017-12-19,43.754813,43.843628,43.515415,43.63627,109746492.0
2017-12-20,43.717482,43.862544,43.309359,43.580893,93907307.0
2017-12-21,43.543338,44.00442,43.523347,43.74872,83813265.0
2017-12-22,43.669249,43.854426,43.625471,43.753794,65396658.0
2017-12-26,42.696884,42.871696,42.414491,42.640335,132761876.0
2017-12-27,42.527624,42.695081,42.423123,42.643789,86001585.0
2017-12-28,42.741829,42.957083,42.612644,42.773958,65923704.0
2017-12-29,42.628244,42.650404,42.300213,42.300634,103986108.0
2018-01-02,42.546118,43.080309,42.315862,43.070121,102226405.0
2018-01-03,43.127847,43.643106,42.987778,43.052531,118073423.0
2018-01-04,43.144143,43.365187,43.012616,43.255241,89740440.0
2018-01-05,43.358711,43.839801,43.267076,43.748382,94638995.0
2018-01-08,43.594276,43.897959,43.481398,43.583373,82263105.0
2018-01-09,43.636476,43.768388,43.356149,43.575292,86339872.0
2018-01-10,43.284713,43.570402,43.247098,43.569194,95854349.0
2018-01-11,43.650781,43.869641,43.617839,43.820951,74663714.0
2018-01-12,44.049294,44.339641,43.913492,44.2757,101677484.0
2018-01-16,44.475783,44.84245,44.034996,44.047117,118276589.0
2018-01-17,44.043487,44.81215,43.770955,44.777592,137535777.0
2018-01-18,44.84837,45.02844,44.565072,44.809477,124751397.0
2018-01-19,44.651664,44.89549,44.354322,44.6147,129734420.0
2018-01-22,44.32965,44.448387,44.151045,44.246281,108417959.0
2018-01-23,44.328755,44.859199,44.198063,44.255105,130743525.0
2018-01-24,44.315823,44.330154,43.298436,43.557004,204438533.0
2018-01-25,43.629619,43.737,42.636142,42.775614,166117206.0
2018-01-26,43.000415,43.000415,42.520114,42.871903,156580481.0
2018-01-29,42.538024,42.538024,41.772225,41.988424,202556253.0
2018-01-30,41.386281,41.845245,41.168623,41.746779,184231319.0
2018-01-31,41.721011,42.108903,41.624321,41.853039,129915573.0
2018-02-01,41.798787,42.166867,41.687984,41.948604,188929302.0
2018-02-02,41.499658,41.702014,40.021798,40.122715,346377428.0
2018-02-05,39.779813,40.971223,39.004087,39.125778,290973902.0
2018-02-06,38.705996,40.921708,38.498412,40.763623,272986007.0
2018-02-07,40.770002,40.855365,39.768698,39.887315,206420851.0
2018-02-08,40.067374,40.25341,38.758078,38.782203,217521593.0
2018-02-09,39.270281,39.472924,37.562003,39.105124,282699915.0
2018-02-12,39.629643,40.969001,39.37694,40.677702,243293927.0
2018-02-13,40.484052,41.179886,40.411168,41.081475,130207762.0
2018-02-14,40.757015,41.881775,40.715419,41.851468,162567991.0
2018-02-15,42.443653,43.267181,42.260503,43.245034,204602204.0
2018-02-16,43.091046,43.704345,42.941347,43.101314,160700507.0
2018-02-20,43.004813,43.566762,42.850839,42.960517,135709417.0
2018-02-21,43.212491,43.531256,42.751832,42.768017,149868747.0
2018-02-22,42.946024,43.489377,42.933697,43.114962,123979441.0
2018-02-23,43.415771,43.917808,43.39188,43.877515,135249570.0
2018-02-26,44.082989,44.846255,44.046795,44.745569,152666670.0
2018-02-27,44.776389,45.118311,44.540462,44.60483,155710719.0
2018-02-28,44.819611,45.149336,44.513981,44.534646,151137715.0
2018-03-01,44.639415,44.943375,43.167448,43.754895,195203946.0
2018-03-02,43.201587,44.082205,43.114096,44.047943,153796422.0
2018-03-05,43.805267,44.441726,43.633539,44.212977,113614520.0
2018-03-06,44.479071,44.562496,44.033191,44.173589,95155861.0
2018-03-07,43.737773,43.957738,43.565254,43.756045,126796423.0
2018-03-08,43.873399,44.281382,43.76694,44.238062,95095813.0
2018-03-09,44.483956,44.995551,44.344666,44.988872,128756525.0
2018-03-12,45.076071,45.595688,45.056292,45.438434,128831397.0
2018-03-13,45.644484,45.88052,44.794516,44.985908,126781325.0
2018-03-14,45.080748,45.123775,44.457569,44.610427,117458933.0
2018-03-15,44.627981,45.055568,44.504311,44.668375,90967872.0
2018-03-16,44.66123,44.77163,44.398158,44.50579,157615491.0
2018-03-19,44.332951,44.372604,43.412519,43.821667,133773214.0
2018-03-20,43.810406,44.201518,43.735012,43.812008,78589788.0
2018-03-21,43.753991,43.775014,42.811452,42.813243,148195262.0
2018-03-22,42.49873,43.168897,42.147366,42.216321,165928068.0
2018-03-23,42.096703,42.486091,41.226252,41.236211,164106835.0
2018-03-26,42.015465,43.274718,41.615085,43.187689,150157299.0
2018-03-27,43.422859,43.784747,41.72717,42.086448,163707554.0
2018-03-28,41.808569,42.500861,41.297596,41.624204,166675134.0
2018-03-29,41.94959,42.936863,41.725751,41.936942,153598321.0
2018-04-02,41.661165,42.244738,41.122697,41.664254,150363711.0
2018-04-03,41.912926,42.187777,41.219408,42.092599,121129254.0
2018-04-04,41.225237,43.000649,41.193282,42.901717,138408496.0
2018-04-05,43.143011,43.561322,43.008316,43.201186,107727499.0
2018-04-06,42.73405,43.116478,42.053608,42.098761,140024233.0
2018-04-09,42.476096,43.273511,42.459063,42.51118,116082232.0
2018-04-10,43.249017,43.498386,42.890323,43.307698,113631251.0
2018-04-11,43.062641,43.484093,42.928094,43.12112,89724067.0
2018-04-12,43.356829,43.75499,43.26016,43.531763,91537644.0
2018-04-13,43.691624,43.961701,43.45882,43.686081,100480015.0
2018-04-16,43.754044,44.051575,43.709489,43.954963,86302528.0
2018-04-17,44.121516,44.737495,44.105275,44.55677,106430400.0
2018-04-18,44.449699,44.700875,44.216526,44.463058,83017803.0
2018-04-19,43.448137,43.847001,43.166059,43.194442,139209520.0
2018-04-20,42.646861,42.799309,41.35642,41.423335,262018878.0
2018-04-23,41.715534,41.730737,41.020718,41.310738,146073217.0
2018-04-24,41.414662,41.585511,40.30394,40.73052,134744545.0
2018-04-25,40.64828,41.351491,40.602293,40.908609,113540214.0
2018-04-26,41.023429,41.434122,40.849109,41.059878,111849204.0
2018-04-27,40.997955,41.078045,40.155589,40.583432,142612851.0
2018-04-30,40.52571,41.810481,40.465886,41.312026,169690797.0
2018-05-01,41.59485,42.302653,41.31532,42.273036,214286461.0
2018-05-02,43.801763,44.440685,43.450643,44.145402,266121755.0
2018-05-03,43.975305,44.367151,43.60824,44.221825,136278238.0
2018-05-04,44.560146,46.062607,44.549068,45.954137,224814442.0
2018-05-07,46.29831,46.91105,46.185528,46.281575,169803819.0
2018-05-08,46.241494,46.558152,45.917732,46.513359,113609360.0
2018-05-09,46.642365,46.85681,46.306385,46.841061,92839061.0
2018-05-10,46.931217,47.589561,46.906763,47.517023,111972293.0
2018-05-11,47.371206,47.513101,46.857795,47.145371,104849372.0
2018-05-14,47.252871,47.378912,46.966855,47.031306,83117901.0
2018-05-15,46.695038,46.760086,46.276968,46.605287,94781717.0
2018-05-16,46.518254,47.108678,46.49228,47.042866,76735741.0
2018-05-17,47.00372,47.228169,46.591807,46.74761,69181542.0
2018-05-18,46.793617,46.948438,46.521334,46.58129,73196687.0
2018-05-21,46.996463,47.312895,46.719204,46.907703,73603941.0
2018-05-22,47.095261,47.22634,46.707383,46.786766,60950457.0
2018-05-23,46.586994,47.128497,46.439721,47.087356,80232845.0
2018-05-24,47.186727,47.205173,46.554709,47.039866,92927877.0
2018-05-25,47.065489,47.414927,46.911084,47.142142,69845314.0
2018-05-29,46.891201,47.195783,46.714507,46.978057,90047048.0
2018-05-30,46.932388,46.990197,46.699538,46.883226,74772020.0
2018-05-31,46.804612,47.053543,46.526249,46.719141,109952839.0
2018-06-01,46.994838,47.55644,46.939753,47.55644,93765287.0
2018-06-04,47.905689,48.356432,47.832453,47.95064,105062185.0
2018-06-05,48.271532,48.492403,48.098022,48.326544,86258343.0
2018-06-06,48.41874,48.528143,47.987484,48.490208,83725820.0
2018-06-07,48.537255,48.552653,48.085449,48.358551,85376059.0
2018-06-08,47.797358,48.004033,47.43938,47.923199,106619408.0
2018-06-11,47.828527,47.997216,47.555482,47.814778,73232010.0
2018-06-12,47.84668,48.15185,47.794953,48.06575,67650037.0
2018-06-13,48.108235,48.215012,47.603904,47.67296,86558489.0
2018-06-14,47.888067,47.89481,47.554822,47.699423,86437623.0
2018-06-15,47.512654,47.535114,47.069486,47.209581,246803803.0
2018-06-18,46.974925,47.297734,46.802613,47.189162,73959681.0
2018-06-19,46.287382,46.581872,45.858827,46.421272,134318817.0
2018-06-20,46.585254,46.81018,46.431296,46.634878,82508033.0
2018-06-21,46.809883,47.093123,46.235634,46.365266,102845063.0
2018-06-22,46.521757,46.532012,46.179934,46.221741,108794977.0
2018-06-25,45.851111,46.232528,45.178042,45.539846,126645831.0
2018-06-26,45.749851,46.634217,45.626001,46.103659,98295738.0
2018-06-27,46.310633,46.823085,46.013731,46.048051,101135324.0
2018-06-28,46.030893,46.544611,45.952168,46.376268,69459991.0
2018-06-29,46.574575,46.797564,45.733082,46.269039,90957447.0
2018-07-02,45.948936,46.825898,45.851674,46.795558,70918388.0
2018-07-03,46.954032,46.99349,45.887639,45.986709,55821733.0
2018-07-05,46.311925,46.609324,46.07072,46.354307,66424591.0
2018-07-06,46.345606,47.105203,46.297246,46.987061,69932432.0
2018-07-09,47.378857,47.667054,47.318778,47.645018,79044727.0
2018-07-10,47.676016,47.814637,47.540494,47.589136,63753237.0
2018-07-11,47.125451,47.43561,46.903521,46.974919,75318724.0
2018-07-12,47.385738,47.849963,47.328712,47.755988,72166344.0
2018-07-13,47.77852,47.962115,47.725453,47.833441,50065546.0
2018-07-16,47.871446,48.156239,47.598395,47.72519,60168920.0
2018-07-17,47.435791,47.97219,47.301826,47.86163,62134636.0
2018-07-18,47.946294,47.946294,47.471822,47.597609,65567947.0
2018-07-19,47.414944,48.134421,47.414944,47.972495,81153255.0
2018-07-20,47.950237,48.108917,47.5346,47.859501,82706511.0
2018-07-23,47.675021,47.984367,47.387304,47.906659,63953191.0
2018-07-24,48.121014,48.416785,48.004013,48.240835,74791699.0
2018-07-25,48.26195,48.715531,48.107123,48.711214,66839225.0
2018-07-26,48.646508,48.987674,48.397223,48.556672,76301207.0
2018-07-27,48.744899,48.79886,47.529468,47.746578,96119606.0
2018-07-30,47.973659,48.0498,47.271411,47.488287,84126418.0
2018-07-31,47.581482,48.036374,47.335326,47.575529,157529270.0
2018-08-01,49.786705,50.427983,49.328078,50.377595,271738465.0
2018-08-02,50.139511,52.099249,50.082848,51.849566,249620682.0
2018-08-03,51.765904,52.193786,51.368145,51.996436,133787837.0
2018-08-06,51.999341,52.311251,51.774002,52.268333,101686570.0
2018-08-07,52.325168,52.372883,51.689833,51.783006,102338839.0
2018-08-08,51.510347,51.96237,51.133803,51.807126,90115107.0
2018-08-09,52.384555,52.436721,51.801021,52.218959,93978722.0
2018-08-10,51.838304,52.279124,51.667892,51.890958,98443538.0
2018-08-13,52.320011,52.73333,51.925591,52.213611,103580338.0
2018-08-14,52.549404,52.643832,52.064957,52.431589,82997963.0
2018-08-15,52.304782,52.67689,52.084059,52.551836,115213365.0
2018-08-16,52.93392,53.448645,52.860678,53.329948,114000249.0
2018-08-17,53.360828,54.489605,53.293952,54.394974,141710282.0
2018-08-20,54.527731,54.791718,53.78154,53.87251,121132530.0
2018-08-21,54.194274,54.294629,53.505938,53.759223,104651788.0
2018-08-22,53.5172,54.091404,53.459496,53.767654,76086272.0
2018-08-23,53.653095,54.271863,53.651245,53.868953,75543213.0
2018-08-24,54.154581,54.223465,53.770069,54.037159,73906736.0
2018-08-27,54.289509,54.6892,54.080223,54.489493,82104569.0
2018-08-28,54.75887,55.138328,54.735111,54.92314,91108854.0
2018-08-29,55.039365,55.872468,54.855497,55.748506,109012527.0
2018-08-30,55.821918,57.061087,55.598347,56.247914,195192104.0
2018-08-31,56.631512,57.210578,56.490817,56.911177,173341690.0
2018-09-04,57.101497,57.292163,56.65456,57.089656,109570740.0
2018-09-05,57.237736,57.414488,56.276434,56.712718,133330108.0
2018-09-06,56.554556,56.832471,55.324198,55.773394,137160607.0
2018-09-07,55.459104,56.335861,55.174366,55.318515,150473148.0
2018-09-10,55.231343,55.465854,54.12066,54.593125,158063899.0
2018-09-11,54.509414,56.062046,54.145267,55.965825,143005430.0
2018-09-12,56.23405,56.238079,54.963732,55.265979,197128399.0
2018-09-13,55.88015,57.090978,55.643042,56.607816,166830239.0
2018-09-14,56.437834,56.71377,55.636696,55.959639,128019333.0
2018-09-17,55.5323,55.733794,54.316905,54.458047,148776690.0
2018-09-18,54.451162,55.457455,54.282898,54.553653,126296769.0
2018-09-19,54.619251,54.905119,53.819823,54.594078,108479775.0
2018-09-20,55.060761,55.569793,54.785131,55.011292,106434244.0
2018-09-21,55.197441,55.339256,54.331146,54.411318,384934100.0
2018-09-24,54.200963,55.325199,54.15767,55.19245,110773327.0
2018-09-25,54.928764,55.701534,54.921167,55.539257,98209083.0
2018-09-26,55.24486,55.941026,54.949786,55.097463,95926498.0
2018-09-27,55.951826,56.613355,55.892987,56.226789,120718894.0
2018-09-28,56.193322,56.465322,56.010999,56.42025,91727009.0
2018-10-01,56.979518,57.361426,56.597929,56.812906,94419421.0
2018-10-02,56.80561,57.506395,56.657318,57.328856,99149484.0
2018-10-03,57.525742,58.363786,57.444071,58.01706,114625917.0
2018-10-04,57.702329,58.090223,56.688213,56.995171,128179397.0
2018-10-05,56.996343,57.099054,55.145399,56.078847,134311835.0
2018-10-08,55.551572,56.191813,55.050347,55.947023,118664328.0
2018-10-09,55.914707,56.831068,55.56686,56.728655,107561638.0
2018-10-10,56.362301,56.584681,54.006142,54.099643,167992632.0
2018-10-11,53.63586,54.876325,53.078328,53.608769,212504703.0
2018-10-12,55.099088,55.735319,54.206729,55.519356,161326517.0
2018-10-15,55.293747,55.453935,54.313479,54.341569,123165138.0
2018-10-16,54.736181,55.750106,54.196307,55.526528,116744442.0
2018-10-17,55.576822,55.666674,54.826365,55.300433,91531162.0
2018-10-18,54.463291,54.933246,53.25159,54.003912,130352052.0
2018-10-19,54.518407,55.327756,54.350006,54.813878,132307836.0
2018-10-22,54.947972,55.834513,54.736349,55.159445,115156867.0
2018-10-23,53.978343,55.809897,53.679875,55.683271,155041780.0
2018-10-24,55.642653,56.057806,53.635224,53.759663,163689634.0
2018-10-25,54.433891,55.343517,54.179299,54.952231,119407187.0
2018-10-26,53.984207,55.047218,53.171863,54.07432,189019675.0
2018-10-29,54.802707,54.927119,51.516094,53.070037,183705670.0
2018-10-30,52.790924,53.800568,52.328331,53.328692,146644403.0
2018-10-31,54.225858,55.11055,54.155651,54.723051,153422770.0
2018-11-01,54.767351,55.59642,54.203859,55.556846,233276539.0
2018-11-02,52.386763,53.408429,51.356225,51.873333,365291276.0
2018-11-05,51.071772,51.104922,49.547665,50.39093,264647904.0
2018-11-06,50.479632,51.180828,50.418436,50.94725,127531568.0
2018-11-07,51.487496,52.504021,51.03257,52.483275,133695743.0
2018-11-08,52.501437,52.537357,51.690246,52.12222,101456026.0
2018-11-09,51.387986,51.493129,50.562144,51.124441,137459162.0
2018-11-12,49.750483,49.960291,48.44685,48.550772,204519376.0
2018-11-13,47.914129,49.30285,47.866246,48.054933,187525706.0
2018-11-14,48.474295,48.6137,46.480086,46.699002,243205572.0
2018-11-15,47.099548,47.990184,46.720908,47.863015,185875863.0
2018-11-16,47.634037,48.732267,47.366929,48.383795,147717228.0
2018-11-19,47.507018,47.67224,46.249729,46.46525,167684393.0
2018-11-20,44.596992,45.377204,43.878517,44.242413,271270726.0
2018-11-21,44.928211,45.069177,44.134549,44.199804,124495229.0
2018-11-23,43.738767,44.154641,43.021994,43.07359,94505395.0
2018-11-26,43.553155,43.736642,42.564667,43.654245,180016081.0
2018-11-27,42.877638,43.694903,42.719004,43.558662,165536892.0
2018-11-28,44.186956,45.331184,43.7333,45.241827,184249067.0
2018-11-29,45.6679,45.701685,44.416158,44.886564,167052290.0
2018-11-30,45.070526,45.076129,44.255177,44.645885,158128243.0
2018-12-03,46.114267,46.23692,45.314926,46.203286,163211698.0
2018-12-04,45.236671,45.595373,44.063842,44.17208,165376304.0
2018-12-06,42.939996,43.694794,42.606738,43.682331,172390320.0
2018-12-07,43.365936,43.622598,42.076823,42.121404,169117049.0
2018-12-10,41.247234,42.524207,40.824207,42.402646,248138320.0
2018-12-11,42.907166,42.949505,41.748446,42.159852,189108604.0
2018-12-12,42.601729,42.989362,42.250113,42.276661,142498882.0
2018-12-13,42.621231,43.141846,42.388032,42.740146,127590016.0
2018-12-14,42.254945,42.268539,41.314093,41.374353,162817782.0
2018-12-17,41.366639,42.090365,40.679186,40.986723,177153330.0
2018-12-18,41.346334,41.882014,41.099796,41.513314,135371259.0
2018-12-19,41.509961,41.865097,39.768792,40.222249,196209404.0
2018-12-20,40.097101,40.525489,38.826111,39.20506,259070722.0
2018-12-21,39.215314,39.538541,37.41597,37.682893,382921537.0
2018-12-24,37.04652,37.891876,36.639467,36.706963,148674644.0
2018-12-26,37.071622,39.312542,36.680417,39.296026,234333067.0
2018-12-27,38.961312,39.18459,37.517179,39.041769,212480387.0
2018-12-28,39.373743,39.629255,38.633953,39.062348,169156712.0
2018-12-31,39.636499,39.844421,39.120638,39.437179,140000590.0
2019-01-02,38.723162,39.71615,38.558242,39.475529,148164749.0
2019-01-03,35.989735,36.431241,35.499723,35.548918,365220522.0
2019-01-04,36.134814,37.142717,35.950042,37.072863,234426543.0
2019-01-07,37.171773,37.209248,36.473484,36.981261,219098144.0
2019-01-08,37.3881,37.955323,37.134203,37.6844,164079127.0
2019-01-09,37.822205,38.637397,37.409237,38.325608,180420325.0
2019-01-10,38.130724,38.496125,37.713824,38.45176,143144582.0
2019-01-11,38.217873,38.422859,37.871573,38.064753,108103091.0
2019-01-14,37.708701,37.814351,37.30401,37.494103,129746410.0
2019-01-15,37.565079,38.351879,37.517307,38.262684,114836318.0
2019-01-16,38.277804,38.971234,38.248306,38.734959,122285121.0
2019-01-17,38.55437,39.417883,38.312154,38.965487,119277188.0
2019-01-18,39.372,39.46813,38.993098,39.204183,135014717.0
2019-01-22,39.100712,39.177414,38.153478,38.324806,121587903.0
2019-01-23,38.534528,38.787608,37.924557,38.483189,92526859.0
2019-01-24,38.528901,38.616847,37.929893,38.172337,101769430.0
2019-01-25,38.867506,39.53627,38.589534,39.440716,134135347.0
2019-01-28,38.945581,39.086052,38.412081,39.06434,104764928.0
2019-01-29,39.066103,39.529628,38.524303,38.669665,166332794.0
2019-01-30,40.8186,41.542062,40.050583,41.303898,244414027.0
2019-01-31,41.529679,42.24736,41.142643,41.60676,162954133.0
2019-02-01,41.729904,42.246063,41.47576,41.637874,130674692.0
2019-02-04,41.855238,42.905498,41.822255,42.81455,125996978.0
2019-02-05,43.211026,43.781878,43.099769,43.544414,144395884.0
2019-02-06,43.668967,43.892627,43.206527,43.569609,112961510.0
2019-02-07,43.107825,43.484877,42.588243,42.731064,126983361.0
2019-02-08,42.250729,42.66449,42.104518,42.608084,95277150.0
2019-02-11,42.763656,42.809873,42.317375,42.359244,83964609.0
2019-02-12,42.528849,42.747304,42.426503,42.71859,89131326.0
2019-02-13,42.85092,43.11936,42.477392,42.544716,89945372.0
2019-02-14,42.434561,42.817713,42.336428,42.700771,87342624.0
2019-02-15,42.814421,42.927622,42.437093,42.601502,98510703.0
2019-02-19,42.429819,42.861068,42.380085,42.735317,75891552.0
2019-02-20,42.79596,43.335316,42.745825,43.013637,104487097.0
2019-02-21,42.952898,43.096535,42.579093,42.763384,69003299.0
2019-02-22,42.892119,43.246655,42.844588,43.246655,75661092.0
2019-02-25,43.534095,43.96902,43.487368,43.560024,87488119.0
2019-02-26,43.42799,43.829153,43.29086,43.587471,68270436.0
2019-02-27,43.299786,43.751451,43.176861,43.717038,111327819.0
2019-02-28,43.578201,43.730296,43.229746,43.291067,112866800.0
2019-03-01,43.563737,43.788849,43.226275,43.745631,103554326.0
2019-03-04,43.922287,44.434234,43.493037,43.967095,109748283.0
2019-03-05,43.987786,44.006699,43.628237,43.882362,78965557.0
2019-03-06,43.659662,43.874786,43.47868,43.632289,83229198.0
2019-03-07,43.46607,43.616906,43.006096,43.124517,99180622.0
2019-03-08,42.58279,43.275718,42.376053,43.228896,96003122.0
2019-03-11,43.875844,44.785501,43.840501,44.720801,128051541.0
2019-03-12,45.001633,45.665319,44.850193,45.220798,129865397.0
2019-03-13,45.558535,45.828322,45.227564,45.430423,124128781.0
2019-03-14,45.97659,46.030091,45.640019,45.926892,94305181.0
2019-03-15,46.207245,46.832298,45.932445,46.530691,156167320.0
2019-03-18,46.449019,47.097733,46.444902,47.007693,104879806.0
2019-03-19,47.089573,47.248282,46.480361,46.641124,126596995.0
2019-03-20,46.551597,47.371621,46.18761,47.034038,124147312.0
2019-03-21,47.509656,49.075357,47.451612,48.769747,204137902.0
2019-03-22,48.832263,49.424303,47.691917,47.763483,169617832.0
2019-03-25,47.86786,47.996299,46.645743,47.179195,175393174.0
2019-03-26,47.905816,48.224216,46.150332,46.706175,199191058.0
2019-03-27,47.185979,47.440901,46.641282,47.11911,119412712.0
2019-03-28,47.242437,47.397131,46.880319,47.179396,83117611.0
2019-03-29,47.45545,47.517533,47.129727,47.488185,94254813.0
2019-04-01,47.909297,47.914625,47.087203,47.81089,111456177.0
2019-04-02,47.77092,48.615348,47.755868,48.498803,91059196.0
2019-04-03,48.314198,49.132946,48.290389,48.84379,93073650.0
2019-04-04,48.700625,49.094251,48.29215,48.915493,76458468.0
2019-04-05,49.113167,49.280772,48.977241,49.243511,74102439.0
2019-04-08,49.104137,50.052891,49.089313,50.019252,103528446.0
2019-04-09,50.079368,50.715057,49.811594,49.867171,143073331.0
2019-04-10,49.67658,50.17919,49.546829,50.156093,86776515.0
2019-04-11,50.211838,50.250762,49.608302,49.72587,83613746.0
2019-04-12,49.797492,50.02536,49.051714,49.712575,111040609.0
2019-04-15,49.644468,49.97545,49.506057,49.798826,70138853.0
2019-04-16,49.860922,50.349079,49.632883,49.807394,102776060.0
2019-04-17,49.880231,50.850405,49.664728,50.777821,115615733.0
2019-04-18,50.789808,51.04059,50.624226,50.967404,96792014.0
2019-04-22,50.71227,51.227541,50.582474,51.136026,77762275.0
2019-04-23,51.108525,51.935448,50.975903,51.866211,93293563.0
2019-04-24,51.848229,52.116468,51.767799,51.784536,70158668.0
2019-04-25,51.711965,51.944478,51.281777,51.321485,74179491.0
2019-04-26,51.230456,51.248546,50.522245,51.073913,74596720.0
2019-04-29,51.098561,51.48784,50.963522,51.156352,88827257.0
2019-04-30,50.764971,50.844701,49.776976,50.16849,186156678.0
2019-05-01,52.46904,53.835858,52.301823,52.626892,259311032.0
2019-05-02,52.458017,53.159908,52.024096,52.287835,127967742.0
2019-05-03,52.72487,52.958956,52.554153,52.943811,83582612.0
2019-05-06,51.069607,52.2116,50.865856,52.115971,129784266.0
2019-05-07,51.483916,51.865934,50.206892,50.715746,155068144.0
2019-05-08,50.468797,51.340754,50.447301,50.713521,105370166.0
2019-05-09,50.106915,50.427085,49.168485,50.169017,139641565.0
2019-05-10,49.350808,49.70492,48.187826,49.287971,164827110.0
2019-05-13,46.930933,47.381539,45.710447,46.425229,229683519.0
2019-05-14,46.600306,47.423404,46.35244,47.1714,146145586.0
2019-05-15,46.56683,47.937176,46.500233,47.724931,106171169.0
2019-05-16,47.476992,48.11105,47.213728,47.519767,132114666.0
2019-05-17,46.734469,47.728801,46.693843,47.245568,131493470.0
2019-05-20,45.877825,46.086055,45.073436,45.781132,154471825.0
2019-05-21,46.303792,46.996876,46.175542,46.649586,113455952.0
2019-05-22,46.163731,46.424648,45.631762,45.696091,118999233.0
2019-05-23,44.951575,45.13537,44.454628,44.91566,146130878.0
2019-05-24,45.047797,45.541875,44.654158,44.73742,94843606.0
2019-05-28,44.737731,45.155391,44.481341,44.559359,111788408.0
2019-05-29,44.104109,44.846858,43.997285,44.344592,113933568.0
2019-05-30,44.490886,44.812153,44.164921,44.576966,84888529.0
2019-05-31,44.054101,44.485675,43.746654,43.772673,108167535.0
2019-06-03,43.898836,44.481016,42.572947,43.327676,161573130.0
2019-06-04,43.857312,44.953686,43.629259,44.913614,123876092.0
2019-06-05,46.065894,46.249831,45.28622,45.632059,119082431.0
2019-06-06,45.76429,46.36201,45.538494,46.311402,90120063.0
2019-06-07,46.626848,47.987481,46.443755,47.531486,122738512.0
2019-06-10,47.947141,48.83542,47.90651,48.147573,104883960.0
2019-06-11,48.711678,49.005232,48.404663,48.704612,107731071.0
2019-06-12,48.482772,48.991286,48.348332,48.551128,73004162.0
2019-06-13,48.680756,49.203529,48.400547,48.532926,86694017.0
2019-06-14,47.889016,48.396737,47.569635,48.182888,75040409.0
2019-06-17,48.227812,48.737248,48.038055,48.474417,58669838.0
2019-06-18,49.00693,50.073423,48.800566,49.600338,106217777.0
2019-06-19,49.921798,49.970008,49.334189,49.481996,84493749.0
2019-06-20,50.094728,50.154592,49.499287,49.874529,86044082.0
2019-06-21,49.696424,50.20637,49.542813,49.695141,191264011.0
2019-06-24,49.638726,50.039525,49.532208,49.647867,72883903.0
2019-06-25,49.611953,49.8182,48.824079,48.893862,84298605.0
2019-06-26,49.445884,50.245426,49.327528,49.947617,104275198.0
2019-06-27,50.073005,50.397191,49.893889,49.936718,83609195.0
2019-06-28,49.663812,49.879056,49.258297,49.485523,124447404.0
2019-07-01,50.789804,51.119174,50.16795,50.381941,108997333.0
2019-07-02,50.349178,50.786498,50.342847,50.678409,67741254.0
2019-07-03,50.828783,51.111244,50.669575,51.100437,45448080.0
2019-07-05,50.833843,51.270157,50.724046,51.047111,69048752.0
2019-07-08,50.208406,50.358369,49.598546,50.009869,101336906.0
2019-07-09,49.801847,50.382712,49.697472,50.308114,82321759.0
2019-07-10,50.456161,50.925473,50.386308,50.809943,71571618.0
2019-07-11,50.832753,51.095068,50.420564,50.435981,80773996.0
2019-07-12,50.604701,51.011687,50.551068,50.823766,70374272.0
2019-07-15,51.012885,51.46428,51.003846,51.312718,67784704.0
2019-07-16,51.14703,51.536523,50.876714,51.121789,67462554.0
2019-07-17,51.014798,51.273084,50.818796,50.839589,56433748.0
2019-07-18,50.999647,51.478843,50.912248,51.418931,74165174.0
2019-07-19,51.450654,51.632842,50.591063,50.646593,83725185.0
2019-07-22,50.913096,51.805878,50.901088,51.792685,89109982.0
2019-07-23,52.112434,52.225052,51.821177,52.214764,73425048.0
2019-07-24,51.917101,52.278835,51.78843,52.160867,59967744.0
2019-07-25,52.224311,52.314482,51.683037,51.75343,55639761.0
2019-07-26,51.865495,52.420709,51.777981,51.94803,70472040.0
2019-07-29,52.1107,52.648384,52.1107,52.418449,86692461.0
2019-07-30,52.186408,52.539206,51.821999,52.199134,135728153.0
2019-07-31,54.111285,55.346332,52.829352,53.247935,277124088.0
2019-08-01,53.472152,54.503851,51.679579,52.098547,216061630.0
2019-08-02,51.393516,51.619718,50.404799,51.006002,163475309.0
2019-08-05,49.496894,49.662781,48.14939,48.334461,209575763.0
2019-08-06,49.08014,49.518153,48.511465,49.253119,143304113.0
2019-08-07,48.858052,49.889675,48.458252,49.758904,133475085.0
2019-08-08,50.060987,50.879121,49.840722,50.865446,108029149.0
2019-08-09,50.323394,50.691748,49.815696,50.245262,98470739.0
2019-08-12,49.90421,50.510811,49.786037,50.115981,89916632.0
2019-08-13,50.259486,53.035914,50.121722,52.243551,188895478.0
2019-08-14,50.798733,51.606055,50.646799,50.694648,146218588.0
2019-08-15,50.862677,51.279501,49.915022,50.430024,108916926.0
2019-08-16,51.074737,51.802034,50.959796,51.617387,110458634.0
2019-08-19,52.649726,53.18497,52.50328,52.591062,97632642.0
2019-08-20,52.717105,53.337309,52.584995,52.592484,107522126.0
2019-08-21,53.246179,53.410912,52.899238,53.15935,86135730.0
2019-08-22,53.29725,53.612729,52.687487,53.113213,89017445.0
2019-08-23,52.348699,53.008272,50.256265,50.666951,187269267.0
2019-08-26,51.474181,51.793712,51.268843,51.620686,104172272.0
2019-08-27,51.958598,52.135189,50.889977,51.036147,103469921.0
2019-08-28,51.023328,51.425103,50.824765,51.384296,63752883.0
2019-08-29,52.123962,52.329529,51.667204,52.254294,83955850.0
2019-08-30,52.540748,52.614812,51.802474,52.187437,84575381.0
2019-09-03,51.61076,51.735897,51.056948,51.421047,80084692.0
2019-09-04,52.098216,52.376669,51.827734,52.305671,76746525.0
2019-09-05,53.003654,53.492981,52.872862,53.325971,95664477.0
2019-09-06,53.506842,53.6037,53.129785,53.313116,77454467.0
2019-09-09,53.712013,54.108499,52.776325,53.546083,109252370.0
2019-09-10,53.464647,54.187453,52.930189,54.178908,127103322.0
2019-09-11,54.522632,55.930835,54.443431,55.904638,177144755.0
2019-09-12,56.198683,56.595385,55.714909,55.773273,128896636.0
2019-09-13,54.999353,55.20172,54.256543,54.692257,159039077.0
2019-09-16,54.437929,55.027738,54.392165,54.975238,84642461.0
2019-09-17,54.984861,55.204949,54.770298,55.167208,73262145.0
2019-09-18,55.270941,55.718227,54.865123,55.686816,101364149.0
2019-09-19,55.510029,55.931954,55.09732,55.24078,88251320.0
2019-09-20,55.345729,55.644622,54.375907,54.435013,221612984.0
2019-09-23,54.733234,54.963552,54.418803,54.681425,76656474.0
2019-09-24,55.25183,55.626881,54.297092,54.427185,124781912.0
2019-09-25,54.639971,55.37293,54.281768,55.250494,87612781.0
2019-09-26,54.995578,55.236105,54.707778,54.965376,75331013.0
2019-09-27,55.132943,55.247664,54.319387,54.704459,101411114.0
2019-09-30,55.224758,56.147319,55.192957,56.009748,103919460.0
2019-10-01,56.271588,57.053773,56.052667,56.155773,139218974.0
2019-10-02,55.774449,55.88412,54.480917,54.741222,138473435.0
2019-10-03,54.605601,55.233467,53.774054,55.20661,114417598.0
2019-10-04,56.406754,56.87352,55.976877,56.75489,138497474.0
2019-10-07,56.575243,57.481892,56.455387,56.76877,122297017.0
2019-10-08,56.452361,57.010998,56.083437,56.090538,111834421.0
2019-10-09,56.754215,56.94423,56.403686,56.756562,74763030.0
2019-10-10,56.971362,57.612948,56.831795,57.519252,112981654.0
2019-10-11,58.243128,59.405377,58.08024,59.055857,166784648.0
2019-10-14,58.716549,59.533959,58.665404,58.977174,96423358.0
2019-10-15,59.094169,59.411324,58.719658,58.83309,87337295.0
2019-10-16,58.331568,58.805414,58.292839,58.588183,73887410.0
2019-10-17,58.757677,59.030273,58.39126,58.811323,67580587.0
2019-10-18,58.648455,59.393035,58.578031,59.103473,97433213.0
2019-10-21,59.378133,60.253766,59.336882,60.12725,87251998.0
2019-10-22,60.287246,60.554345,59.907204,59.986546,82290587.0
2019-10-23,60.51296,60.813194,60.307876,60.796014,75836342.0
2019-10-24,61.130643,61.1943,60.433269,60.895929,69284603.0
2019-10-25,60.791109,61.688384,60.721072,61.650396,73463117.0
2019-10-28,61.854878,62.319931,61.681712,62.262861,96578362.0
2019-10-29,62.243658,62.443074,60.637115,60.81899,142844637.0
2019-10-30,61.18635,61.323846,60.308753,60.824147,124520720.0
2019-10-31,61.808982,62.291191,59.310707,62.187647,139164255.0
2019-11-01,62.383986,63.976221,62.308634,63.950883,151124343.0
2019-11-04,64.336745,64.468027,63.848492,64.37605,103246910.0
2019-11-05,64.264516,64.549054,64.081853,64.281251,79900532.0
2019-11-06,64.187496,64.379344,63.843079,64.305103,75854070.0
2019-11-07,64.691798,65.087705,64.523732,64.846373,94946849.0
2019-11-08,64.677667,65.110725,64.20834,65.037562,69974524.0
2019-11-11,64.563295,65.62698,64.563295,65.551198,81816448.0
2019-11-12,65.386273,65.696214,65.243236,65.488877,87396292.0
2019-11-13,65.284756,66.189262,65.264393,66.119608,102728201.0
2019-11-14,65.929613,66.215453,65.529993,65.665601,89173439.0
2019-11-15,65.916918,66.44813,65.741513,66.438734,100213792.0
2019-11-18,66.455875,66.857306,66.05673,66.77429,86697065.0
2019-11-19,66.97858,67.008691,66.341611,66.573895,76171606.0
2019-11-20,66.38878,66.53192,65.091756,65.791896,106228133.0
2019-11-21,65.91837,65.999052,65.296767,65.509825,121388214.0
2019-11-22,65.646258,65.791546,65.211015,65.449744,65317556.0
2019-11-25,65.673922,66.608111,65.618881,66.597589,84016580.0
2019-11-26,66.740823,66.796675,65.631599,66.068136,105219885.0
2019-11-27,66.392876,67.004244,66.318564,66.955856,65234362.0
2019-11-29,66.643818,67.019365,66.472933,66.806562,46615931.0
2019-12-02,66.809812,67.067797,65.866259,66.033063,94478549.0
2019-12-03,64.585493,64.885138,64.083405,64.871423,114432677.0
2019-12-04,65.273595,65.835908,65.169037,65.424351,67183487.0
2019-12-05,65.944818,66.480928,65.680391,66.381183,74421128.0
2019-12-06,66.863529,67.745619,66.820022,67.685625,106081236.0
2019-12-09,67.4935,67.706422,66.228759,66.732918,128041245.0
2019-12-10,67.141295,67.521584,66.46656,67.115814,90426431.0
2019-12-11,67.196278,67.771679,67.115864,67.683836,78763453.0
2019-12-12,66.951211,68.152196,66.835144,67.86514,137299607.0
2019-12-13,67.859014,68.827551,67.721746,68.779145,133545162.0
2019-12-16,69.255952,70.18578,69.241139,69.966293,128190535.0
2019-12-17,69.891013,70.447835,69.707698,70.100502,114160973.0
2019-12-18,69.963332,70.475839,69.78778,69.946601,116032162.0
2019-12-19,69.883497,70.301099,69.727586,70.004884,98375910.0
2019-12-20,70.563242,70.678308,69.644863,69.862114,275973561.0
2019-12-23,70.123106,71.068009,70.09391,71.001919,98561010.0
2019-12-24,71.183567,71.224054,70.744969,71.067342,48483961.0
2019-12-26,71.199228,72.496424,71.191796,72.480875,93119580.0
2019-12-27,72.780376,73.50157,72.025962,72.454053,146233880.0
2019-12-30,72.35684,73.162248,71.322798,72.879081,144095631.0
2019-12-31,72.47253,73.410631,72.383581,73.410631,100821722.0
2020-01-02,74.061387,75.148208,73.804926,75.089667,135477419.0
2020-01-03,74.294713,75.139749,74.127248,74.337743,146323948.0
2020-01-06,73.449629,74.988134,73.179833,74.96374,118380188.0
2020-01-07,74.946711,75.231605,74.362301,74.594045,108857831.0
2020-01-08,74.298138,76.119402,74.29215,75.78575,132061812.0
2020-01-09,76.792108,77.596491,76.538193,77.40948,170119032.0
2020-01-10,77.642498,78.160676,77.054501,77.559857,140660242.0
2020-01-13,77.912001,79.26558,77.78984,79.251899,121516884.0
2020-01-14,79.188727,79.398058,78.041313,78.158275,161937603.0
2020-01-15,77.961095,78.883097,77.38668,77.835854,121942070.0
2020-01-16,78.405165,78.918612,78.018651,78.821669,108827334.0
2020-01-17,79.055501,79.69356,78.747053,79.69356,137817505.0
2020-01-21,79.313597,79.751427,78.990758,79.132376,110851822.0
2020-01-22,79.649026,79.996387,79.315558,79.435204,101825809.0
2020-01-23,79.485635,79.880991,78.909638,79.815363,104480127.0
2020-01-24,80.050848,80.848299,79.372289,79.575429,146512697.0
2020-01-27,77.510371,77.942162,76.221292,77.244351,161927618.0
2020-01-28,78.144882,79.597347,78.05932,79.421444,162238183.0
2020-01-29,81.109107,81.958575,80.33657,81.098485,216244490.0
2020-01-30,80.132806,81.003099,79.685357,80.97561,126737197.0
2020-01-31,80.230073,80.665556,77.080166,77.380404,199592815.0
2020-02-03,76.087869,78.36021,75.548395,77.155517,173774574.0
2020-02-04,78.817733,79.924442,78.41418,79.72011,136639292.0
2020-02-05,80.880626,81.205499,79.738913,80.362867,118825404.0
2020-02-06,80.642479,81.309536,80.074242,81.309536,105412561.0
2020-02-07,80.591648,80.844333,79.503825,80.00561,117684089.0
2020-02-10,78.556517,80.384719,78.45817,80.37961,109364409.0
2020-02-11,80.902639,80.983625,79.668545,79.906867,94327687.0
2020-02-12,80.375941,81.80064,80.362047,81.79773,113741473.0
2020-02-13,81.054742,81.563537,80.832554,81.205969,94747633.0
2020-02-14,81.180113,81.505831,80.728551,81.233545,80106549.0
2020-02-18,78.83648,79.925664,78.649072,79.751908,152526656.0
2020-02-19,80.004196,81.145905,79.994414,80.919777,93959429.0
2020-02-20,80.652999,81.170677,79.549965,80.085705,100568848.0
2020-02-21,79.659547,80.119417,77.624954,78.259921,129542365.0
2020-02-24,74.328012,76.042605,72.311931,74.537368,222189903.0
2020-02-25,75.228595,75.638132,71.525152,72.008317,230661510.0
2020-02-26,71.611227,74.470356,71.611227,73.153931,198011464.0
2020-02-27,70.274411,71.502598,68.236817,68.381954,320662934.0
2020-02-28,64.311496,69.60763,64.090345,68.343013,426530456.0
2020-03-02,70.563349,75.359303,69.425773,74.700956,341405564.0
2020-03-03,75.908408,75.985547,71.446213,72.33562,319499412.0
2020-03-04,74.113982,75.848271,73.282263,75.699199,219195288.0
2020-03-05,73.8746,74.881495,72.850107,73.230577,187562042.0
2020-03-06,70.509167,72.696733,70.306985,72.25371,226149523.0
2020-03-09,65.928558,69.516725,65.747631,66.547535,286771576.0
2020-03-10,69.287632,71.6155,67.34105,71.331682,285271739.0
2020-03-11,69.341213,70.31019,67.968529,68.855759,255605428.0
2020-03-12,63.986103,67.487304,61.997533,62.064959,418482285.0
2020-03-13,66.226166,69.983445,63.236016,69.504844,370704846.0
2020-03-16,60.48613,64.762622,60.000496,60.562874,322405732.0
2020-03-17,61.87524,64.400423,59.606394,63.206601,324056998.0
2020-03-18,59.948945,62.488958,59.284763,61.659259,300258848.0
2020-03-19,61.84696,63.217025,60.653849,61.187434,271834821.0
2020-03-20,61.804101,62.960656,56.99388,57.305668,401619024.0
2020-03-23,57.013932,57.120868,53.147212,56.088017,336808032.0
2020-03-24,59.092851,61.910844,58.583409,61.725002,287539020.0
2020-03-25,62.683494,64.564547,61.071091,61.37707,303557081.0
2020-03-26,61.620825,64.667827,61.582811,64.599782,252124055.0
2020-03-27,63.193673,63.968787,61.765343,61.920915,204226919.0
2020-03-30,62.685469,63.880631,62.355603,63.706877,167989954.0
2020-03-31,63.915162,65.608854,63.011742,63.57434,197004072.0
2020-04-01,61.634104,62.173652,59.782876,60.2288,176205785.0
2020-04-02,60.099837,61.289373,59.224137,61.228418,165950951.0
2020-04-03,60.69121,61.433033,59.733847,60.366671,129883567.0
2020-04-06,62.712659,65.782046,62.345495,65.617047,201787539.0
2020-04-07,67.711926,67.929741,64.749681,64.859923,202886402.0
2020-04-08,65.683456,66.845836,65.314908,66.524356,168894474.0
2020-04-09,67.176687,67.529104,66.186221,66.992129,161842285.0
2020-04-13,67.080094,68.425478,66.462556,68.318722,131032905.0
2020-04-14,69.999852,72.065944,69.514499,71.756149,194974172.0
2020-04-15,70.593578,71.579024,70.14738,71.111038,131171255.0
2020-04-16,71.848601,72.031777,70.575112,71.679846,157143794.0
2020-04-17,71.16539,71.73301,69.20978,70.695977,215261249.0
2020-04-20,69.484131,70.426508,69.206821,69.241509,130012954.0
2020-04-21,69.076245,69.307145,66.358691,67.086779,181019821.0
2020-04-22,68.399317,69.472155,68.052834,69.027069,116872629.0
2020-04-23,68.9696,70.436664,68.717925,68.754529,124801716.0
2020-04-24,69.297036,70.760578,69.249312,70.760578,126185220.0
2020-04-27,70.442727,71.129249,69.996235,70.796147,117103134.0
2020-04-28,71.272771,71.465423,69.551398,69.637747,112008946.0
2020-04-29,71.183374,72.412691,70.975671,71.929165,137275499.0
2020-04-30,72.493258,73.634423,72.076684,73.453381,183041774.0
2020-05-01,71.56148,74.734201,71.464771,72.270156,240609513.0
2020-05-04,72.285742,73.423139,71.578251,73.276858,133587178.0
2020-05-05,73.771456,75.252874,73.621563,74.398274,147758856.0
2020-05-06,75.103759,75.790379,74.717883,75.164785,142316590.0
2020-05-07,75.812758,76.288415,75.491132,75.955534,115222517.0
2020-05-08,76.407453,77.571354,76.077605,77.532944,133852938.0
2020-05-11,77.029734,79.25789,76.808669,78.74174,145951424.0
2020-05-12,79.457698,79.918711,77.727905,77.852114,162282968.0
2020-05-13,78.041217,78.978658,75.797396,76.898655,200585039.0
2020-05-14,76.137382,77.447452,75.392857,77.381385,158943018.0
2020-05-15,75.080626,76.976627,75.048601,76.904023,166341494.0
2020-05-18,78.295576,79.1278,77.570767,78.745373,135186022.0
2020-05-19,78.758485,79.629503,78.25896,78.290175,101733992.0
2020-05-20,79.182859,79.873289,79.119642,79.818031,111519716.0
2020-05-21,79.669499,80.22039,78.967394,79.220446,102657814.0
2020-05-22,78.952699,79.818078,78.846686,79.709782,81805862.0
2020-05-26,80.870467,81.062877,79.108115,79.201033,125534676.0
2020-05-27,79.024296,79.671558,78.275961,79.52815,112935152.0
2020-05-28,79.18512,80.839143,78.917411,79.56512,133562230.0
2020-05-29,79.8089,80.281665,79.108609,79.467849,153512015.0
2020-06-01,79.441157,80.585772,79.310977,80.46535,80792490.0
2020-06-02,80.194867,80.843393,79.752328,80.83423,87644428.0
2020-06-03,81.157083,81.542656,80.570696,81.27557,104486872.0
2020-06-04,81.1043,81.404827,80.186761,80.579995,87563754.0
2020-06-05,80.829043,82.948266,80.811063,82.869494,137234695.0
2020-06-08,82.577418,83.410271,81.824664,83.374354,95653980.0
2020-06-09,83.036217,86.41076,82.997677,85.992957,147700121.0
2020-06-10,86.969356,88.697345,86.512099,88.203822,166611236.0
2020-06-11,87.314386,87.763728,83.889733,83.968358,201671451.0
2020-06-12,86.175544,86.941511,83.550104,84.710737,200143490.0
2020-06-15,83.315538,86.425392,83.141258,85.760404,138809113.0
2020-06-16,87.872895,88.32199,86.187439,88.011603,165454508.0
2020-06-17,88.786226,88.85364,87.754016,87.899929,114408871.0
2020-06-18,87.846159,88.347591,87.303679,87.932119,96814323.0
2020-06-19,88.667632,89.144638,86.293596,87.443974,264479478.0
2020-06-22,87.83583,89.858148,87.792683,89.702922,135415991.0
2020-06-23,90.995967,93.097887,90.583105,91.622453,212149165.0
2020-06-24,91.246239,92.180897,89.629663,90.005351,192604113.0
2020-06-25,90.185538,91.256361,89.400693,91.194845,137500955.0
2020-06-26,91.10129,91.326995,88.257436,88.415166,205274997.0
2020-06-29,88.311651,90.542127,87.819018,90.440097,130639577.0
2020-06-30,90.02094,91.508362,90.010009,91.201089,140196007.0
2020-07-01,91.281448,91.841866,90.982054,91.013609,110735860.0
2020-07-02,91.970126,92.628415,90.901549,91.022807,114061044.0
2020-07-06,92.490172,93.948068,92.470637,93.470284,118663335.0
2020-07-07,93.868886,94.649416,93.061344,93.168949,112415959.0
2020-07-08,94.185824,95.37379,94.093971,95.35362,117091477.0
2020-07-09,96.275096,96.319943,94.665978,95.740811,125653442.0
2020-07-10,95.333507,95.978795,94.718736,95.924397,90226565.0
2020-07-13,97.27273,99.974128,95.249078,95.486146,191620065.0
2020-07-14,94.851395,97.245158,93.879915,97.073722,170958414.0
2020-07-15,98.986767,99.261505,96.503653,97.732773,153168769.0
2020-07-16,96.565056,97.407785,95.907237,96.512329,110584382.0
2020-07-17,96.994495,97.151557,95.824547,96.330386,92181135.0
2020-07-20,96.414371,98.495676,96.060637,98.368295,90316370.0
2020-07-21,99.181022,99.249054,96.736523,96.992225,103422781.0
2020-07-22,96.682484,97.963519,96.597299,97.264439,88990142.0
2020-07-23,96.985351,97.080492,92.011806,92.842792,196958787.0
2020-07-24,90.997953,92.972597,89.134632,92.619437,185422666.0
2020-07-27,93.70258,94.893037,93.470985,94.804517,121203466.0
2020-07-28,94.367926,94.54224,93.246996,93.246996,103625179.0
2020-07-29,93.744648,95.229691,93.718821,95.05465,90317979.0
2020-07-30,94.19272,96.29187,93.783002,96.187346,158140040.0
2020-07-31,102.869059,106.424203,100.82838,106.256001,374338780.0
2020-08-03,108.187037,111.636458,107.894081,108.91742,308161148.0
2020-08-04,109.116131,110.800084,108.373627,109.673535,173077120.0
2020-08-05,109.391659,110.387074,108.890824,110.063709,121769516.0
2020-08-06,110.403342,114.407934,109.808814,113.899719,202450417.0
2020-08-07,113.218119,113.682613,110.294584,111.113687,198059647.0
2020-08-10,112.592544,113.762491,110.011286,112.73786,212404530.0
2020-08-11,111.962785,112.485135,109.106164,109.373146,187925079.0
2020-08-12,110.510197,113.271696,110.291506,113.003574,165604223.0
2020-08-13,114.416618,116.040342,113.938121,114.99472,210082454.0
2020-08-14,114.843006,115.014222,113.04359,114.897051,165583686.0
2020-08-17,116.068768,116.076018,113.970388,114.628585,119546104.0
2020-08-18,114.369218,116.013003,113.991115,115.574516,105631611.0
2020-08-19,115.976682,117.177474,115.620633,115.70034,145538753.0
2020-08-20,115.751502,118.408143,115.732567,118.279363,126905808.0
2020-08-21,119.264165,124.881898,119.248384,124.376475,338063121.0
2020-08-24,128.713317,128.769359,123.942483,125.852775,345919821.0
2020-08-25,124.691526,125.168728,123.042083,124.804524,211535270.0
2020-08-26,126.169014,126.996687,125.079543,126.521968,163003885.0
2020-08-27,127.133411,127.490895,123.821355,125.018454,155545572.0
2020-08-28,126.001636,126.42649,124.58433,124.827962,187624863.0
2020-08-31,127.58374,130.996666,126.005928,129.049329,225717615.0
2020-09-01,132.779033,134.80108,130.523305,134.162236,151960949.0
2020-09-02,137.601364,137.962577,127.01662,131.399017,200109983.0
2020-09-03,126.90584,128.832258,120.51717,120.897331,257591071.0
2020-09-04,120.090022,123.708639,110.896681,120.964599,332588332.0
2020-09-08,113.97402,118.969625,112.673917,112.828216,231335104.0
2020-09-09,117.246321,119.146425,115.256055,117.318603,176923649.0
2020-09-10,120.360389,120.487791,112.497165,113.485698,182263221.0
2020-09-11,114.570172,115.224184,110.013619,111.999606,180875187.0
2020-09-14,114.726218,115.924066,112.810642,115.374535,140162052.0
2020-09-15,118.346813,118.815848,113.62147,115.55826,184627635.0
2020-09-16,115.250423,116.008248,112.05073,112.152124,154667188.0
2020-09-17,109.703599,112.20065,108.699402,110.354727,178041631.0
2020-09-18,110.374462,110.872848,106.084271,106.835145,287071178.0
2020-09-21,104.554219,110.16683,103.132833,110.074796,195700693.0
2020-09-22,112.666804,112.87664,109.16479,111.807568,183062416.0
2020-09-23,111.619942,112.121299,106.770408,107.123001,150706916.0
2020-09-24,105.16464,110.262094,105.013795,108.231419,167746482.0
2020-09-25,108.438163,112.43761,107.667102,112.293599,149981173.0
2020-09-28,115.016279,115.322312,112.774686,114.961429,137693193.0
2020-09-29,114.530622,115.311818,113.575735,114.074079,99378888.0
2020-09-30,113.79374,117.263636,113.620249,115.822741,142666143.0
2020-10-01,117.645004,117.716512,115.835818,116.791546,116116800.0
2020-10-02,112.901213,115.375085,112.232649,113.011867,144720855.0
2020-10-05,113.929217,116.647192,113.547285,116.508893,106253825.0
2020-10-06,115.707607,116.117911,112.240146,113.162504,161496380.0
2020-10-07,114.619471,115.548072,114.146422,115.093897,96847859.0
2020-10-08,116.212094,116.413072,114.601332,114.961865,83464176.0
2020-10-09,115.285388,116.989121,114.915496,116.977012,100519473.0
2020-10-12,120.055632,125.188105,119.273339,124.398007,240209517.0
2020-10-13,125.278699,125.393056,119.647208,121.086625,262353819.0
2020-10-14,120.992673,123.042644,119.616922,121.186133,150706428.0
2020-10-15,118.719004,121.205493,118.149545,120.710238,112562186.0
2020-10-16,121.292719,121.55663,118.799629,119.023218,115382016.0
2020-10-19,119.948237,120.409069,115.675449,115.988161,120634095.0
2020-10-20,116.236467,118.985682,115.638743,117.512064,124416121.0
2020-10-21,116.677605,118.745332,116.436832,116.869506,89948275.0
2020-10-22,117.444805,118.043159,114.591563,115.739896,101980740.0
2020-10-23,116.36895,116.538474,114.287741,115.042722,82584528.0
2020-10-26,114.003816,116.55194,112.876083,115.051257,111835582.0
2020-10-27,115.482175,117.269469,114.550184,116.58471,92277381.0
2020-10-28,115.044354,115.427101,111.10184,111.208766,143962374.0
2020-10-29,112.381837,116.942152,112.192555,115.317786,146149170.0
2020-10-30,111.058844,111.999316,107.72864,108.862681,190278616.0
2020-11-02,109.119384,110.683953,107.332859,108.767487,122880852.0
2020-11-03,109.665327,111.493682,108.719905,110.438818,107617652.0
2020-11-04,114.159703,115.595052,112.347732,114.964704,138266932.0
2020-11-05,117.954871,119.617018,116.867894,119.018803,126354820.0
2020-11-06,118.302261,119.201504,116.131346,118.686787,114443162.0
2020-11-09,120.478859,122.009026,116.014452,116.323928,154520214.0
2020-11-10,115.561247,117.59378,114.118637,115.957116,138021764.0
2020-11-11,117.209135,119.621202,116.424778,119.497151,112286162.0
2020-11-12,119.600786,120.527404,118.569507,119.200054,103150504.0
2020-11-13,119.462027,119.675235,117.867245,119.260501,81573709.0
2020-11-16,118.913163,120.979642,118.138882,120.308822,91187846.0
2020-11-17,119.542825,120.683163,118.947393,119.38349,74263499.0
2020-11-18,118.593701,119.81856,117.992498,118.003805,76324399.0
2020-11-19,117.581659,119.076511,116.824101,118.632794,74111115.0
2020-11-20,118.625382,118.776701,117.28253,117.343372,73607505.0
2020-11-23,117.191874,117.608337,113.742766,113.835667,127952701.0
2020-11-24,113.889079,115.826104,112.579137,115.148589,113910213.0
2020-11-25,115.538844,116.722506,115.163184,116.040519,76501184.0
2020-11-27,116.566773,117.488251,116.223959,116.599652,46696076.0
2020-11-30,116.982766,120.948446,116.806881,119.044868,169374608.0
2020-12-01,121.011636,123.459267,120.01053,122.720127,127710841.0
2020-12-02,122.005901,123.351056,120.906061,123.091375,88995195.0
2020-12-03,123.519144,123.775557,122.197097,122.946499,78981452.0
2020-12-04,122.59825,122.848016,121.513355,122.223676,78264649.0
2020-12-07,122.305915,124.559463,122.236546,123.755002,86719638.0
2020-12-08,124.403758,124.980402,123.064451,124.385502,82232477.0
2020-12-09,124.532269,125.949048,121.013328,121.786933,115099798.0
2020-12-10,120.509029,123.862246,120.158956,123.217592,81316106.0
2020-12-11,122.431661,122.756844,120.571097,122.419778,86946393.0
2020-12-14,122.61302,123.366797,121.556493,121.757415,79183428.0
2020-12-15,124.328374,127.927419,124.134426,127.871048,157267064.0
2020-12-16,127.40826,128.369242,126.569894,127.811933,98206234.0
2020-12-17,128.903751,129.580613,128.04691,128.704431,94346595.0
2020-12-18,128.953498,129.07187,126.13755,126.659192,192513834.0
2020-12-21,125.018165,128.329167,123.429762,128.240286,121254050.0
2020-12-22,131.602905,134.421732,129.644469,131.885134,168896269.0
2020-12-23,132.153411,132.422623,130.776547,130.958166,88216858.0
2020-12-24,131.32922,133.482945,131.100995,131.972814,54931654.0
2020-12-28,133.999977,137.324982,133.534734,136.687234,124489166.0
2020-12-29,138.034896,138.815801,134.325576,134.885492,121053156.0
2020-12-30,135.578735,135.970628,133.411955,133.729496,96454292.0
2020-12-31,134.064424,134.726185,131.705763,132.682206,99128016.0
2021-01-04,133.507661,133.606285,126.758059,129.399275,143293187.0
2021-01-05,128.892069,131.75249,128.405315,131.014324,97655407.0
2021-01-06,127.739954,131.04829,126.384613,126.601163,155104722.0
2021-01-07,128.358348,131.629055,127.858846,130.911562,109574229.0
2021-01-08,132.443695,132.606272,130.218555,132.055153,105169485.0
2021-01-11,129.192566,130.159885,128.495325,128.978152,100375723.0
2021-01-12,128.510883,129.67177,126.872202,128.803265,91948235.0
2021-01-13,128.743089,131.446517,128.47661,130.904992,88624153.0
2021-01-14,130.797819,131.009532,128.784846,128.903842,90236045.0
2021-01-15,128.783115,130.220159,126.979529,127.126595,111612079.0
2021-01-19,127.770103,128.716095,126.938404,127.818859,90771216.0
2021-01-20,128.644531,132.504944,128.530944,132.026483,104331428.0
2021-01-21,133.811358,139.650663,133.599954,136.869528,120120284.0
2021-01-22,136.278062,139.858133,135.03981,139.083854,114473421.0
2021-01-25,143.080164,145.075026,136.535725,142.941864,157609577.0
2021-01-26,143.585415,144.306533,141.354365,143.161299,98389592.0
2021-01-27,143.415401,144.306008,140.413215,142.050588,140851331.0
2021-01-28,139.528784,141.96989,136.701304,137.065842,142617202.0
2021-01-29,135.835821,136.775799,130.213282,131.947911,177530614.0
2021-02-01,133.73266,135.3441,130.930479,134.132322,106245786.0
2021-02-02,135.76067,136.314362,134.597292,134.983521,83299397.0
2021-02-03,135.731751,135.761292,133.611432,133.956489,89872423.0
2021-02-04,136.318359,137.413271,134.589947,137.374742,84184499.0
2021-02-05,137.377471,137.437571,135.873003,136.765827,75695023.0
2021-02-08,136.044518,136.971995,134.900457,136.925989,71305148.0
2021-02-09,136.654686,137.89155,135.871004,136.016739,76768594.0
2021-02-10,136.4914,136.965367,134.402484,135.381295,73054263.0
2021-02-11,135.912057,136.383163,133.777439,135.140375,64292405.0
2021-02-12,134.34574,135.503501,133.681347,135.370211,60140368.0
2021-02-16,135.506466,136.036729,132.805298,133.177784,80583075.0
2021-02-17,131.25474,132.222686,129.451469,130.847461,97914263.0
2021-02-18,129.202437,129.98063,127.402297,129.710494,96863393.0
2021-02-19,130.22998,130.716038,128.792912,129.840875,87660420.0
2021-02-22,128.033812,129.713789,125.606141,125.997697,103926550.0
2021-02-23,123.783188,126.698939,118.377867,125.864191,158276351.0
2021-02-24,124.937002,125.527272,122.235661,125.338298,111045997.0
2021-02-25,124.672051,126.463354,120.524292,120.996482,148200801.0
2021-02-26,122.590709,124.85091,121.209872,121.266529,164555103.0
2021-03-01,123.744027,127.925845,122.782981,127.818192,116304417.0
2021-03-02,128.418076,128.721742,125.002451,125.143993,102256441.0
2021-03-03,124.815834,125.718665,121.846235,122.050026,112975807.0
2021-03-04,121.73174,123.604812,118.628604,120.139061,178167466.0
2021-03-05,120.97236,121.93748,117.573366,121.409926,153763357.0
2021-03-08,120.917628,121.008698,116.213367,116.335859,154371670.0
2021-03-09,119.022881,122.086099,118.784109,121.07253,129541446.0
2021-03-10,121.699353,122.159804,119.453085,119.971807,111952305.0
2021-03-11,122.532935,123.211573,121.24208,121.956478,103051563.0
2021-03-12,120.390728,121.169274,119.163923,121.041318,88109262.0
2021-03-15,121.412973,124.006875,120.429302,123.981405,92416852.0
2021-03-16,125.688329,127.226309,124.704043,125.568927,115230080.0
2021-03-17,124.056664,125.863358,122.32594,124.773865,111943321.0
2021-03-18,122.880788,123.160763,120.316794,120.535259,121214204.0
2021-03-19,119.892573,121.429508,119.659581,119.989007,185532828.0
2021-03-22,120.324104,123.848227,120.254694,123.394748,111925792.0
2021-03-23,123.347457,124.25712,122.138731,122.525552,95481547.0
2021-03-24,122.82461,122.927585,120.060954,120.081247,88537918.0
2021-03-25,119.517186,121.670833,119.011007,120.600119,98836923.0
2021-03-26,120.339331,121.495345,118.919181,121.219238,94075917.0
2021-03-29,121.633282,122.591241,120.733499,121.399353,80811540.0
2021-03-30,120.112488,120.408163,118.88454,119.917649,85674815.0
2021-03-31,121.641496,123.544887,121.1408,122.148101,118314007.0
2021-04-01,123.660231,124.175865,122.49432,122.984085,75103552.0
2021-04-05,123.872472,126.134208,123.069795,125.920965,88657977.0
2021-04-06,126.5202,127.135168,125.668454,126.199098,80168252.0
2021-04-07,125.822725,127.90113,125.137908,127.897204,83467521.0
2021-04-08,128.949405,130.37524,128.506867,130.35254,88838204.0
2021-04-09,129.799986,133.013608,129.469986,133.011673,106691565.0
2021-04-12,132.505392,132.847292,130.646925,131.240738,91413629.0
2021-04-13,132.449421,134.666402,131.912688,134.415883,91264596.0
2021-04-14,134.936392,134.992124,131.669834,132.023062,87217417.0
2021-04-15,133.824237,134.991766,133.642673,134.478458,89339896.0
2021-04-16,134.293262,134.675463,133.279581,134.157101,84913187.0
2021-04-19,133.518137,135.467405,133.328617,134.868866,94264222.0
2021-04-20,135.023438,135.538773,131.819454,133.120002,94813177.0
2021-04-21,132.346534,133.760036,131.293388,133.500906,68845264.0
2021-04-22,133.039601,134.118264,131.427959,131.946026,84565142.0
2021-04-23,132.160063,135.134393,132.140676,134.306979,78671692.0
2021-04-26,134.83731,135.046445,133.587763,134.691224,66901000.0
2021-04-27,135.006358,135.41643,134.096849,134.386997,66027187.0
2021-04-28,134.2841,135.022833,133.070535,133.562869,107762154.0
2021-04-29,136.45451,137.070623,132.439204,133.496425,151081199.0
2021-04-30,131.75766,133.544312,131.090596,131.473902,109854228.0
2021-05-03,132.039709,134.05779,131.820979,132.533456,75137405.0
2021-05-04,131.171902,131.486697,126.69894,127.844759,137584806.0
2021-05-05,129.21713,130.431632,127.982558,128.100199,84000369.0
2021-05-06,127.885297,129.766065,127.135336,129.761019,78118442.0
2021-05-07,130.831553,131.265709,129.476952,130.221432,78969705.0
2021-05-10,129.39601,129.555967,126.822357,126.832778,88062557.0
2021-05-11,123.492176,126.260632,122.750221,125.904229,126130476.0
2021-05-12,123.409963,124.615165,122.258419,122.781397,112181261.0
2021-05-13,124.566787,126.160933,124.277652,124.957422,105865395.0
2021-05-14,126.23625,127.907656,125.851515,127.467612,81915449.0
2021-05-17,126.84427,126.915473,125.172815,126.307439,74244959.0
2021-05-18,126.556555,127.000929,124.771958,124.830565,63351224.0
2021-05-19,123.155104,124.917219,122.875767,124.698432,92603281.0
2021-05-20,125.221179,127.738377,125.112517,127.306857,76877823.0
2021-05-21,127.824347,127.988231,125.222869,125.445807,79301589.0
2021-05-24,126.016973,127.922135,125.939912,127.094812,63093028.0
2021-05-25,127.820379,128.314243,126.308407,126.886213,72004229.0
2021-05-26,126.965301,127.390269,126.426955,126.856582,56584888.0
2021-05-27,126.411343,127.633436,125.091916,125.28535,94625270.0
2021-05-28,125.58343,125.793747,124.528751,124.614025,71314816.0
2021-06-01,125.094696,125.334452,123.92859,124.258192,67638469.0
2021-06-02,124.267441,125.234235,124.068066,125.06373,59283580.0
2021-06-03,124.6739,124.856015,123.126445,123.535098,76228645.0
2021-06-04,124.068179,126.167664,123.84794,125.89244,75174837.0
2021-06-07,126.150172,126.300345,124.808614,125.872536,71053868.0
2021-06-08,126.603412,128.441662,126.227387,126.763233,74394907.0
2021-06-09,127.215395,127.739656,126.510186,127.135226,56879093.0
2021-06-10,127.01331,128.199346,125.920013,126.107286,71172566.0
2021-06-11,126.499738,127.440333,126.11145,127.346239,53523102.0
2021-06-14,127.832335,130.543338,127.05534,130.476347,96894170.0
2021-06-15,129.922261,130.622282,129.370525,129.651037,62742410.0
2021-06-16,130.343939,130.874623,128.456563,130.155191,91822736.0
2021-06-17,129.811196,132.531634,129.656626,131.770287,96718026.0
2021-06-18,130.704081,131.490888,130.235495,130.450012,108947195.0
2021-06-21,130.300278,132.396581,129.207396,132.293834,79660305.0
2021-06-22,132.144444,134.091007,131.619983,133.986343,74786196.0
2021-06-23,133.767582,134.300236,133.239984,133.714434,60212050.0
2021-06-24,134.446868,134.636212,132.920232,133.415019,68712686.0
2021-06-25,133.47814,133.88212,132.815366,133.097612,70781696.0
2021-06-28,133.385871,135.263789,133.338378,134.781145,62119610.0
2021-06-29,134.79896,136.490983,134.354033,136.308676,64553100.0
2021-06-30,136.164965,137.40346,135.86926,136.949522,63264554.0
2021-07-01,136.592632,137.31497,135.768325,137.257748,52488439.0
2021-07-02,137.885639,139.97204,137.740659,139.97204,78850346.0
2021-07-06,140.07256,143.165273,140.07256,142.021056,108170069.0
2021-07-07,143.535856,144.893006,142.664585,144.59306,104885974.0
2021-07-08,141.59523,144.065892,140.681134,143.241034,105590710.0
2021-07-09,142.759494,145.660041,142.664853,145.103822,99884837.0
2021-07-12,146.221051,146.319302,144.007468,144.511487,76307190.0
2021-07-13,144.040852,147.456909,143.6095,145.609267,100837141.0
2021-07-14,148.099979,149.573781,147.687274,149.157363,127050275.0
2021-07-15,149.234391,150.001618,147.078336,148.500683,106834298.0
2021-07-16,148.455849,149.785624,145.89228,146.376323,93260813.0
2021-07-19,143.756887,144.052709,141.662202,142.441264,121432450.0
2021-07-20,143.449658,147.106488,142.967703,146.138316,96350654.0
2021-07-21,145.525204,146.122481,144.650084,145.38979,74997295.0
2021-07-22,145.926248,148.189164,145.804116,146.792881,77354745.0
2021-07-23,147.546066,148.726348,146.937918,148.549988,71449216.0
2021-07-26,148.261811,149.830214,147.680988,148.989524,72431301.0
2021-07-27,149.110671,149.211912,145.538236,146.771624,104823595.0
2021-07-28,144.826697,146.962946,142.543729,144.989836,118936947.0
2021-07-29,144.682836,146.545724,144.584866,145.642721,56699303.0
2021-07-30,144.381507,146.360291,144.089335,145.875499,70442562.0
2021-08-02,146.341518,146.948484,145.258856,145.507703,62884492.0
2021-08-03,145.816281,148.026472,145.158705,147.370108,64799054.0
2021-08-04,147.256186,147.77613,146.251191,146.957978,56371898.0
2021-08-05,146.976387,147.836872,146.178421,147.051602,46404828.0
2021-08-06,146.352561,147.096595,145.631272,146.138088,54126525.0
2021-08-09,146.205455,146.719101,145.506,146.095066,48912525.0
2021-08-10,146.432106,147.714512,145.283619,145.604653,69022989.0
2021-08-11,146.038103,146.722205,145.530344,145.867084,48495777.0
2021-08-12,146.18665,149.032204,145.851639,148.866609,72281332.0
2021-08-13,148.9887,149.429106,148.266575,149.103752,59376997.0
2021-08-16,148.533781,151.213425,146.479065,151.109846,103274832.0
2021-08-17,150.263549,151.657888,149.094795,150.213171,92226612.0
2021-08-18,149.795743,150.756627,146.158644,146.378355,86316897.0
2021-08-19,145.032696,148.012873,144.507785,146.690016,86946769.0
2021-08-20,147.430777,148.5123,146.757362,148.174805,60543563.0
2021-08-23,148.307375,150.20153,147.89071,149.725691,60128523.0
2021-08-24,149.417326,150.828019,149.139961,149.64548,48609286.0
2021-08-25,149.831882,150.316489,147.802533,148.347226,58993702.0
2021-08-26,148.371615,149.127707,147.515741,147.538412,48594627.0
2021-08-27,147.464768,148.742988,146.826653,148.605723,55802801.0
2021-08-30,148.987342,153.491188,148.618174,153.141128,90949971.0
2021-08-31,152.655962,152.813523,151.290215,151.840246,86466430.0
2021-09-01,152.823143,154.982778,152.349509,152.520574,80314699.0
2021-09-02,153.887554,154.73381,152.395797,153.648231,71129415.0
2021-09-03,153.76237,154.653507,153.114777,154.312621,57803882.0
2021-09-07,154.971272,157.258559,154.376087,156.674154,82291591.0
2021-09-08,156.967845,157.028691,153.989621,155.118311,74409424.0
2021-09-09,155.468809,156.102163,153.935067,154.056919,57301846.0
2021-09-10,155.042248,155.488796,148.68879,148.972276,140918367.0
2021-09-13,150.627721,151.434945,148.743934,149.553409,102408348.0
2021-09-14,150.359283,151.073444,146.945049,148.109087,109298672.0
2021-09-15,148.57907,149.403099,146.39026,149.080242,83276445.0
2021-09-16,148.402943,148.976038,147.216138,148.807696,68034288.0
2021-09-17,148.789735,148.795472,145.778899,146.046494,129886845.0
2021-09-20,143.802771,144.845057,141.240956,142.935396,123471917.0
2021-09-21,143.936032,144.586371,142.797527,143.402135,75828851.0
2021-09-22,144.443472,146.429344,143.708762,145.831422,76410709.0
2021-09-23,146.628148,147.088986,145.635184,146.832005,64824977.0
2021-09-24,145.655243,147.46208,145.55026,146.932167,53474780.0
2021-09-27,145.479414,145.969547,143.813976,145.356184,74162012.0
2021-09-28,143.258195,144.766316,141.698681,141.918304,108969236.0
2021-09-29,142.443046,144.437749,142.029822,142.826989,74602993.0
2021-09-30,143.643003,144.392395,141.284401,141.505535,89070490.0
2021-10-01,141.906362,142.924058,139.089113,142.647478,94631481.0
2021-10-04,141.780999,142.198591,138.275206,139.140283,98328312.0
2021-10-05,139.489553,142.235493,139.37478,141.108291,80853126.0
2021-10-06,139.465716,142.153863,138.362411,142.004845,83215348.0
2021-10-07,143.039591,144.192596,142.718562,143.303223,61726324.0
2021-10-08,144.047657,144.15665,142.559948,142.919168,58769687.0
2021-10-11,142.280713,144.826965,141.812382,142.803176,64456312.0
2021-10-12,143.212876,143.257846,141.041842,141.522206,73049755.0
2021-10-13,141.246756,141.40303,139.221576,140.900418,78766277.0
2021-10-14,142.115838,143.874341,141.521886,143.769808,69900739.0
2021-10-15,143.756629,144.910395,143.519461,144.87019,67934606.0
2021-10-18,143.462561,146.818817,143.176109,146.567238,85588002.0
2021-10-19,146.989434,149.170522,146.536109,148.752003,76372188.0
2021-10-20,148.721411,149.746659,148.133166,149.263141,58415979.0
2021-10-21,148.812885,149.643355,147.874201,149.485922,61422740.0
2021-10-22,149.679148,150.185693,148.664058,148.684685,58886153.0
2021-10-25,148.68044,149.381023,147.603054,148.636151,50715634.0
2021-10-26,149.298687,150.859452,149.01012,149.315466,60894761.0
2021-10-27,149.365965,149.72757,148.473933,148.849481,56094963.0
2021-10-28,149.827025,153.180281,149.724213,152.573315,100076574.0
2021-10-29,147.223428,149.944843,146.403261,149.807878,124942370.0
2021-11-01,149.011677,149.705826,147.805212,148.960565,74590369.0
2021-11-02,148.660486,151.583722,148.653749,150.021619,69109633.0
2021-11-03,150.384988,151.942618,149.826839,151.484768,54498301.0
2021-11-04,151.604423,152.420459,150.623877,150.939589,60389165.0
2021-11-05,151.902616,152.210897,150.0748,151.27841,65453658.0
2021-11-08,151.413795,151.559047,150.175692,150.429127,55010842.0
2021-11-09,150.184168,151.436999,150.069857,150.812408,56788661.0
2021-11-10,150.018102,150.14796,147.869353,147.910511,65183045.0
2021-11-11,148.959759,149.446936,147.683375,147.854031,40998115.0
2021-11-12,148.400603,150.402348,147.473857,150.000118,63800960.0
2021-11-15,150.375474,151.88326,149.453553,149.99877,59216662.0
2021-11-16,149.968229,151.497818,149.326657,151.011949,59257485.0
2021-11-17,151.038349,154.997128,150.980336,153.485269,88797504.0
2021-11-18,153.67406,158.695398,153.020877,157.852265,137852503.0
2021-11-19,157.653243,161.018864,156.523879,160.548227,117302948.0
2021-11-22,161.67339,165.713184,160.982237,161.013461,117468142.0
2021-11-23,161.132676,161.806162,159.067916,161.406898,96034641.0
2021-11-24,160.76053,162.145326,159.62682,161.962696,69456710.0
2021-11-26,159.58028,160.443843,156.357552,156.780598,76958864.0
2021-11-29,159.382056,161.215997,158.792963,160.219205,88734114.0
2021-11-30,159.999874,165.524881,159.909375,165.322557,174042028.0
2021-12-01,167.484534,170.324082,164.543736,164.787011,152079555.0
2021-12-02,158.741107,164.202374,157.793543,163.76611,136740235.0
2021-12-03,164.051351,164.950338,159.745285,161.829781,118020824.0
2021-12-06,164.272675,167.86008,164.268495,165.309662,107486441.0
2021-12-07,169.088438,171.563466,168.347783,171.172527,120411290.0
2021-12-08,172.119818,175.97162,170.704106,175.094545,116976205.0
2021-12-09,174.919795,176.753223,173.863174,174.572519,108917132.0
2021-12-10,175.204301,179.583122,174.706549,179.448519,115379999.0
2021-12-13,181.120367,182.114684,175.5128,175.761934,153222991.0
2021-12-14,175.238115,177.724995,172.200241,174.343327,139398296.0
2021-12-15,175.086811,179.481621,172.280763,179.310828,131052820.0
2021-12-16,179.289437,181.144664,170.720618,172.27069,150180943.0
2021-12-17,169.928891,173.488229,169.6907,171.126173,195427450.0
2021-12-20,168.306904,170.572338,167.443107,169.750551,107497540.0
2021-12-21,171.572496,173.211537,169.108789,173.016127,91182317.0
2021-12-22,173.036117,175.866095,172.166745,175.656417,92137767.0
2021-12-23,175.872153,176.839269,175.298963,176.319177,68362260.0
2021-12-27,177.07352,180.434557,177.06443,180.354883,74917233.0
2021-12-28,180.164359,181.317489,178.53338,179.265221,79140840.0
2021-12-29,179.30374,180.623983,178.117024,179.3834,62349287.0
2021-12-30,179.456605,180.613647,178.084515,178.216499,59764714.0
2021-12-31,178.114207,179.265949,177.273577,177.578765,64060336.0
2022-01-03,177.871756,182.868682,177.687351,181.979982,104484307.0
2022-01-04,182.64551,182.927202,179.11622,179.697739,99328951.0
2022-01-05,179.612997,180.168726,174.632221,174.902322,94527083.0
2022-01-06,172.703026,175.29292,171.635861,171.969651,96907923.0
2022-01-07,172.893857,174.128863,171.030155,172.150455,86700030.0
2022-01-10,169.0704,172.507293,168.182932,172.163955,106762521.0
2022-01-11,172.337207,175.181798,170.833722,175.073838,76138656.0
2022-01-12,176.134129,177.173099,174.840042,175.543339,74806372.0
2022-01-13,175.787179,176.624052,171.807276,172.193212,84511057.0
2022-01-14,171.334562,173.76489,171.107793,173.052522,80448822.0
2022-01-18,171.49861,172.535378,169.429847,169.790607,90952008.0
2022-01-19,169.961791,171.073008,165.935504,166.221155,94816944.0
2022-01-20,166.963284,169.698549,164.166751,164.510094,91417127.0
2022-01-21,164.416162,166.319149,162.281326,162.396046,122824283.0
2022-01-24,160.059833,162.323057,154.6941,161.644987,162272460.0
2022-01-25,158.967554,162.775023,157.001543,159.786925,115812042.0
2022-01-26,163.506894,164.357172,157.825846,159.691011,108279445.0
2022-01-27,162.437454,163.819003,158.276241,159.190318,121954597.0
2022-01-28,165.727308,170.366809,162.822343,170.346622,179937984.0
2022-01-31,170.180317,174.967819,169.471405,174.789054,115556563.0
2022-02-01,174.037808,174.827544,172.321045,174.630833,86204896.0
2022-02-02,174.757794,175.852028,173.323102,175.811779,84916241.0
2022-02-03,174.503533,176.256833,172.151842,172.892851,89410622.0
2022-02-04,171.682908,174.089374,170.674957,172.406265,82467376.0
2022-02-07,172.84895,173.950206,170.965407,171.636523,77254922.0
2022-02-08,171.69477,175.34309,171.400689,174.813261,74839046.0
2022-02-09,176.043469,176.667353,174.922564,176.29901,71275576.0
2022-02-10,174.154286,175.496961,171.54556,172.118613,90863280.0
2022-02-11,172.320022,173.085977,168.06217,168.62494,98685721.0
2022-02-14,167.383102,169.574499,166.560218,168.883824,86178399.0
2022-02-15,170.947085,172.938017,170.27796,172.773764,62533275.0
2022-02-16,171.847033,173.350158,170.073521,172.566339,61174801.0
2022-02-17,171.034605,171.916064,168.467728,168.875498,69590698.0
2022-02-18,169.82823,170.547835,166.186603,167.303681,82768186.0
2022-02-22,164.95119,166.648273,162.169321,164.302603,91170479.0
2022-02-23,165.542453,166.175976,159.724954,160.076432,89996688.0
2022-02-24,152.569758,162.854852,151.986376,162.723436,141151731.0
2022-02-25,163.834111,165.135179,160.866421,164.871749,91970137.0
2022-02-28,163.026352,165.422402,162.405953,165.092812,95047116.0
2022-03-01,164.713508,166.574984,161.996247,163.213878,83464425.0
2022-03-02,164.389291,167.366252,162.948378,166.544267,79715871.0
2022-03-03,168.491991,168.912314,165.564169,166.200398,76685317.0
2022-03-04,164.490013,165.536626,162.103176,163.156801,83730408.0
2022-03-07,163.354993,165.039966,159.053608,159.294602,96401552.0
2022-03-08,158.834617,162.883932,155.796348,157.434422,131164327.0
2022-03-09,161.483393,163.40517,159.421454,162.925236,91455394.0
2022-03-10,160.193047,160.360643,155.953058,158.532889,105373723.0
2022-03-11,158.927266,159.270812,154.503898,154.761852,96958719.0
2022-03-14,151.433871,154.094488,150.078506,150.627089,108742016.0
2022-03-15,150.903158,155.551841,150.376575,155.114831,92963951.0
2022-03-16,157.046973,159.983471,154.454984,159.570296,102300190.0
2022-03-17,158.609944,161.003864,157.6369,160.622972,75608343.0
2022-03-18,160.545976,164.468183,159.74819,163.997151,123514069.0
2022-03-21,163.502589,166.346828,162.991461,165.357575,95784551.0
2022-03-22,165.49998,169.389073,164.909044,168.798383,81528451.0
2022-03-23,167.965639,172.665771,167.644328,170.212623,98057137.0
2022-03-24,171.059676,174.132672,170.217375,174.070329,90124868.0
2022-03-25,173.875393,175.280577,172.752116,174.693817,80543863.0
2022-03-28,172.156031,175.695342,172.008137,175.57301,90387083.0
2022-03-29,176.665387,179.025925,176.356262,178.980917,100580760.0
2022-03-30,178.538993,179.611579,176.718184,177.787278,92647316.0
2022-03-31,177.841412,178.057142,174.408309,174.600831,103061254.0
2022-04-01,174.037778,174.877622,171.937688,174.31717,78744310.0
2022-04-04,174.552019,178.518252,174.450371,178.462811,76471993.0
2022-04-05,177.504883,178.29687,174.405058,175.063534,73405622.0
2022-04-06,172.398119,173.626726,170.151149,171.849968,89063376.0
2022-04-07,171.15165,173.357212,169.865697,172.150932,77587035.0
2022-04-08,171.802494,171.802494,169.20934,170.067263,76569650.0
2022-04-11,168.703797,169.039402,165.48505,165.752206,72244769.0
2022-04-12,168.037323,169.876475,166.642282,167.649645,79286832.0
2022-04-13,167.416484,171.017938,166.765191,170.38432,70613054.0
2022-04-14,170.610438,171.256168,165.035204,165.280882,75330990.0
2022-04-18,163.93356,166.590246,163.577575,165.054708,69020584.0
2022-04-19,165.007873,167.826329,163.924298,167.39048,67722529.0
2022-04-20,168.761384,168.891345,166.081058,167.242797,67938045.0
2022-04-21,168.934508,171.550538,165.90637,166.404129,87233190.0
2022-04-22,166.49566,167.891351,161.491656,161.767667,84888013.0
2022-04-25,161.120297,163.158141,158.447761,162.883872,96055933.0
2022-04-26,162.248204,162.333634,156.713655,156.815244,95616897.0
2022-04-27,155.938154,159.769939,155.361642,156.553867,88048994.0
2022-04-28,159.252954,164.540179,158.944262,163.616048,130244210.0
2022-04-29,161.821575,166.228882,157.253516,157.670028,131735485.0
2022-05-02,156.703298,158.236549,153.276588,157.938735,123061337.0
2022-05-03,158.15261,160.74688,156.317086,159.498367,88975400.0
2022-05-04,159.664089,166.474563,159.262453,165.999218,108266853.0
2022-05-05,163.822909,164.067945,154.946292,156.784838,130521005.0
2022-05-06,156.005817,159.42771,154.181458,157.274512,116105486.0
2022-05-09,154.902817,155.818529,151.492975,152.070206,131573528.0
2022-05-10,155.488379,156.771764,152.93183,154.476727,115381118.0
2022-05-11,153.48399,155.472848,145.80785,146.522281,142709783.0
2022-05-12,142.773335,146.182542,138.810612,142.578066,182618515.0
2022-05-13,144.591349,148.109249,143.09361,147.107948,113984868.0
2022-05-16,145.558344,147.533317,144.170652,145.547494,86643644.0
2022-05-17,148.863212,149.767981,146.667531,149.242471,78338833.0
2022-05-18,146.867765,147.339631,139.898946,140.847366,109734359.0
2022-05-19,139.871864,141.673151,136.607824,137.376729,136082260.0
2022-05-20,139.064212,140.700811,132.601174,137.570115,137430967.0
2022-05-23,137.806976,143.278673,137.615628,143.111644,117730162.0
2022-05-24,140.806376,141.971562,137.331914,140.368784,104125255.0
2022-05-25,138.425162,141.776409,138.340153,140.557082,92485324.0
2022-05-26,137.397451,144.325179,137.128331,143.780122,90592139.0
2022-05-27,145.396743,149.670216,145.238273,149.634731,90983843.0
2022-05-31,149.098683,150.639621,146.839556,148.840939,103731012.0
2022-06-01,149.903682,151.710739,147.66801,148.714619,74299631.0
2022-06-02,147.818926,151.257785,146.849509,151.228584,72359930.0
2022-06-03,146.907427,148.009782,144.451233,145.4147,88586984.0
2022-06-06,147.040706,148.595882,144.886031,146.141529,71596109.0
2022-06-07,144.32774,149.00689,144.103836,148.722818,67825452.0
2022-06-08,148.581609,149.87199,147.456019,147.959236,53946517.0
2022-06-09,147.052301,147.961596,142.523587,142.631945,69475779.0
2022-06-10,140.269479,140.780486,137.068189,137.138761,91437624.0
2022-06-13,132.85225,135.207822,131.439833,131.872777,122214404.0
2022-06-14,133.132482,133.875667,131.470785,132.753035,84782320.0
2022-06-15,134.278657,137.335071,132.138161,135.436004,91527580.0
2022-06-16,132.069199,132.368063,129.020555,130.064741,108114931.0
2022-06-17,130.081164,133.061859,129.831552,131.548453,134498123.0
2022-06-21,133.429533,137.048313,133.324065,135.8831,81009361.0
2022-06-22,134.803545,137.766546,133.915112,135.353898,73418818.0
2022-06-23,136.813994,138.590663,135.616835,138.275154,72432461.0
2022-06-24,139.899434,141.903579,139.761078,141.669977,89121568.0
2022-06-27,142.701269,143.49371,140.978746,141.681225,70208664.0
2022-06-28,142.141615,143.439615,137.332725,137.440609,67073788.0
2022-06-29,137.461738,140.654253,136.67132,139.226982,66246808.0
2022-06-30,137.268469,138.360804,133.749535,136.724695,98986543.0
2022-07-01,136.052236,139.034328,135.634577,138.922906,71043606.0
2022-07-05,137.752788,141.608472,136.932278,141.548309,73349602.0
2022-07-06,141.345864,144.139092,141.083936,142.938393,74058664.0
2022-07-07,143.289798,146.556861,143.27656,146.344578,66252574.0
2022-07-08,145.274499,147.524961,144.99247,147.024434,64543774.0
2022-07-11,145.69279,146.651689,143.753707,144.844712,63144885.0
2022-07-12,145.77644,148.451403,145.052746,145.880084,77599680.0
2022-07-13,142.987982,146.439985,142.105456,145.493616,71185738.0
2022-07-14,144.087964,148.949924,143.252735,148.46413,78126135.0
2022-07-15,149.769469,150.846956,148.175982,150.156383,76265736.0
2022-07-18,150.751165,151.54976,146.726124,147.068776,81418753.0
2022-07-19,147.916354,151.207488,146.929343,150.995028,82988652.0
2022-07-20,151.112028,153.724024,150.357111,153.040889,64832803.0
2022-07-21,154.49877,155.593929,151.945797,155.358962,65087873.0
2022-07-22,155.405782,156.283242,153.396,154.0732,66670916.0
2022-07-25,154.026288,155.053669,152.268872,152.959538,53621501.0
2022-07-26,152.260956,153.09735,150.803894,151.61256,55135682.0
2022-07-27,152.596256,157.336199,152.18297,156.811743,78616720.0
2022-07-28,156.980001,157.638405,154.417989,157.334973,81383145.0
2022-07-29,161.263157,163.63141,159.491657,162.505813,101794821.0
2022-08-01,161.036077,163.625081,160.887469,161.474666,67821904.0
2022-08-02,160.107128,162.389628,159.612685,160.00689,59911716.0
2022-08-03,160.858461,166.578402,160.735496,166.127521,82514888.0
2022-08-04,166.009,167.179135,164.446955,165.805571,55475069.0
2022-08-05,163.229987,165.848476,163.012737,165.338047,56697878.0
2022-08-08,166.38245,167.80867,164.171835,164.861777,60278196.0
2022-08-09,164.007247,165.824072,163.24645,164.907413,63130116.0
2022-08-10,167.694703,169.34728,166.920021,169.2395,70169362.0
2022-08-11,170.054679,170.992783,168.163721,168.488842,57153583.0
2022-08-12,169.824673,172.114325,169.398403,172.101816,68035371.0
2022-08-15,171.514883,173.385267,171.359075,173.213836,54098732.0
2022-08-16,172.768989,173.696376,171.668651,173.007378,56377804.0
2022-08-17,172.79808,176.134105,172.571706,174.563066,79539793.0
2022-08-18,173.709479,174.887735,173.119857,174.158778,62284943.0
2022-08-19,172.986312,173.7427,171.304423,171.531071,70337642.0
2022-08-22,169.677487,169.89424,167.132131,167.568563,69015696.0
2022-08-23,167.08226,168.723674,166.638776,167.208548,54153060.0
2022-08-24,167.318198,168.118346,166.262372,167.535855,53837810.0
2022-08-25,168.768354,170.168578,168.362126,170.009666,51223882.0
2022-08-26,170.580707,171.072693,163.582857,163.613656,78970292.0
2022-08-29,161.153647,162.886776,159.824088,161.358111,73311437.0
2022-08-30,162.128018,162.562674,157.715665,158.91253,77904384.0
2022-08-31,160.353614,160.635013,157.143576,157.223627,88000901.0
2022-09-01,156.645527,158.40973,154.68741,157.948959,74233720.0
2022-09-02,159.737727,160.33997,154.940217,155.818249,76957500.0
2022-09-06,156.471555,157.084891,153.683922,154.537398,73712858.0
2022-09-07,154.82188,156.677131,153.601688,155.951829,87433373.0
2022-09-08,154.655724,156.352699,152.693562,154.473631,84923755.0
2022-09-09,155.485797,157.813792,154.760771,157.397856,68032835.0
2022-09-12,159.575675,164.238833,159.282504,163.413718,104968415.0
2022-09-13,159.888854,160.549519,153.358054,153.847502,122663969.0
2022-09-14,154.782167,157.085615,153.613144,155.316816,87950492.0
2022-09-15,154.666212,155.229555,151.363199,152.352859,90481106.0
2022-09-16,151.185899,151.355558,148.345534,150.734497,162287237.0
2022-09-19,149.289758,154.565026,149.132766,154.485468,81466731.0
2022-09-20,153.412762,158.086525,153.064738,156.889796,107707023.0
2022-09-21,157.343985,158.727158,153.608671,153.707142,101707153.0
2022-09-22,152.388366,154.460697,150.906119,152.741406,86656185.0
2022-09-23,151.188311,151.462297,148.571571,150.452645,96043495.0
2022-09-26,149.652653,153.800155,149.628334,150.76971,93334990.0
2022-09-27,152.719546,154.727483,149.948812,151.790926,84433373.0
2022-09-28,147.637168,150.641785,144.842478,149.847797,146684978.0
2022-09-29,146.084423,146.709318,140.673471,142.470809,128123244.0
2022-09-30,141.267313,143.082729,138.012298,138.197113,124929551.0
2022-10-03,138.221552,143.074002,137.69704,142.471369,114310375.0
2022-10-04,145.054315,146.242541,144.273862,146.102022,87832420.0
2022-10-05,144.096107,147.383968,143.025649,146.363537,79471482.0
2022-10-06,145.781757,147.547333,145.20753,145.407815,68401941.0
2022-10-07,142.54455,143.10705,139.458366,140.087245,85930141.0
2022-10-10,140.408639,141.90475,138.570231,140.420297,74888486.0
2022-10-11,139.894957,141.347233,138.248528,138.972233,77040865.0
2022-10-12,139.11834,140.345417,138.157459,138.338736,70439929.0
2022-10-13,134.997659,143.600659,134.353961,143.009121,113234842.0
2022-10-14,144.310998,144.531509,138.200164,138.368051,88600531.0
2022-10-17,141.0578,142.879971,140.266408,142.413379,85249157.0
2022-10-18,145.483148,146.690755,140.63008,143.742497,99139549.0
2022-10-19,141.71098,144.963755,141.473875,143.872121,61763932.0
2022-10-20,143.003867,145.884253,142.644226,143.385672,64525440.0
2022-10-21,142.882767,147.844418,142.651507,147.26272,86559547.0
2022-10-24,147.21478,150.211552,146.03637,149.456838,75984830.0
2022-10-25,150.109744,152.46975,149.38571,152.373538,74722179.0
2022-10-26,150.945103,151.994771,148.036361,149.360332,88207234.0
2022-10-27,148.071822,149.034132,144.129786,144.784195,109169572.0
2022-10-28,148.196744,157.500168,147.819211,155.745931,164752046.0
2022-10-31,153.151149,154.254436,151.939658,153.348226,97945767.0
2022-11-01,155.111282,155.452529,149.127842,150.664602,80369800.0
2022-11-02,148.961443,152.187464,144.990028,145.024663,93584621.0
2022-11-03,142.071853,142.808501,138.756894,138.862932,97930083.0
2022-11-04,142.072842,142.703356,134.368344,138.373102,140834465.0
2022-11-07,137.118764,139.143805,135.665266,138.931775,83359248.0
2022-11-08,140.403638,141.401332,137.488339,139.49829,89915034.0
2022-11-09,138.489421,138.538586,134.578968,134.860347,74923841.0
2022-11-10,141.256235,146.881279,139.483899,146.847674,118837150.0
2022-11-11,145.787272,150.035216,144.363183,149.682248,93973767.0
2022-11-14,148.964167,150.289575,147.420822,148.264323,73370152.0
2022-11-15,152.193758,153.593132,148.562409,150.034216,89857743.0
2022-11-16,149.133045,149.867312,147.285908,148.790817,64210735.0
2022-11-17,146.421762,151.500403,146.153865,150.723747,80394876.0
2022-11-18,152.302607,152.692911,149.97264,151.286891,74829330.0
2022-11-21,150.134578,150.37407,147.731389,148.023768,58722262.0
2022-11-22,148.139919,150.425495,146.919379,150.148854,51803413.0
2022-11-23,149.435192,151.840401,149.349966,151.053017,58302311.0
2022-11-25,148.312638,148.88298,147.117385,148.106777,35195704.0
2022-11-28,145.13838,146.650846,143.379902,144.232512,69242112.0
2022-11-29,144.285699,144.807198,140.370163,141.179814,83760662.0
2022-11-30,141.402742,148.709718,140.545432,148.036855,111383794.0
2022-12-01,148.231323,149.128832,146.607764,148.262355,71264730.0
2022-12-02,145.95504,148.033812,145.65157,147.81034,65449025.0
2022-12-05,147.761843,150.934511,145.775381,146.622101,68827742.0
2022-12-06,147.090048,147.302898,141.917199,142.898857,64720021.0
2022-12-07,142.188089,143.385797,140.009028,140.928883,69713956.0
2022-12-08,142.349177,143.526238,141.087689,142.642607,62131473.0
2022-12-09,142.353048,145.556055,140.923949,142.134909,76094671.0
2022-12-12,142.671788,144.522403,141.084522,144.522403,70454148.0
2022-12-13,149.497429,149.964354,144.234646,145.470799,93889358.0
2022-12-14,145.335263,146.641274,141.166351,143.209684,82296793.0
2022-12-15,141.106675,141.810625,136.032751,136.498258,98923004.0
2022-12-16,136.676062,137.627402,133.744246,134.504412,160172941.0
2022-12-19,135.109435,135.191739,131.319643,132.379451,79592446.0
2022-12-20,131.403276,133.249988,129.895542,132.312634,77439315.0
2022-12-21,132.979899,136.812711,132.749168,135.466233,85930124.0
2022-12-22,134.344965,134.562343,130.307527,132.237773,77859833.0
2022-12-23,130.899134,132.407402,129.639723,131.880538,63815926.0
2022-12-27,131.367893,131.412617,128.74089,130.034335,68992452.0
2022-12-28,129.695449,131.046095,125.866207,126.032859,85428341.0
2022-12-29,127.985781,130.487921,127.751374,129.621796,75692768.0
2022-12-30,128.404263,129.945867,127.439943,129.945867,77025193.0
2023-01-03,130.287003,130.887631,124.158927,125.075671,112118239.0
2023-01-04,126.891279,128.669794,125.064599,126.355317,89103280.0
2023-01-05,127.127844,127.767706,124.751296,125.02623,80966362.0
2023-01-06,126.030091,130.293317,124.900455,129.647338,87754414.0
2023-01-09,130.460958,133.416939,129.873173,130.174819,70778865.0
2023-01-10,130.247931,131.2825,128.117063,130.761191,63892853.0
2023-01-11,131.239843,133.492041,130.464961,133.492041,69473269.0
2023-01-12,133.877514,134.238928,131.435696,133.407214,71386321.0
2023-01-13,132.032967,134.928032,131.653498,134.749822,57802357.0
2023-01-17,134.815917,137.305279,134.125198,135.936327,63636103.0
2023-01-18,136.850968,138.62738,135.040224,135.220869,69661025.0
2023-01-19,134.063159,136.230458,133.77674,135.268492,58278170.0
2023-01-20,135.285208,138.01609,134.229238,137.867049,80218997.0
2023-01-23,138.091985,143.320943,137.894917,141.133731,81778765.0
2023-01-24,140.323101,143.174342,140.278203,142.520783,66432002.0
2023-01-25,140.886458,142.419592,138.815968,141.865797,65797348.0
2023-01-26,143.189246,144.248142,141.884474,143.968058,54098636.0
2023-01-27,143.183964,147.228467,143.065036,145.939715,70562926.0
2023-01-30,144.953542,145.535055,142.824974,143.011692,63998354.0
2023-01-31,142.710718,144.339459,142.263616,144.296998,65870756.0
2023-02-01,143.955368,146.588177,141.309671,145.435731,77664737.0
2023-02-02,148.921924,151.170993,148.175544,150.830927,118344449.0
2023-02-03,148.027308,157.387133,147.852009,154.542521,154359799.0
2023-02-06,152.58365,153.094692,150.770707,151.733355,69848382.0
2023-02-07,150.624465,155.222363,150.624465,154.652446,83337135.0
2023-02-08,153.884126,154.5606,151.196348,151.921156,64117925.0
2023-02-09,153.767889,154.321493,150.403785,150.85855,56005207.0
2023-02-10,149.480349,151.341149,149.207997,150.98366,57448754.0
2023-02-13,150.937501,154.261242,150.921134,153.850953,62195530.0
2023-02-14,152.084796,153.779224,150.828721,153.188115,61705009.0
2023-02-15,153.084428,155.52183,152.893723,155.30922,65567367.0
2023-02-16,153.502931,156.330483,153.361769,153.681198,68164911.0
2023-02-17,152.349853,153.016128,150.869104,152.561412,59132402.0
2023-02-21,150.174605,151.319034,148.400492,148.504727,58866150.0
2023-02-22,148.880736,149.946007,147.143517,148.924633,51004791.0
2023-02-23,150.08754,150.335464,147.233221,149.389783,48391862.0
2023-02-24,147.095514,147.174529,145.706195,146.692791,55468709.0
2023-02-27,147.714773,149.174272,147.450097,147.911414,44992094.0
2023-02-28,147.091188,149.057537,146.839437,147.397564,50539436.0
2023-03-01,146.815,147.218027,145.011876,145.306137,55477932.0
2023-03-02,144.396752,146.704849,143.888369,145.887585,52245371.0
2023-03-03,148.035117,151.111911,147.329233,151.027004,70733092.0
2023-03-06,153.780088,156.31007,153.44626,153.829232,87567576.0
2023-03-07,153.683351,154.03847,151.120709,151.600512,56183967.0
2023-03-08,152.823527,153.460776,151.845034,152.878319,47200319.0
2023-03-09,153.555509,154.529727,150.240991,150.588135,53832720.0
2023-03-10,150.202619,150.928104,147.624241,148.499945,68574855.0
2023-03-13,147.806651,153.126896,147.684891,150.450442,84459695.0
2023-03-14,151.297031,153.402642,150.103876,152.586059,73696070.0
2023-03-15,151.211072,153.260593,149.911994,152.967008,77158529.0
2023-03-16,152.191512,156.476175,151.664511,155.848959,76151441.0
2023-03-17,156.089456,156.751968,154.29073,154.999221,98939789.0
2023-03-20,155.070781,157.825668,154.149862,157.401505,73644330.0
2023-03-21,157.312646,159.398843,156.544838,159.284194,73922070.0
2023-03-22,159.326187,162.086396,157.782874,157.806527,75710219.0
2023-03-23,158.829292,161.567227,157.672864,158.954822,67633728.0
2023-03-24,158.85291,160.33485,157.86256,160.249787,59184224.0
2023-03-27,159.925756,160.760465,157.897193,158.282735,52396307.0
2023-03-28,157.972086,158.475983,155.976522,157.68024,45988470.0
2023-03-29,159.372299,161.066123,159.352201,160.782585,51306806.0
2023-03-30,161.520222,162.463887,161.278887,162.372034,49502243.0
2023-03-31,162.457526,164.992571,161.893255,164.88388,68734465.0
2023-04-03,164.304353,166.284846,164.254961,166.188672,56973093.0
2023-04-04,166.589538,166.859,165.123988,165.649696,46274637.0
2023-04-05,164.753426,165.025398,161.774801,163.786436,51512532.0
2023-04-06,162.431096,164.972239,161.994698,164.670745,45376633.0
2023-04-10,161.415962,162.018044,160.065719,162.007756,47711698.0
2023-04-11,162.313931,162.337304,160.532739,160.830192,47652457.0
2023-04-12,161.195563,162.066502,159.780235,160.119805,50133416.0
2023-04-13,161.6273,165.801325,161.397275,165.564423,68447960.0
2023-04-14,164.625115,166.328297,163.804491,165.226838,49388101.0
2023-04-17,165.088431,165.370865,164.036219,165.227003,41521904.0
2023-04-18,166.1145,167.407916,165.623873,166.469194,49925967.0
2023-04-19,165.786044,168.16992,165.521972,167.623168,47725861.0
2023-04-20,166.088064,167.887646,165.539454,166.648381,52454855.0
2023-04-21,165.037278,166.418745,164.496542,165.006476,58330460.0
2023-04-24,165.019682,165.596611,163.876189,165.318131,41943871.0
2023-04-25,165.177839,166.260695,163.721585,163.780176,48718661.0
2023-04-26,163.044977,165.235134,162.819782,163.770586,45503773.0
2023-04-27,165.193248,168.557131,165.193248,168.413953,64904504.0
2023-04-28,168.516106,169.837233,167.843143,169.673737,55273971.0
2023-05-01,169.291376,170.487027,168.67803,169.57174,52473567.0
2023-05-02,170.118712,170.36077,167.506329,168.544471,48421801.0
2023-05-03,169.504957,170.943743,167.175941,167.458408,65130290.0
2023-05-04,164.90936,167.017401,164.321924,165.768694,81230322.0
2023-05-05,170.980417,174.316561,170.752579,173.557345,113473017.0
2023-05-08,172.481699,173.863983,172.09652,173.498102,55969474.0
2023-05-09,173.089837,173.528872,171.605285,171.780747,45322335.0
2023-05-10,173.01776,173.991509,171.88772,173.557991,53720984.0
2023-05-11,173.828384,174.585186,172.184887,173.762162,49512762.0
2023-05-12,173.622098,174.057415,171.017968,172.578437,45532638.0
2023-05-15,173.16492,173.21721,171.440695,172.089153,37268453.0
2023-05-16,171.998316,173.132734,171.806022,172.05706,42115784.0
2023-05-17,171.720745,172.923751,170.439397,172.683705,57944142.0
2023-05-18,173.042337,175.232166,172.570826,175.050221,65493547.0
2023-05-19,176.412529,176.412529,174.945932,175.166961,55807131.0
2023-05-22,173.939939,174.688333,173.463706,174.207717,43568023.0
2023-05-23,173.162106,173.397517,171.283618,171.55941,50739672.0
2023-05-24,171.06642,172.413009,170.503655,171.831879,45138833.0
2023-05-25,172.374729,173.876257,171.660369,172.987259,56051592.0
2023-05-26,173.320596,175.799396,173.124728,175.411472,54832570.0
2023-05-30,176.983238,178.982142,176.571882,177.311909,55965613.0
2023-05-31,177.343161,179.364496,176.76611,177.274458,99611322.0
2023-06-01,177.68958,180.136614,176.935907,180.097353,68903018.0
2023-06-02,181.029962,181.802262,179.267644,180.930709,61986374.0
2023-06-05,182.631876,184.922437,178.036924,179.55729,121933699.0
2023-06-06,179.946087,180.096718,177.427228,179.208341,64844504.0
2023-06-07,178.457644,181.210027,177.316037,177.784597,61949489.0
2023-06-08,177.925652,180.867385,177.425638,180.555788,50220244.0
2023-06-09,181.490201,182.204266,180.63742,180.955291,48898898.0
2023-06-12,181.260538,183.891036,180.959324,183.788449,54277344.0
2023-06-13,182.794142,184.166102,182.466319,183.308823,54936750.0
2023-06-14,183.384967,184.359341,182.02393,183.942924,57462372.0
2023-06-15,183.937983,186.545069,183.791973,186.043957,65435511.0
2023-06-16,186.747066,186.982952,184.276956,184.904317,101270521.0
2023-06-20,184.395072,186.078164,184.395072,185.013605,49797395.0
2023-06-21,184.887917,185.451278,182.566733,183.931462,49514236.0
2023-06-22,183.753443,187.053082,183.661519,186.988989,51243805.0
2023-06-23,185.565792,187.567214,185.021991,186.666327,53114205.0
2023-06-26,186.843417,188.046358,185.225979,185.291405,48082213.0
2023-06-27,185.880816,188.386115,185.651972,188.069377,50724149.0
2023-06-28,187.911257,189.895681,187.624288,189.261747,51220170.0
2023-06-29,189.024219,190.061622,188.959503,189.57533,46341838.0
2023-06-30,191.646333,194.487106,191.254622,193.948601,85218060.0
2023-07-03,193.798936,193.897377,191.708855,192.453874,31457539.0
2023-07-05,191.55085,192.966423,190.639526,191.346003,46923990.0
2023-07-06,189.831695,191.987863,189.200092,191.83811,45091581.0
2023-07-07,191.398383,192.644063,190.235195,190.693157,46806104.0
2023-07-10,189.290317,190.015379,187.040036,188.580855,59921826.0
2023-07-11,189.144742,189.301333,186.598432,188.074997,46642796.0
2023-07-12,189.664966,191.703205,188.4381,189.773379,60747873.0
2023-07-13,190.505586,191.197829,189.795281,190.510777,41344157.0
2023-07-14,190.229938,191.161935,189.640823,190.706408,41614267.0
2023-07-17,191.918187,194.320635,191.849694,193.985664,50512131.0
2023-07-18,193.336164,194.318655,192.432378,193.759,48291847.0
2023-07-19,193.071369,198.237234,192.636477,195.112333,80510317.0
2023-07-20,195.101199,196.441601,192.480405,193.15939,59586366.0
2023-07-21,194.068582,194.994508,191.230509,191.895111,71944566.0
2023-07-24,193.3774,194.940355,192.214506,192.754557,45385957.0
2023-07-25,193.304972,194.470369,192.950499,193.590476,37279000.0
2023-07-26,193.701068,195.636121,193.337371,194.494836,47477139.0
2023-07-27,196.037068,197.194434,192.558781,193.228698,47462543.0
2023-07-28,194.676296,196.621411,194.142674,195.866433,48291047.0
2023-07-31,196.026365,196.483821,195.223719,196.445669,38824801.0
2023-08-01,196.233599,196.739427,195.267813,195.630411,35175995.0
2023-08-02,195.022278,195.189866,191.829105,192.579406,50380723.0
2023-08-03,191.591502,192.357462,190.717276,191.202249,61228618.0
2023-08-04,185.499841,187.357185,181.947563,181.960019,115969543.0
2023-08-07,182.169196,183.137372,177.326643,178.838835,97565349.0
2023-08-08,179.694026,180.232972,177.58854,179.787,67817420.0
2023-08-09,180.875473,180.937846,177.003852,178.215872,60386325.0
2023-08-10,179.508113,180.743213,177.573478,177.968829,54688556.0
2023-08-11,177.338307,178.644868,176.568928,177.776312,52041437.0
2023-08-14,177.967717,179.685127,177.302362,179.463827,43673519.0
2023-08-15,178.878423,179.461846,177.031276,177.460288,43620022.0
2023-08-16,177.128069,178.538274,176.498227,176.548404,46964502.0
2023-08-17,177.132937,177.495849,173.501649,173.976809,66061062.0
2023-08-18,172.319711,175.11646,171.953637,174.460938,61176011.0
2023-08-21,175.039332,176.110172,173.745046,175.844423,46306131.0
2023-08-22,177.029413,177.657919,176.262167,177.202111,42047514.0
2023-08-23,178.518691,181.54406,178.361911,181.12972,52722764.0
2023-08-24,180.661806,181.07912,175.981093,176.381693,54949370.0
2023-08-25,177.362346,179.1657,175.80423,178.594149,51439173.0
2023-08-28,180.085066,180.599085,178.542985,180.185699,43821484.0
2023-08-29,179.686389,184.869991,179.496494,184.108224,52993682.0
2023-08-30,184.922346,187.811059,184.749149,187.623282,60816439.0
2023-08-31,187.835059,189.100703,187.450943,187.851178,60791037.0
2023-09-01,189.517666,189.926416,188.23288,189.456969,45761139.0
2023-09-05,188.251545,189.990474,187.608678,189.68474,45272618.0
2023-09-06,188.391885,188.847935,181.48886,182.926247,81768712.0
2023-09-07,175.167183,178.181704,173.557292,177.566029,112475340.0
2023-09-08,178.34301,180.222533,177.820528,178.181126,65550220.0
2023-09-11,180.089151,180.279855,177.31231,179.403613,58948428.0
2023-09-12,179.48424,180.122987,174.813251,176.293403,90372305.0
2023-09-13,176.521133,177.316567,173.97947,174.209282,84253971.0
2023-09-14,174.006964,176.105863,173.573805,175.723061,60905476.0
2023-09-15,176.465113,176.513888,173.858459,175.010009,109239698.0
2023-09-18,176.477384,179.321605,176.181436,177.970355,67262641.0
2023-09-19,177.529217,179.598253,177.118035,179.070997,51835669.0
2023-09-20,179.273174,179.734313,175.418494,175.514696,58436509.0
2023-09-21,174.598908,176.317384,173.85224,173.96425,63151733.0
2023-09-22,174.682051,177.050248,174.040417,174.799257,56714100.0
2023-09-25,174.217708,176.947559,174.149839,176.086214,46168763.0
2023-09-26,174.795733,175.204189,171.698561,171.958772,64585248.0
2023-09-27,172.679642,173.041265,169.060401,170.437332,66915061.0
2023-09-28,169.335048,172.000695,167.619047,170.69729,56300156.0
2023-09-29,172.040437,173.075415,170.324662,171.252048,51865282.0
2023-10-02,171.229888,174.301851,170.898812,173.719027,52168854.0
2023-10-03,172.257509,173.606085,170.803159,172.430535,49588419.0
2023-10-04,171.067147,174.214297,170.979443,173.656276,53014915.0
2023-10-05,173.800386,175.432909,172.679532,174.90119,48520068.0
2023-10-06,173.802394,177.996362,173.178712,177.485008,57264088.0
2023-10-09,176.784275,179.033989,175.793427,178.993727,42390998.0
2023-10-10,178.106374,179.729309,177.941359,178.41047,43697701.0
2023-10-11,178.197501,179.801711,177.606759,179.785748,47546812.0
2023-10-12,180.1094,182.335084,179.017778,180.695532,56752259.0
2023-10-13,181.4143,181.955506,178.148841,178.827598,51433812.0
2023-10-16,176.760051,179.073086,176.499986,178.708035,52509944.0
2023-10-17,176.643952,178.413418,174.810846,177.163831,57542053.0
2023-10-18,175.576535,177.585427,175.0891,175.826997,54769296.0
2023-10-19,176.02307,177.850796,175.178487,175.458217,59308556.0
2023-10-20,175.305518,175.41819,172.633797,172.877744,64235083.0
2023-10-23,170.913749,174.027102,169.96023,172.98084,55977156.0
2023-10-24,173.024758,173.694893,171.456253,173.418275,43813574.0
2023-10-25,171.882418,173.063687,170.675425,171.098144,57151039.0
2023-10-26,170.363829,171.358416,165.709156,166.899763,70616457.0
2023-10-27,166.908927,168.929875,166.806997,168.24926,58504471.0
2023-10-30,169.039816,171.157223,168.872226,170.281983,51126367.0
2023-10-31,169.33888,170.879881,167.907658,170.769711,44854132.0
2023-11-01,171.011183,174.227673,170.102373,173.970137,56944925.0
2023-11-02,175.514718,177.777731,175.465218,177.579159,77315428.0
2023-11-03,174.264184,176.849655,173.343939,176.622573,79823166.0
2023-11-06,176.392771,179.435599,176.216334,179.201761,63829649.0
2023-11-07,179.225358,182.440875,178.950509,181.80304,70524437.0
2023-11-08,182.322254,183.420536,181.580431,182.902702,49336982.0
2023-11-09,182.940219,184.121034,181.84201,182.422053,53764914.0
2023-11-10,183.974847,186.55803,183.534987,186.397103,66125181.0
2023-11-13,185.834533,186.059801,184.23587,184.794586,43619305.0
2023-11-14,187.701546,188.073252,186.299367,187.470209,60113853.0
2023-11-15,187.848432,189.498526,187.759508,188.008021,53791283.0
2023-11-16,189.568381,190.972496,188.673504,189.678575,54426922.0
2023-11-17,190.235071,190.38079,188.564558,189.69181,50922880.0
2023-11-20,189.847526,191.914198,189.847526,191.455538,46507580.0
2023-11-21,191.408586,191.498035,189.725643,190.626493,38135914.0
2023-11-22,191.514177,192.956812,190.80292,191.315437,39614788.0
2023-11-24,190.879057,190.916372,189.238306,189.946536,24048688.0
2023-11-27,189.886427,190.67184,188.90165,189.798608,40548959.0
2023-11-28,189.734364,191.086809,189.41056,190.371951,38419221.0
2023-11-29,190.910481,192.111255,188.959803,189.379342,43021935.0
2023-11-30,189.871269,190.324163,188.191881,189.925789,48799148.0
2023-12-01,190.32753,191.574338,189.241966,191.256676,45702820.0
2023-12-04,189.991243,190.035439,187.448327,189.446186,43385697.0
2023-12-05,190.233886,194.377114,190.188136,193.428073,66633138.0
2023-12-06,194.43849,194.742265,192.112569,192.342371,41087712.0
2023-12-07,193.595962,195.00211,193.595962,194.278933,47477595.0
2023-12-08,194.196199,195.995922,193.672309,195.734079,53408415.0
2023-12-11,193.102686,193.489813,191.406542,193.174263,60932537.0
2023-12-12,193.098855,194.729227,191.709516,194.666836,52697035.0
2023-12-13,195.119336,197.96981,194.853371,197.96981,70396587.0
2023-12-14,197.996568,199.581024,196.183862,198.116904,66839083.0
2023-12-15,197.516321,198.404141,197.033604,197.580679,128569032.0
2023-12-18,196.107338,196.618301,194.394367,195.891677,55756897.0
2023-12-19,196.14308,196.938604,195.887443,196.926757,40716674.0
2023-12-20,196.91449,197.715764,194.798486,194.81076,52247066.0
2023-12-21,196.058141,197.098038,193.485219,194.669829,46477074.0
2023-12-22,195.185167,195.425442,192.922996,193.566975,37149269.0
2023-12-26,193.619537,193.874406,192.825755,193.043391,28918295.0
2023-12-27,192.469517,193.455139,191.111344,193.130728,48096827.0
2023-12-28,194.149208,194.664557,193.188503,193.567029,34049432.0
2023-12-29,193.915593,194.426671,191.715357,192.51948,42679337.0
2024-01-02,187.128044,188.414404,183.888571,185.645041,82481413.0
2024-01-03,184.233561,185.854328,183.438004,184.265282,58412983.0
2024-01-04,182.140087,183.096249,180.883266,181.893778,71994977.0
2024-01-05,181.968254,182.74873,180.159651,181.177543,62386513.0
2024-01-08,182.083482,185.593689,181.476778,185.582998,59142854.0
2024-01-09,183.947423,185.162405,182.716763,185.127009,42841807.0
2024-01-10,184.351868,186.41051,183.935993,186.162583,46792706.0
2024-01-11,186.538073,187.015296,183.612957,185.603164,49127108.0
2024-01-12,186.086305,186.736827,185.195435,185.916918,40478779.0
2024-01-16,182.136127,184.274807,180.932754,183.603493,65609982.0
2024-01-17,181.286296,182.913752,180.335695,182.666225,47303249.0
2024-01-18,186.091505,189.141757,185.802727,188.61554,78012075.0
2024-01-19,189.303594,191.954278,188.785,191.545857,68911279.0
2024-01-22,192.258278,195.323904,192.218631,193.87477,60131098.0
2024-01-23,195.021075,195.740648,193.806692,195.171173,42352652.0
2024-01-24,195.42087,196.379237,194.356986,194.507201,53634175.0
2024-01-25,195.204605,196.281588,193.096552,194.210496,54834868.0
2024-01-26,194.279256,194.731545,191.898665,192.427454,44595935.0
2024-01-29,192.019361,192.228307,189.581207,191.744988,47141876.0
2024-01-30,190.953782,191.804827,187.488282,188.04944,55861366.0
2024-01-31,187.022593,187.111647,184.364374,184.372349,55481627.0
2024-02-01,183.980069,186.954896,183.817484,186.848786,64887546.0
2024-02-02,179.819756,187.351834,179.256825,185.822922,102550698.0
2024-02-05,188.16463,189.225885,185.852419,187.666985,69667273.0
2024-02-06,186.874565,189.319683,186.762063,189.319683,43486959.0
2024-02-07,190.658051,191.022243,188.621644,189.416701,53435732.0
2024-02-08,189.379893,189.529653,187.361265,188.327898,40961539.0
2024-02-09,188.62269,189.980215,187.987402,188.859082,45145582.0
2024-02-12,188.439006,188.674518,186.828692,187.119785,41778369.0
2024-02-13,185.770565,186.220783,183.532967,185.001054,56531250.0
2024-02-14,185.321758,185.576781,182.484907,184.131814,54623835.0
2024-02-15,183.532515,184.487344,181.382676,183.857769,65428909.0
2024-02-16,183.429004,184.849295,181.663551,182.335883,49748798.0
2024-02-20,181.773294,182.451139,180.00693,181.544907,53669110.0
2024-02-21,181.945568,182.89245,180.671858,182.314441,41366632.0
2024-02-22,183.471715,184.962204,182.487903,184.343754,52288639.0
2024-02-23,185.009847,185.053508,182.242536,182.511977,45123132.0
2024-02-26,182.232757,182.744778,180.662047,181.143938,40868376.0
2024-02-27,181.095734,183.920444,179.554459,182.644193,54326459.0
2024-02-28,182.529619,183.132052,180.110379,181.421665,48947770.0
2024-02-29,181.249937,182.578004,179.57103,180.740568,136683812.0
2024-03-01,179.555318,180.546958,177.39717,179.666779,73563888.0
2024-03-04,176.117213,176.908597,173.774888,175.096338,81512756.0
2024-03-05,170.744551,172.044446,169.619016,170.11277,95133427.0
2024-03-06,171.078088,171.270201,168.678233,169.091508,68581969.0
2024-03-07,169.139935,170.754162,168.468639,169.050459,71763256.0
2024-03-08,168.987793,173.678681,168.945857,170.72419,76265318.0
2024-03-11,172.938876,174.341522,172.057216,172.769295,60150942.0
2024-03-12,173.149864,174.021751,171.010233,173.222921,59825696.0
2024-03-13,172.776028,173.206088,170.741706,171.115978,52491436.0
2024-03-14,172.909284,174.290356,172.051508,172.99893,72923089.0
2024-03-15,171.185133,172.628518,170.307139,172.61998,121765848.0
2024-03-18,175.57248,177.697738,173.504943,173.71651,75612025.0
2024-03-19,174.347007,176.622109,173.030757,176.055934,55217365.0
2024-03-20,175.707583,178.650711,175.076114,178.630857,53425142.0
2024-03-21,177.067566,177.497836,170.852885,171.36114,106174013.0
2024-03-22,171.758116,173.07167,170.057963,172.24357,71157010.0
2024-03-25,170.585314,171.94337,169.476127,170.871692,54282091.0
2024-03-26,169.994549,171.418791,169.597121,169.730063,57391009.0
2024-03-27,170.416301,173.584668,170.094695,173.33185,60268972.0
2024-03-28,171.758019,172.211649,170.528541,171.496406,65685032.0
2024-04-01,171.192556,171.261143,169.490969,170.04042,46232176.0
2024-04-02,169.094217,169.322293,168.23967,168.850975,49330803.0
2024-04-03,168.7979,170.677733,168.563187,169.642493,47686105.0
2024-04-04,170.268325,171.918569,168.799111,168.799111,53708783.0
2024-04-05,169.620773,170.351558,168.977903,169.588531,42106704.0
2024-04-08,169.046264,169.206529,168.219324,168.452295,37426619.0
2024-04-09,168.730557,170.07058,168.324106,169.684739,42378384.0
2024-04-10,168.800813,169.091178,167.124159,167.777572,49700450.0
2024-04-11,168.336359,175.428132,168.165754,175.02676,91087604.0
2024-04-12,174.287221,178.336173,174.212344,176.554399,101670893.0
2024-04-15,175.340432,176.640386,172.493025,172.673811,73538292.0
2024-04-16,171.738119,173.737614,168.282007,169.358079,73708821.0
2024-04-17,169.602175,170.599014,168.014028,168.014028,50892693.0
2024-04-18,168.090212,168.603122,166.57433,167.08317,43122588.0
2024-04-19,166.199145,166.405383,164.077105,165.002023,68151481.0
2024-04-22,165.515913,167.244666,164.78942,165.826571,48114877.0
2024-04-23,165.365607,167.072008,164.917042,166.910128,49542471.0
2024-04-24,166.546574,169.289603,166.19493,169.034582,48258924.0
2024-04-25,169.529663,170.615887,168.131281,169.888894,50557413.0
2024-04-26,169.901167,171.370053,169.194928,169.312076,44831138.0
2024-04-29,173.375242,176.043938,173.106199,173.530046,68170539.0
2024-04-30,173.342993,175.028531,169.99973,170.358739,65934466.0
2024-05-01,169.570501,172.731535,169.096422,169.283822,50387556.0
2024-05-02,172.50104,173.450251,170.908263,173.007342,94217892.0
2024-05-03,186.655544,186.984557,182.694776,183.395533,163220376.0
2024-05-06,182.343632,184.203713,180.451318,181.705742,78566365.0
2024-05-07,183.446154,184.925858,181.326878,182.39652,77305099.0
2024-05-08,182.886994,183.093386,181.432804,182.750337,45061859.0
2024-05-09,182.591734,184.633021,182.093634,184.558786,48983442.0
2024-05-10,184.901981,185.111386,182.117973,183.053769,50760381.0
2024-05-13,185.453513,187.101979,184.625096,186.272001,72042159.0
2024-05-14,187.493173,188.296094,186.269632,187.471128,52403195.0
2024-05-15,187.929162,190.653609,187.347186,189.704727,70401732.0
2024-05-16,190.467887,191.077337,189.655899,189.854118,52846171.0
2024-05-17,189.506147,190.811179,189.173963,189.865883,41278215.0
2024-05-20,189.363724,191.917293,189.001292,191.007108,44362952.0
2024-05-21,191.092858,192.718009,190.924248,192.349906,42314765.0
2024-05-22,192.276662,192.823059,190.248883,190.884046,34650439.0
2024-05-23,190.969497,191.049995,186.634386,186.919347,50997023.0
2024-05-24,188.841081,190.593063,188.046111,189.984675,36331415.0
2024-05-28,191.521013,193.01685,189.108921,190.007099,52289226.0
2024-05-29,189.632901,192.250256,189.52739,190.276371,53062771.0
2024-05-30,190.776592,192.166102,190.603618,191.266211,49887149.0
2024-05-31,191.423713,192.570362,189.901104,192.269105,75167107.0
2024-06-03,192.92099,195.006935,192.545264,194.036163,50084168.0
2024-06-04,194.614838,195.312239,193.039164,194.341976,47470512.0
2024-06-05,195.396044,196.910422,194.879404,195.867536,54163120.0
2024-06-06,195.701462,196.484428,194.15336,194.43831,41180739.0
2024-06-07,194.630574,196.941998,194.143772,196.926219,53103619.0
2024-06-10,196.912463,197.306504,192.162472,193.138881,97019705.0
2024-06-11,193.672062,207.188282,193.61455,207.112648,172390656.0
2024-06-12,207.379519,220.202319,206.916946,213.064311,198119122.0
2024-06-13,214.752991,216.809058,211.620436,214.266733,97865743.0
2024-06-14,213.829509,215.16768,211.30358,212.517073,70117371.0
2024-06-17,213.396262,218.968878,212.692241,216.694676,93719428.0
2024-06-18,217.612621,218.608845,212.986302,214.305791,79933555.0
2024-06-20,213.923959,214.246395,208.886526,209.645422,86166300.0
2024-06-21,210.362425,211.86771,207.134291,207.460388,241761258.0
2024-06-24,207.694945,212.695651,206.600086,208.15053,80732621.0
2024-06-25,209.155113,211.369168,208.595115,209.10279,55555224.0
2024-06-26,211.540432,214.818719,210.612887,213.261407,66209342.0
2024-06-27,214.671647,215.767333,212.361674,214.081006,49768481.0
2024-06-28,215.781933,216.114179,210.308042,210.625782,82536225.0
2024-07-01,212.103174,217.497609,211.905911,216.759423,60404217.0
2024-07-02,216.136751,220.374218,215.099916,220.255103,58046939.0
2024-07-03,219.995582,221.558056,218.969519,221.558056,37367975.0
2024-07-05,221.61406,226.448414,221.61406,226.389848,60410062.0
2024-07-08,227.075517,227.857025,223.253624,227.840783,59089493.0
2024-07-09,227.876548,229.422841,226.344829,228.675994,48077186.0
2024-07-10,229.328901,233.12617,229.237914,232.975226,62635275.0
2024-07-11,231.347484,232.428374,225.737994,227.565656,64707125.0
2024-07-12,228.882719,232.643405,228.660184,230.566105,53053480.0
2024-07-15,236.476118,237.220198,233.076006,234.416128,62630019.0
2024-07-16,234.981966,236.271178,232.336277,234.81245,43236920.0
2024-07-17,229.443126,231.476701,226.658536,228.874431,57335873.0
2024-07-18,230.259602,230.415219,222.282365,224.203422,66031458.0
2024-07-19,224.851944,226.806814,223.275356,224.29763,49142654.0
2024-07-22,227.056229,227.754793,223.055036,223.958116,48208272.0
2024-07-23,224.379967,226.926675,222.680088,225.038634,39962485.0
2024-07-24,224.048379,224.793447,217.09757,218.540414,61781166.0
2024-07-25,218.935409,220.881338,214.628899,217.532001,51388880.0
2024-07-26,218.692379,219.481944,216.017006,217.925874,41602500.0
2024-07-29,216.923504,219.305355,215.765686,218.210936,36307918.0
2024-07-30,219.161136,220.328606,216.109056,218.772074,41646680.0
2024-07-31,221.440287,223.800028,220.649316,222.052144,50036210.0
2024-08-01,224.376237,224.453561,217.00765,218.310102,62498704.0
2024-08-02,219.190408,225.581219,217.705812,219.871344,105564956.0
2024-08-05,199.114256,213.480324,195.976826,209.294447,119536669.0
2024-08-06,205.262608,209.959911,201.061052,207.225771,69660871.0
2024-08-07,206.912282,213.625397,206.383418,209.826292,63513231.0
2024-08-08,213.111918,214.210872,208.815777,213.298163,47158631.0
2024-08-09,212.130929,216.803532,211.970962,216.243891,42206939.0
2024-08-12,216.044207,219.477332,215.620996,217.513618,38025858.0
2024-08-13,219.013145,221.862953,219.013145,221.228919,44159593.0
2024-08-14,220.603484,223.001727,219.71763,221.697957,41960160.0
2024-08-15,224.552974,225.382508,222.789872,224.726485,46411343.0
2024-08-16,223.89779,226.815074,223.649002,226.050189,44340052.0
2024-08-19,225.726628,225.977596,223.007425,225.869904,40685244.0
2024-08-20,225.805756,227.154486,225.435631,226.521955,30300258.0
2024-08-21,226.475027,227.964317,225.05652,226.422483,34764163.0
2024-08-22,227.820127,228.326518,223.897192,224.580203,43696533.0
2024-08-23,225.639795,228.238647,224.299142,226.843801,38673538.0
2024-08-26,226.77077,227.284361,223.910129,227.176063,30603871.0
2024-08-27,226.028889,228.861272,224.884952,228.044395,35931508.0
2024-08-28,227.91406,229.87504,225.663062,226.544802,38053825.0
2024-08-29,230.094779,232.908523,228.816771,229.776747,51902477.0
2024-08-30,230.185813,230.41828,227.493782,229.024524,52998599.0
2024-09-03,228.562668,228.987039,221.16447,222.781144,50195210.0
2024-09-04,221.635338,221.816813,217.458932,220.832719,43842011.0
2024-09-05,221.640007,225.460212,221.53967,222.39602,36619191.0
2024-09-06,223.931891,225.253777,219.737969,220.836308,48420578.0
2024-09-09,220.838645,221.229231,216.705287,220.912594,67174720.0
2024-09-10,218.929492,221.49424,216.733834,220.100756,51585894.0
2024-09-11,221.439601,223.099251,217.855059,222.693867,44577640.0
2024-09-12,222.489685,223.577861,219.803219,222.72971,37459314.0
2024-09-13,223.590205,224.044568,221.897374,222.476482,36762227.0
2024-09-16,216.52414,217.203256,213.934675,216.330268,59353029.0
2024-09-17,215.74696,216.904316,214.535607,216.806226,45516560.0
2024-09-18,217.584119,222.729397,217.564983,220.695027,59897084.0
2024-09-19,224.999415,229.831103,224.657086,228.837802,66774726.0
2024-09-20,229.961224,233.064524,227.621301,228.211113,318670647.0
2024-09-23,227.364331,229.401078,225.77594,226.470502,54146866.0
2024-09-24,228.635781,229.385844,225.73292,227.380176,43561142.0
2024-09-25,224.91298,227.262646,224.013452,226.350578,42311406.0
2024-09-26,227.310406,228.520627,225.389823,227.494859,36637406.0
2024-09-27,228.475048,229.526423,227.253589,227.800378,34033833.0
2024-09-30,230.03474,233.073745,229.663069,233.007059,54541306.0
2024-10-01,229.540433,229.663879,223.682607,226.205009,63280846.0
2024-10-02,225.895395,227.367348,223.012019,226.755048,32878509.0
2024-10-03,225.160807,226.809495,223.324004,225.663303,34046463.0
2024-10-04,227.878475,228.000957,224.125717,226.775855,37243894.0
2024-10-07,224.489229,225.720622,221.332857,221.680241,39501806.0
2024-10-08,224.316138,225.974247,223.251805,225.79509,31850386.0
2024-10-09,225.261317,229.754083,224.815569,229.529464,33588959.0
2024-10-10,227.780917,229.501357,227.188525,229.035627,28182389.0
2024-10-11,229.247228,229.4302,227.340997,227.539749,31759419.0
2024-10-14,228.689981,231.684366,228.61601,231.322721,39887118.0
2024-10-15,233.590973,237.465569,232.391105,233.846073,64756739.0
2024-10-16,231.605932,232.121879,229.825549,231.780011,34080721.0
2024-10-17,233.442089,233.829941,230.535182,232.16799,33003703.0
2024-10-18,236.214735,236.214735,233.969463,235.01418,46433893.0
2024-10-21,234.424764,236.858254,234.424764,236.463119,36255834.0
2024-10-22,233.934365,236.226551,232.552642,235.861529,38842229.0
2024-10-23,234.062848,235.157506,227.747502,230.718384,52286115.0
2024-10-24,229.987017,230.781538,228.402433,230.577583,31110915.0
2024-10-25,229.708898,233.218968,229.522627,231.395614,38803977.0
2024-10-28,233.335034,234.740314,232.578934,233.465147,36086306.0
2024-10-29,233.100472,234.297714,232.323023,233.696876,35412072.0
2024-10-30,232.608225,233.438628,229.554446,230.137761,47064505.0
2024-10-31,229.358998,229.856027,225.350825,225.894305,64359795.0
2024-11-01,220.964675,225.347216,220.294555,222.890618,65280116.0
2024-11-04,220.953687,222.807356,219.719576,222.023744,44942941.0
2024-11-05,221.811572,223.910736,221.141509,223.466254,28109224.0
2024-11-06,222.6181,226.087628,221.171756,222.707477,54559175.0
2024-11-07,224.59733,227.894027,224.528818,227.507032,42139375.0
2024-11-08,227.144467,228.629433,226.409242,226.956279,38326053.0
2024-11-11,225.006632,225.736025,221.517882,224.213947,42010196.0
2024-11-12,224.575828,225.61103,223.364512,224.256048,40401817.0
2024-11-13,224.00588,226.673464,222.762101,225.090025,48562873.0
2024-11-14,225.032991,228.803778,225.014143,228.215741,44925928.0
2024-11-15,226.371739,226.944925,224.250116,224.987775,47915190.0
2024-11-18,225.240967,229.749511,225.118995,228.059626,44634372.0
2024-11-19,226.979519,230.146217,226.651521,228.302058,36211099.0
2024-11-20,228.03584,229.87847,225.917958,228.970369,35173458.0
2024-11-21,228.833785,230.184175,225.707186,228.541253,42104255.0
2024-11-22,228.05069,230.735047,228.05069,229.880119,38171280.0
2024-11-25,231.489147,233.273701,229.749324,232.870511,90155982.0
2024-11-26,233.297823,235.578483,233.297823,235.039134,45990645.0
2024-11-27,234.461944,235.670099,233.812198,234.923072,33501929.0
2024-11-29,234.779177,237.846772,233.942342,237.328382,28481661.0
2024-12-02,237.280225,240.753271,237.185248,239.589869,48128696.0
2024-12-03,239.831674,242.775011,238.860816,242.64319,38862013.0
2024-12-04,242.876977,244.114869,241.227565,243.002691,44381078.0
2024-12-05,243.982215,244.541835,242.10588,243.050587,40039082.0
2024-12-06,242.885916,244.607287,242.112464,242.803314,36871601.0
2024-12-09,241.804537,247.253047,241.708413,246.756752,44645797.0
2024-12-10,246.938811,248.205578,245.274413,247.734434,36906167.0
2024-12-11,248.011978,250.816869,246.306154,246.481654,45206242.0
2024-12-12,246.824921,248.717311,245.650273,247.922397,32775849.0
2024-12-13,247.854959,249.252909,246.26134,248.120276,33154540.0
2024-12-16,248.006857,251.359432,247.630019,251.013242,51689368.0
2024-12-17,250.034709,253.840988,249.770403,253.477629,51359206.0
2024-12-18,252.157302,254.290883,247.764788,248.024738,56768983.0
2024-12-19,247.455876,252.027904,247.048038,249.791564,60885858.0
2024-12-20,248.054607,255.02042,245.728307,254.500975,147480136.0
2024-12-23,254.778662,255.614624,253.483766,255.291027,40855604.0
2024-12-24,255.460127,258.220649,255.340062,258.161019,23235736.0
2024-12-26,258.249328,260.123131,257.591495,259.054946,27240016.0
2024-12-27,257.83743,258.686238,253.049143,255.609701,42351045.0
2024-12-30,252.203506,253.528986,250.689403,252.200878,35557822.0
2024-12-31,252.455299,253.30769,249.416744,250.455658,39477435.0
2025-01-02,248.95296,249.07297,241.81965,243.893037,55742520.0
2025-01-03,243.350222,244.196325,241.895356,243.360624,40243939.0
2025-01-06,244.361168,247.299663,243.189855,245.039124,45040821.0
2025-01-07,242.950209,245.536,241.366803,242.202982,40857155.0
2025-01-08,241.925674,243.68468,240.080914,242.66998,37629533.0
2025-01-10,240.017004,240.19853,233.016625,236.834524,61719552.0
2025-01-13,233.556114,234.674209,229.698328,234.397519,49634124.0
2025-01-14,234.717213,236.112685,232.506384,233.244454,39430608.0
2025-01-15,234.616105,238.992005,234.441709,237.885828,39836165.0
2025-01-16,237.353024,238.009835,227.977987,228.251952,71758882.0
2025-01-17,232.089582,232.32047,228.453212,229.97786,68488416.0
2025-01-21,223.976333,224.406031,219.349261,222.623797,98076402.0
2025-01-22,219.786835,224.100937,219.786835,223.826489,64129075.0
2025-01-23,224.725,227.039812,222.302018,223.668303,60231132.0
2025-01-24,224.805363,225.636961,221.412147,222.789301,54687747.0
2025-01-27,223.990442,232.133673,223.966864,229.839368,94876106.0
2025-01-28,230.851985,240.197171,230.835244,238.285644,75699308.0
2025-01-29,234.098376,239.859449,233.990325,239.32669,45481985.0
2025-01-30,238.705326,240.799171,237.198756,237.578,55655493.0
2025-01-31,247.200016,247.200016,233.449881,235.998811,100926404.0
2025-02-03,229.960923,231.818637,225.672043,228.009206,73057170.0
2025-02-04,227.237222,233.137829,226.66314,232.786268,45065362.0
2025-02-05,228.521913,232.665356,228.264779,232.524239,39625252.0
2025-02-06,231.288828,233.781262,230.429913,233.22783,29927090.0
2025-02-07,232.685153,233.999311,227.255647,227.62898,39705532.0
2025-02-10,229.532937,230.640731,227.203222,227.659041,33119027.0
2025-02-11,228.19438,235.223205,228.103951,232.587489,53716791.0
2025-02-12,231.238976,236.962427,230.695323,236.849189,45244210.0
2025-02-13,236.918259,242.347492,235.576861,241.499245,53609058.0
2025-02-14,241.241971,245.537132,241.02571,244.581544,40890967.0
2025-02-18,244.198955,245.173698,241.822088,244.502262,48831260.0
2025-02-19,244.67115,245.989553,243.143258,244.888499,32202023.0
2025-02-20,244.944545,246.812648,244.294349,245.833667,32322069.0
2025-02-21,245.979455,248.711948,245.256523,245.599096,53193452.0
2025-02-24,244.935919,248.817842,244.432153,247.125788,51327839.0
2025-02-25,248.015222,250.042311,244.904803,247.051897,48024354.0
2025-02-26,244.320554,244.937046,239.14291,240.379287,44437301.0
2025-02-27,239.404821,242.44741,237.060562,237.319367,41155908.0
2025-02-28,236.967939,242.097065,230.164146,241.878253,56838398.0
2025-03-03,241.784425,244.027599,236.115284,238.02106,47177866.0
2025-03-04,237.707465,240.060411,234.686266,235.922631,53800793.0
2025-03-05,235.372157,236.52434,229.221916,235.753414,47219536.0
2025-03-06,234.44244,237.875818,233.153266,235.334504,45171182.0
2025-03-07,235.076901,241.348144,234.791339,239.078511,46274548.0
2025-03-10,235.577512,236.17279,224.208533,227.519876,72059489.0
2025-03-11,223.848516,225.847476,217.442116,220.825842,76141141.0
2025-03-12,220.127601,221.763459,214.896043,216.942939,62553305.0
2025-03-13,215.935423,216.833969,208.411753,209.653089,61348668.0
2025-03-14,211.223906,213.985584,209.57751,213.480535,60108441.0
2025-03-17,213.252561,215.256665,209.975727,214.022415,48080558.0
2025-03-18,214.173622,215.164924,211.520723,212.66515,42433071.0
2025-03-19,214.221982,218.767486,213.79438,215.244145,54388233.0
2025-03-20,214.020696,217.505616,212.241122,214.121179,48855414.0
2025-03-21,211.575235,218.824992,211.270644,218.254038,94130829.0
2025-03-24,221.011426,221.508368,218.580507,220.764913,44293291.0
2025-03-25,220.794584,224.088332,220.09412,223.734849,34491235.0
2025-03-26,223.498727,225.024218,220.4522,221.51691,34467939.0
2025-03-27,221.42827,225.002405,220.545636,223.864891,37096450.0
2025-03-28,221.691075,223.776631,217.686579,217.922893,39822557.0
2025-03-31,217.012137,225.617202,216.248111,222.140738,65301158.0
2025-04-01,219.827938,223.699753,218.937593,223.161181,36414630.0
2025-04-02,221.312733,225.190195,221.019406,223.905438,35909494.0
2025-04-03,205.49023,207.481693,201.231344,203.15354,103415712.0
2025-04-04,193.91711,199.915144,187.353337,188.382653,125920217.0
2025-04-07,177.199355,194.168421,174.629202,181.42132,160436763.0
2025-04-08,186.702986,190.338533,169.206842,172.436577,120857744.0
2025-04-09,171.947768,200.586222,171.875519,198.886651,184403040.0
2025-04-10,189.085485,194.781475,182.972433,190.448438,121871161.0
2025-04-11,186.066796,199.539033,186.050696,198.128596,87434825.0
2025-04-14,211.427409,212.898283,201.146002,202.547934,101360718.0
2025-04-15,201.851837,203.489537,199.820351,202.112736,51346268.0
2025-04-16,198.379014,200.708771,192.360466,194.282556,59732239.0
2025-04-17,197.198715,198.809525,194.397751,196.98315,52158594.0
2025-04-21,193.26805,193.800535,189.816343,193.197856,46742722.0
2025-04-22,196.113813,201.569008,195.948888,199.753616,52969831.0
2025-04-23,205.974403,207.983488,202.787015,204.59686,52929760.0
2025-04-24,204.889191,208.806543,202.923131,208.334049,47308420.0
2025-04-25,206.377776,209.738222,206.163051,209.250938,38219913.0
2025-04-28,209.994436,211.47779,207.441237,210.152396,38741003.0
2025-04-29,208.682562,212.272997,208.363906,211.211242,36825745.0
2025-04-30,209.314072,213.59601,206.637341,212.451519,52283585.0
2025-05-01,209.034956,214.55831,208.908527,213.318488,57363264.0
2025-05-02,206.093694,206.974476,202.170879,205.376351,101020171.0
2025-05-05,203.111225,204.086534,198.200023,198.892473,69019295.0
2025-05-06,198.214139,200.652852,197.051624,198.53734,51223542.0
2025-05-07,199.193942,199.412966,193.274212,196.241044,68533941.0
2025-05-08,197.715824,200.053355,194.686594,197.506467,50487189.0
2025-05-09,199.020234,200.551236,197.554022,198.500269,36449138.0
2025-05-12,210.963103,211.270172,206.746798,210.783863,63778219.0
2025-05-13,210.45291,213.397987,209.002349,212.924011,51914140.0
2025-05-14,212.436473,213.918623,210.55181,212.334501,49324161.0
2025-05-15,210.964718,212.954153,209.581317,211.472818,45030379.0
2025-05-16,212.381823,212.615631,209.744784,211.259622,54731868.0
2025-05-19,207.928622,209.489199,204.240996,208.769891,46140027.0
2025-05-20,207.65095,208.469469,205.079384,206.89397,42493798.0
2025-05-21,205.172158,207.060626,200.729754,202.089554,59209859.0
2025-05-22,200.70692,202.731273,199.711962,201.3692,46738302.0
2025-05-23,193.622803,197.701906,193.486186,195.24836,78445831.0
2025-05-27,198.321704,200.722815,197.417154,200.21856,56290787.0
2025-05-28,200.631073,202.695024,199.913947,200.409176,45342677.0
2025-05-29,203.577429,203.800258,198.491539,199.988868,51400706.0
2025-05-30,199.370246,201.952692,196.744402,200.875864,70818081.0
2025-06-02,200.230484,202.134708,200.121192,201.675339,35422754.0
2025-06-03,201.348359,203.737488,200.957912,203.27966,46382644.0
2025-06-04,202.883343,206.248792,202.115468,202.862005,43611728.0
2025-06-05,203.512247,204.756956,200.145369,200.62881,55123772.0
2025-06-06,202.972842,205.687229,202.037027,203.905955,46602207.0
2025-06-09,204.403087,206.006773,200.032501,201.419862,72859852.0
2025-06-10,200.601827,204.326285,200.525516,202.686924,54675233.0
2025-06-11,203.512574,204.505513,198.424401,198.775439,60989843.0
2025-06-12,199.083321,199.648641,197.376782,199.205388,43912664.0
2025-06-13,199.722304,200.387691,195.723994,196.439326,51444586.0
2025-06-16,197.277964,198.702202,196.567685,198.463975,43019813.0
2025-06-17,197.209799,198.385244,195.202758,195.621259,38856900.0
2025-06-18,195.937422,197.562914,195.11077,196.579168,45396609.0
2025-06-20,198.254632,201.694072,196.871694,201.019389,96829100.0
2025-06-23,201.612742,202.325934,198.992942,201.479636,55807707.0
2025-06-24,202.59103,203.459951,200.178988,200.322132,54060483.0
2025-06-25,201.453503,203.639082,200.615199,201.542503,39529483.0
2025-06-26,201.399337,202.632341,199.453692,201.021911,50797693.0
2025-06-27,201.867872,203.226356,200.043156,201.10188,73187761.0
2025-06-30,202.04875,207.408914,199.269097,205.170634,91907288.0
2025-07-01,206.646614,210.196016,206.139962,207.814163,78804070.0
2025-07-02,208.90331,213.308067,208.146862,212.42846,67947389.0
2025-07-03,212.170663,214.645299,211.818208,213.542551,34954626.0
2025-07-07,212.667509,216.265507,208.828229,209.974155,50224012.0
2025-07-08,210.083355,211.438001,208.436785,210.02164,42851694.0
2025-07-09,209.561639,211.286203,207.222937,211.182484,48748195.0
2025-07-10,210.531017,213.488735,210.054755,212.403839,44446070.0
2025-07-11,210.57067,212.112915,209.858045,211.145417,39770260.0
2025-07-14,209.918484,210.881347,207.55095,208.62186,38844518.0
2025-07-15,209.220104,211.867862,208.914138,209.111481,42299010.0
2025-07-16,210.308756,212.395952,208.634215,210.168382,47481548.0
2025-07-17,210.58446,211.831679,209.58211,210.048565,48065531.0
2025-07-18,210.894297,211.805823,209.712973,211.201194,48975476.0
2025-07-21,212.150979,215.775787,211.594448,212.492964,51376954.0
2025-07-22,213.139731,214.940957,212.257756,214.412593,46406844.0
2025-07-23,214.974998,215.126735,212.449773,214.116407,46997153.0
2025-07-24,213.934025,215.70864,213.525575,213.754083,46019819.0
2025-07-25,214.673283,215.21515,213.441006,213.860396,40268817.0
2025-07-28,214.043458,214.869539,213.057944,214.054414,37861315.0
2025-07-29,214.154107,214.823463,210.816432,211.256323,51413128.0
2025-07-30,211.930088,212.375485,207.718898,208.994765,45503698.0
2025-07-31,208.475019,209.838076,207.184893,207.587569,80706360.0
2025-08-01,210.881333,213.596945,201.493947,202.364374,104442104.0
2025-08-04,204.54439,207.873285,201.706869,203.351448,75101488.0
2025-08-05,203.415038,205.324727,202.158796,202.915879,44165369.0
2025-08-06,205.646062,215.366602,205.579325,213.271957,108483233.0
2025-08-07,218.878942,220.858067,216.517719,220.024202,90225808.0
2025-08-08,220.813886,231.012262,219.255892,229.345017,113875275.0
2025-08-11,227.935732,229.542234,224.757042,227.161281,61812747.0
2025-08-12,228.046901,230.769915,227.127409,229.651423,55622359.0
2025-08-13,231.061257,235.033917,230.490369,233.315323,69878129.0
2025-08-14,234.079263,235.127131,230.807487,232.786561,51921387.0
2025-08-15,233.996449,234.317665,229.304261,231.578544,56038842.0
2025-08-18,231.650876,233.09208,230.088541,230.911448,37469043.0
2025-08-19,231.301329,232.861946,229.345692,230.550743,39406909.0
2025-08-20,229.986164,230.461772,225.792993,226.029404,42262887.0
2025-08-21,226.297928,226.513295,223.76315,224.882462,30619542.0
2025-08-22,226.158622,229.116279,225.405398,227.783847,42484420.0
2025-08-25,226.483491,229.280336,226.192548,227.131908,30979722.0
2025-08-26,226.866921,229.467408,224.687937,229.293709,54579268.0
2025-08-27,228.625717,230.862935,228.240341,230.521309,31254827.0
2025-08-28,230.830163,233.40837,229.316024,232.588296,38073788.0
2025-08-29,232.483734,233.406217,231.331024,232.176563,39409929.0
2025-09-02,229.229545,230.847075,226.952488,229.71107,44083447.0
2025-09-03,237.205271,238.839657,234.398091,238.468889,66435275.0
2025-09-04,238.469981,239.898335,236.726591,239.737475,47547964.0
2025-09-05,240.024879,241.3259,238.451784,239.677222,54865684.0
2025-09-08,239.31372,240.169064,236.367263,237.881066,49003050.0
2025-09-09,236.99753,238.777005,233.373872,234.391021,66309393.0
2025-09-10,232.240608,232.434305,225.939786,226.755252,83444676.0
2025-09-11,226.905322,230.443875,226.673633,230.03676,50214436.0
2025-09-12,229.221096,234.460275,229.033026,234.046746,55819843.0
2025-09-15,237.006886,238.200002,234.997774,236.683612,42689062.0
2025-09-16,237.174787,241.184319,236.317532,238.139576,63411081.0
2025-09-17,238.92463,240.09151,237.70162,238.97369,46505446.0
2025-09-18,239.955155,241.198742,236.644238,237.923698,44250323.0
2025-09-19,241.218771,246.252827,240.252681,245.499654,163750094.0
2025-09-22,248.268257,256.634346,248.137764,256.088985,105524958.0
2025-09-23,255.870266,257.35269,253.616546,254.462779,60275184.0
2025-09-24,255.265141,255.779357,251.059796,252.295782,42303971.0
2025-09-25,253.212676,257.155569,251.704181,256.847805,55205362.0
2025-09-26,254.10475,257.593558,253.725959,255.459968,46076010.0
2025-09-29,254.524281,254.996156,253.041476,254.464955,40125228.0
2025-09-30,254.844885,255.928411,253.109809,254.630472,37697982.0
2025-10-01,255.051018,258.782982,254.923278,255.470764,48712835.0
2025-10-02,256.548692,258.184316,254.145183,257.10975,42633663.0
2025-10-03,254.666646,259.201809,253.948011,258.002744,49157134.0
2025-10-06,258.037133,259.11882,255.081616,256.675745,44668798.0
2025-10-07,256.826566,257.433238,255.406066,256.490231,31956812.0
2025-10-08,256.535259,258.517876,256.114029,258.01962,36494666.0
2025-10-09,257.810568,258.001276,253.151428,254.053803,38321951.0
2025-10-10,254.914989,256.344591,243.987258,245.277505,61991698.0
2025-10-13,249.375902,249.688539,245.540715,247.662353,38147741.0
2025-10-14,246.604125,248.821097,244.693436,247.752578,35479176.0
2025-10-15,249.497453,251.782919,247.46194,249.335064,33897394.0
2025-10-16,248.267748,249.041714,245.160411,247.453634,39782482.0
2025-10-17,248.01065,253.367384,247.236779,252.294375,49147214.0
2025-10-20,255.855077,264.443198,255.639449,262.226643,90481446.0
2025-10-21,261.858401,265.227684,261.846317,262.794083,46699900.0
2025-10-22,262.653261,262.906007,255.415041,258.447606,45014062.0
2025-10-23,259.89285,260.623649,257.993916,259.596467,32754013.0
2025-10-24,261.220864,264.062004,259.14917,262.826255,38253429.0
2025-10-27,264.888251,269.102181,264.649529,268.841125,44887361.0
2025-10-28,269.027888,269.902362,268.119569,269.036496,41531708.0
2025-10-29,269.272063,271.385989,267.083263,269.731298,51092069.0
2025-10-30,271.969215,274.143811,268.492107,271.423686,69888058.0
2025-10-31,276.975617,277.317035,269.179061,270.388257,86149566.0
2025-11-03,270.385693,270.830215,266.314621,269.04671,50196490.0
2025-11-04,268.364005,271.472886,267.590493,270.056015,49273874.0
2025-11-05,268.593795,271.697216,266.952704,270.119211,43681958.0
2025-11-06,267.853888,273.351581,267.851525,269.822674,51205773.0
2025-11-07,269.746957,272.316408,266.698906,268.531477,48221354.0
2025-11-10,269.003129,273.787041,267.435064,269.443776,41313626.0
2025-11-11,269.809458,275.953463,269.809458,275.262584,46202593.0
2025-11-12,275.013153,275.726758,271.680498,273.465185,48407245.0
2025-11-13,274.088322,276.644357,272.086789,272.962949,49599850.0
2025-11-14,271.049205,275.916891,269.594341,272.412614,47430525.0
2025-11-17,268.807245,270.46843,265.70021,267.436224,45010962.0
2025-11-18,269.993972,270.686394,265.32772,267.423966,45680244.0
2025-11-19,265.531825,272.208991,265.467835,268.576047,40423569.0
2025-11-20,270.824416,275.4858,265.865991,266.227783,45817226.0
2025-11-21,265.960193,273.327129,265.67719,271.479253,59038019.0
2025-11-24,270.893878,276.991574,270.893878,275.88878,65596115.0
2025-11-25,275.230402,280.412123,275.230402,276.943645,46906325.0
2025-11-26,276.890959,279.531324,276.624105,277.581586,33425000.0
2025-11-28,277.275041,278.99929,275.980066,278.860408,20132369.0
2025-12-01,278.044531,283.376566,276.117659,283.134588,46580183.0
2025-12-02,283.017787,287.372962,282.616837,286.19467,53676402.0
2025-12-03,286.22883,288.648648,283.309822,284.15293,43542584.0
2025-12-04,284.077699,284.718277,278.566528,280.673643,43999484.0
2025-12-05,280.544952,281.141892,278.038005,278.7811,47278255.0
2025-12-08,278.125326,279.702184,276.143675,277.890448,38214860.0
2025-12-09,278.190431,280.047929,276.880967,277.211312,32191150.0
2025-12-10,277.789061,279.74031,276.424356,278.741626,33035831.0
2025-12-11,279.113002,279.560389,273.838243,278.034788,33245874.0
2025-12-12,277.9063,279.26745,276.81571,278.293686,39530872.0
2025-12-15,280.109243,280.13618,272.843664,274.120587,50409676.0
2025-12-16,272.788442,275.509083,271.812318,274.596593,37651744.0
2025-12-17,275.007865,276.12112,271.632849,271.814565,50142250.0
2025-12-18,273.61878,273.651059,266.981429,272.254506,51639372.0
2025-12-19,272.15734,274.576282,269.884304,273.630613,144614716.0
2025-12-22,272.891119,273.903956,270.53702,270.99461,36571052.0
2025-12-23,270.834411,272.476181,269.537558,272.351459,29640819.0
2025-12-24,272.357995,275.415653,272.207204,273.771018,17911859.0
2025-12-26,274.190953,275.394999,272.835335,273.414614,21521030.0
2025-12-29,272.706878,274.369604,272.379892,273.780391,23713569.0
2025-12-30,272.826718,274.076248,272.26169,273.136535,22140871.0
2025-12-31,273.07211,273.655051,271.729508,271.892341,27292208.0
2026-01-02,272.260481,277.781792,268.984869,270.993868,37837557.0
2026-01-05,270.604927,271.506896,266.159805,267.286224,45643697.0
2026-01-06,266.99612,267.511642,262.112938,262.358468,52347029.0
2026-01-07,263.201558,263.647417,259.776944,260.351047,48307247.0
2026-01-08,257.012454,259.291949,255.68314,259.066715,50416622.0
2026-01-09,259.064641,260.195225,256.186197,259.334899,39999789.0
2026-01-12,259.144757,261.277464,256.787427,260.241012,45260865.0
2026-01-13,258.73889,261.847133,258.432267,261.067421,45730278.0
2026-01-14,259.500266,261.804631,256.710501,259.9383,40022414.0
2026-01-15,260.627901,261.062571,257.051919,258.226496,39383361.0
2026-01-16,257.900202,258.884094,254.955064,255.531096,72151726.0
2026-01-20,252.685138,254.794346,243.422478,246.682726,80261819.0
2026-01-21,248.683228,251.521455,245.168345,247.628025,54639420.0
2026-01-22,249.224165,250.993488,248.176382,248.340408,39707911.0
2026-01-23,247.305279,249.452756,244.664482,248.053631,41689705.0
2026-01-26,251.444523,256.578671,249.791892,255.422448,55978379.0
2026-01-27,259.178896,261.936338,258.187998,258.254793,49645960.0
2026-01-28,257.649957,258.810405,254.513187,256.394136,41283148.0
2026-01-29,258.01348,259.671582,254.407901,258.342629,67251711.0
2026-01-30,255.101548,261.858205,252.155479,259.516125,92434271.0
2026-02-02,260.018777,270.476339,259.190232,269.994104,73911750.0
2026-02-03,269.174979,271.907311,267.626741,269.48638,64395173.0
2026-02-04,272.302758,278.946619,272.238372,276.529449,90547255.0
2026-02-05,278.142395,279.484075,273.224223,275.887181,52970560.0
2026-02-06,277.106015,280.868007,276.930849,278.111001,50447203.0
2026-02-09,277.900861,278.213842,271.70617,274.598672,44615702.0
2026-02-10,274.912806,275.365092,272.932279,273.693515,34378760.0
2026-02-11,274.727364,280.134786,274.48141,275.413902,51943193.0
2026-02-12,275.596649,275.702136,260.159215,261.755431,81084445.0
2026-02-13,262.014951,262.257215,255.424304,255.788927,56287849.0
2026-02-17,257.992613,266.290035,255.568081,263.866704,58466621.0
2026-02-18,263.587556,266.824605,262.400359,264.377531,34202958.0
2026-02-19,262.60287,264.476448,260.037446,260.540194,30840770.0
2026-02-20,258.993105,264.742861,258.141145,264.607472,42066493.0
2026-02-23,263.506928,269.436618,263.376191,266.189103,37308362.0
2026-02-24,267.857697,274.869076,267.698387,272.158038,47013340.0
2026-02-25,271.782413,274.927011,271.040868,274.205411,33716149.0
2026-02-26,274.962874,276.11615,270.814291,272.941533,32344979.0
2026-02-27,272.79969,272.802679,262.93371,264.201602,72354818.0
2026-03-02,262.444421,266.526284,260.226496,264.69996,41824909.0
2026-03-03,263.50655,265.559603,260.09009,263.736789,38565562.0
2026-03-04,264.621811,266.108701,261.418185,262.542837,39797950.0
2026-03-05,260.793598,261.572139,257.216885,260.276167,49666014.0
2026-03-06,258.570676,258.781342,254.382059,257.463674,41116630.0
2026-03-09,255.714141,261.156653,253.670416,259.88485,38221939.0
2026-03-10,257.616903,262.516786,256.939042,260.801964,30591265.0
2026-03-11,261.076121,262.122625,259.563427,260.81763,26217722.0
2026-03-12,258.643913,258.978894,254.149462,255.717908,40789977.0
2026-03-13,255.549266,256.32079,249.558973,250.130201,36935818.0
2026-03-16,252.085122,253.885917,249.876571,252.83649,32079735.0
2026-03-17,252.973482,255.143187,252.152782,254.250202,32354544.0
2026-03-18,252.62742,254.925274,249.051797,249.920701,35761513.0
2026-03-19,249.415776,251.834087,247.321686,248.986748,34866454.0
2026-03-20,247.965283,249.234006,245.972067,247.937718,88326447.0
2026-03-23,254.00407,254.595219,250.297285,251.514618,40539867.0
2026-03-24,250.377403,254.806131,249.537943,251.64704,45147404.0
2026-03-25,254.075736,254.979546,251.562369,252.653343,28469633.0
2026-03-26,252.113967,256.98233,250.753462,252.841894,41795920.0
2026-03-27,253.907478,255.523676,248.135141,248.800879,47898644.0
2026-03-30,250.084154,250.904116,245.505111,246.640484,39444337.0
2026-03-31,247.910274,255.536267,247.101921,253.790842,49594888.0
2026-04-01,254.054847,256.186725,253.339054,255.657706,40058840.0
2026-04-02,254.196885,256.122737,250.621949,255.893377,31285788.0
2026-04-06,256.465404,262.18273,256.381462,258.84249,29331497.0
2026-04-07,256.168127,256.198447,245.705149,253.527669,62155130.0
2026-04-08,258.480019,259.78773,256.551262,258.935232,41029340.0
2026-04-09,258.987654,261.122245,256.040582,260.465857,28123996.0
2026-04-10,260.016173,262.201229,258.982496,260.457747,31291277.0
2026-04-13,259.719244,260.205366,256.655597,259.23981,36233012.0
2026-04-14,259.231843,261.965408,257.215198,258.830075,48368589.0
2026-04-15,258.138472,266.536631,257.79943,266.435472,49910893.0
2026-04-16,266.799335,267.186424,261.265697,263.381868,43323557.0
2026-04-17,266.966809,272.308175,266.717046,270.255235,61440220.0
2026-04-20,270.279829,274.235962,270.279829,273.036931,36584687.0
2026-04-21,271.477673,272.790084,265.387905,266.132771,50208674.0
2026-04-22,267.833767,273.756944,266.826677,273.116618,43247236.0
2026-04-23,275.027981,275.773679,271.652722,273.40502,33400155.0
2026-04-24,272.788485,273.045841,269.654884,271.016888,38155734.0
2026-04-27,266.087328,268.381621,265.00909,267.641616,41463597.0
2026-04-28,272.363796,273.282681,268.681702,270.634811,40016157.0
2026-04-29,267.58092,271.018441,267.086091,270.138671,30048349.0
2026-04-30,270.520714,276.028518,268.15044,271.363473,91844122.0
2026-05-01,278.885152,287.192268,278.35279,280.139861,79911027.0
2026-05-04,279.690152,280.63495,274.867679,276.847557,46674313.0
2026-05-05,276.930011,284.584867,276.531222,284.163491,49322870.0
2026-05-06,281.930817,288.016465,281.081206,287.4727,58339704.0
2026-05-07,289.302849,292.132739,285.776463,287.443961,45220455.0
2026-05-08,289.993548,294.774752,289.993548,293.364964,52693083.0
2026-05-11,291.977816,293.87771,290.217237,292.71104,42240853.0
2026-05-12,292.571978,295.219772,292.521917,294.796097,45746666.0
2026-05-13,293.458862,300.942341,293.458862,298.862079,52683378.0
2026-05-14,299.836846,300.480976,295.364805,298.240515,35319797.0
2026-05-15,297.934891,303.170072,296.525829,300.22202,54864975.0
2026-05-18,300.223338,300.725323,294.895785,297.845308,34484519.0
2026-05-19,296.936115,300.455432,296.357254,298.968896,42246559.0
2026-05-20,298.112328,302.794961,298.098737,302.216935,38232642.0
2026-05-21,301.052366,305.548046,300.363606,304.945437,42965790.0
2026-05-22,306.120215,311.376985,305.877616,308.808277,43669075.0
2026-05-26,309.574752,311.812533,307.659531,308.313401,47998588.0
2026-05-27,308.335784,313.265364,308.257375,310.834828,50434948.0
2026-05-28,310.667043,312.739728,309.575839,312.513346,48221937.0
2026-05-29,311.842307,314.980778,309.424028,312.086848,70022080.0
2026-06-01,309.642621,310.938416,305.0081,306.293893,48843264.0
2026-06-02,307.476077,315.463794,306.709409,315.176017,44536602.0
2026-06-03,314.159137,316.896039,308.835916,310.276028,50838674.0
2026-06-04,313.247941,313.556345,309.621866,311.234502,44868031.0
2026-06-05,312.856665,315.130086,307.134542,307.320671,65310743.0
2026-06-08,308.720242,317.400474,301.187639,301.553863,77951913.0
2026-06-09,300.275622,300.736156,287.73604,290.587188,70097275.0
2026-06-10,290.702288,294.778714,287.370711,291.591653,52790304.0
2026-06-11,293.733579,296.994308,289.581336,295.64782,42584852.0
2026-06-12,296.008238,297.088623,289.652427,291.108917,38748162.0
2026-06-15,294.083455,297.80829,291.732524,296.447533,45735354.0
2026-06-16,295.253555,300.457981,293.992614,299.246938,39873969.0
2026-06-17,300.877986,302.062573,294.356578,295.941679,42745357.0
2026-06-18,298.11739,300.60203,295.635561,297.99799,85961803.0
2026-06-22,297.285741,302.460306,296.776305,297.010248,44872571.0
2026-06-23,297.557619,301.650812,294.237464,294.315067,52011817.0
2026-06-24,295.321496,299.740116,292.969504,293.079224,53081343.0
2026-06-25,287.365602,288.784388,273.778564,275.165692,107013821.0
2026-06-26,275.000408,285.977878,274.167753,283.773262,261832669.0
2026-06-29,286.696696,288.385042,279.848612,281.733138,66428752.0
2026-06-30,281.150625,289.942985,280.694733,289.363438,65095689.0
2026-07-01,293.429031,296.611173,289.173557,294.338514,50159466.0
2026-07-02,294.135157,309.435103,293.60203,308.613165,75347814.0
2026-07-06,307.357298,314.164248,307.008099,312.647846,53595834.0
2026-07-07,315.284974,315.508747,310.188312,310.634988,42491368.0
2026-07-08,311.919625,314.792608,307.017209,313.391666,41330776.0
2026-07-09,310.517948,316.494627,308.139768,316.194744,48124198.0
2026-07-10,314.680307,316.906138,312.188168,315.323801,34133677.0
2026-07-13,317.033181,323.427995,315.752293,317.313458,43258108.0
2026-07-14,313.781636,316.247939,311.882997,314.881289,36330854.0
2026-07-15,317.573624,328.707672,317.326952,327.51918,60952019.0
2026-07-16,328.037817,334.693436,326.830095,333.236589,62969804.0
2026-07-17,331.884748,334.977828,329.018425,333.768006,63414233.0
2026-07-20,333.475817,333.724223,323.692644,326.59542,53463048.0
2026-07-21,323.176852,329.628587,322.210329,327.745837,41335297.0
2026-07-22,327.85155,328.978326,323.320509,325.895934,38751063.0
2026-07-23,321.721045,323.306746,319.3946,321.642587,40837946.0
2026-07-24,321.836243,334.450837,321.591411,332.966321,47488893.0
2026-07-27,334.524113,339.610087,334.025013,336.872148,49611110.0
2026-07-28,340.029543,342.826823,335.625307,340.039915,51868535.0
2026-07-29,339.758675,344.564522,337.324179,338.226509,56083776.0
2026-07-30,333.062002,334.716062,329.602387,333.396271,74823959.0
2026-07-31,304.805032,310.719215,300.011272,308.920591,132479718.0
2026-08-03,309.615796,311.804407,302.532046,303.45469,75062170.0
2026-08-04,302.750501,310.414984,301.31497,309.40131,68003001.0
2026-08-05,309.332208,311.70734,305.670694,311.001028,49433835.0
2026-08-06,314.361325,316.347937,309.243018,312.394986,46131198.0
2026-08-07,311.411925,314.798113,310.706801,313.329493,34436212.0
2026-08-10,306.81459,308.355133,304.593665,308.355133,44810034.0
2026-08-11,307.697207,309.996721,302.799152,304.896691,37482833.0
2026-08-12,305.102753,305.687971,300.554269,302.228382,41661583.0
2026-08-13,304.172871,305.989694,302.028213,305.226452,40350429.0
2026-08-14,305.980492,307.500126,304.286696,305.894664,28225613.0
2026-08-17,306.226935,307.678915,302.916653,305.625588,38174886.0
2026-08-18,307.568795,311.506601,305.729215,309.996737,53421470.0
2026-08-19,310.102749,319.291809,309.599129,316.81065,50512976.0
2026-08-20,317.515196,320.333869,310.702102,311.297095,40965327.0
2026-08-21,312.086362,312.37899,307.047447,309.302837,46879405.0
2026-08-24,311.442473,313.360682,310.010341,310.373219,34675762.0
2026-08-25,310.727672,313.618994,308.19704,309.880081,25870106.0
2026-08-26,310.324302,315.429205,308.780133,313.465164,34028171.0
2026-08-27,310.591977,315.401878,309.424757,314.62099,32415996.0
2026-08-28,316.85455,322.362359,315.419903,319.692138,38650167.0
2026-08-31,319.627585,321.203078,312.819069,316.859401,41243212.0
2026-09-01,317.003011,327.328049,314.675552,325.118764,53158498.0
2026-09-02,326.829555,328.42833,323.516146,324.972252,33777655.0
2026-09-03,324.923962,330.761901,324.141733,328.216671,37227582.0
2026-09-04,328.330182,328.956073,317.827037,319.990029,39599271.0
2026-09-08,317.065412,320.707755,314.943053,316.230345,35471234.0
2026-09-09,315.500684,319.199456,309.898362,315.318688,65635657.0
2026-09-10,316.57455,326.755796,316.50143,326.497126,70014821.0
2026-09-11,327.454989,336.188055,326.312295,332.334877,50714891.0
2026-09-14,334.842256,335.496751,331.413488,333.064825,39270648.0
2026-09-15,330.118131,331.763397,328.353323,331.348705,31751789.0
2026-09-16,332.466535,335.515264,330.668322,332.442757,35989469.0
2026-09-17,334.792798,338.281685,330.151348,336.984512,36702217.0
2026-09-18,337.854607,338.493669,332.557937,336.126831,86602193.0
2026-09-21,335.279986,339.670655,333.065988,338.947612,34999936.0
2026-09-22,340.123696,345.273038,338.748514,339.742152,40711359.0
2026-09-23,341.076546,341.778401,335.525284,337.032815,31656035.0
2026-09-24,336.714598,338.881508,334.230522,335.922329,24733782.0
2026-09-25,336.012459,341.710621,334.529088,341.019328,30000230.0
2026-09-28,340.332787,343.039967,338.060054,338.405314,32825609.0
