Date,Open,High,Low,Close,Volume
2016-01-04,37.598277,38.387916,36.334619,36.754639,432017.0
2016-01-05,36.897703,37.094793,35.746449,35.969632,410121.0
2016-01-06,36.18049,36.391738,33.774017,33.97148,563766.0
2016-01-07,34.092877,34.268785,32.101691,33.264476,617348.0
2016-01-08,33.299505,34.341467,32.63856,33.162673,596387.0
2016-01-11,32.940863,33.200935,30.880801,31.408718,648623.0
2016-01-12,31.111655,32.206817,29.930478,30.435351,627176.0
2016-01-13,30.542108,31.710024,30.103773,30.478126,637978.0
2016-01-14,30.597271,31.774005,30.280635,31.201202,537951.0
2016-01-15,31.181462,31.181462,29.131126,29.417472,329069.0
2016-01-19,29.199949,30.206268,28.21167,28.458939,188017.0
2016-01-20,28.328296,28.58264,26.188754,26.554441,689989.0
2016-01-21,28.348079,30.250333,27.869492,29.532043,694026.0
2016-01-22,29.839322,32.347196,29.531785,32.185807,636524.0
2016-01-25,32.046815,32.734338,29.678218,30.340445,606920.0
2016-01-26,29.80565,32.41135,29.24896,31.451531,642357.0
2016-01-27,30.550194,32.83947,30.141312,32.297734,738572.0
2016-01-28,32.192492,34.819358,31.73879,33.223015,833440.0
2016-01-29,33.699188,34.402759,32.651082,33.62277,618140.0
2016-02-01,33.832505,34.177577,31.290541,31.622652,595670.0
2016-02-02,31.368746,31.53044,29.565889,29.881604,602540.0
2016-02-03,29.747039,32.748854,29.40085,32.274143,811660.0
2016-02-04,32.70502,33.605679,31.536051,31.72366,696793.0
2016-02-05,31.637404,32.452455,30.629333,30.887814,616587.0
2016-02-08,30.9745,31.37443,29.565713,29.687768,603673.0
2016-02-09,30.169311,30.611539,27.739167,27.939586,738298.0
2016-02-10,28.354849,29.21793,27.243428,27.446053,781205.0
2016-02-11,27.339997,27.478063,26.053793,26.205755,795932.0
2016-02-12,27.298943,29.660674,26.949758,29.438427,675134.0
2016-02-16,29.078619,31.529366,28.69813,29.036154,652013.0
2016-02-17,29.138133,31.489084,28.727763,30.660202,578579.0
2016-02-18,31.347351,31.976858,30.270795,30.765528,225473.0
2016-02-19,30.598865,30.726427,29.050321,29.638775,103187.0
2016-02-22,29.714606,32.04396,29.481922,31.479337,521009.0
2016-02-23,33.336179,33.532818,31.21947,31.873565,539395.0
2016-02-24,31.27897,32.396874,30.559273,32.147315,652286.0
2016-02-25,32.192459,33.48645,31.074658,33.070098,611889.0
2016-02-26,33.041512,34.68762,32.644216,32.777963,646213.0
2016-02-29,32.726061,33.984825,32.320043,33.756967,512421.0
2016-03-01,33.904102,34.767723,33.369526,34.398067,566230.0
2016-03-02,33.883693,35.176643,33.544331,34.658985,597786.0
2016-03-03,34.731827,35.31893,34.18772,34.566065,512990.0
2016-03-04,34.663394,36.338837,34.404409,35.920991,578342.0
2016-03-07,36.20082,38.10892,36.087379,37.901117,709961.0
2016-03-08,37.932961,38.389323,36.121034,36.500698,706988.0
2016-03-09,36.358675,38.504678,36.245866,38.290014,740794.0
2016-03-10,38.166873,38.485318,37.215484,37.831995,701462.0
2016-03-11,37.991404,39.027855,37.910252,38.493636,564765.0
2016-03-14,38.174396,38.767276,36.680392,37.17625,490050.0
2016-03-15,37.372407,37.400813,35.960151,36.338469,446084.0
2016-03-16,36.736195,38.630635,36.607452,38.460011,494211.0
2016-03-17,38.593044,40.360133,38.470735,40.197921,297980.0
2016-03-18,40.250027,41.205508,39.150466,39.440394,130140.0
2016-03-21,39.063869,40.287775,38.608936,39.910117,479312.0
2016-03-22,41.588746,41.904752,40.766308,41.450835,463642.0
2016-03-23,41.190795,41.330433,39.671516,39.797397,492025.0
2016-03-24,39.729712,39.762261,38.324706,39.460999,495175.0
2016-03-28,39.549069,40.133759,38.858311,39.386036,299816.0
2016-03-29,39.32587,39.48053,37.905858,38.274008,488007.0
2016-03-30,38.52337,39.846316,38.141084,38.325569,542471.0
2016-03-31,38.30154,39.039137,37.573971,38.336229,532150.0
2016-04-01,38.13463,38.557045,36.635134,36.786588,547170.0
2016-04-04,36.607365,37.205638,35.460607,35.697659,549521.0
2016-04-05,35.499963,36.583241,35.243701,35.886195,485550.0
2016-04-06,36.522025,37.904473,36.434038,37.745249,750938.0
2016-04-07,37.753407,38.303279,36.6931,37.264507,626715.0
2016-04-08,37.522974,39.83805,37.456694,39.725599,817084.0
2016-04-11,39.715375,40.746521,39.248219,40.361153,679328.0
2016-04-12,40.344911,42.242971,40.08852,42.165169,796860.0
2016-04-13,41.634157,42.422937,41.233207,41.759866,730445.0
2016-04-14,41.537271,42.152691,40.841013,41.500065,488709.0
2016-04-15,41.431168,41.729928,39.985955,40.358904,520091.0
2016-04-18,38.75363,40.236591,37.613368,39.776727,342437.0
2016-04-19,40.042164,41.521997,39.589297,41.078573,101738.0
2016-04-20,40.795244,42.908193,39.855536,42.633143,796251.0
2016-04-21,43.967073,44.490952,43.042382,43.182144,671027.0
2016-04-22,43.416978,44.457719,43.111057,43.724204,575039.0
2016-04-25,43.75132,44.042443,42.572229,42.642408,606395.0
2016-04-26,42.961058,44.833224,42.498097,44.036261,564389.0
2016-04-27,44.644568,45.626039,43.769435,45.328827,648250.0
2016-04-28,45.301929,46.144077,44.93887,46.037862,487423.0
2016-04-29,45.904031,46.777693,45.237594,45.91176,598398.0
2016-05-02,45.898747,46.149129,44.548207,44.774555,464095.0
2016-05-03,44.91821,45.340606,43.31591,43.644653,625566.0
2016-05-04,43.842901,44.880741,43.223129,43.782693,711136.0
2016-05-05,44.036759,46.064921,43.954021,44.32013,746114.0
2016-05-06,44.51213,45.334918,43.538781,44.659477,695375.0
2016-05-09,44.995936,45.931985,43.240286,43.436212,767517.0
2016-05-10,43.25622,44.784664,43.028786,44.667449,709402.0
2016-05-11,44.600793,46.353117,43.954772,46.231301,869991.0
2016-05-12,46.000005,47.023327,45.608082,46.699601,715088.0
2016-05-13,46.409248,46.489821,45.751248,46.216115,519302.0
2016-05-16,46.277437,47.979082,46.14644,47.714486,550957.0
2016-05-17,47.899368,48.757192,47.524695,48.305521,470483.0
2016-05-18,48.534737,48.951058,47.757427,48.193194,343282.0
2016-05-19,47.864719,48.282277,46.738625,48.164603,108796.0
2016-05-20,48.196648,48.795013,47.438046,47.75283,537901.0
2016-05-23,48.45529,48.50134,47.393306,48.079689,475409.0
2016-05-24,48.078118,49.268399,47.647525,48.619457,475935.0
2016-05-25,49.102683,49.752411,48.646591,49.555115,550467.0
2016-05-26,49.709184,50.21174,49.21812,49.476027,488398.0
2016-05-27,49.319634,49.598832,48.688882,49.335986,406386.0
2016-05-31,49.533325,50.093047,48.81301,49.097611,476987.0
2016-06-01,48.812958,49.248456,47.741977,49.006029,568735.0
2016-06-02,48.904482,49.474337,47.976133,49.175436,564782.0
2016-06-03,49.035326,49.407752,48.329888,48.616646,481060.0
2016-06-06,48.881416,49.898551,48.71197,49.688489,450473.0
2016-06-07,49.702994,50.540967,49.435184,50.359272,542343.0
2016-06-08,50.415679,51.620519,50.315575,51.240499,656390.0
2016-06-09,51.44928,51.673212,50.22129,50.554651,560769.0
2016-06-10,50.467927,50.729425,48.806841,49.075134,596077.0
2016-06-13,48.863883,49.275004,48.161967,48.873226,506108.0
2016-06-14,48.520831,48.68901,47.846108,48.496865,456164.0
2016-06-15,47.894786,48.722469,47.275534,48.006302,527852.0
2016-06-16,47.445515,47.744418,45.914526,46.20596,507911.0
2016-06-17,45.995577,48.289903,45.832081,47.984487,226626.0
2016-06-20,48.285229,49.412308,48.136344,49.373295,98302.0
2016-06-21,49.147491,49.324818,48.157226,48.855152,475358.0
2016-06-22,50.213638,50.534096,48.39595,49.135728,569919.0
2016-06-23,49.080607,50.236429,49.077234,50.110716,401879.0
2016-06-24,50.29354,50.44849,46.706918,47.647613,649507.0
2016-06-27,47.814512,47.953996,45.83281,46.337477,504600.0
2016-06-28,46.595065,48.179506,46.530732,47.853436,498894.0
2016-06-29,48.061682,50.00606,47.980327,49.886048,511486.0
2016-06-30,49.547971,49.6147,48.175691,48.328077,508701.0
2016-07-01,48.376168,49.298802,47.896218,48.988092,405166.0
2016-07-05,49.108239,49.34442,46.336853,46.60267,609223.0
2016-07-06,46.823161,47.951635,45.922772,47.435951,607735.0
2016-07-07,47.87537,48.257265,44.861755,45.142706,710952.0
2016-07-08,45.195098,45.967472,44.76721,45.410329,583068.0
2016-07-11,45.066979,45.769239,44.422647,44.761682,533710.0
2016-07-12,44.579285,46.925387,44.51069,46.805395,658176.0
2016-07-13,46.585936,46.713341,44.560396,44.755044,686136.0
2016-07-14,45.14099,45.809281,44.950537,45.682456,573776.0
2016-07-15,45.519622,46.329238,45.051046,45.948496,430375.0
2016-07-18,46.124473,46.135417,44.867605,45.231376,211397.0
2016-07-19,45.23171,45.66415,44.523853,44.644578,128116.0
2016-07-20,44.591336,45.256578,43.683531,44.94135,541092.0
2016-07-21,45.650515,46.094609,44.51669,44.757343,432973.0
2016-07-22,44.606123,44.97706,43.735742,44.187748,428363.0
2016-07-25,44.207156,44.371883,42.964244,43.13538,389834.0
2016-07-26,43.059376,43.388383,42.356739,42.917042,461282.0
2016-07-27,42.668069,43.200323,41.674353,41.918389,537489.0
2016-07-28,41.933063,42.221219,41.043097,41.14211,447834.0
2016-07-29,41.118393,41.665157,40.57175,41.596809,478840.0
2016-08-01,41.353425,41.883072,39.815655,40.064965,533022.0
2016-08-02,40.073867,40.908018,39.259739,39.509932,534581.0
2016-08-03,39.701,41.19646,39.19031,40.827445,655227.0
2016-08-04,41.164752,42.079586,40.426127,41.931375,598792.0
2016-08-05,41.838509,42.098647,41.063491,41.798248,550300.0
2016-08-08,41.979866,43.385151,41.806965,43.018728,562565.0
2016-08-09,42.830343,43.514777,42.465773,42.765572,624681.0
2016-08-10,42.738863,43.392597,41.418594,41.705712,676139.0
2016-08-11,41.485967,43.862256,41.09658,43.493484,682188.0
2016-08-12,43.463914,44.789287,43.308826,44.479831,536009.0
2016-08-15,44.748942,45.928222,44.379322,45.741439,522447.0
2016-08-16,45.590457,46.727456,45.339537,46.57447,550346.0
2016-08-17,46.373454,46.954207,45.835067,46.796217,563414.0
2016-08-18,46.903124,48.381674,46.632508,48.221286,229310.0
2016-08-19,48.32707,48.759952,47.935217,48.506169,162479.0
2016-08-22,48.401628,48.402211,46.744806,47.04239,515155.0
2016-08-23,47.402503,48.318732,46.594189,48.10121,623736.0
2016-08-24,47.587474,47.733758,46.457794,46.769856,603389.0
2016-08-25,46.802872,47.45798,46.418289,47.331851,458851.0
2016-08-26,47.369706,48.462602,46.942158,47.638038,558286.0
2016-08-29,47.224052,47.280758,46.616502,46.970944,309260.0
2016-08-30,46.97624,47.496144,46.201523,46.359361,464433.0
2016-08-31,46.246733,46.405498,44.508723,44.697786,548993.0
2016-09-01,44.849687,45.078356,43.000285,43.157127,604929.0
2016-09-02,43.549062,44.656413,43.16293,44.441331,576912.0
2016-09-06,44.147831,46.523214,43.839827,44.83329,932137.0
2016-09-07,44.852021,46.168992,44.541629,45.496352,572788.0
2016-09-08,46.115874,47.746709,45.773834,47.621853,762033.0
2016-09-09,47.364237,47.367178,45.562906,45.880599,688195.0
2016-09-12,45.56711,46.517925,44.721316,46.295132,745074.0
2016-09-13,46.059358,46.135462,44.771169,44.903071,657842.0
2016-09-14,45.0058,45.330405,43.418542,43.576818,705812.0
2016-09-15,43.706484,44.337513,43.257596,43.914931,537152.0
2016-09-16,43.710994,43.754171,42.743131,43.031978,231212.0
2016-09-19,43.177689,44.144982,43.117,43.297175,129851.0
2016-09-20,43.130179,44.052505,42.551878,43.44154,694145.0
2016-09-21,44.503681,45.64605,44.502526,45.342338,586025.0
2016-09-22,45.620716,46.524949,45.512281,46.320787,521680.0
2016-09-23,46.072576,46.546241,44.224998,44.475482,718414.0
2016-09-26,44.625434,46.197795,44.425841,45.941237,527075.0
2016-09-27,45.611721,45.962255,44.182146,44.668137,630686.0
2016-09-28,44.960371,47.450231,44.347589,47.059211,1008422.0
2016-09-29,47.200612,48.323605,46.601765,47.831923,702616.0
2016-09-30,47.757473,48.301088,47.043699,48.245108,496488.0
2016-10-03,48.042537,49.023812,47.777837,48.80845,458102.0
2016-10-04,48.646034,49.263513,48.258505,48.688801,513655.0
2016-10-05,49.258085,49.965564,49.0955,49.828394,520113.0
2016-10-06,49.648279,50.635182,49.335028,50.432498,547827.0
2016-10-07,50.599537,50.737506,49.392405,49.813958,618797.0
2016-10-11,51.094226,51.534882,50.391574,50.790175,765471.0
2016-10-12,50.839321,51.166876,49.891101,50.18222,533874.0
2016-10-13,50.005064,50.595383,49.357083,50.431903,740708.0
2016-10-14,50.583118,51.141682,49.898931,50.348992,519524.0
2016-10-17,50.223619,50.57685,49.469078,49.942508,418679.0
2016-10-18,50.040406,50.779194,49.762262,50.297472,192802.0
2016-10-19,50.760586,51.928327,50.687778,51.598508,132405.0
2016-10-20,51.404062,51.573645,50.254383,50.420801,548922.0
2016-10-21,50.663124,51.031255,50.211273,50.843424,551269.0
2016-10-24,50.84704,50.983421,49.626508,50.515499,623346.0
2016-10-25,50.484498,50.930877,49.272331,49.96274,553846.0
2016-10-26,49.310316,50.097745,48.869413,49.182853,679396.0
2016-10-27,49.216269,50.060867,49.005753,49.712505,543194.0
2016-10-28,49.604866,49.800863,48.424976,48.691898,550062.0
2016-10-31,48.250436,48.751808,46.629616,46.85792,649231.0
2016-11-01,46.774888,47.351755,46.206578,46.665135,835118.0
2016-11-02,46.317683,46.463904,44.966235,45.338606,674226.0
2016-11-03,45.475699,45.889436,44.373077,44.658591,540385.0
2016-11-04,44.626019,44.873357,43.569859,44.065368,736673.0
2016-11-07,44.45543,45.012251,44.114047,44.889795,605716.0
2016-11-08,44.965369,45.394813,44.415439,44.985211,669626.0
2016-11-09,44.815143,45.956095,43.070105,45.273049,946568.0
2016-11-10,45.312797,45.638948,44.245947,44.658857,686311.0
2016-11-14,43.20066,43.810446,42.200256,43.327355,704794.0
2016-11-15,43.764895,46.09531,43.542674,45.811561,706210.0
2016-11-16,45.771301,46.411227,45.026591,45.572933,658076.0
2016-11-17,45.366508,46.57997,44.874514,45.421267,284839.0
2016-11-18,44.93533,45.771182,44.548678,45.686106,155664.0
2016-11-21,45.823787,47.804731,45.764419,47.488021,665425.0
2016-11-22,48.372787,49.202393,47.173179,48.021025,826111.0
2016-11-23,47.938304,48.42431,47.40093,47.961216,556906.0
2016-11-25,47.975396,48.257371,45.877119,46.060806,465975.0
2016-11-28,45.428911,47.655324,45.141232,47.083961,734357.0
2016-11-29,46.881834,46.973348,44.818396,45.23855,732696.0
2016-11-30,45.238783,49.894566,45.213287,49.435969,1310972.0
2016-12-01,49.070931,51.790402,48.98576,51.060002,974812.0
2016-12-02,51.012379,51.719352,50.177759,51.688513,667066.0
2016-12-05,51.45769,52.432883,50.935215,51.784976,600781.0
2016-12-06,50.968756,51.599062,50.281036,50.941837,642715.0
2016-12-07,50.937397,51.206608,49.723889,49.762782,816889.0
2016-12-08,49.879693,50.981476,49.611811,50.837662,779998.0
2016-12-09,50.932125,51.662864,50.856076,51.496337,652012.0
2016-12-12,52.579911,54.517165,52.169548,52.839688,846995.0
2016-12-13,52.502003,53.398363,52.354587,52.977764,638356.0
2016-12-14,52.440187,52.788108,50.669151,51.033018,677938.0
2016-12-15,50.796956,51.481465,49.94673,50.90115,551773.0
2016-12-16,51.097683,52.084833,50.496932,51.905068,252600.0
2016-12-19,52.144286,52.520679,51.501184,52.116165,129998.0
2016-12-20,52.118603,52.699102,51.848091,52.233673,416622.0
2016-12-21,53.558613,53.780343,52.313028,52.49102,471994.0
2016-12-22,52.517345,53.18886,52.080056,52.948213,393477.0
2016-12-23,52.683826,53.278798,52.263314,53.026358,285178.0
2016-12-27,53.289755,54.089679,53.038366,53.901875,277253.0
2016-12-28,53.931739,54.362482,53.571143,54.053665,322543.0
2016-12-29,53.660503,54.207888,53.465898,53.772719,360215.0
2016-12-30,53.865658,54.089704,53.414874,53.718252,271106.0
2017-01-03,54.194178,55.241053,52.108972,52.321651,727768.0
2017-01-04,52.494142,53.43398,52.14522,53.256962,512610.0
2017-01-05,53.391848,54.124667,52.793601,53.754413,517394.0
2017-01-06,53.728725,54.316004,53.323737,53.986279,528295.0
2017-01-09,53.734788,53.834758,51.768983,51.955984,564830.0
2017-01-10,51.826107,52.373961,50.706234,50.825875,632596.0
2017-01-11,50.809096,52.779981,50.745257,52.251797,815858.0
2017-01-12,52.376283,53.495838,52.122443,53.012913,660757.0
2017-01-13,53.052313,53.173996,52.26641,52.375272,477996.0
2017-01-17,52.559206,53.515793,52.124708,52.472926,606201.0
2017-01-18,52.508726,52.793298,50.902951,51.08484,236198.0
2017-01-19,51.385929,51.877168,51.01534,51.370181,122580.0
2017-01-20,51.450813,52.903889,51.399795,52.413414,567343.0
2017-01-23,53.322459,53.467893,52.211333,52.751024,455324.0
2017-01-24,52.859857,53.557195,52.66613,53.181591,520338.0
2017-01-25,52.951927,53.47156,52.56459,52.757661,589618.0
2017-01-26,52.962386,54.063464,52.793998,53.78089,578066.0
2017-01-27,53.744729,54.081738,52.574839,53.168642,495589.0
2017-01-30,53.140652,53.465634,52.406072,52.636109,486262.0
2017-01-31,52.593287,53.57221,52.237869,52.804346,586605.0
2017-02-01,52.758643,53.90751,52.647711,53.880936,577182.0
2017-02-02,53.570691,54.346509,53.355992,53.547196,492630.0
2017-02-03,53.674229,54.22685,53.395716,53.83087,462621.0
2017-02-06,53.806052,54.130422,52.908822,53.014072,425115.0
2017-02-07,53.137441,53.234182,51.63398,52.17071,624174.0
2017-02-08,51.643549,52.671488,51.228045,52.339519,767269.0
2017-02-09,52.371735,53.197807,52.361326,52.999799,610149.0
2017-02-10,53.15485,54.131723,52.892391,53.861922,596474.0
2017-02-13,53.801696,53.954847,52.767275,52.922745,585980.0
2017-02-14,52.924158,53.727265,52.850643,53.20114,492979.0
2017-02-15,52.998239,53.507604,52.728807,53.101829,463627.0
2017-02-16,53.010049,53.590058,52.681251,53.364498,343380.0
2017-02-17,53.470507,53.530948,52.87915,53.400788,195348.0
2017-02-21,53.487678,54.678102,53.35106,54.058069,665442.0
2017-02-22,54.273339,54.605836,53.352342,53.598906,499477.0
2017-02-23,53.911457,54.930737,53.874697,54.45353,529913.0
2017-02-24,54.331523,54.502916,53.764559,53.982089,395279.0
2017-02-27,54.026902,54.608131,53.935859,54.052936,394366.0
2017-02-28,54.037238,54.23216,53.189007,54.008492,593902.0
2017-03-01,53.948124,54.439835,53.633957,53.82113,491153.0
2017-03-02,53.674547,53.803225,52.541954,52.609522,638386.0
2017-03-03,52.581718,53.386807,52.55693,53.331924,436365.0
2017-03-06,53.186352,53.562119,52.769919,53.19964,503754.0
2017-03-07,53.17453,53.800375,52.708575,53.148756,494609.0
2017-03-08,52.789882,52.921349,50.044245,50.282928,963279.0
2017-03-09,50.213935,50.844372,48.587682,49.272307,1073390.0
2017-03-10,49.609317,50.11828,48.300759,48.484025,797095.0
2017-03-13,48.44911,48.671267,47.90557,48.400399,601343.0
2017-03-14,48.448742,48.783419,47.084876,47.718561,857752.0
2017-03-15,48.759215,49.03653,48.152697,48.855552,655722.0
2017-03-16,49.010847,49.62114,48.455116,48.745328,516874.0
2017-03-17,48.790506,49.21012,48.604649,48.781087,172347.0
2017-03-20,48.69934,48.738918,47.83621,48.221786,142261.0
2017-03-21,47.931873,48.725966,47.230549,47.33696,628096.0
2017-03-22,48.159868,48.316406,47.010599,48.040353,680763.0
2017-03-23,48.150585,48.481404,47.584653,47.69421,499921.0
2017-03-24,47.670053,48.205589,47.538562,47.974566,420960.0
2017-03-27,48.117278,48.2864,47.081846,47.724627,466192.0
2017-03-28,47.886105,48.739046,47.798684,48.37345,502380.0
2017-03-29,48.469472,49.636292,48.374181,49.520466,548549.0
2017-03-30,49.597241,50.469665,49.26316,50.352802,580721.0
2017-03-31,50.325708,50.852291,49.907472,50.6003,527695.0
2017-04-03,50.691896,50.827701,50.122325,50.246148,440791.0
2017-04-04,50.232874,51.300913,49.875567,51.031469,532098.0
2017-04-05,51.182996,51.880858,50.743849,51.157118,651306.0
2017-04-06,50.79879,51.820696,50.777459,51.697661,473043.0
2017-04-07,51.702284,52.943699,51.493891,52.237436,796290.0
2017-04-10,52.307017,53.181885,52.286541,53.074842,565368.0
2017-04-11,53.130672,53.453828,52.698696,53.399559,598066.0
2017-04-12,53.401393,53.764585,52.714075,53.11318,629755.0
2017-04-13,52.843371,53.38148,52.828475,53.18775,480847.0
2017-04-17,52.973563,53.205865,52.545686,52.648473,326323.0
2017-04-18,52.746648,52.843226,52.096081,52.408104,202041.0
2017-04-19,52.354729,52.648082,50.082849,50.446231,133187.0
2017-04-20,50.628546,50.971064,50.182682,50.267971,606186.0
2017-04-21,50.711169,50.927509,49.194675,49.616564,687474.0
2017-04-24,49.67211,50.225221,49.03235,49.231582,517874.0
2017-04-25,49.227988,49.827682,48.863163,49.558345,587131.0
2017-04-26,49.36402,50.206076,48.938945,49.617295,655768.0
2017-04-27,49.216617,49.426931,48.208405,48.963508,771211.0
2017-04-28,49.270145,49.756242,48.810192,49.327613,633971.0
2017-05-01,49.177595,49.320285,48.590414,48.841484,364362.0
2017-05-02,48.777641,49.288086,47.34965,47.658942,702389.0
2017-05-03,48.118893,48.231289,47.29602,47.822785,691313.0
2017-05-04,47.607072,47.745544,45.287723,45.524685,943887.0
2017-05-05,45.514604,46.678477,43.762497,46.222643,1021602.0
2017-05-08,46.344783,46.98102,45.732938,46.433247,784994.0
2017-05-09,46.492728,46.774199,45.532628,45.881188,701936.0
2017-05-10,46.18407,47.779335,46.008794,47.327813,819735.0
2017-05-11,47.390803,48.220096,47.345686,47.828951,661661.0
2017-05-12,47.813852,48.066065,47.34822,47.845649,537541.0
2017-05-15,47.845995,49.662889,47.74356,48.846447,687174.0
2017-05-16,48.830068,49.374069,48.169237,48.646228,589144.0
2017-05-17,48.227859,49.49909,48.03168,49.078454,650161.0
2017-05-18,48.925065,49.598949,48.05704,49.355501,242774.0
2017-05-19,49.280144,50.532416,49.280144,50.327122,146452.0
2017-05-22,50.5911,51.061852,50.445071,50.735015,564318.0
2017-05-23,51.035228,51.7787,50.565594,51.475205,584077.0
2017-05-24,51.433416,51.890118,51.031402,51.35316,736242.0
2017-05-25,51.25369,51.994953,48.446214,48.892783,1147383.0
2017-05-26,48.758131,49.937751,48.18124,49.797501,764096.0
2017-05-30,49.932287,50.281258,49.034474,49.65612,663575.0
2017-05-31,49.654541,49.712124,47.727479,48.31821,779057.0
2017-06-01,48.626134,49.180856,47.906099,48.361623,774440.0
2017-06-02,48.042859,48.188102,46.734237,47.662286,802700.0
2017-06-05,47.709316,48.416475,46.854344,47.400305,710161.0
2017-06-06,47.411465,48.397278,46.940805,48.191669,825006.0
2017-06-07,47.986196,48.233077,45.651068,45.712062,1182136.0
2017-06-08,45.847492,46.180028,45.200115,45.637386,927604.0
2017-06-09,45.709703,46.171562,45.266157,45.830155,735888.0
2017-06-12,45.790915,46.707542,45.661848,46.074324,666666.0
2017-06-13,46.014352,46.566115,45.559468,46.464417,783313.0
2017-06-14,45.948844,46.487704,44.545297,44.727839,924403.0
2017-06-15,44.691276,44.812253,44.219372,44.453836,501011.0
2017-06-16,44.253623,44.929964,44.24575,44.733418,191838.0
2017-06-19,44.677268,45.061151,44.05617,44.205122,123953.0
2017-06-20,44.112627,44.412062,42.749941,43.234361,894230.0
2017-06-21,43.378409,44.197225,42.047631,42.531428,1071607.0
2017-06-22,42.553831,43.320009,42.266355,42.739345,668932.0
2017-06-23,42.795588,43.206625,42.530012,43.009836,690967.0
2017-06-26,43.158444,43.646477,42.625038,43.379482,661363.0
2017-06-27,43.486868,44.445908,43.315195,44.238765,759185.0
2017-06-28,43.703112,44.897697,43.676009,44.733378,753497.0
2017-06-29,44.878995,45.454652,44.6476,44.930099,768788.0
2017-06-30,44.898858,46.347715,44.884319,46.041459,677364.0
2017-07-03,46.29006,47.093694,45.919797,47.063776,517615.0
2017-07-05,47.038266,47.323488,44.518363,45.137034,1173853.0
2017-07-06,45.64217,46.536388,45.177573,45.514191,969678.0
2017-07-07,45.359449,45.427944,43.77739,44.228065,975989.0
2017-07-10,44.351486,44.845733,43.654286,44.401248,848440.0
2017-07-11,44.578766,45.814647,43.828951,45.043483,1010804.0
2017-07-12,45.739241,46.479517,45.112876,45.483482,963412.0
2017-07-13,45.439783,46.282705,44.988279,46.086194,749038.0
2017-07-14,46.086663,46.739328,45.803386,46.53866,742930.0
2017-07-17,46.679868,46.868937,45.88858,46.022123,560693.0
2017-07-18,45.990438,46.921647,45.814706,46.402695,208426.0
2017-07-19,46.252285,47.2504,46.135692,47.117808,140684.0
2017-07-20,47.091487,47.551317,46.669843,46.792935,720528.0
2017-07-21,46.904951,47.215225,45.535628,45.774008,769377.0
2017-07-24,45.621306,46.53397,45.401963,46.345908,707914.0
2017-07-25,46.454365,48.659528,46.37473,47.888917,885747.0
2017-07-26,48.513941,48.87561,47.857978,48.746663,888058.0
2017-07-27,48.696496,49.239171,48.252213,49.044051,880623.0
2017-07-28,49.169848,49.809796,48.857067,49.718441,771254.0
2017-07-31,49.852176,50.411458,49.183137,50.164552,781523.0
2017-08-01,50.19983,50.431297,48.371187,49.163471,1008552.0
2017-08-02,48.795154,49.650434,48.556562,49.593623,847645.0
2017-08-03,49.587759,49.971178,48.785594,49.025204,837645.0
2017-08-04,48.949462,49.638097,48.494365,49.580179,745758.0
2017-08-07,49.591962,49.736441,48.543172,49.389039,831317.0
2017-08-08,49.313051,49.79609,48.860764,49.17408,924239.0
2017-08-09,49.006584,49.708486,48.892999,49.564022,858180.0
2017-08-10,49.682663,50.217011,48.350726,48.588933,1135472.0
2017-08-11,48.521895,48.981208,47.980672,48.813652,804342.0
2017-08-14,48.786968,49.156046,47.440164,47.586886,763208.0
2017-08-15,47.491673,47.901659,47.02377,47.547974,770482.0
2017-08-16,47.724605,47.989935,46.672505,46.768513,815592.0
2017-08-17,46.800887,47.179981,46.461931,47.094184,608300.0
2017-08-18,46.934121,48.749774,46.784652,48.507694,253108.0
2017-08-21,48.731098,48.756772,47.029101,47.376374,129193.0
2017-08-22,47.44135,48.027536,47.200895,47.631606,864426.0
2017-08-23,47.638614,48.494741,47.525994,48.406774,701592.0
2017-08-24,48.362596,48.426263,47.061172,47.43165,831387.0
2017-08-25,47.633076,47.909432,47.383505,47.871978,646581.0
2017-08-28,47.884218,48.201208,46.160734,46.558424,921217.0
2017-08-29,46.859033,46.962971,45.760012,46.435826,895731.0
2017-08-30,46.313543,46.715134,45.839307,45.960028,895624.0
2017-08-31,45.954876,47.4825,45.583364,47.229505,882742.0
2017-09-01,47.071055,47.361417,46.558077,47.284881,915516.0
2017-09-05,47.277047,48.977978,47.153953,48.664881,742710.0
2017-09-06,48.590318,49.415484,48.52206,49.16339,788977.0
2017-09-07,49.133825,49.324425,48.632445,49.088463,702516.0
2017-09-08,49.085593,49.262945,47.277655,47.46941,843794.0
2017-09-11,47.59116,48.271922,47.004311,48.076065,774469.0
2017-09-12,48.120577,48.437514,47.730567,48.230026,676110.0
2017-09-13,48.343407,49.396412,48.11377,49.306767,706928.0
2017-09-14,49.30976,50.495163,49.146027,49.886405,709020.0
2017-09-15,49.724644,50.135089,49.409867,49.892999,433643.0
2017-09-18,49.846406,50.338484,49.190625,49.915126,189640.0
2017-09-19,49.912233,50.416462,49.318778,49.465016,143370.0
2017-09-20,49.856523,50.645265,49.746719,50.411533,754347.0
2017-09-21,50.718189,50.808568,50.067547,50.539525,580617.0
2017-09-22,50.739753,50.774268,50.292094,50.657041,473857.0
2017-09-25,50.674722,52.28133,50.386523,52.224049,701211.0
2017-09-26,52.13076,52.42851,51.439512,51.873203,709715.0
2017-09-27,52.088448,52.339512,51.634747,52.134107,636970.0
2017-09-28,52.053196,52.862325,51.215157,51.558001,801777.0
2017-09-29,51.580641,51.764839,51.261561,51.669007,552087.0
2017-10-02,51.647206,51.702606,50.066727,50.58801,600937.0
2017-10-03,50.591023,50.734802,50.132822,50.429645,462719.0
2017-10-04,50.154906,50.672874,49.770857,49.976211,598946.0
2017-10-05,49.869791,51.218757,49.851438,50.790655,654435.0
2017-10-06,50.75596,50.81336,49.103217,49.288438,743001.0
2017-10-09,49.242003,49.793073,49.126222,49.580485,505184.0
2017-10-10,49.544888,51.06081,49.537766,50.915899,664837.0
2017-10-11,50.936289,51.425664,50.606696,51.305823,651981.0
2017-10-12,50.995865,51.133095,50.153668,50.605221,729399.0
2017-10-13,50.729101,51.713517,50.703444,51.445014,667391.0
2017-10-16,51.431318,52.377704,51.353998,51.870061,520641.0
2017-10-17,51.926214,52.263382,51.213402,51.888674,471615.0
2017-10-18,51.947027,52.337428,51.690545,52.037532,152622.0
2017-10-19,52.051493,52.169275,51.088187,51.288059,127419.0
2017-10-20,51.424653,51.732763,50.700433,51.468683,674163.0
2017-10-23,52.068298,52.301416,51.67615,51.898181,583606.0
2017-10-24,51.890306,52.62363,51.548872,52.47396,709449.0
2017-10-25,52.557736,52.568737,51.889993,52.182263,681799.0
2017-10-26,52.182222,52.849251,51.908702,52.637965,594584.0
2017-10-27,52.793386,54.196184,52.250665,53.898805,730992.0
2017-10-30,54.155503,54.462685,53.739664,54.146111,565032.0
2017-10-31,54.081992,54.850483,53.933987,54.378923,497329.0
2017-11-01,54.650364,55.221674,53.902927,54.298218,671039.0
2017-11-02,54.278024,54.841161,53.986192,54.535435,482843.0
2017-11-03,54.734646,55.763001,54.397617,55.636688,614085.0
2017-11-06,55.96675,57.617126,55.665999,57.348856,861642.0
2017-11-07,57.264595,57.69448,56.823394,57.196958,750107.0
2017-11-08,56.961722,57.935237,56.409553,56.809071,919042.0
2017-11-09,56.856244,57.535229,56.687205,57.178579,667000.0
2017-11-10,57.021916,57.353695,56.550858,56.732397,541265.0
2017-11-13,56.896739,57.149211,56.304492,56.772403,631721.0
2017-11-14,56.719406,56.778009,54.809149,55.703026,707249.0
2017-11-15,55.071556,55.569875,54.876239,55.325078,501366.0
2017-11-16,55.29207,55.617939,54.926519,55.139809,213943.0
2017-11-17,55.251225,56.675693,55.175917,56.557488,184983.0
2017-11-20,56.677255,56.75939,55.584065,56.082937,593258.0
2017-11-21,56.375971,57.222512,56.312795,56.823822,619034.0
2017-11-22,57.11932,58.152561,57.03525,58.022603,837399.0
2017-11-24,58.052031,59.043724,57.74803,58.948928,577811.0
2017-11-27,58.950598,58.985323,57.54216,58.104653,689962.0
2017-11-28,57.864089,58.118408,57.421089,57.987544,546558.0
2017-11-29,57.716911,58.300168,56.750308,57.301916,741634.0
2017-11-30,57.409747,57.969451,56.824963,57.402618,735065.0
2017-12-01,57.425868,58.879936,57.302292,58.362644,685154.0
2017-12-04,58.318534,58.328612,57.350163,57.458965,529937.0
2017-12-05,57.47336,57.924631,57.083937,57.614784,499299.0
2017-12-06,57.439554,57.569574,55.872017,55.965816,679003.0
2017-12-07,55.991801,56.77545,55.814462,56.685408,557352.0
2017-12-08,56.650364,57.787334,56.54039,57.353113,681528.0
2017-12-11,57.244485,58.085221,56.911244,57.991717,606776.0
2017-12-12,58.015639,58.557588,56.856654,57.142051,826387.0
2017-12-13,57.454314,57.829168,56.542179,56.600808,658158.0
2017-12-14,56.689643,57.221503,56.089175,57.040763,580515.0
2017-12-15,57.154619,57.487902,56.934943,57.308389,210048.0
2017-12-18,57.371642,57.782006,56.813061,57.160554,137175.0
2017-12-19,57.297917,57.638817,57.158271,57.468253,420731.0
2017-12-20,57.648849,58.128808,57.443014,58.082933,420807.0
2017-12-21,58.017565,58.399176,57.628274,58.35735,405391.0
2017-12-22,58.212611,58.502786,57.869882,58.46696,324598.0
2017-12-26,58.388822,60.018128,58.322045,59.96435,437771.0
2017-12-27,59.788496,59.932038,59.330617,59.635251,402448.0
2017-12-28,59.528858,59.926817,59.434568,59.842031,345975.0
2017-12-29,59.893691,60.519564,59.82498,60.412889,464528.0
2018-01-02,60.192901,60.738272,60.094113,60.357913,510316.0
2018-01-03,60.392454,61.976706,60.280386,61.623794,673972.0
2018-01-04,61.957241,62.205925,61.585364,62.01932,654177.0
2018-01-05,61.909206,62.053249,61.089539,61.448968,563010.0
2018-01-08,61.618273,61.961874,61.331526,61.738596,616434.0
2018-01-09,61.911264,63.485634,61.797849,62.951695,844647.0
2018-01-10,63.398706,63.665958,63.093636,63.569837,697773.0
2018-01-11,63.505027,64.769319,63.423101,63.798029,876827.0
2018-01-12,63.570576,64.492509,63.065525,64.29291,678655.0
2018-01-16,64.434818,64.896014,63.387478,63.728198,867963.0
2018-01-17,63.893378,64.1789,63.31216,63.96126,444379.0
2018-01-18,64.071019,64.358788,63.473035,63.943402,204501.0
2018-01-19,63.734257,63.763078,62.848461,63.373518,142697.0
2018-01-22,63.614297,64.141403,63.171598,63.494685,625909.0
2018-01-23,63.89141,64.88363,63.692552,64.466326,662396.0
2018-01-24,64.413564,66.052041,64.344208,65.611699,886963.0
2018-01-25,65.890813,66.651895,65.074237,65.511832,771763.0
2018-01-26,65.24798,66.344823,64.918584,66.139526,678119.0
2018-01-29,66.181511,66.462063,64.991279,65.559205,656203.0
2018-01-30,65.525702,65.55494,63.894441,64.504023,688361.0
2018-01-31,64.023573,64.950736,63.674748,64.743028,613287.0
2018-02-01,64.767105,66.249602,64.628733,65.79374,685853.0
2018-02-02,65.981893,66.294186,64.474383,65.463879,857374.0
2018-02-05,65.10153,65.395684,63.417155,64.1515,891135.0
2018-02-06,63.427253,64.290956,63.125442,63.37724,798019.0
2018-02-07,63.93252,64.187584,61.247137,61.792171,1029344.0
2018-02-08,61.696629,62.093533,60.265551,61.164971,929463.0
2018-02-09,60.426391,60.766885,58.065714,59.194202,933267.0
2018-02-12,59.128467,60.832198,59.111429,59.296622,736859.0
2018-02-13,59.347511,59.731909,58.393663,59.193497,580642.0
2018-02-14,58.975236,60.913574,58.192768,60.604408,650368.0
2018-02-15,60.713991,61.637987,59.719482,61.342136,340415.0
2018-02-16,61.453184,61.988488,60.878323,61.674337,181172.0
2018-02-20,61.630259,62.749448,61.584701,61.904488,794323.0
2018-02-21,61.625515,61.860409,60.923621,61.680076,466909.0
2018-02-22,61.340381,63.087359,60.762384,62.763726,592579.0
2018-02-23,62.605402,63.731363,62.332954,63.545527,460606.0
2018-02-26,63.599776,64.240757,63.063343,63.905872,469837.0
2018-02-27,64.070365,64.078998,62.637598,63.004795,562716.0
2018-02-28,62.784437,63.433147,61.364653,61.640648,768375.0
2018-03-01,61.531822,61.827659,60.195903,60.99362,812662.0
2018-03-02,61.345241,61.595481,60.138743,61.252607,613438.0
2018-03-05,61.558169,62.792946,61.110992,62.579658,599244.0
2018-03-06,62.579648,63.274257,62.176664,62.601644,634927.0
2018-03-07,62.308186,62.56918,60.568939,61.15191,879111.0
2018-03-08,61.320483,61.394422,59.951144,60.133448,720418.0
2018-03-09,60.272088,62.180616,60.146503,62.035206,659664.0
2018-03-12,62.097455,62.330667,60.666327,61.36749,537999.0
2018-03-13,61.366704,61.957712,60.272025,60.706962,747784.0
2018-03-14,60.879436,61.327449,60.1167,60.955194,665006.0
2018-03-15,60.95191,61.542811,60.810677,61.183127,430172.0
2018-03-16,61.175627,62.537392,61.077645,62.33023,202507.0
2018-03-19,62.233186,62.343037,61.368878,62.074067,115964.0
2018-03-20,62.112281,63.803906,62.075388,63.396338,717820.0
2018-03-21,63.708005,65.531013,63.575625,65.17284,763856.0
2018-03-22,65.487901,65.737494,64.138482,64.287331,689226.0
2018-03-23,64.274924,65.998546,64.1082,65.893264,753018.0
2018-03-26,65.889314,66.546496,65.083169,65.543397,585957.0
2018-03-27,65.528577,66.403217,64.53351,65.254975,670747.0
2018-03-28,64.699519,65.128875,63.720463,64.379118,697617.0
2018-03-29,64.7004,65.272496,64.172478,64.949434,562782.0
2018-04-02,64.924865,65.416221,62.787965,63.010351,582819.0
2018-04-03,62.879997,63.844092,62.851607,63.515624,527255.0
2018-04-04,63.597668,63.638949,62.061011,63.371043,760488.0
2018-04-05,63.603386,64.119587,63.061708,63.537906,588579.0
2018-04-06,63.700083,63.792136,61.810416,62.056086,753082.0
2018-04-09,62.006081,63.614442,61.922822,63.414793,655850.0
2018-04-10,63.29406,65.856726,63.192091,65.50494,840199.0
2018-04-11,65.590829,67.444915,65.150029,66.82793,962812.0
2018-04-12,66.745573,67.312621,66.003055,67.070404,687569.0
2018-04-13,67.1784,67.766261,66.696632,67.397451,624234.0
2018-04-16,67.251179,67.747083,66.126847,66.22774,560038.0
2018-04-17,66.423337,66.741617,65.553875,66.516566,486160.0
2018-04-18,66.677308,68.903861,66.559922,68.47635,221656.0
2018-04-19,68.742871,69.55993,67.99128,68.293586,126015.0
2018-04-20,68.265655,68.618671,67.487243,68.370641,724966.0
2018-04-23,68.219045,69.027807,67.142706,68.632888,740838.0
2018-04-24,68.941313,69.386053,67.546491,67.701578,832278.0
2018-04-25,67.755549,68.17942,67.109671,68.046974,763973.0
2018-04-26,68.021902,68.79198,67.714905,68.196261,660469.0
2018-04-27,68.212594,68.357254,67.638324,68.10566,542524.0
2018-04-30,68.153368,69.337346,67.169206,68.578541,755265.0
2018-05-01,68.56042,68.895331,66.85395,67.250608,694721.0
2018-05-02,67.498411,68.148976,66.923771,67.925905,789345.0
2018-05-03,67.675998,68.602532,67.204238,68.431986,691195.0
2018-05-04,68.495662,69.972878,68.117817,69.722339,690923.0
2018-05-07,69.853599,70.83131,69.507744,70.733134,758882.0
2018-05-08,70.033288,70.400293,67.626704,69.060409,1253695.0
2018-05-09,70.057464,71.363584,69.844678,71.134176,863263.0
2018-05-10,71.230311,71.897413,70.562767,71.3669,749926.0
2018-05-11,71.453051,71.640504,70.444182,70.687692,634108.0
2018-05-14,70.550836,71.264025,70.261197,70.951718,592844.0
2018-05-15,71.143372,71.931079,70.421143,71.31535,815304.0
2018-05-16,71.016532,71.594568,70.667756,71.489513,574217.0
2018-05-17,71.566239,72.295502,71.096956,71.48701,562634.0
2018-05-18,71.595598,71.749199,70.987739,71.275764,211774.0
2018-05-21,71.46205,72.59969,71.24575,72.239062,119894.0
2018-05-22,72.524258,72.819277,71.894628,72.126217,723434.0
2018-05-23,72.110479,72.256734,71.191597,71.839385,702823.0
2018-05-24,71.83747,71.997032,70.514592,70.69863,640877.0
2018-05-25,70.653049,70.79564,67.430135,67.889638,955305.0
2018-05-29,66.496015,67.351832,65.91321,66.741392,1059772.0
2018-05-30,66.857605,68.677602,66.344413,68.227045,726996.0
2018-05-31,68.244967,68.296047,66.55561,67.040502,917591.0
2018-06-01,67.072727,67.341328,65.510222,65.808175,781266.0
2018-06-04,65.707447,66.027599,64.569991,64.751268,696153.0
2018-06-05,64.941853,65.572292,64.221052,65.514222,714751.0
2018-06-06,65.519472,65.965513,64.270041,64.73246,708833.0
2018-06-07,65.079863,66.072484,64.815955,65.94969,675110.0
2018-06-08,65.984591,66.243689,65.163129,65.738694,571316.0
2018-06-11,65.557483,66.342905,64.845649,66.094558,558312.0
2018-06-12,66.048669,66.708422,65.868525,66.365327,524331.0
2018-06-13,66.010011,66.895033,65.520616,66.638857,626398.0
2018-06-14,66.628793,67.17534,66.366946,66.893343,460176.0
2018-06-15,66.633973,67.161381,64.293905,65.056403,512654.0
2018-06-18,64.408706,65.984265,63.593985,65.850318,218920.0
2018-06-19,65.806697,65.897295,64.405722,65.06635,122664.0
2018-06-20,65.112133,66.516873,65.005762,66.212493,801606.0
2018-06-21,65.340836,66.221088,64.34074,65.534098,760769.0
2018-06-22,65.927956,69.376324,65.709715,68.5792,1136386.0
2018-06-25,68.759594,69.440881,67.776306,68.081506,816120.0
2018-06-26,68.20694,70.913394,67.718641,70.529824,848507.0
2018-06-27,70.673343,73.064122,70.567175,72.752678,775113.0
2018-06-28,72.266584,74.03288,72.206477,73.453727,717278.0
2018-06-29,73.343738,74.464979,72.916353,74.1314,602394.0
2018-07-02,73.629967,74.350638,72.522986,73.955415,652161.0
2018-07-03,74.085067,75.271523,72.722175,74.139431,667192.0
2018-07-05,74.3546,74.796555,72.523333,72.934972,841597.0
2018-07-06,73.158344,74.003777,72.132699,73.805936,611427.0
2018-07-09,73.860074,74.291219,73.006941,73.849609,532939.0
2018-07-10,74.040585,74.703932,73.653895,74.111093,586853.0
2018-07-11,74.202593,74.252047,70.021164,70.39017,861620.0
2018-07-12,70.590886,71.242408,69.234195,70.326559,707852.0
2018-07-13,70.375296,71.655785,69.842534,71.012987,530304.0
2018-07-16,70.530191,70.864496,67.588418,68.056759,530450.0
2018-07-17,68.035187,68.440598,67.03349,68.083981,440749.0
2018-07-18,67.604474,69.067003,67.048889,68.756321,187320.0
2018-07-19,69.000817,70.182243,67.800184,69.477806,103214.0
2018-07-20,69.384268,71.101896,69.354924,70.465251,500999.0
2018-07-23,68.172498,69.322709,67.592698,67.888015,555864.0
2018-07-24,67.789665,69.043185,67.556211,68.5134,524626.0
2018-07-25,68.766209,69.68769,68.182016,69.303899,623022.0
2018-07-26,69.373225,69.918069,68.924842,69.610785,489041.0
2018-07-27,69.58158,69.761488,68.258034,68.698145,460481.0
2018-07-30,69.018242,70.420907,68.798895,70.138336,463056.0
2018-07-31,70.064872,70.22517,67.978136,68.764073,519154.0
2018-08-01,68.426964,68.52446,67.297768,67.658478,576573.0
2018-08-02,67.850028,69.367844,66.921536,68.950278,531116.0
2018-08-03,68.987878,69.226846,67.866903,68.49418,476623.0
2018-08-06,68.660522,69.926529,68.502888,69.010425,495627.0
2018-08-07,68.894669,69.828098,68.821887,69.178832,485005.0
2018-08-08,69.097381,69.376657,66.313685,66.947826,760281.0
2018-08-09,66.785218,67.418771,66.488522,66.798934,509341.0
2018-08-10,66.733161,67.863623,66.140314,67.629159,524622.0
2018-08-13,67.774833,67.940816,65.69904,67.192088,578261.0
2018-08-14,67.420981,68.369758,66.57768,67.036933,538432.0
2018-08-15,66.621321,66.898722,64.511796,65.013921,573494.0
2018-08-16,64.952163,65.529866,64.427452,65.466597,383406.0
2018-08-17,65.470042,66.389133,65.306392,65.901288,171387.0
2018-08-20,65.913859,66.677828,65.596578,66.410496,112722.0
2018-08-21,66.617984,68.104805,66.524755,67.355881,437216.0
2018-08-22,66.085328,68.153224,65.983892,67.857886,581921.0
2018-08-23,68.076363,68.120293,67.317512,67.82925,450630.0
2018-08-24,67.90155,69.311975,67.786156,68.717752,517750.0
2018-08-27,68.565747,68.978684,68.332753,68.87347,332534.0
2018-08-28,68.924114,69.208647,68.211774,68.533338,426855.0
2018-08-29,68.54307,69.75978,68.366236,69.511612,497082.0
2018-08-30,69.710782,70.490128,69.542574,70.250864,445598.0
2018-08-31,70.042353,70.352535,69.641627,69.799313,419706.0
2018-09-04,70.111667,71.39264,69.075041,69.878932,786101.0
2018-09-05,69.426935,69.592732,68.562681,68.70998,542128.0
2018-09-06,68.633993,69.010512,67.005659,67.776191,633848.0
2018-09-07,67.883583,68.072686,66.862002,67.759755,530813.0
2018-09-10,67.815931,68.534635,67.335632,67.552642,571155.0
2018-09-11,67.524656,70.014401,67.4841,69.260198,676929.0
2018-09-12,69.904604,71.261902,69.501331,70.373638,800427.0
2018-09-13,70.234064,70.284357,68.347862,68.593951,684896.0
2018-09-14,68.790378,69.90981,67.945694,69.000894,610971.0
2018-09-17,68.925565,69.723589,68.542011,68.917795,422323.0
2018-09-18,68.798112,70.422746,68.536903,69.838726,234218.0
2018-09-19,69.705978,71.501878,69.647753,71.121079,125216.0
2018-09-20,71.390985,71.813112,70.712732,70.812741,607578.0
2018-09-21,70.201853,71.798527,69.984373,70.788233,855955.0
2018-09-24,71.148226,72.73522,71.133967,72.084993,576937.0
2018-09-25,72.245748,72.783297,71.892258,72.282102,551309.0
2018-09-26,72.098842,72.382068,71.467248,71.575902,464404.0
2018-09-27,71.993829,72.602435,71.699125,72.125706,454534.0
2018-09-28,72.188559,73.726095,71.885719,73.270642,544039.0
2018-10-01,73.281046,75.764837,72.94586,75.301212,601517.0
2018-10-02,75.416758,75.91458,74.935031,75.224099,463660.0
2018-10-03,75.129976,76.903689,74.30341,76.424183,698941.0
2018-10-04,76.1941,76.471198,73.875885,74.32786,687957.0
2018-10-05,74.674869,75.228366,73.84104,74.312506,613147.0
2018-10-08,74.407971,74.58061,73.070986,74.285482,554917.0
2018-10-09,74.208395,75.282061,74.009923,74.966299,623644.0
2018-10-10,74.679235,75.073764,72.383536,73.166241,652701.0
2018-10-11,72.666644,72.767855,70.5122,70.974018,783954.0
2018-10-12,71.000025,72.00625,70.634961,71.34467,626748.0
2018-10-15,71.843722,72.697265,70.852077,71.788383,568622.0
2018-10-16,71.723288,72.293777,71.018053,71.917867,534976.0
2018-10-17,72.178992,72.433333,69.434284,69.752576,651558.0
2018-10-18,70.025802,70.025802,68.478756,68.647914,215347.0
2018-10-19,68.689489,69.771605,68.571203,69.122902,108304.0
2018-10-22,69.415622,69.652287,68.280082,69.174059,513869.0
2018-10-23,69.552268,69.66575,65.737969,66.427838,853188.0
2018-10-24,66.177781,67.708235,66.046414,66.830696,776029.0
2018-10-25,66.370938,67.641514,65.982806,67.339191,572978.0
2018-10-26,66.955795,67.874113,66.198288,67.592061,595225.0
2018-10-29,67.546153,67.952278,66.294501,67.044191,477496.0
2018-10-30,66.685257,67.254215,65.330119,66.17005,680485.0
2018-10-31,66.321142,67.003913,64.820944,65.312667,666510.0
2018-11-01,64.87084,65.392645,63.096616,63.683312,790308.0
2018-11-02,63.501228,63.943377,62.625066,63.138807,708911.0
2018-11-05,62.991718,64.131926,62.527135,63.099308,609036.0
2018-11-06,62.693739,63.308513,61.314058,62.210412,761113.0
2018-11-07,61.738373,63.181242,61.213807,61.673249,866657.0
2018-11-08,61.629505,62.426108,60.391074,60.667529,764435.0
2018-11-09,60.749572,60.785561,59.260882,60.194996,821740.0
2018-11-12,60.6953,61.280129,58.686785,59.931669,806090.0
2018-11-13,58.871412,59.347325,54.747198,55.678964,1095622.0
2018-11-14,55.274489,57.378924,55.122041,56.246023,844790.0
2018-11-15,56.017329,57.256423,55.586132,56.463955,256512.0
2018-11-16,56.56872,57.956943,55.892109,56.47042,159010.0
2018-11-19,56.721818,57.33947,55.073441,56.75465,699665.0
2018-11-20,57.377318,57.450745,52.762433,53.434719,983138.0
2018-11-21,53.381464,55.858502,53.381464,54.620734,734182.0
2018-11-23,53.869899,54.117537,50.155637,50.427583,1014641.0
2018-11-26,50.617367,52.249946,50.100598,51.632358,663026.0
2018-11-27,51.541212,52.375947,50.296869,51.562554,764031.0
2018-11-28,52.088903,52.561122,50.061848,50.289783,831769.0
2018-11-29,50.307869,52.200484,49.415238,51.446033,812704.0
2018-11-30,51.272485,51.791754,49.654975,50.928979,796644.0
2018-12-03,52.446736,53.844524,52.030479,52.961694,758049.0
2018-12-04,53.12423,54.548363,52.432104,53.247486,738020.0
2018-12-06,52.927359,53.306599,50.082959,51.496546,987263.0
2018-12-07,51.762708,54.224533,50.593979,52.608023,987729.0
2018-12-10,52.03588,52.815152,50.528888,50.999772,733289.0
2018-12-11,50.886565,52.430605,50.700767,51.643824,665259.0
2018-12-12,51.942804,52.887557,50.945399,51.143924,730861.0
2018-12-13,51.200465,53.27126,50.356874,52.585874,733660.0
2018-12-14,52.83865,52.95226,50.839195,51.196465,526740.0
2018-12-17,51.25378,51.877159,49.015263,49.879303,211230.0
2018-12-18,49.166774,49.590028,45.786021,46.244457,120093.0
2018-12-19,45.930814,47.99628,45.927843,47.194242,817668.0
2018-12-20,47.395446,47.510522,45.664853,45.88166,794187.0
2018-12-21,46.254485,46.771574,45.127909,45.586683,694036.0
2018-12-24,45.452925,46.239359,42.352742,42.522017,415872.0
2018-12-26,42.854223,46.993209,42.513658,46.221909,698490.0
2018-12-27,46.577558,46.701238,44.367992,44.605014,665541.0
2018-12-28,45.444618,46.218008,44.410894,45.335069,564317.0
2018-12-31,45.213187,46.524696,44.721983,45.412215,477048.0
2019-01-02,45.795509,47.779987,44.34991,46.547081,850421.0
2019-01-03,46.257649,47.474064,45.343001,47.102138,788678.0
2019-01-04,46.901215,49.219204,46.649563,47.960833,817292.0
2019-01-07,48.302165,49.791449,48.108738,48.529367,819949.0
2019-01-08,48.732608,49.956443,48.306321,49.770439,766137.0
2019-01-09,49.796033,52.582094,49.701941,52.357158,891957.0
2019-01-10,52.179419,52.782267,51.376374,52.597384,821708.0
2019-01-11,52.280529,53.303382,51.187584,51.587377,812396.0
2019-01-14,51.723321,52.124231,50.384306,50.504215,791539.0
2019-01-15,50.788891,52.301056,50.63889,52.111506,664195.0
2019-01-16,51.999037,52.523508,51.259834,52.306352,694206.0
2019-01-17,52.301541,52.58798,50.985946,52.077735,288552.0
2019-01-18,52.224949,53.914399,52.093267,53.802004,193092.0
2019-01-22,53.730894,54.240086,51.805845,52.577068,951212.0
2019-01-23,52.94423,53.638538,51.853839,52.620116,702685.0
2019-01-24,52.455023,53.47503,52.066173,53.124467,714552.0
2019-01-25,53.168098,53.942329,52.904606,53.69891,593422.0
2019-01-28,53.547909,53.647923,51.325414,51.995204,650674.0
2019-01-29,52.114617,53.938682,51.838646,53.312538,660549.0
2019-01-30,53.242226,54.925571,53.082998,54.225143,731351.0
2019-01-31,54.28479,55.374173,53.615065,53.791832,718618.0
2019-02-01,54.008181,55.671422,53.375819,55.26448,689578.0
2019-02-04,55.315839,55.751142,53.291231,54.561362,622533.0
2019-02-05,54.861131,55.206826,53.478569,53.664413,609740.0
2019-02-06,53.728906,54.299646,52.862025,54.008524,606770.0
2019-02-07,53.931909,54.210046,51.797045,52.644489,749071.0
2019-02-08,52.58976,52.994498,52.07686,52.711288,621057.0
2019-02-11,52.648661,52.774216,51.225699,52.407593,750274.0
2019-02-12,52.466453,54.052557,52.295056,53.100348,708191.0
2019-02-13,53.339386,54.603019,53.271753,53.897446,706539.0
2019-02-14,53.958924,54.685235,53.082652,54.413951,623564.0
2019-02-15,54.473497,55.865782,54.235898,55.586723,276876.0
2019-02-19,55.778591,56.328547,55.299045,56.095245,153726.0
2019-02-20,55.943053,57.54796,55.4794,56.912772,685114.0
2019-02-21,57.230597,57.616343,56.64755,56.956756,546206.0
2019-02-22,56.837329,57.809177,56.70165,57.257127,513460.0
2019-02-25,57.158431,57.527916,55.078699,55.481085,723022.0
2019-02-26,55.46255,56.099819,55.038902,55.493525,538859.0
2019-02-27,55.94763,57.396893,55.719742,56.938077,577244.0
2019-02-28,56.992845,57.431912,56.419548,57.215254,496647.0
2019-03-01,57.225446,57.878035,55.571902,55.805747,684335.0
2019-03-04,55.829396,56.997305,55.805621,56.590716,549365.0
2019-03-05,56.451148,57.191411,56.08893,56.557331,538354.0
2019-03-06,56.280129,56.405063,55.413032,56.218124,637638.0
2019-03-07,56.198315,56.988749,56.078423,56.669131,628790.0
2019-03-08,56.435582,56.509246,54.525528,56.069762,747274.0
2019-03-11,56.069708,57.013685,55.95613,56.795165,597223.0
2019-03-12,56.755409,57.546104,56.736342,56.85621,652783.0
2019-03-13,57.093017,58.475521,57.004743,58.258904,610606.0
2019-03-14,58.352186,58.744937,58.004642,58.606047,567576.0
2019-03-15,58.50915,58.953049,57.750385,58.511788,507494.0
2019-03-18,58.451223,59.224501,58.049912,59.090933,157269.0
2019-03-19,59.002596,59.56818,58.625166,59.023429,114807.0
2019-03-20,59.026812,60.119875,58.390757,59.834702,786311.0
2019-03-21,59.995778,60.391518,59.661406,59.98593,655428.0
2019-03-22,59.871124,60.068742,58.276573,59.036888,738896.0
2019-03-25,58.984223,59.363464,58.164375,58.829484,705464.0
2019-03-26,59.134116,60.381261,59.036476,59.940204,685920.0
2019-03-27,60.021986,60.218124,58.817894,59.418892,731981.0
2019-03-28,59.399638,59.556669,58.197502,59.306884,712276.0
2019-03-29,59.530327,60.73496,59.397519,60.153882,705498.0
2019-04-01,60.237208,61.795843,60.136125,61.601342,670773.0
2019-04-02,61.797056,62.748954,61.598931,62.58036,793221.0
2019-04-03,62.645219,62.989059,62.05738,62.466048,799689.0
2019-04-04,62.492178,62.773311,61.883094,62.101134,684871.0
2019-04-05,62.175218,63.340194,61.821195,63.080825,686869.0
2019-04-08,63.325231,64.471306,63.131867,64.407861,896009.0
2019-04-09,64.4091,64.782708,63.672964,63.983137,790679.0
2019-04-10,64.215219,64.701766,64.041158,64.608066,722204.0
2019-04-11,64.483163,64.483163,63.300124,63.573478,760459.0
2019-04-12,63.701253,64.639834,63.655542,63.889474,625599.0
2019-04-15,63.759963,63.842915,63.039464,63.406582,555988.0
2019-04-16,63.563111,64.374977,62.988186,64.051173,547528.0
2019-04-17,64.310094,64.609779,63.664154,63.756919,235354.0
2019-04-18,63.749888,64.157479,63.4581,64.004243,148243.0
2019-04-22,64.000665,65.91992,63.995493,65.698496,763535.0
2019-04-23,65.760679,66.606577,65.577816,66.300763,700514.0
2019-04-24,66.170168,66.423059,65.661031,65.89316,678508.0
2019-04-25,65.804212,66.284536,64.895604,65.21496,602978.0
2019-04-26,65.122631,65.182852,62.28632,63.293286,1000889.0
2019-04-29,62.962423,63.686222,62.449424,63.503276,654128.0
2019-04-30,63.575358,64.756095,63.292518,63.910638,750437.0
2019-05-01,63.401339,63.924649,62.765504,63.606233,676835.0
2019-05-02,63.614535,63.685257,60.954935,61.807116,914742.0
2019-05-03,61.547401,62.514122,61.290233,61.931097,646778.0
2019-05-06,61.425203,62.941511,60.033465,62.255842,768844.0
2019-05-07,62.158912,62.486424,60.658942,61.405315,842684.0
2019-05-08,61.439985,62.3665,61.067359,62.111389,791805.0
2019-05-09,62.032981,62.21419,60.916133,61.702076,769478.0
2019-05-10,61.636374,62.492622,61.42269,61.650084,786458.0
2019-05-13,61.656126,63.329112,60.640819,61.045913,1003120.0
2019-05-14,60.855156,62.116728,60.681853,61.779085,751638.0
2019-05-15,61.375033,62.341773,60.846441,62.013131,723028.0
2019-05-16,62.118492,63.478287,62.076877,62.874595,545724.0
2019-05-17,63.130459,63.63356,62.512276,62.761536,215796.0
2019-05-20,63.536153,63.795703,62.446446,63.096281,131890.0
2019-05-21,63.278046,63.605692,62.753234,62.99251,641727.0
2019-05-22,62.657054,62.777564,61.027988,61.420131,766624.0
2019-05-23,61.26588,61.287673,57.330802,57.912904,1107925.0
2019-05-24,58.19844,59.103828,57.495699,58.626963,758055.0
2019-05-28,58.939548,59.563546,58.133777,59.136052,1020406.0
2019-05-29,59.063831,59.138794,56.88255,58.814709,1124918.0
2019-05-30,59.121302,59.695606,56.321649,56.584587,842158.0
2019-05-31,56.456417,56.61313,53.052216,53.500681,1031702.0
2019-06-03,53.418796,54.628336,52.105616,53.247332,984176.0
2019-06-04,52.889558,53.782537,52.423122,53.478326,831769.0
2019-06-05,52.85891,53.406727,50.611847,51.678493,943211.0
2019-06-06,51.655543,53.305583,51.172808,52.584579,790178.0
2019-06-07,53.100091,54.325054,52.617546,53.986543,828029.0
2019-06-10,54.242642,54.839162,53.053113,53.264289,687259.0
2019-06-11,53.42761,54.049757,52.91107,53.274328,642874.0
2019-06-12,53.037402,53.045143,50.715484,51.147771,786099.0
2019-06-13,51.071534,53.454278,50.919071,52.282702,945074.0
2019-06-14,52.172743,52.983766,51.703452,52.516382,574184.0
2019-06-17,52.496483,52.740815,51.578504,51.920836,397834.0
2019-06-18,51.95359,54.314845,51.503455,53.903358,181635.0
2019-06-19,54.088827,54.41992,53.268966,53.764623,122840.0
2019-06-20,54.118762,57.014642,54.10897,56.651501,854507.0
2019-06-21,57.275692,57.97239,56.657336,57.435143,676061.0
2019-06-24,57.720416,58.213727,56.758497,57.903093,597130.0
2019-06-25,57.738503,58.839061,57.207959,57.829241,673179.0
2019-06-26,58.835383,59.93446,58.657219,59.383075,686796.0
2019-06-27,59.270297,59.731358,58.612771,59.425603,531404.0
2019-06-28,59.201786,59.793436,57.747731,58.483991,556011.0
2019-07-01,59.258157,60.278086,58.344865,59.080256,674941.0
2019-07-02,59.144572,59.431254,56.093406,56.254531,879034.0
2019-07-03,56.490277,57.486794,56.046858,57.333489,600130.0
2019-07-05,57.386599,57.822853,56.28549,57.513793,697917.0
2019-07-08,57.767011,58.461799,57.304446,57.659969,540823.0
2019-07-09,57.565686,59.104571,57.293688,57.82973,551867.0
2019-07-10,58.40145,60.533004,58.359502,60.435301,690630.0
2019-07-11,60.455323,60.946571,60.137782,60.203942,573019.0
2019-07-12,60.447888,60.735383,59.938699,60.211664,469011.0
2019-07-15,60.253945,60.9159,59.205329,59.585077,566795.0
2019-07-16,59.262611,60.048214,57.070343,57.625657,712621.0
2019-07-17,57.512979,58.354827,56.215551,56.780243,504413.0
2019-07-18,56.605048,57.323494,54.719983,55.306903,215350.0
2019-07-19,55.726831,56.363698,54.979303,55.621235,105228.0
2019-07-22,56.223645,56.844366,55.719737,56.218363,619392.0
2019-07-23,56.176136,57.467614,55.733792,56.775292,521912.0
2019-07-24,57.228028,57.638698,55.323308,55.866883,745361.0
2019-07-25,55.909633,56.991071,55.81121,56.014537,559265.0
2019-07-26,55.925888,56.582159,55.681911,56.195008,476784.0
2019-07-29,56.199751,57.104464,55.812592,56.878518,529724.0
2019-07-30,57.066491,58.460204,56.955738,58.044908,547471.0
2019-07-31,58.337174,58.822113,57.811739,58.58516,613987.0
2019-08-01,57.847909,57.99203,53.58998,53.948628,886672.0
2019-08-02,54.534781,56.054789,54.142683,55.661974,739908.0
2019-08-05,55.377949,55.613089,54.219047,54.696215,823788.0
2019-08-06,54.950775,55.421828,53.28427,53.628847,682800.0
2019-08-07,53.417199,53.77209,50.51962,51.089906,1063160.0
2019-08-08,52.334543,53.057928,51.936402,52.54932,724849.0
2019-08-09,52.875899,54.915787,52.375348,54.499353,726478.0
2019-08-12,54.315568,55.179551,53.53526,54.92776,611035.0
2019-08-13,54.731814,57.478833,54.204974,57.097472,783504.0
2019-08-14,56.742591,56.850176,53.956591,55.232472,718324.0
2019-08-15,54.890551,55.32773,53.772899,54.46709,527890.0
2019-08-16,54.73423,55.664269,54.261952,54.874491,168348.0
2019-08-19,54.962746,56.415629,54.835492,56.211318,113566.0
2019-08-20,56.093584,56.597996,55.270011,56.338368,659273.0
2019-08-21,56.046197,57.130007,55.557837,55.685599,704001.0
2019-08-22,55.927141,56.455192,54.840521,55.356109,621613.0
2019-08-23,55.355494,55.590676,53.246628,54.165598,807253.0
2019-08-26,53.242042,55.256229,52.957181,53.635989,679115.0
2019-08-27,53.76176,55.730444,53.69472,54.923827,596668.0
2019-08-28,55.718715,56.74407,55.333445,55.782543,674096.0
2019-08-29,55.879913,56.891601,55.433699,56.714667,630779.0
2019-08-30,56.637545,56.721844,54.554026,55.107239,708377.0
2019-09-03,54.999045,55.233539,52.842399,53.946538,970743.0
2019-09-04,53.913988,56.578381,53.837895,56.275879,682331.0
2019-09-05,55.943863,57.749489,55.74939,56.307175,712387.0
2019-09-06,56.188313,56.956901,54.827921,56.513918,714285.0
2019-09-09,56.809185,58.165326,56.576054,57.843736,646939.0
2019-09-10,58.040232,58.763283,57.189667,57.401426,755616.0
2019-09-11,57.891504,58.301273,55.60875,55.746714,858877.0
2019-09-12,55.935461,56.342113,53.992099,55.082773,845907.0
2019-09-13,55.154173,55.682469,54.43693,54.845102,599560.0
2019-09-16,61.46969,63.374763,58.766675,62.894259,1404837.0
2019-09-17,61.965506,62.585825,58.45671,59.341932,993177.0
2019-09-18,58.804691,59.422837,57.669695,58.120326,216946.0
2019-09-19,58.195695,59.559713,58.011363,58.135105,112330.0
2019-09-20,58.651222,59.103452,57.791999,58.088418,575993.0
2019-09-23,59.269827,59.389307,57.360313,58.635872,526791.0
2019-09-24,58.438916,58.49822,56.690528,57.282014,591536.0
2019-09-25,56.704796,57.02122,55.552846,56.49053,563680.0
2019-09-26,56.682693,56.841971,55.406067,56.404184,599658.0
2019-09-27,56.514302,56.754414,54.748882,55.908092,713069.0
2019-09-30,56.540543,56.571788,53.977637,54.075174,532464.0
2019-10-01,54.280536,54.835487,53.057505,53.620252,589057.0
2019-10-02,53.994037,54.41609,52.164369,52.635807,590371.0
2019-10-03,52.468036,52.919647,50.994225,52.450226,642489.0
2019-10-04,52.283016,53.356194,52.047079,52.823956,541097.0
2019-10-07,52.686327,54.064193,52.591017,52.753769,549054.0
2019-10-08,52.806857,53.268703,51.813723,52.631168,658460.0
2019-10-09,52.562498,53.744488,52.300654,52.586869,632537.0
2019-10-10,52.691234,53.961342,51.377563,53.558348,613854.0
2019-10-11,53.885504,54.933263,53.629361,54.703635,467580.0
2019-10-14,54.909097,54.909097,52.768089,53.581079,467633.0
2019-10-15,53.523235,53.787728,52.386002,52.810403,511220.0
2019-10-16,52.920819,53.73277,52.523278,53.363185,451598.0
2019-10-17,52.985472,54.164828,52.621468,53.926895,418413.0
2019-10-18,54.090008,54.62429,53.351477,53.775462,174495.0
2019-10-21,53.707229,54.03736,52.718982,53.304278,95989.0
2019-10-22,53.394899,54.61963,53.105185,54.163541,506604.0
2019-10-23,54.303022,56.066867,53.614999,55.966745,620169.0
2019-10-24,55.896396,56.50625,55.409552,56.238372,480813.0
2019-10-25,56.070252,56.733726,55.603042,56.653806,445034.0
2019-10-28,56.647757,56.919775,55.577,55.808838,437018.0
2019-10-29,55.786219,55.918637,54.605007,55.532073,521364.0
2019-10-30,55.529956,55.731854,54.416964,55.056698,659363.0
2019-10-31,54.899326,55.587163,53.70787,54.182132,677346.0
2019-11-01,54.154163,56.340663,54.062315,56.197265,538107.0
2019-11-04,56.409274,57.432979,55.836025,56.537025,580512.0
2019-11-05,56.556199,57.50494,56.302718,57.233026,435323.0
2019-11-06,57.26572,57.850148,56.111242,56.347911,623267.0
2019-11-07,56.358204,57.878268,56.262886,57.142565,678178.0
2019-11-08,57.071186,57.488904,55.751761,57.238388,637008.0
2019-11-11,57.402797,57.402797,56.253495,56.854752,498991.0
2019-11-12,56.893197,57.543646,56.546953,56.794767,586590.0
2019-11-13,56.786689,57.525296,56.204315,57.120364,547628.0
2019-11-14,57.382249,57.786936,56.625702,56.764691,516855.0
2019-11-15,56.905251,57.96604,56.417284,57.7212,375972.0
2019-11-18,57.872165,58.080399,56.551284,57.039998,159323.0
2019-11-19,56.905555,57.103774,55.044075,55.211742,121218.0
2019-11-20,55.159913,57.257743,54.76167,57.102957,674954.0
2019-11-21,56.996329,58.664001,56.613768,58.590238,593510.0
2019-11-22,58.305363,58.735741,57.495417,57.76636,508250.0
2019-11-25,57.911958,58.1467,57.223303,58.015907,420648.0
2019-11-26,57.915639,58.571912,57.758878,58.407269,443872.0
2019-11-27,58.270819,58.685529,57.508649,58.105955,454249.0
2019-11-29,58.12872,58.31023,55.016706,55.17458,718680.0
2019-12-02,55.468057,56.667327,55.421264,55.961463,616418.0
2019-12-03,55.956408,56.794593,55.356383,56.086985,560576.0
2019-12-04,56.430936,58.653297,56.275374,58.428064,760541.0
2019-12-05,58.360238,59.10866,58.103203,58.423081,649576.0
2019-12-06,58.324728,59.846743,57.695748,59.207392,679676.0
2019-12-09,59.115904,59.251387,58.224814,59.008663,511620.0
2019-12-10,58.914515,59.513676,58.520856,59.235003,566753.0
2019-12-11,59.060031,59.222752,58.117682,58.758997,589580.0
2019-12-12,58.880143,59.727443,58.759536,59.186528,530921.0
2019-12-13,59.354392,60.481834,59.281257,60.066658,512346.0
2019-12-16,59.872684,60.333134,59.717719,60.210457,347389.0
2019-12-17,60.232634,61.053394,60.026096,60.929019,163731.0
2019-12-18,60.558074,61.187487,60.321449,60.930426,131053.0
2019-12-19,60.847631,61.463726,60.780082,61.208917,426349.0
2019-12-20,61.108822,61.199619,60.020456,60.428645,552458.0
2019-12-23,60.419862,60.76763,60.09619,60.515905,314721.0
2019-12-24,60.629569,61.167316,60.471799,61.105919,204524.0
2019-12-26,61.194911,61.837656,61.056956,61.678759,265111.0
2019-12-27,61.73673,61.967832,61.233934,61.71455,351898.0
2019-12-30,61.712315,62.341952,61.105272,61.679569,427111.0
2019-12-31,61.688347,61.873643,60.626796,61.065805,494527.0
2020-01-02,61.601199,61.601199,60.633789,61.179397,486824.0
2020-01-03,61.184612,64.085793,61.13301,63.054105,886011.0
2020-01-06,63.713784,64.72562,62.635046,63.272948,724269.0
2020-01-07,62.90046,63.147605,62.108304,62.700119,582698.0
2020-01-08,62.847391,65.643639,59.14797,59.60498,1205924.0
2020-01-09,59.985174,60.315752,58.668886,59.562242,750875.0
2020-01-10,59.607706,59.781699,58.855731,59.044404,596094.0
2020-01-13,59.039247,59.262157,57.910027,58.082654,583986.0
2020-01-14,58.033542,58.725948,57.725861,58.227799,507672.0
2020-01-15,58.203147,58.358853,57.356245,57.808888,433174.0
2020-01-16,58.092357,58.875552,57.553198,58.510879,182864.0
2020-01-17,58.58899,58.990517,58.276298,58.54031,122542.0
2020-01-21,59.167168,59.730563,57.675755,58.341941,648414.0
2020-01-22,58.255574,58.381444,56.029214,56.742217,620019.0
2020-01-23,56.103486,56.277112,54.770551,55.59407,703924.0
2020-01-24,55.686816,55.95313,53.844303,54.192233,586257.0
2020-01-27,53.698829,53.703866,52.123158,53.136418,712895.0
2020-01-28,52.77672,54.052258,52.67644,53.483901,633954.0
2020-01-29,53.967694,54.368414,52.809476,53.339883,624982.0
2020-01-30,53.087136,53.200343,51.66729,52.137356,720084.0
2020-01-31,52.912316,53.35809,50.972185,51.558002,827874.0
2020-02-03,51.009498,51.969578,49.798977,50.109097,876053.0
2020-02-04,49.948695,51.552142,49.314094,49.610187,859420.0
2020-02-05,49.504832,51.874416,49.471778,50.751072,887827.0
2020-02-06,51.167614,52.206201,50.233143,50.947857,750609.0
2020-02-07,51.100255,51.48385,50.094874,50.320948,768294.0
2020-02-10,50.115606,50.490869,49.421986,49.56592,715898.0
2020-02-11,49.604771,50.699392,49.576338,49.933912,725706.0
2020-02-12,49.961121,51.736002,49.953996,51.165227,795159.0
2020-02-13,51.721999,51.95763,50.601215,51.421725,745317.0
2020-02-14,51.507748,52.335526,51.315263,52.052304,607447.0
2020-02-18,52.22625,52.413864,50.885742,52.047817,221716.0
2020-02-19,52.118299,53.665817,51.928694,53.288536,113680.0
2020-02-20,53.501125,54.494415,53.213365,53.780215,676125.0
2020-02-21,53.740115,53.857888,52.552677,53.379633,707548.0
2020-02-24,52.593758,52.635714,50.453658,51.434552,765531.0
2020-02-25,51.370412,52.005523,49.691813,49.90744,765168.0
2020-02-26,50.07486,50.442786,48.298056,48.736469,884467.0
2020-02-27,48.635127,48.784637,45.876466,47.092507,1011924.0
2020-02-28,46.489366,47.028865,43.849558,44.752466,1101793.0
2020-03-02,43.700945,47.563485,43.324394,46.749474,949377.0
2020-03-03,47.722732,48.663131,46.46908,47.184122,1011987.0
2020-03-04,46.930546,48.410086,46.657791,46.774478,745821.0
2020-03-05,47.142198,47.57547,45.644116,45.899768,704563.0
2020-03-06,46.089642,46.380483,41.054809,41.281324,1276332.0
2020-03-09,32.867095,34.88175,27.339295,31.131327,1774429.0
2020-03-10,30.367097,35.019382,30.199244,34.355533,1064447.0
2020-03-11,34.624503,36.3473,32.56352,32.984768,874510.0
2020-03-12,33.074856,33.626298,30.020653,31.498922,1025186.0
2020-03-13,30.775044,33.871833,30.328956,31.72977,743158.0
2020-03-16,33.750347,33.753776,28.09566,28.7007,698884.0
2020-03-17,28.688545,30.302604,26.632962,26.9502,545822.0
2020-03-18,26.944122,27.222992,20.059907,20.37028,309496.0
2020-03-19,22.301027,27.708611,21.360264,25.216961,136730.0
2020-03-20,24.72822,27.891082,19.460758,22.429527,1133633.0
2020-03-23,22.517797,24.073752,20.799648,23.359819,853013.0
2020-03-24,23.871671,25.15881,23.093264,24.010841,659719.0
2020-03-25,24.372306,25.238497,22.9115,24.494756,618705.0
2020-03-26,24.246049,24.648577,22.380755,22.601324,633840.0
2020-03-27,23.289954,23.441495,20.880157,21.510298,603185.0
2020-03-30,20.932069,20.932069,19.272631,20.093489,758643.0
2020-03-31,20.227313,21.89026,20.008175,20.478636,660070.0
2020-04-01,20.101762,21.552436,19.898998,20.310631,703157.0
2020-04-02,21.220542,27.390562,20.762888,25.321684,1095788.0
2020-04-03,24.808725,29.129581,23.521265,28.339427,1007625.0
2020-04-06,26.09272,28.239513,25.278016,26.07496,752676.0
2020-04-07,26.341188,27.243054,23.54177,23.628142,797713.0
2020-04-08,24.295708,26.449619,23.736385,25.08438,823553.0
2020-04-09,26.279584,28.360998,22.565394,22.759169,1121924.0
2020-04-13,24.602311,24.742794,22.030056,22.41324,775134.0
2020-04-14,22.35844,23.078627,19.948743,20.10811,785416.0
2020-04-15,20.721081,20.89016,19.198685,19.8697,544818.0
2020-04-16,20.150623,20.527654,19.421435,19.871807,350972.0
2020-04-17,19.999281,20.218641,17.311091,18.269078,240595.0
2020-04-20,17.731123,17.849505,-40.316358,-37.621931,247972.0
2020-04-21,-13.999876,13.861752,-16.738687,10.008982,2288302.0
2020-04-22,13.117118,16.178952,10.260347,13.779048,1235181.0
2020-04-23,14.198445,18.258939,13.347418,16.497588,833575.0
2020-04-24,16.778865,17.972075,15.643095,16.935238,600207.0
2020-04-27,16.843154,16.979922,11.881859,12.781584,623273.0
2020-04-28,12.959163,13.691553,10.069311,12.34076,896892.0
2020-04-29,13.350994,16.783455,12.670979,15.059647,554147.0
2020-04-30,15.642405,19.439776,15.448185,18.839345,545475.0
2020-05-01,19.039294,20.478367,18.072137,19.778156,403171.0
2020-05-04,19.110101,21.423138,18.052203,20.387771,311463.0
2020-05-05,21.238335,25.491642,21.126921,24.562769,387275.0
2020-05-06,25.519965,26.079896,22.584215,23.988542,381104.0
2020-05-07,24.089312,26.745352,22.940947,23.551247,310228.0
2020-05-08,23.347861,24.990116,23.260962,24.740339,205174.0
2020-05-11,24.492117,25.579325,23.669136,24.146999,179579.0
2020-05-12,24.489805,26.229276,24.220124,25.781454,212297.0
2020-05-13,25.302385,26.44955,24.79261,25.289735,150868.0
2020-05-14,25.558209,27.958391,25.179624,27.554436,160519.0
2020-05-15,27.638954,29.917841,27.242618,29.430285,108006.0
2020-05-18,29.528554,33.326359,29.528554,31.819034,89371.0
2020-05-19,32.829225,33.441741,31.339347,32.495572,430822.0
2020-05-20,31.888191,33.777272,31.555543,33.490042,406431.0
2020-05-21,33.531035,34.659984,33.255027,33.919609,372866.0
2020-05-22,33.955824,33.995571,30.720582,33.247476,428980.0
2020-05-26,33.296577,34.809765,32.475757,34.346455,466775.0
2020-05-27,34.146577,34.322395,31.750031,32.81042,415279.0
2020-05-28,32.102685,34.207895,31.13532,33.704318,440071.0
2020-05-29,33.675493,35.769327,32.364465,35.488447,443615.0
2020-06-01,35.209745,35.901164,34.272329,35.43348,385709.0
2020-06-02,35.565499,37.058704,35.282951,36.819051,343447.0
2020-06-03,36.858952,38.176781,35.876867,37.290235,494220.0
2020-06-04,36.761318,37.622566,36.382295,37.407831,307633.0
2020-06-05,37.332131,39.678891,37.048451,39.553702,396916.0
2020-06-08,39.407946,40.442145,37.956751,38.196132,416700.0
2020-06-09,38.221034,39.103307,37.062717,38.939621,396064.0
2020-06-10,38.499429,39.914213,37.727854,39.6069,385964.0
2020-06-11,39.087393,39.087393,35.408189,36.337968,513899.0
2020-06-12,36.259545,36.986443,34.473218,36.267182,406424.0
2020-06-15,36.033032,37.259882,34.362009,37.123952,387442.0
2020-06-16,37.050101,39.058679,36.374004,38.379827,366342.0
2020-06-17,37.92835,38.745778,37.207684,37.962406,239476.0
2020-06-18,37.739148,38.970367,37.113403,38.842127,113402.0
2020-06-19,38.841888,40.484362,38.402238,39.746276,64118.0
2020-06-22,39.184614,40.705785,39.12213,40.453634,315184.0
2020-06-23,40.674285,41.624401,39.74984,40.370717,368811.0
2020-06-24,39.98876,40.545834,37.310776,38.011742,499576.0
2020-06-25,38.05017,39.225101,37.076355,38.717763,451646.0
2020-06-26,39.091693,39.343388,37.790375,38.49011,356696.0
2020-06-29,37.964111,39.88645,37.505484,39.702485,343898.0
2020-06-30,39.641258,40.082198,38.848487,39.272924,370121.0
2020-07-01,39.845537,40.578571,39.036762,39.820536,407219.0
2020-07-02,39.78113,40.737287,39.455028,40.647021,347080.0
2020-07-06,40.379696,41.081323,39.841853,40.627896,373216.0
2020-07-07,40.677621,40.954609,39.897464,40.619664,256594.0
2020-07-08,40.474219,41.081677,40.297654,40.89497,286721.0
2020-07-09,40.87352,40.993112,39.272791,39.61902,367384.0
2020-07-10,39.580215,40.775436,38.541254,40.558006,393194.0
2020-07-13,40.3432,40.715735,39.468819,40.108728,370706.0
2020-07-14,39.600109,40.570888,39.069578,40.29408,426989.0
2020-07-15,40.550409,41.257473,40.075246,41.203864,352538.0
2020-07-16,40.964617,41.187369,40.519205,40.741545,200117.0
2020-07-17,40.717805,40.90132,40.016053,40.592379,88196.0
2020-07-20,40.637386,40.918374,39.816313,40.806913,60173.0
2020-07-21,40.653205,42.399782,40.642404,41.957337,389103.0
2020-07-22,41.537868,42.033865,41.142485,41.901412,333693.0
2020-07-23,41.950214,42.353415,40.825556,41.070001,389458.0
2020-07-24,41.056527,41.668773,40.660248,41.284818,353141.0
2020-07-27,41.260906,41.814021,40.483842,41.592741,377697.0
2020-07-28,41.65476,41.928994,40.842732,41.041491,276826.0
2020-07-29,41.137264,41.562716,40.935053,41.275326,295836.0
2020-07-30,41.314963,41.394263,38.720893,39.918458,487354.0
2020-07-31,40.344766,40.556255,39.667051,40.273937,318780.0
2020-08-03,40.390015,41.246627,39.586469,41.013668,338332.0
2020-08-04,40.784447,42.086002,40.135847,41.699365,451532.0
2020-08-05,41.555113,43.517992,41.472429,42.196177,491329.0
2020-08-06,42.190485,42.645622,41.60725,41.949267,359679.0
2020-08-07,41.968926,42.225193,41.057352,41.223548,399064.0
2020-08-10,41.499311,42.32901,41.171965,41.941284,367832.0
2020-08-11,41.977628,42.936498,41.482827,41.617537,432873.0
2020-08-12,41.615959,42.905643,41.532951,42.675461,397814.0
2020-08-13,42.569259,42.839808,42.091736,42.241635,329513.0
2020-08-14,42.327284,42.58008,41.624377,42.009262,310881.0
2020-08-17,42.236817,42.962878,41.808301,42.885552,208440.0
2020-08-18,42.787229,42.992898,42.105664,42.89342,111614.0
2020-08-19,42.603265,43.029185,42.360768,42.928802,81294.0
2020-08-20,42.742128,42.793194,41.498235,42.581587,377012.0
2020-08-21,42.754283,42.964517,41.457553,42.338608,345343.0
2020-08-24,42.482346,42.881204,42.229847,42.626796,294757.0
2020-08-25,42.363687,43.570098,42.310864,43.351323,330790.0
2020-08-26,43.389558,43.776387,42.994161,43.387537,262270.0
2020-08-27,43.448679,43.497179,42.353809,43.039703,320941.0
2020-08-28,42.985654,43.416874,42.689549,42.965393,272800.0
2020-08-31,42.906296,43.570352,42.563618,42.613113,236907.0
2020-09-01,42.842382,43.41636,42.716583,42.76587,285146.0
2020-09-02,43.028418,43.217367,41.233244,41.509883,421718.0
2020-09-03,41.633927,41.792731,40.212218,41.368255,417567.0
2020-09-04,41.251268,41.866608,39.353211,39.773736,444148.0
2020-09-08,39.477722,39.596514,36.129095,36.766498,720933.0
2020-09-09,36.783561,38.44595,36.159404,38.052809,455363.0
2020-09-10,37.801684,38.181015,36.929645,37.30396,367552.0
2020-09-11,37.007962,37.821876,36.678026,37.340702,363776.0
2020-09-14,37.319724,37.677443,36.820715,37.257088,347586.0
2020-09-15,37.279231,38.56915,37.056275,38.282938,348865.0
2020-09-16,38.348216,40.338034,38.341797,40.159858,367619.0
2020-09-17,40.194908,41.21539,39.419603,40.973717,280676.0
2020-09-18,40.972317,41.493685,40.302865,41.108726,85911.0
2020-09-21,40.983498,41.270064,38.658361,39.309404,66193.0
2020-09-22,39.633872,40.020438,38.99918,39.601002,287878.0
2020-09-23,39.757444,40.747767,39.258252,39.925769,318791.0
2020-09-24,39.604053,40.373803,39.122365,40.312486,269997.0
2020-09-25,40.150363,40.635181,39.712175,40.251916,229039.0
2020-09-28,40.069872,40.797513,39.779689,40.596543,226433.0
2020-09-29,40.57574,40.702314,38.415122,39.293141,379608.0
2020-09-30,39.160948,40.375119,38.677584,40.214714,340346.0
2020-10-01,39.899284,40.467847,37.613014,38.724023,443464.0
2020-10-02,38.601912,38.656951,36.634536,37.049829,391359.0
2020-10-05,36.997709,39.725017,36.997709,39.221204,378613.0
2020-10-06,39.355173,40.863849,39.097525,40.674702,400524.0
2020-10-07,39.82932,40.351118,39.280957,39.946418,433022.0
2020-10-08,39.992785,41.327043,39.761398,41.192913,409752.0
2020-10-09,41.307119,41.466106,40.37614,40.598122,331638.0
2020-10-12,40.399547,40.445851,39.044385,39.430074,321971.0
2020-10-13,39.531394,40.532944,39.358418,40.200082,375470.0
2020-10-14,40.18649,41.154905,39.811809,41.03717,328347.0
2020-10-15,41.134521,41.283297,39.22608,40.958192,248282.0
2020-10-16,40.878532,41.057269,40.078667,40.882259,96502.0
2020-10-19,40.685723,41.221172,40.532514,40.831525,75349.0
2020-10-20,40.652161,41.696354,40.252802,41.461193,360645.0
2020-10-21,41.221345,41.59895,39.77591,40.034146,366869.0
2020-10-22,40.049877,41.01627,39.712745,40.646104,307479.0
2020-10-23,40.612839,40.92776,39.569193,39.848526,268925.0
2020-10-26,39.699227,39.735879,38.282077,38.554829,360168.0
2020-10-27,38.587985,39.823143,38.508247,39.568453,339476.0
2020-10-28,38.967498,39.013677,36.973287,37.392957,490036.0
2020-10-29,37.396176,37.762724,34.908484,36.168768,568799.0
2020-10-30,36.068986,36.593406,35.212566,35.792442,388896.0
2020-11-02,35.234928,37.151507,33.635747,36.806567,489327.0
2020-11-03,37.027393,38.319903,36.563567,37.658505,410587.0
2020-11-04,38.149344,39.254678,37.258749,39.15119,437052.0
2020-11-05,39.169904,39.354606,38.274187,38.78452,298454.0
2020-11-06,38.540134,38.612143,37.06015,37.136627,411064.0
2020-11-09,37.337049,41.340813,37.159535,40.299498,622910.0
2020-11-10,39.909885,41.841053,39.405771,41.355946,457111.0
2020-11-11,41.785972,43.056633,41.319924,41.449875,443752.0
2020-11-12,41.471267,42.190493,40.869826,41.114887,401029.0
2020-11-13,40.936282,40.940424,40.056065,40.130278,338196.0
2020-11-16,40.165423,42.092254,40.145921,41.331979,378801.0
2020-11-17,41.437046,41.692297,40.56484,41.433744,243662.0
2020-11-18,41.346506,42.463671,41.086912,41.823517,107030.0
2020-11-19,41.607386,41.975706,41.084103,41.735653,88146.0
2020-11-20,41.702634,42.312754,41.515354,42.149129,276357.0
2020-11-23,42.460549,43.35572,42.294186,43.062168,300699.0
2020-11-24,42.841928,45.196203,42.829223,44.912991,418542.0
2020-11-25,44.82672,46.265159,44.733363,45.713861,417139.0
2020-11-27,45.908131,46.099856,44.546829,45.526231,365165.0
2020-11-30,45.34976,45.805286,44.42623,45.341237,370690.0
2020-12-01,45.075559,45.699082,44.125306,44.540202,314903.0
2020-12-02,44.379876,45.921342,43.917464,45.278079,368845.0
2020-12-03,44.988329,45.844959,44.665269,45.636058,350749.0
2020-12-04,45.640153,46.676911,45.612735,46.263688,335404.0
2020-12-07,46.146178,46.532174,45.357084,45.756021,348879.0
2020-12-08,45.667212,45.924341,45.133906,45.598137,332671.0
2020-12-09,45.594977,46.24236,44.943305,45.52181,434965.0
2020-12-10,45.687351,47.743389,45.520338,46.77813,447437.0
2020-12-11,46.966266,47.297543,46.340233,46.564822,367282.0
2020-12-14,46.722269,47.442071,45.683402,46.982191,403576.0
2020-12-15,46.988201,47.719423,46.540144,47.614807,311150.0
2020-12-16,47.594699,47.939133,47.169927,47.822339,275338.0
2020-12-17,47.843278,48.5896,47.805101,48.36578,96534.0
2020-12-18,48.433364,49.280234,48.100308,49.11121,83736.0
2020-12-21,48.547025,48.604521,46.176202,47.740907,478116.0
2020-12-22,47.927932,47.961086,46.606771,47.020596,295765.0
2020-12-23,46.798739,48.502548,46.160376,48.124097,344323.0
2020-12-24,48.090775,48.620606,47.562451,48.235549,167365.0
2020-12-28,48.220494,48.963205,47.498955,47.62409,238488.0
2020-12-29,47.725309,48.352556,47.674884,47.988202,213775.0
2020-12-30,48.132489,48.655597,47.609269,48.392618,266895.0
2020-12-31,48.352864,48.583321,47.769605,48.525012,181893.0
2021-01-04,48.396395,49.824987,47.182141,47.622234,528508.0
2021-01-05,47.377583,50.210723,47.239998,49.929338,643205.0
2021-01-06,49.813337,50.937687,49.490758,50.633149,509297.0
2021-01-07,50.530515,51.275325,50.388507,50.829334,369289.0
2021-01-08,50.932225,52.748247,50.811133,52.250054,499300.0
2021-01-11,52.579266,52.703175,51.49907,52.244389,394826.0
2021-01-12,52.174125,53.445717,52.075057,53.207075,400187.0
2021-01-13,53.311004,53.940829,52.574157,52.911691,429841.0
2021-01-14,52.844773,53.754126,52.238048,53.566968,390124.0
2021-01-15,53.801806,53.838086,51.83463,52.351434,165616.0
2021-01-19,51.996279,53.131733,51.759866,52.975624,125957.0
2021-01-20,53.125758,53.783825,53.05468,53.242034,400360.0
2021-01-21,52.923363,53.404771,52.757477,53.127469,352404.0
2021-01-22,53.104839,53.159093,51.444292,52.264215,437560.0
2021-01-25,52.17396,52.946938,51.824797,52.769083,349049.0
2021-01-26,52.913742,53.237657,52.291148,52.616397,314482.0
2021-01-27,52.761646,53.305335,51.855314,52.840755,442346.0
2021-01-28,52.648568,53.576779,52.043976,52.340937,411310.0
2021-01-29,52.153931,53.24506,51.928618,52.199884,410953.0
2021-02-01,51.986495,53.734841,51.636799,53.552619,416034.0
2021-02-02,53.470148,55.264472,53.44836,54.764277,463758.0
2021-02-03,55.05137,56.324931,54.80732,55.689651,448609.0
2021-02-04,55.96383,56.582957,55.296005,56.231606,381336.0
2021-02-05,56.460972,57.286767,56.424697,56.847363,400828.0
2021-02-08,57.064933,58.139555,56.999328,57.963635,399838.0
2021-02-09,58.116568,58.62127,57.274771,58.372075,514846.0
2021-02-10,58.448382,58.907668,58.07785,58.673342,457524.0
2021-02-11,58.399769,58.711584,57.833582,58.236151,380417.0
2021-02-12,57.939674,59.826817,57.41317,59.474014,480834.0
2021-02-16,59.977693,60.951945,59.331417,60.05698,602315.0
2021-02-17,60.238184,61.73603,59.428388,61.147961,335381.0
2021-02-18,61.687048,62.268417,59.789885,60.521882,132037.0
2021-02-19,60.198972,60.299131,58.581051,59.241393,102413.0
2021-02-22,58.883183,61.839645,58.828798,61.485853,505832.0
2021-02-23,62.161359,63.003363,60.666495,61.671864,570642.0
2021-02-24,61.285221,63.515535,60.972633,63.221927,489942.0
2021-02-25,63.37919,63.818396,62.654998,63.536331,510382.0
2021-02-26,63.461962,63.563633,61.333566,61.507673,472670.0
2021-03-01,61.949674,62.930543,59.957903,60.636353,456685.0
2021-03-02,60.22376,61.21999,59.369766,59.749682,464144.0
2021-03-03,59.557484,61.998921,59.245637,61.275287,465316.0
2021-03-04,61.080718,64.870814,60.519231,63.826996,694619.0
2021-03-05,64.167428,66.427299,63.814326,66.081094,573109.0
2021-03-08,66.67386,67.981605,64.575466,65.052318,533473.0
2021-03-09,64.72409,65.981684,63.629671,64.013811,554619.0
2021-03-10,63.83981,64.961603,63.122755,64.432734,498530.0
2021-03-11,64.692948,66.214325,64.555058,66.027606,440963.0
2021-03-12,65.960934,66.217801,65.398804,65.604366,321755.0
2021-03-15,65.556639,66.40179,64.142442,65.386988,378049.0
2021-03-16,65.329851,65.4265,63.805544,64.79583,317512.0
2021-03-17,64.749508,65.331146,63.598209,64.602142,254725.0
2021-03-18,64.415089,64.816341,58.194429,59.997411,143584.0
2021-03-19,59.558557,61.716062,58.932057,61.411843,84162.0
2021-03-22,61.553404,61.903217,60.390402,61.554703,404376.0
2021-03-23,61.277975,61.350149,57.254149,57.764886,712313.0
2021-03-24,57.395824,61.33136,57.287561,61.188031,566335.0
2021-03-25,60.806018,60.868644,57.439673,58.561448,580072.0
2021-03-26,58.476551,61.363285,58.319826,60.981431,472008.0
2021-03-29,60.934295,61.781717,59.417762,61.558724,449350.0
2021-03-30,61.957342,62.260958,59.937854,60.547225,388274.0
2021-03-31,60.451547,61.1687,58.842701,59.161608,414203.0
2021-04-01,59.485279,61.739558,58.855541,61.454357,605619.0
2021-04-05,61.494598,61.500343,57.624986,58.650813,438847.0
2021-04-06,58.799998,60.914556,58.614105,59.331013,457273.0
2021-04-07,59.258847,60.044806,58.11012,59.763811,475584.0
2021-04-08,59.514082,59.921461,58.809316,59.597889,419832.0
2021-04-09,59.751234,59.953032,59.093694,59.325928,351401.0
2021-04-12,59.334328,60.764828,58.735559,59.697071,410224.0
2021-04-13,59.634076,60.593055,59.634076,60.178819,349781.0
2021-04-14,60.443346,63.440315,60.381754,63.149952,419824.0
2021-04-15,62.824627,63.570487,62.524384,63.450787,243356.0
2021-04-16,63.323348,63.876676,62.834507,63.128967,87787.0
2021-04-19,62.982005,63.62308,62.625428,63.368711,74376.0
2021-04-20,63.463505,64.241291,61.502545,62.443233,476013.0
2021-04-21,62.3885,62.567017,60.860702,61.346124,431511.0
2021-04-22,61.110905,61.865074,60.60222,61.426871,344712.0
2021-04-23,61.642979,62.439038,61.24621,62.129146,345406.0
2021-04-26,62.057435,62.313981,60.669232,61.910212,366816.0
2021-04-27,61.976497,63.301127,61.899933,62.934039,361522.0
2021-04-28,63.039958,64.526705,62.663184,63.865453,387656.0
2021-04-29,63.708145,65.452922,63.64723,65.015708,384546.0
2021-04-30,64.877639,64.952917,63.078899,63.566132,400523.0
2021-05-03,63.637269,64.677345,62.908918,64.484775,286010.0
2021-05-04,64.531106,66.191928,64.299617,65.691052,370268.0
2021-05-05,66.450727,66.742265,64.917985,65.63938,460101.0
2021-05-06,65.285839,65.981671,64.500298,64.719186,389206.0
2021-05-07,64.908966,65.238458,63.90564,64.902572,431443.0
2021-05-10,65.570926,65.74165,63.952718,64.915568,448329.0
2021-05-11,64.893714,65.506841,63.679564,65.289205,515000.0
2021-05-12,65.458767,66.622094,64.975291,66.094703,508526.0
2021-05-13,65.75168,65.803544,63.078906,63.818636,547732.0
2021-05-14,63.827512,65.633524,63.327623,65.367663,383773.0
2021-05-17,65.493287,66.423069,64.833407,66.27217,268498.0
2021-05-18,66.326043,67.007309,64.115921,65.486609,167357.0
2021-05-19,65.275715,65.347784,61.95803,63.35938,101909.0
2021-05-20,63.39726,63.957405,61.891696,62.037944,524221.0
2021-05-21,61.900827,64.065957,61.562459,63.58199,530802.0
2021-05-24,63.872185,66.14223,63.633393,66.066652,466655.0
2021-05-25,66.024675,66.505749,65.407448,66.069098,497358.0
2021-05-26,66.037776,66.434128,65.236999,66.197421,376222.0
2021-05-27,66.169045,66.931406,65.474749,66.860499,337509.0
2021-05-28,66.952221,67.521624,66.178899,66.318268,390442.0
2021-06-01,66.679952,68.861556,66.410085,67.718623,571029.0
2021-06-02,67.989275,68.998892,67.77219,68.825245,333036.0
2021-06-03,68.753999,69.409342,68.183903,68.81075,351350.0
2021-06-04,68.914144,69.754549,68.33904,69.611504,326239.0
2021-06-07,69.511454,69.984712,68.936629,69.220706,365620.0
2021-06-08,69.288216,70.253097,68.473551,70.048394,441348.0
2021-06-09,70.010839,70.62469,69.463654,69.959368,410791.0
2021-06-10,69.76538,70.660729,68.690619,70.28951,492476.0
2021-06-11,70.105224,71.242684,69.686033,70.914371,563501.0
2021-06-14,70.64414,71.78016,70.64414,70.891176,319634.0
2021-06-15,71.163906,72.493565,70.80302,72.122596,336049.0
2021-06-16,72.455653,72.972142,71.607647,72.148815,426734.0
2021-06-17,71.655135,72.299895,69.768152,71.031907,373740.0
2021-06-18,71.096196,72.180308,70.160156,71.641644,139570.0
2021-06-21,71.514823,73.954559,71.15761,73.646702,123669.0
2021-06-22,73.415474,73.966279,72.941959,73.052406,498588.0
2021-06-23,72.906644,74.253204,72.827459,73.072862,429277.0
2021-06-24,73.284933,73.607958,72.318369,73.314159,334811.0
2021-06-25,73.320767,74.171348,72.846002,74.042319,364757.0
2021-06-28,73.992044,74.443307,72.620855,72.910956,354753.0
2021-06-29,72.77733,73.79985,71.97262,72.979288,321486.0
2021-06-30,73.477996,74.145615,72.816467,73.482601,383569.0
2021-07-01,73.501144,76.222573,73.392586,75.216394,615676.0
2021-07-02,75.021159,75.627021,74.412854,75.160425,377590.0
2021-07-06,75.356019,76.975073,72.924812,73.364952,713925.0
2021-07-07,73.860153,74.865567,71.070185,72.193066,607944.0
2021-07-08,72.172703,73.250385,70.756427,72.929299,529718.0
2021-07-09,73.268624,74.757588,72.735271,74.563815,422072.0
2021-07-12,74.748275,74.931394,73.165338,74.095001,397875.0
2021-07-13,74.176508,75.51782,73.685975,75.258125,444004.0
2021-07-14,75.162098,75.434219,72.20917,73.124631,528432.0
2021-07-15,72.955284,72.972495,71.403559,71.659919,368642.0
2021-07-16,71.480172,72.307917,70.401986,71.810305,133912.0
2021-07-19,71.478335,71.674785,65.628689,66.416745,82574.0
2021-07-20,66.59367,67.64261,65.216803,67.407483,561578.0
2021-07-21,66.449829,70.51698,66.441523,70.281548,503053.0
2021-07-22,70.221833,72.02645,69.851014,71.909819,435190.0
2021-07-23,71.699399,72.210468,71.396158,72.07386,274796.0
2021-07-26,72.177093,72.432056,70.556081,71.909412,395730.0
2021-07-27,72.207908,72.331781,71.071353,71.645086,333128.0
2021-07-28,71.908125,72.597701,71.690764,72.394373,318951.0
2021-07-29,72.401986,73.669961,72.256061,73.613699,294487.0
2021-07-30,73.407005,74.240269,72.944425,73.943696,303735.0
2021-08-02,73.907685,73.941304,70.555291,71.260556,448170.0
2021-08-03,71.524844,71.956581,69.184429,70.551543,509932.0
2021-08-04,70.307994,70.801388,67.841583,68.151282,582958.0
2021-08-05,68.051946,69.355742,67.612311,69.096296,416328.0
2021-08-06,69.139884,70.192316,67.804717,68.282592,537117.0
2021-08-09,67.881985,67.914643,65.144987,66.483781,598353.0
2021-08-10,66.847898,68.902815,66.557754,68.278564,452078.0
2021-08-11,68.49517,69.466335,66.674657,69.255706,513260.0
2021-08-12,69.355509,69.622834,68.457696,69.098983,352512.0
2021-08-13,68.904563,69.199072,67.759552,68.430434,272018.0
2021-08-16,68.117554,68.140703,65.725097,67.299592,334835.0
2021-08-17,67.41577,67.723217,66.324227,66.590752,235329.0
2021-08-18,66.577053,67.478513,64.334808,65.461304,121202.0
2021-08-19,64.570534,64.752405,62.636387,63.687843,88216.0
2021-08-20,64.047484,64.087132,62.107776,62.315535,364945.0
2021-08-23,61.960729,65.999811,61.736943,65.631861,397350.0
2021-08-24,65.530038,67.792005,65.419047,67.543903,335908.0
2021-08-25,67.631983,68.533306,66.903614,68.363737,353764.0
2021-08-26,67.999135,68.312804,67.018583,67.421456,344240.0
2021-08-27,67.74442,69.056531,67.506234,68.735859,326094.0
2021-08-30,69.304686,69.631763,67.676519,69.211541,360817.0
2021-08-31,69.18624,69.342899,68.155475,68.486191,325859.0
2021-09-01,68.547611,69.242495,67.12034,68.584476,399553.0
2021-09-02,68.28682,70.606773,67.83946,70.006013,403299.0
2021-09-03,69.75801,70.526753,69.045477,69.289967,313113.0
2021-09-07,69.090766,69.473613,67.647402,68.35424,481730.0
2021-09-08,68.365491,69.759867,68.313609,69.305447,389296.0
2021-09-09,69.355742,69.898785,67.563234,68.149154,556522.0
2021-09-10,67.966295,69.962423,67.676057,69.715646,411055.0
2021-09-13,69.73588,70.983115,69.516324,70.445626,390958.0
2021-09-14,70.634722,71.224235,69.982334,70.466987,414213.0
2021-09-15,70.769081,73.151626,70.650462,72.602498,418685.0
2021-09-16,72.650637,72.997917,71.519765,72.607327,298390.0
2021-09-17,72.622518,72.715393,71.20721,71.970751,119930.0
2021-09-20,71.924114,72.095615,69.856086,70.291329,75824.0
2021-09-21,70.596543,71.634371,69.681493,70.561512,393443.0
2021-09-22,70.854561,72.301566,70.649942,72.235058,381086.0
2021-09-23,71.970539,73.494002,71.612827,73.297597,403429.0
2021-09-24,73.227471,74.267701,72.802855,73.981092,350406.0
2021-09-27,74.193808,75.755218,74.165148,75.437895,417823.0
2021-09-28,75.434287,76.67176,74.235189,75.303656,476123.0
2021-09-29,74.375824,75.787799,73.735745,74.828323,424231.0
2021-09-30,74.774143,76.068197,73.132148,75.023162,583181.0
2021-10-01,75.106779,75.982645,74.231277,75.876809,388971.0
2021-10-04,75.900806,78.380577,75.322948,77.616386,457984.0
2021-10-05,77.574469,79.48546,77.480442,78.918188,449595.0
2021-10-06,79.033523,79.783081,76.836646,77.425553,459080.0
2021-10-07,77.002059,78.910426,74.958694,78.287283,545022.0
2021-10-08,78.848808,80.112359,78.634145,79.345892,661914.0
2021-10-11,79.587476,82.179705,79.54331,80.529442,653742.0
2021-10-12,80.50159,81.606617,79.469043,80.635803,598194.0
2021-10-13,80.585025,81.027457,79.42395,80.436158,487224.0
2021-10-14,80.595035,81.683736,80.370691,81.306716,399735.0
2021-10-15,81.482249,82.669916,81.40559,82.278098,277920.0
2021-10-18,82.5864,83.876503,81.833563,82.439425,134068.0
2021-10-19,82.378584,83.736512,81.797118,82.964628,82610.0
2021-10-20,83.339291,84.262425,81.294979,83.86434,530757.0
2021-10-21,83.572442,83.95865,80.785491,82.499908,567516.0
2021-10-22,82.600057,84.218679,81.771801,83.763625,465368.0
2021-10-25,83.980252,85.424896,83.408671,83.74703,568758.0
2021-10-26,83.715851,84.873493,82.985727,84.651027,467649.0
2021-10-27,84.399793,84.507715,82.011313,82.657703,529881.0
2021-10-28,82.253834,83.199051,80.585269,82.808173,491631.0
2021-10-29,83.098548,83.734906,81.402261,83.566103,507363.0
2021-11-01,83.356318,84.882102,82.748956,84.05667,412297.0
2021-11-02,83.873009,84.430517,82.91113,83.905117,429593.0
2021-11-03,83.076781,83.079494,79.697617,80.860259,546609.0
2021-11-04,80.17819,83.418074,78.240272,78.794954,701045.0
2021-11-05,79.360195,81.784987,78.970035,81.282123,531036.0
2021-11-08,81.128902,82.672702,81.034845,81.922234,393921.0
2021-11-09,82.164177,84.635026,81.784415,84.156705,504861.0
2021-11-10,84.521706,84.979522,80.804773,81.334648,555283.0
2021-11-11,81.410192,82.332759,80.185736,81.58357,475436.0
2021-11-12,81.206386,81.619219,79.782991,80.791803,390346.0
2021-11-15,80.660815,81.190464,79.282976,80.883153,343495.0
2021-11-16,80.922812,81.809103,80.02525,80.763202,325647.0
2021-11-17,80.535184,80.667048,77.686224,78.36378,174470.0
2021-11-18,78.341128,79.375293,77.079477,79.005584,83994.0
2021-11-19,78.753214,79.92595,75.382924,76.096372,623436.0
2021-11-22,75.74298,77.15431,74.769158,76.754626,465737.0
2021-11-23,76.449756,78.845594,75.311904,78.495943,506908.0
2021-11-24,78.482694,79.229358,77.980856,78.399031,328900.0
2021-11-26,78.34744,78.643881,67.388757,68.159369,844594.0
2021-11-29,69.228437,72.936168,68.859306,69.946261,675034.0
2021-11-30,70.035071,71.220375,64.42386,66.189862,722466.0
2021-12-01,67.012624,69.491376,64.838585,65.570728,602422.0
2021-12-02,65.637637,67.49652,62.432547,66.494854,668332.0
2021-12-03,67.480608,69.217834,65.593759,66.26422,450039.0
2021-12-06,67.025234,70.136327,66.72533,69.497387,401125.0
2021-12-07,69.714434,73.025161,69.512542,72.054601,496493.0
2021-12-08,71.864231,73.008775,70.917369,72.360628,464881.0
2021-12-09,72.520712,73.333623,70.389173,70.946802,393224.0
2021-12-10,70.672511,72.325957,70.313382,71.669221,397910.0
2021-12-13,72.028485,72.992488,70.703232,71.288771,406597.0
2021-12-14,71.109173,72.031234,69.506061,70.736856,359424.0
2021-12-15,70.360181,71.665247,69.394646,70.861975,294357.0
2021-12-16,71.480322,72.987156,71.034486,72.38933,142537.0
2021-12-17,71.915109,72.256782,69.883702,70.861978,78131.0
2021-12-20,70.071149,70.071149,66.029309,68.220965,492246.0
2021-12-21,69.210689,71.549263,68.55988,71.123601,358782.0
2021-12-22,71.270243,73.161487,70.809589,72.747666,306649.0
2021-12-23,73.027402,73.962657,72.282931,73.79266,270242.0
2021-12-27,73.369794,76.080612,72.563645,75.573322,268497.0
2021-12-28,75.959384,76.908215,75.540142,75.980293,249711.0
2021-12-29,76.047743,77.363838,75.353076,76.561516,283586.0
2021-12-30,76.578,77.433832,75.775836,77.004048,231192.0
2021-12-31,76.659294,77.079334,74.959554,75.216289,237090.0
2022-01-03,75.681578,76.45084,74.276581,76.075545,317616.0
2022-01-04,76.026533,77.639776,75.702493,76.986413,372831.0
2022-01-05,77.173843,78.587475,76.497156,77.831547,397899.0
2022-01-06,77.239434,80.236058,76.718893,79.459648,476592.0
2022-01-07,79.620548,80.477602,78.524834,78.908762,414447.0
2022-01-10,78.871645,79.45743,77.827457,78.228469,389943.0
2022-01-11,78.421094,81.593342,78.365943,81.227476,481828.0
2022-01-12,81.382577,83.115319,81.163473,82.63676,420552.0
2022-01-13,82.823236,82.933646,81.39133,82.123383,364794.0
2022-01-14,81.724105,84.44534,81.580135,83.813802,364460.0
2022-01-18,84.318741,86.631954,83.491732,85.426917,163620.0
2022-01-19,86.618736,87.919957,85.76633,86.963964,113157.0
2022-01-20,86.239064,87.830357,86.003904,86.902826,532207.0
2022-01-21,84.569188,85.554132,82.780967,85.16119,509034.0
2022-01-24,84.917139,86.091679,81.888647,83.309777,511679.0
2022-01-25,84.156901,85.715376,82.997648,85.601718,507307.0
2022-01-26,85.259406,87.941196,85.01266,87.342022,459601.0
2022-01-27,87.159583,88.556028,86.19873,86.604492,427724.0
2022-01-28,87.502094,88.835855,86.441494,86.827851,436215.0
2022-01-31,87.436095,88.394681,86.348568,88.140801,359120.0
2022-02-01,88.173908,88.877632,86.555493,88.203727,376867.0
2022-02-02,88.33961,89.713628,87.092554,88.258876,456980.0
2022-02-03,87.977407,90.443335,86.744394,90.27539,465810.0
2022-02-04,90.187771,93.150676,90.090455,92.31298,410879.0
2022-02-07,91.810476,92.726061,90.737033,91.309801,497738.0
2022-02-08,91.638961,91.683973,88.521036,89.354915,467391.0
2022-02-09,89.859275,90.576796,88.414604,89.665795,445596.0
2022-02-10,89.99961,91.733079,89.02261,89.884988,492140.0
2022-02-11,90.006409,94.668209,89.182109,93.115198,554431.0
2022-02-14,93.927018,95.827534,92.08656,95.463213,467085.0
2022-02-15,94.836324,95.172744,90.662074,92.056476,442663.0
2022-02-16,92.2195,95.007379,89.990234,93.657065,401404.0
2022-02-17,90.907652,93.362355,90.616116,91.767712,212526.0
2022-02-18,91.625544,92.660533,89.035399,91.052299,150373.0
2022-02-22,91.764879,95.991184,90.342548,92.353552,788877.0
2022-02-23,91.748197,93.921044,90.648501,92.104709,440606.0
2022-02-24,92.527497,100.53016,91.450156,92.797152,872275.0
2022-02-25,93.338612,95.638581,90.057546,91.59056,523839.0
2022-02-28,95.002293,99.099741,94.437636,95.735673,490845.0
2022-03-01,96.091659,106.772676,95.314436,103.411895,698732.0
2022-03-02,107.124173,112.515756,105.171989,110.59017,651750.0
2022-03-03,111.346794,116.563665,106.441172,107.674761,591978.0
2022-03-04,107.970557,116.034774,107.242485,115.659746,493883.0
2022-03-07,121.315101,130.472021,115.54956,119.402865,576131.0
2022-03-08,120.691844,129.440337,117.080158,123.70739,583162.0
2022-03-09,124.673585,126.840581,103.645024,108.677788,594807.0
2022-03-10,110.434387,114.8604,105.533839,106.032747,437887.0
2022-03-11,105.99169,110.304206,104.465578,109.349149,368143.0
2022-03-14,109.400917,109.711327,99.772393,102.990642,344223.0
2022-03-15,102.274603,102.576798,93.52417,96.44834,401709.0
2022-03-16,95.224147,99.221354,94.07246,95.034341,293962.0
2022-03-17,95.342472,104.224496,94.862331,103.00503,210747.0
2022-03-18,103.648586,106.278155,102.32411,104.696854,74238.0
2022-03-21,105.126792,112.700935,104.079825,112.111614,77214.0
2022-03-22,112.919082,115.009907,109.295761,111.774226,318668.0
2022-03-23,108.845867,115.391566,108.402333,114.951786,289170.0
2022-03-24,114.482217,116.644911,110.597062,112.325138,307228.0
2022-03-25,111.774572,114.113845,108.67361,113.909553,320300.0
2022-03-28,112.917093,112.917093,102.825858,105.97426,372323.0
2022-03-29,103.48572,107.844868,98.453944,104.228482,387172.0
2022-03-30,105.239614,108.776538,104.54676,107.821904,284614.0
2022-03-31,107.461848,107.797004,99.663202,100.292565,450899.0
2022-04-01,101.242193,101.770799,97.797673,99.272329,324782.0
2022-04-04,98.948794,103.922077,98.061257,103.280528,288185.0
2022-04-05,103.638124,105.59215,99.882749,101.954354,280249.0
2022-04-06,101.248778,104.010987,95.720858,96.232138,365997.0
2022-04-07,97.145824,98.826994,93.804404,96.018222,367330.0
2022-04-08,97.155672,98.754017,95.282122,98.253132,310113.0
2022-04-11,98.402028,98.519345,92.917228,94.295177,315922.0
2022-04-12,95.159587,101.349981,94.85123,100.582736,329055.0
2022-04-13,100.918798,104.464962,99.868852,104.246646,312541.0
2022-04-14,104.21905,107.640162,102.119513,106.94326,244941.0
2022-04-18,107.036172,109.821387,106.010808,108.1899,68499.0
2022-04-19,107.75931,108.913608,102.083321,102.552586,71793.0
2022-04-20,103.060112,104.151864,100.686018,102.742623,299056.0
2022-04-21,102.486991,105.405154,102.02125,103.778328,280285.0
2022-04-22,104.063238,104.233722,101.052508,102.062247,246156.0
2022-04-25,101.355744,101.549045,95.275308,98.5556,328145.0
2022-04-26,98.661101,102.786031,97.051584,101.701689,351834.0
2022-04-27,101.743495,102.986232,99.792151,102.009369,278809.0
2022-04-28,102.120381,105.698586,100.126053,105.356716,312031.0
2022-04-29,105.168233,107.999672,103.766882,104.688527,294363.0
2022-05-02,103.984545,105.94358,100.2528,105.183008,261878.0
2022-05-03,105.097415,105.793858,102.115881,102.399691,239221.0
2022-05-04,103.498499,108.611889,102.941964,107.831269,272927.0
2022-05-05,107.601242,111.367648,106.459931,108.270801,286890.0
2022-05-06,108.685218,111.18521,107.244698,109.771452,294275.0
2022-05-09,110.434762,110.500471,102.132626,103.082664,368145.0
2022-05-10,102.659767,104.145683,98.866794,99.749861,389654.0
2022-05-11,98.990688,106.431166,98.200078,105.699929,382703.0
2022-05-12,105.618341,107.358874,102.652259,106.136068,323533.0
2022-05-13,106.661816,110.65104,106.284487,110.464288,240956.0
2022-05-16,110.96994,114.891376,108.118667,114.192894,289117.0
2022-05-17,113.852414,115.551098,111.735412,112.381635,252632.0
2022-05-18,113.668005,115.418902,108.426103,109.592673,103684.0
2022-05-19,109.085342,112.632519,105.158499,112.21041,68503.0
2022-05-20,111.463229,114.028439,110.840519,113.225012,229884.0
2022-05-23,110.563845,111.956816,109.165903,110.279824,215578.0
2022-05-24,110.405911,111.420164,108.608974,109.766623,224760.0
2022-05-25,110.387742,111.695417,109.219468,110.326382,191362.0
2022-05-26,110.697787,114.826622,110.253097,114.096193,234752.0
2022-05-27,114.224049,115.302163,112.848513,115.071219,217296.0
2022-05-31,114.980736,119.988274,114.156753,114.673513,440761.0
2022-06-01,115.38521,117.867076,114.569168,115.257158,290520.0
2022-06-02,114.792968,117.772679,111.201817,116.866197,327565.0
2022-06-03,117.542454,120.481961,115.250759,118.873295,240842.0
2022-06-06,120.822565,121.011149,117.634577,118.511491,246815.0
2022-06-07,119.102465,120.357136,117.145012,119.416392,341679.0
2022-06-08,119.791867,123.157127,119.296419,122.12528,340604.0
2022-06-09,122.455137,122.715249,120.796724,121.50297,293320.0
2022-06-10,121.461361,122.776316,118.343594,120.658537,352944.0
2022-06-13,120.184739,122.262031,117.467021,120.910181,372374.0
2022-06-14,121.088986,123.681142,116.621796,118.934833,366319.0
2022-06-15,119.065491,119.614022,114.61474,115.295345,301780.0
2022-06-16,115.977487,118.096277,112.309173,117.581712,162548.0
2022-06-17,117.095905,118.958466,108.242909,109.572211,103146.0
2022-06-21,110.584864,112.478805,108.727687,110.644996,427277.0
2022-06-22,109.514257,109.749611,101.528665,106.19313,432711.0
2022-06-23,104.445139,107.03052,102.331537,104.276381,346332.0
2022-06-24,103.996038,108.593911,103.629216,107.592479,321595.0
2022-06-27,107.200317,110.557797,105.600076,109.560987,282921.0
2022-06-28,110.174454,112.230652,109.615841,111.745581,306780.0
2022-06-29,111.853227,114.044171,109.21998,109.772021,322038.0
2022-06-30,109.699515,110.456557,105.09906,105.788109,362920.0
2022-07-01,106.005713,109.324453,104.545624,108.439692,305349.0
2022-07-05,108.77452,111.445161,97.421005,99.505321,594232.0
2022-07-06,100.354293,102.149043,95.10828,98.549386,444169.0
2022-07-07,98.236289,104.483788,96.572952,102.734892,379826.0
2022-07-08,102.204665,105.211034,101.492297,104.801131,327422.0
2022-07-11,104.809319,105.03079,100.880893,104.079766,348554.0
2022-07-12,103.446072,103.48704,95.358186,95.829865,398523.0
2022-07-13,95.881165,97.956267,93.650221,96.307867,347204.0
2022-07-14,96.567725,96.995975,90.57353,95.768513,387492.0
2022-07-15,96.382807,99.026196,94.582727,97.597719,240782.0
2022-07-18,97.266089,102.804706,95.842277,102.609537,84662.0
2022-07-19,102.004506,104.463871,99.837602,104.214554,63148.0
2022-07-20,103.60154,104.392555,101.508285,102.258438,315586.0
2022-07-21,99.936432,99.976418,94.5723,96.357124,318895.0
2022-07-22,96.508137,97.937876,94.244707,94.692117,307596.0
2022-07-25,95.10529,96.937103,93.011678,96.691514,278981.0
2022-07-26,96.324874,99.011073,94.762344,94.979822,310036.0
2022-07-27,95.584845,98.583408,94.301157,97.260548,321903.0
2022-07-28,98.158997,99.837601,96.042825,96.410861,318399.0
2022-07-29,97.307657,101.881525,96.426672,98.621971,349372.0
2022-08-01,98.467027,98.644794,92.423753,93.90434,365234.0
2022-08-02,93.751584,96.456818,92.583774,94.402592,328563.0
2022-08-03,93.84429,96.568618,90.388612,90.667635,395135.0
2022-08-04,90.93157,91.894574,87.536706,88.545839,334978.0
2022-08-05,88.055943,90.763576,87.011276,89.004258,350058.0
2022-08-08,88.458815,90.891161,87.207801,90.746294,340182.0
2022-08-09,90.693446,92.655579,89.055559,90.495672,347078.0
2022-08-10,90.49953,92.421036,87.649776,91.937556,383730.0
2022-08-11,91.560398,95.060397,91.246815,94.340118,341255.0
2022-08-12,94.082699,94.811587,91.156243,92.078718,264922.0
2022-08-15,91.941948,92.101914,86.823989,89.40805,275372.0
2022-08-16,87.924345,90.636671,85.731769,86.532371,305362.0
2022-08-17,87.090135,89.159849,85.867998,88.105943,230363.0
2022-08-18,87.384046,91.460183,87.3207,90.503997,80041.0
2022-08-19,90.397932,92.10481,88.375736,90.775491,58721.0
2022-08-22,89.644118,91.259476,86.603651,90.213515,352713.0
2022-08-23,90.538723,94.215335,90.420271,93.749657,285617.0
2022-08-24,93.793391,95.400019,92.793403,94.885092,320351.0
2022-08-25,95.348664,95.770351,92.284251,92.543449,279888.0
2022-08-26,93.04876,94.016738,91.06857,93.061594,288350.0
2022-08-29,92.971906,97.360833,92.287422,97.007453,283481.0
2022-08-30,96.901235,97.652482,90.549964,91.641977,386265.0
2022-08-31,92.295189,92.726577,88.268678,89.542579,344130.0
2022-09-01,88.812656,89.63124,85.969816,86.61504,305129.0
2022-09-02,86.549921,89.652164,86.328842,86.86206,277520.0
2022-09-06,86.841961,90.393146,86.180703,86.865774,420258.0
2022-09-07,86.929268,87.76428,81.510394,81.941219,380810.0
2022-09-08,81.908747,84.252177,81.190719,83.546872,342766.0
2022-09-09,82.794004,87.203444,82.716823,86.793964,305192.0
2022-09-12,86.255514,89.085423,85.157305,87.786103,275087.0
2022-09-13,88.09177,89.311357,85.058667,87.305565,347966.0
2022-09-14,87.953309,90.195794,86.174292,88.475064,335428.0
2022-09-15,88.907182,89.138947,84.528267,85.110028,235355.0
2022-09-16,85.161522,86.606654,84.271247,85.099772,87822.0
2022-09-19,85.218661,86.202951,82.09579,85.713218,59622.0
2022-09-20,85.610187,86.445036,83.513179,84.444469,279787.0
2022-09-21,84.235191,86.682378,82.479197,82.92964,339616.0
2022-09-22,83.075922,85.989148,82.395818,83.499185,303450.0
2022-09-23,83.547994,83.927392,78.037155,78.724928,334257.0
2022-09-26,79.246333,80.305221,76.261376,76.715081,280924.0
2022-09-27,76.459879,79.512263,76.413123,78.497868,283600.0
2022-09-28,78.078986,82.336553,76.535739,82.138951,324645.0
2022-09-29,81.881869,82.930162,80.361515,81.222813,286155.0
2022-09-30,81.744398,82.559341,79.129844,79.484047,253164.0
2022-10-03,81.021719,84.560257,80.85504,83.626091,287157.0
2022-10-04,83.219319,86.981864,83.200786,86.506547,302543.0
2022-10-05,86.373645,88.423672,85.418833,87.760175,329853.0
2022-10-06,88.073322,89.071836,87.045697,88.452953,235339.0
2022-10-07,88.932914,93.313746,87.994844,92.648954,429200.0
2022-10-10,93.502136,93.621516,90.551811,91.127494,289500.0
2022-10-11,91.131169,91.359865,87.888033,89.338167,333204.0
2022-10-12,88.665995,90.068704,86.27706,87.25305,332244.0
2022-10-13,87.083224,89.648303,85.542469,89.097887,298069.0
2022-10-14,89.28003,89.718596,85.212129,85.616294,237031.0
2022-10-17,85.591588,87.13242,84.612173,85.483624,172015.0
2022-10-18,85.6975,86.50033,82.092529,82.823775,97285.0
2022-10-19,83.680717,86.189389,82.598563,85.543491,71307.0
2022-10-20,85.929566,88.17887,85.222641,85.982834,338318.0
2022-10-21,85.071767,85.906526,83.144255,85.064065,272804.0
2022-10-24,85.233401,85.930902,82.634985,84.584298,250682.0
2022-10-25,84.878749,86.033084,83.050327,85.316695,240422.0
2022-10-26,85.07923,88.42708,84.144855,87.898481,287172.0
2022-10-27,88.247616,89.794647,87.334493,89.080608,292587.0
2022-10-28,88.663935,88.768482,87.078874,87.909013,263394.0
2022-10-31,88.389786,88.652543,85.311696,86.539299,285342.0
2022-11-01,86.429424,89.445607,85.92363,88.367168,274307.0
2022-11-02,88.613621,90.356217,87.699345,89.993647,281006.0
2022-11-03,89.333652,89.66728,87.582093,88.169981,239792.0
2022-11-04,87.896038,92.858902,87.827892,92.608782,354009.0
2022-11-07,90.986967,93.744317,90.411054,91.793376,322353.0
2022-11-08,91.875915,92.176436,88.507273,88.901398,344168.0
2022-11-09,88.583375,89.243681,85.511626,85.833952,388243.0
2022-11-10,85.832175,87.350073,84.711256,86.47152,339983.0
2022-11-11,86.26355,90.109181,86.185545,88.974186,301637.0
2022-11-14,89.024766,89.845073,85.148831,85.868401,315427.0
2022-11-15,85.241179,88.668068,84.054074,86.907434,331700.0
2022-11-16,86.887517,87.508817,84.198607,85.588639,225674.0
2022-11-17,85.217626,85.445843,81.398235,81.641166,138469.0
2022-11-18,82.099114,82.642709,77.224581,80.08773,96601.0
2022-11-21,80.299624,80.312533,75.07619,79.746417,475133.0
2022-11-22,80.228516,82.368901,79.862198,80.956407,269621.0
2022-11-23,81.091235,81.947491,76.835494,77.935822,379088.0
2022-11-25,77.512504,79.894056,76.227431,76.285368,266472.0
2022-11-28,75.926494,77.848369,73.596524,77.245925,405029.0
2022-11-29,76.549644,79.648898,76.29159,78.206926,381944.0
2022-11-30,79.006976,81.377936,78.405603,80.556256,287522.0
2022-12-01,80.386893,83.337784,79.917527,81.212573,321451.0
2022-12-02,81.470682,82.215717,79.647978,79.984374,280262.0
2022-12-05,79.994366,82.70775,76.772115,76.928554,346640.0
2022-12-06,77.344735,77.870305,73.415546,74.259843,380630.0
2022-12-07,74.548583,75.38339,71.755444,72.016857,392284.0
2022-12-08,72.375324,75.435398,71.125123,71.464707,474527.0
2022-12-09,71.846749,72.920652,70.075462,71.022394,356701.0
2022-12-12,71.78292,73.996877,70.236769,73.172085,323550.0
2022-12-13,73.290942,76.351445,73.192385,75.380016,352870.0
2022-12-14,75.261403,77.738142,74.896584,77.278012,292455.0
2022-12-15,77.364633,77.7717,75.334005,76.102551,224654.0
2022-12-16,76.368191,76.578777,73.338077,74.294551,99195.0
2022-12-19,74.502224,76.411099,73.80406,75.195887,69350.0
2022-12-20,75.700938,76.739773,74.317896,76.086203,254808.0
2022-12-21,75.998355,78.612828,75.801892,78.296585,234588.0
2022-12-22,78.425323,79.894691,77.042973,77.493671,219163.0
2022-12-23,78.189434,80.327704,77.985812,79.565861,237720.0
2022-12-27,79.88021,81.177362,79.176731,79.52652,199584.0
2022-12-28,79.900487,79.921191,77.305953,78.954047,207692.0
2022-12-29,78.820869,78.820869,76.785863,78.400855,199829.0
2022-12-30,78.722706,80.669479,77.719418,80.263757,205934.0
2023-01-03,80.568068,81.496031,76.59635,76.931676,338504.0
2023-01-04,77.247038,77.420688,72.73129,72.842251,352403.0
2023-01-05,73.247582,74.920697,72.462529,73.667963,300768.0
2023-01-06,73.982816,75.468104,73.247978,73.764555,258174.0
2023-01-09,73.47154,76.746047,73.468464,74.640864,329335.0
2023-01-10,74.853421,75.922699,73.834923,75.115925,307433.0
2023-01-11,74.782177,77.839849,74.306104,77.421857,350924.0
2023-01-12,77.708244,79.163349,77.100914,78.385513,307699.0
2023-01-13,78.316536,80.098728,77.961489,79.853014,283529.0
2023-01-17,80.102832,81.241896,78.531185,80.183381,312319.0
2023-01-18,80.970335,82.383267,78.937582,79.466664,92559.0
2023-01-19,79.146956,81.174468,78.12662,80.33037,58851.0
2023-01-20,80.602665,81.637219,79.692933,81.303357,300191.0
2023-01-23,81.782666,82.632981,81.046013,81.624311,297104.0
2023-01-24,81.632716,82.217827,79.665069,80.120498,288175.0
2023-01-25,80.264732,81.227872,79.45293,80.151657,297223.0
2023-01-26,80.483645,82.148562,79.913175,81.00209,291085.0
2023-01-27,81.223013,82.48031,79.038811,79.682959,367607.0
2023-01-30,80.042881,80.496901,77.637397,77.91045,327448.0
2023-01-31,77.914807,79.24602,76.547483,78.87155,312794.0
2023-02-01,79.056885,79.723988,76.050459,76.403489,360836.0
2023-02-02,76.778828,77.238588,74.960457,75.895303,339714.0
2023-02-03,75.921065,77.998544,73.108888,73.376298,413426.0
2023-02-06,73.221402,74.515866,72.248617,74.109581,380080.0
2023-02-07,74.581137,77.605158,74.353821,77.145904,408318.0
2023-02-08,77.480887,78.56712,77.071205,78.461355,353544.0
2023-02-09,78.45798,78.838201,76.515509,78.067791,324167.0
2023-02-10,77.682787,80.335786,77.480549,79.720953,356013.0
2023-02-13,79.943113,80.622545,78.462047,80.136447,301331.0
2023-02-14,79.054429,79.617238,77.46054,79.058439,299949.0
2023-02-15,78.829254,79.144895,77.243282,78.597462,264479.0
2023-02-16,78.527805,79.552561,77.911895,78.503622,117621.0
2023-02-17,78.066153,78.242791,75.066588,76.341253,93264.0
2023-02-21,76.529694,77.504599,75.704893,76.154487,402305.0
2023-02-22,76.108713,76.540583,73.79875,73.95569,332027.0
2023-02-23,73.911465,75.991065,73.83551,75.377862,333843.0
2023-02-24,75.610273,76.635225,74.095329,76.327394,329237.0
2023-02-27,76.409674,76.825632,74.993451,75.685089,266069.0
2023-02-28,75.760523,77.833319,75.555046,77.047179,300096.0
2023-03-01,76.854056,77.854045,76.125178,77.691239,342123.0
2023-03-02,77.739883,78.592389,77.222039,78.157497,260355.0
2023-03-03,77.875941,79.902869,75.809666,79.690511,374209.0
2023-03-06,79.90055,80.624981,78.336604,80.456581,292341.0
2023-03-07,80.490361,80.949143,77.058172,77.590419,398288.0
2023-03-08,77.323027,77.735547,76.116808,76.664763,335904.0
2023-03-09,76.489545,78.055993,75.430103,75.71574,350018.0
2023-03-10,75.658861,77.107555,74.774061,76.675979,371871.0
2023-03-13,76.572727,77.47021,72.293519,74.8016,457443.0
2023-03-14,74.6951,74.907469,70.787847,71.342447,432888.0
2023-03-15,71.572358,72.560936,65.652912,67.611269,555205.0
2023-03-16,68.211969,69.387844,65.698687,68.347227,327179.0
2023-03-17,68.260377,69.649459,65.171575,66.735515,152245.0
2023-03-20,66.619697,67.702035,64.127393,67.632368,76868.0
2023-03-21,67.61747,69.607405,66.760103,69.33848,409467.0
2023-03-22,69.46626,71.31735,68.886908,70.896551,337598.0
2023-03-23,69.953801,71.677032,69.161095,69.959484,335239.0
2023-03-24,69.506239,70.3823,66.828532,69.259179,380835.0
2023-03-27,69.417709,73.109123,69.138416,72.794699,353598.0
2023-03-28,72.864175,73.947799,72.188401,73.195099,328441.0
2023-03-29,73.611561,74.372426,72.768962,72.965145,312726.0
2023-03-30,72.983551,74.620378,72.591742,74.367786,269726.0
2023-03-31,74.367199,75.719425,73.772373,75.676315,304330.0
2023-04-03,80.090214,81.686412,78.9885,80.41679,547094.0
2023-04-04,80.443934,81.8023,79.604563,80.710833,343557.0
2023-04-05,81.000955,81.239476,79.72395,80.609209,254948.0
2023-04-06,80.362503,80.96203,79.646112,80.687942,0.0
2023-04-10,80.501754,81.214175,79.609959,79.736038,264881.0
2023-04-11,79.887215,81.591405,79.363273,81.525077,309635.0
2023-04-12,81.456117,83.526408,81.280275,83.26737,356125.0
2023-04-13,83.204067,83.454223,82.121048,82.161621,261230.0
2023-04-14,82.41016,83.119999,81.747949,82.517428,275111.0
2023-04-17,82.478812,82.698114,80.464491,80.827268,217055.0
2023-04-18,80.997665,81.47128,79.878654,80.862467,96287.0
2023-04-19,80.916914,81.165084,78.455524,79.163814,78309.0
2023-04-20,78.869304,78.894157,76.973088,77.290255,361453.0
2023-04-21,77.133563,78.397248,76.711176,77.852389,291102.0
2023-04-24,77.975981,79.18422,76.718652,78.764658,306738.0
2023-04-25,78.744165,79.06871,76.49932,77.073152,361665.0
2023-04-26,77.079211,77.930844,74.052432,74.303918,497684.0
2023-04-27,74.385054,75.272983,74.016495,74.756297,345852.0
2023-04-28,74.908159,76.919742,73.922784,76.775021,328424.0
2023-05-01,76.685905,76.690823,74.528059,75.650324,215007.0
2023-05-02,75.7683,76.123154,71.428388,71.648964,417835.0
2023-05-03,71.565714,71.792526,67.955416,68.598783,490467.0
2023-05-04,68.167237,69.832799,63.639969,68.557983,412489.0
2023-05-05,68.69578,71.815837,68.470891,71.346808,330558.0
2023-05-08,71.353468,73.700855,71.029283,73.154726,290051.0
2023-05-09,72.843383,73.78535,71.337592,73.716115,317540.0
2023-05-10,73.586562,73.890033,71.803664,72.562524,351490.0
2023-05-11,72.768221,73.50823,70.639691,70.883544,365901.0
2023-05-12,71.413826,71.767627,69.924462,70.047982,275419.0
2023-05-15,70.041693,71.691385,69.39522,71.102514,258982.0
2023-05-16,71.318612,71.775541,70.450161,70.858148,232322.0
2023-05-17,70.595532,73.247356,70.043846,72.83294,273703.0
2023-05-18,72.758762,72.855322,71.422509,71.855452,80870.0
2023-05-19,71.950211,73.393204,71.037293,71.559906,69949.0
2023-05-22,71.701555,72.367405,70.542677,71.997877,263975.0
2023-05-23,72.099174,73.798037,71.705774,72.914392,317640.0
2023-05-24,73.77053,74.728555,73.133911,74.337304,386583.0
2023-05-25,74.215549,74.364024,70.981524,71.826914,422685.0
2023-05-26,71.886616,73.054495,71.491486,72.675751,261481.0
2023-05-30,73.230932,73.548651,69.020529,69.463935,440927.0
2023-05-31,69.607561,69.685841,67.029827,68.10374,444801.0
2023-06-01,67.595898,71.078838,67.511896,70.097366,395410.0
2023-06-02,70.202767,72.178732,69.988876,71.746964,322624.0
2023-06-05,75.028853,75.068554,71.721133,72.150249,383934.0
2023-06-06,71.989486,72.339115,70.126676,71.742028,314984.0
2023-06-07,71.548609,73.206895,71.008512,72.529773,299127.0
2023-06-08,72.461752,73.268046,69.017625,71.283662,485417.0
2023-06-09,70.945092,71.776006,70.089846,70.168827,300720.0
2023-06-12,70.276443,70.331203,66.798343,67.125975,404786.0
2023-06-13,67.305672,69.843344,67.15102,69.427107,366351.0
2023-06-14,69.354642,70.495575,68.079156,68.260503,304432.0
2023-06-15,68.698852,70.963625,67.970468,70.615777,115598.0
2023-06-16,70.550256,71.897779,69.935466,71.786093,99177.0
2023-06-20,71.450479,72.087028,69.649095,70.495776,430523.0
2023-06-21,70.909933,72.711727,70.807824,72.525687,264684.0
2023-06-22,72.430971,72.660504,68.929105,69.521768,421329.0
2023-06-23,69.531148,69.643882,67.344337,69.163487,322462.0
2023-06-26,69.840871,70.108389,68.704948,69.37742,280143.0
2023-06-27,69.489651,70.131373,67.497613,67.685469,384741.0
2023-06-28,68.015829,69.727729,67.053421,69.546336,368298.0
2023-06-29,69.242062,70.603569,68.921874,69.856826,292859.0
2023-06-30,69.835358,71.036209,69.52661,70.643246,299867.0
2023-07-03,70.445615,71.768429,69.680503,69.793565,303422.0
2023-07-05,70.154658,72.175643,69.886227,71.790894,456853.0
2023-07-06,71.808478,72.339989,70.22308,71.798966,395391.0
2023-07-07,71.893555,73.926485,71.185837,73.863668,362586.0
2023-07-10,73.841765,74.146801,72.669982,72.99962,301042.0
2023-07-11,73.187893,74.962627,72.982166,74.838922,326881.0
2023-07-12,74.829069,76.145514,74.668028,75.746606,352886.0
2023-07-13,75.854921,77.332999,75.315088,76.89243,379694.0
2023-07-14,77.164493,77.300918,75.105915,75.43357,299590.0
2023-07-17,75.026437,76.082947,73.831239,74.15607,244743.0
2023-07-18,74.18133,75.948224,73.873994,75.750016,125077.0
2023-07-19,75.848627,76.979733,75.069441,75.348941,92915.0
2023-07-20,75.350911,76.147903,74.72842,75.626111,340931.0
2023-07-21,75.707024,77.285293,75.688641,77.073063,308092.0
2023-07-24,77.016811,79.280632,76.443187,78.7423,368332.0
2023-07-25,78.851214,79.90282,78.301987,79.645728,349554.0
2023-07-26,79.349705,79.77735,78.552451,78.787541,322065.0
2023-07-27,78.906082,80.594346,78.87452,80.097514,374331.0
2023-07-28,79.841032,80.715861,79.051526,80.589131,299483.0
2023-07-31,80.64551,81.998641,80.119547,81.796419,297264.0
2023-08-01,81.731794,82.230764,80.589358,81.386012,307793.0
2023-08-02,82.055024,82.424905,79.04817,79.494272,414878.0
2023-08-03,79.760284,81.844323,78.678322,81.555514,402616.0
2023-08-04,81.722835,83.231051,81.514598,82.81773,320831.0
2023-08-07,82.821634,83.313064,81.522869,81.935194,293071.0
2023-08-08,82.524409,83.09036,79.891556,82.915514,424637.0
2023-08-09,82.888947,84.640252,82.678174,84.386799,478110.0
2023-08-10,84.261148,84.888301,82.583365,82.816424,362187.0
2023-08-11,82.83004,83.817595,82.219186,83.177546,331192.0
2023-08-14,83.087614,83.197876,81.752607,82.52243,277340.0
2023-08-15,82.507428,82.906746,80.406667,80.99255,303151.0
2023-08-16,81.21983,81.434341,79.047092,79.376545,325465.0
2023-08-17,79.256825,81.082111,78.943489,80.38283,235597.0
2023-08-18,80.043618,81.616384,79.600797,81.245924,128099.0
2023-08-21,81.444522,82.46459,80.611425,80.730903,115871.0
2023-08-22,80.801624,81.001422,80.106465,80.347715,287543.0
2023-08-23,79.648274,79.90739,77.628534,78.893748,378161.0
2023-08-24,78.578902,79.286744,77.58619,79.039319,349208.0
2023-08-25,78.880532,80.466989,78.13958,79.832228,411369.0
2023-08-28,80.16065,80.863534,79.61235,80.106169,246523.0
2023-08-29,79.961776,81.413469,79.330049,81.156446,284190.0
2023-08-30,81.270523,82.029573,80.868638,81.618484,299430.0
2023-08-31,81.712154,83.705374,81.49157,83.619286,368874.0
2023-09-01,83.621204,86.046504,83.449462,85.537679,420514.0
2023-09-05,86.074005,88.058214,85.023035,86.682925,452967.0
2023-09-06,86.733963,88.082071,85.932821,87.553396,307142.0
2023-09-07,87.536416,87.751222,86.382837,86.867679,270727.0
2023-09-08,86.767127,87.940583,86.148039,87.502668,294408.0
2023-09-11,87.402252,88.1569,86.705753,87.296352,292413.0
2023-09-12,87.282639,89.371628,87.210398,88.836809,341117.0
2023-09-13,88.748313,89.630657,88.294677,88.519987,345924.0
2023-09-14,88.827137,90.790037,88.677381,90.157129,325287.0
2023-09-15,90.670358,91.244234,89.229112,90.759837,315026.0
2023-09-18,91.201566,92.425844,90.755067,91.469843,119241.0
2023-09-19,92.212331,93.738805,91.071796,91.187945,94610.0
2023-09-20,91.540033,91.974592,89.87785,90.279099,457819.0
2023-09-21,89.295807,90.971737,88.361017,89.632998,351036.0
2023-09-22,89.619852,91.322416,89.305201,90.042776,402124.0
2023-09-25,90.55551,90.843336,89.037437,89.672407,328413.0
2023-09-26,89.864675,90.738305,88.190113,90.379557,318066.0
2023-09-27,90.546597,94.168739,90.392892,93.694709,504578.0
2023-09-28,93.776137,95.0266,91.381348,91.702476,406783.0
2023-09-29,91.7578,93.093124,90.357106,90.778338,355801.0
2023-10-02,90.826112,91.885102,88.464629,88.813565,334536.0
2023-10-03,88.656559,90.275844,87.76509,89.217349,350693.0
2023-10-04,89.417691,89.596037,84.164109,84.227332,459902.0
2023-10-05,84.451196,84.923548,82.145978,82.317965,466077.0
2023-10-06,82.270976,83.286108,81.482577,82.794894,461081.0
2023-10-09,85.267702,87.247309,84.674718,86.377789,435039.0
2023-10-10,86.424729,86.741098,85.118328,85.978861,337720.0
2023-10-11,85.954751,86.510195,83.102535,83.49119,425479.0
2023-10-12,83.201531,85.214551,82.316204,82.906595,373510.0
2023-10-13,83.51266,87.84709,83.349109,87.692527,356838.0
2023-10-16,87.715434,88.331919,86.336531,86.662222,235794.0
2023-10-17,87.065452,87.751472,85.586568,86.670698,197109.0
2023-10-18,87.810594,89.867727,87.200258,88.307133,92806.0
2023-10-19,88.239856,90.668246,86.591199,89.365245,72056.0
2023-10-20,90.285255,90.765034,88.330097,88.743259,311934.0
2023-10-23,88.007993,88.285246,85.356633,85.492065,315463.0
2023-10-24,86.140702,86.301622,82.946943,83.752775,370566.0
2023-10-25,83.697032,85.557438,82.088651,85.388425,429405.0
2023-10-26,85.383379,85.587852,82.567413,83.208535,341791.0
2023-10-27,83.547087,85.904798,83.080602,85.528511,333786.0
2023-10-30,85.006282,85.301615,81.811617,82.30105,356919.0
2023-10-31,82.575678,83.353467,80.736233,81.026724,345993.0
2023-11-01,81.471291,83.43322,80.285488,80.428751,321557.0
2023-11-02,80.823409,82.832937,80.216632,82.463025,307090.0
2023-11-03,82.574692,83.596086,80.089813,80.529701,457206.0
2023-11-06,81.129591,82.238369,80.65643,80.825357,271050.0
2023-11-07,80.925301,81.04231,77.098229,77.372504,396303.0
2023-11-08,77.124026,77.521744,74.906308,75.328805,429650.0
2023-11-09,75.657344,77.157639,75.205084,75.747051,303459.0
2023-11-10,75.592301,77.730358,75.306857,77.159171,267003.0
2023-11-13,77.155975,78.640288,76.205834,78.274289,262870.0
2023-11-14,78.528342,79.767349,77.7939,78.277179,262990.0
2023-11-15,78.176262,78.778377,76.307293,76.665316,282321.0
2023-11-16,76.59093,76.637801,72.166419,72.890469,125173.0
2023-11-17,72.962856,75.97839,72.757108,75.882337,101486.0
2023-11-20,75.651668,78.215527,75.64546,77.590302,270647.0
2023-11-21,77.658788,77.912775,76.919056,77.771667,238663.0
2023-11-22,77.768008,77.965267,73.787803,77.10455,389312.0
2023-11-24,76.791591,77.090426,75.073364,75.539865,281124.0
2023-11-27,75.309084,76.223506,74.056427,74.869791,289554.0
2023-11-28,75.071203,77.028195,74.644281,76.405147,286615.0
2023-11-29,76.559541,78.087992,75.660693,77.86928,322163.0
2023-11-30,77.752109,79.597436,75.057842,75.942688,559196.0
2023-12-01,75.581571,76.760604,73.921414,74.082093,358974.0
2023-12-04,74.590949,75.037279,72.632683,73.037134,388841.0
2023-12-05,73.292253,74.112616,72.027726,72.333894,358704.0
2023-12-06,72.100917,72.600845,69.113027,69.377348,436750.0
2023-12-07,69.274805,70.47105,68.807154,69.340817,339029.0
2023-12-08,69.770573,71.629658,69.511928,71.220932,302239.0
2023-12-11,71.142738,71.815132,70.354519,71.314772,274418.0
2023-12-12,71.425567,71.951165,68.235717,68.605613,324481.0
2023-12-13,68.717853,69.896373,67.706792,69.474256,307024.0
2023-12-14,69.846223,72.457057,69.533244,71.576051,275631.0
2023-12-15,71.615048,72.217164,70.300797,71.429419,95520.0
2023-12-18,71.684013,74.261748,70.629821,72.470362,73941.0
2023-12-19,72.478194,73.997238,71.836764,73.448401,230026.0
2023-12-20,74.065107,75.374537,73.609353,74.220199,273362.0
2023-12-21,73.814875,74.580272,72.435252,73.898207,251996.0
2023-12-22,73.913293,74.96925,73.39371,73.544062,222615.0
2023-12-26,73.579319,76.189605,73.136172,75.569723,208728.0
2023-12-27,75.319402,75.659118,73.774695,74.11495,253311.0
2023-12-28,73.798645,74.400119,71.731343,71.778264,262758.0
2023-12-29,71.985445,72.615093,71.240171,71.645034,214499.0
2024-01-02,71.719291,73.640216,70.061099,70.386751,331002.0
2024-01-03,70.487926,73.225522,69.281392,72.694643,334860.0
2024-01-04,73.039525,73.999967,71.064095,72.192885,344512.0
2024-01-05,72.400766,74.241229,72.21687,73.803019,325547.0
2024-01-08,73.498951,73.953563,70.114418,70.768027,392287.0
2024-01-09,70.910188,72.923621,70.466412,72.233831,363398.0
2024-01-10,72.149845,73.586844,71.003521,71.371046,352770.0
2024-01-11,71.328161,73.793959,71.16684,72.015565,373617.0
2024-01-12,73.003875,75.246946,72.362448,72.674395,403631.0
2024-01-16,72.634841,73.551751,71.234414,72.414195,430474.0
2024-01-17,71.9981,72.967705,70.496998,72.572185,315643.0
2024-01-18,72.782305,74.383004,72.181888,74.084208,86641.0
2024-01-19,74.082094,74.919127,73.191891,73.402405,78240.0
2024-01-22,73.427469,75.748304,72.890041,75.197868,372294.0
2024-01-23,74.678188,75.257563,73.413065,74.361214,306073.0
2024-01-24,74.570835,75.83724,73.934966,75.084134,323692.0
2024-01-25,75.297195,77.520241,75.156147,77.356561,320146.0
2024-01-26,77.152334,78.265648,76.062994,78.004062,365390.0
2024-01-29,78.908534,79.279881,76.406934,76.777139,331891.0
2024-01-30,77.021897,78.130215,75.849003,77.826197,347233.0
2024-01-31,77.841778,78.103386,75.50642,75.845446,344447.0
2024-02-01,75.967021,76.944329,73.706658,73.817841,577956.0
2024-02-02,73.915351,74.524219,71.798813,72.280863,467805.0
2024-02-05,72.740762,73.298028,71.423427,72.783146,350839.0
2024-02-06,72.753132,73.827846,72.378822,73.302796,311001.0
2024-02-07,73.50119,74.221186,73.229869,73.863305,294915.0
2024-02-08,74.086843,76.571694,73.559939,76.207941,377914.0
2024-02-09,76.417491,77.282414,75.929496,76.832353,302635.0
2024-02-12,76.593192,77.09444,75.527604,76.901162,248442.0
2024-02-13,77.021446,78.471157,76.879916,77.864365,338178.0
2024-02-14,77.80158,78.783648,76.392377,76.633947,296141.0
2024-02-15,76.601309,78.440055,75.781433,78.035961,122440.0
2024-02-16,78.11557,79.352128,77.219401,79.185847,113714.0
2024-02-20,78.994073,79.812842,77.67381,78.175847,435246.0
2024-02-21,77.14511,78.086106,76.326662,77.922627,323290.0
2024-02-22,78.086287,78.915991,77.234322,78.60411,330495.0
2024-02-23,78.372788,78.372788,76.357106,76.497892,353409.0
2024-02-26,76.412433,78.039999,75.846492,77.571367,274692.0
2024-02-27,77.63181,78.988526,77.181108,78.87035,269268.0
2024-02-28,78.471986,79.631999,77.777444,78.546122,330045.0
2024-02-29,78.199915,79.25978,77.952224,78.251826,317918.0
2024-03-01,78.288773,80.856232,78.049126,79.972705,363468.0
2024-03-04,80.119972,80.411781,78.563028,78.741482,347194.0
2024-03-05,78.736755,79.493734,77.517455,78.141626,436466.0
2024-03-06,78.13796,80.695672,77.99794,79.122383,371091.0
2024-03-07,79.116894,79.550609,78.024118,78.936195,432890.0
2024-03-08,79.516935,79.995333,77.567685,78.016151,347549.0
2024-03-11,77.813726,78.472818,76.797658,77.921354,329873.0
2024-03-12,78.093665,78.728965,77.333787,77.558789,309976.0
2024-03-13,78.052468,79.892593,77.573255,79.711829,316362.0
2024-03-14,79.634008,81.59267,79.573832,81.240849,297422.0
2024-03-15,81.14253,81.461953,80.480806,81.036096,185072.0
2024-03-18,81.025917,83.096297,81.007533,82.725332,84706.0
2024-03-19,82.850804,83.845067,82.396499,83.473907,76823.0
2024-03-20,83.208725,83.208725,81.436457,81.673028,351223.0
2024-03-21,81.480055,81.91664,80.299313,81.073386,266857.0
2024-03-22,80.829513,81.454599,80.423724,80.650298,231111.0
2024-03-25,80.848163,82.47274,80.589123,81.951785,300382.0
2024-03-26,81.925795,82.376079,81.20045,81.61451,235837.0
2024-03-27,81.294731,81.731742,80.564085,81.346018,250011.0
2024-03-28,81.717861,83.202783,81.538429,83.160317,293793.0
2024-04-01,83.135251,84.502207,82.60916,83.710347,321044.0
2024-04-02,84.027472,85.494893,83.843567,85.142689,343995.0
2024-04-03,85.455327,86.199798,84.848723,85.430656,322515.0
2024-04-04,85.656088,87.218998,84.65393,86.584058,359557.0
2024-04-05,86.857823,87.634966,86.324765,86.919504,353192.0
2024-04-08,86.109125,87.086968,84.679356,86.427541,393686.0
2024-04-09,86.57799,86.979529,85.082934,85.223447,314992.0
2024-04-10,85.345165,86.379568,84.533635,86.212626,373921.0
2024-04-11,86.317826,86.626757,84.853288,85.021966,388107.0
2024-04-12,85.603322,87.67421,85.24513,85.664724,370004.0
2024-04-15,85.927866,86.114224,84.060406,85.397159,343910.0
2024-04-16,85.699614,86.19865,84.738604,85.344531,241330.0
2024-04-17,85.349607,85.499558,82.553972,82.682311,259520.0
2024-04-18,82.785885,83.474696,81.556382,82.739019,84468.0
2024-04-19,82.621567,86.271391,81.802036,83.141463,76896.0
2024-04-22,83.03863,83.353793,81.846709,82.849165,313908.0
2024-04-23,82.11699,83.419766,80.880359,83.354813,355780.0
2024-04-24,83.399107,83.71698,82.440006,82.821386,329063.0
2024-04-25,82.827634,83.82626,81.991271,83.577971,314113.0
2024-04-26,83.824022,84.453818,83.345031,83.86178,244088.0
2024-04-29,83.685979,83.899178,82.408153,82.627017,336970.0
2024-04-30,82.775472,83.310689,80.951211,81.93869,400693.0
2024-05-01,81.480644,81.567349,78.816788,79.005431,441986.0
2024-05-02,79.160417,79.904788,78.408905,78.947141,359692.0
2024-05-03,79.071435,79.633296,77.960666,78.110172,324448.0
2024-05-06,78.163106,79.089889,77.904934,78.477556,297410.0
2024-05-07,78.725657,79.170377,77.562611,78.38741,327560.0
2024-05-08,78.340141,79.280996,76.883063,78.996113,355427.0
2024-05-09,79.2337,79.806671,78.923769,79.262224,272791.0
2024-05-10,79.585402,79.951672,78.139272,78.264809,281187.0
2024-05-13,78.165729,79.485007,77.778072,79.123629,287664.0
2024-05-14,79.224468,79.377224,77.688794,78.019628,307392.0
2024-05-15,78.44217,78.919369,76.716171,78.633298,321268.0
2024-05-16,78.837137,79.865547,78.190719,79.239732,230275.0
2024-05-17,79.387452,80.131215,79.004791,80.06311,94146.0
2024-05-20,80.019462,80.589356,79.157902,79.796089,85075.0
2024-05-21,79.69778,79.718573,78.083825,79.25439,371630.0
2024-05-22,78.210754,78.427187,77.260163,77.56665,314191.0
2024-05-23,77.281183,78.644791,76.429658,76.874502,330282.0
2024-05-24,77.039081,78.041823,76.162477,77.71816,299046.0
2024-05-28,77.806273,80.278453,77.681916,79.833077,334093.0
2024-05-29,80.273197,80.607562,78.98902,79.235354,259602.0
2024-05-30,79.287376,79.424506,77.631032,77.899145,373781.0
2024-05-31,77.916349,78.612283,76.657381,76.995081,345162.0
2024-06-03,76.997046,77.532933,73.995844,74.22142,443279.0
2024-06-04,74.023031,74.139347,72.467223,73.237396,408730.0
2024-06-05,72.890887,74.341165,72.815443,74.069283,307680.0
2024-06-06,74.304927,75.782848,74.066436,75.549061,291093.0
2024-06-07,75.675097,76.251371,75.203598,75.513211,280274.0
2024-06-10,75.358341,78.295269,75.240977,77.735773,317079.0
2024-06-11,78.122224,78.351728,77.220959,77.897345,314903.0
2024-06-12,78.211592,79.337827,77.881274,78.51435,322295.0
2024-06-13,78.378144,78.895012,77.683909,78.623137,307609.0
2024-06-14,77.962295,79.173752,77.732819,78.440177,245813.0
2024-06-17,78.484199,80.659277,77.971079,80.332119,126720.0
2024-06-18,80.433895,81.663241,79.773133,81.561596,140722.0
2024-06-20,81.515569,82.403731,81.12887,82.163849,420527.0
2024-06-21,81.258126,81.785827,80.362639,80.723709,290468.0
2024-06-24,80.444101,81.779932,80.219351,81.628404,271761.0
2024-06-25,81.691527,81.899099,80.549193,80.820782,286057.0
2024-06-26,80.714283,81.631264,80.170884,80.90011,308444.0
2024-06-27,80.859124,82.039898,80.51301,81.739491,306313.0
2024-06-28,81.865776,82.710772,80.962166,81.549662,260234.0
2024-07-01,81.451941,83.632645,81.392441,83.365317,345769.0
2024-07-02,83.42913,84.391776,82.72961,82.804424,367743.0
2024-07-03,83.190861,83.923401,82.474527,83.87023,289660.0
2024-07-05,83.602169,84.524158,83.015236,83.167464,361432.0
2024-07-08,83.144692,83.301302,82.084458,82.340336,251790.0
2024-07-09,82.228328,82.485463,81.250483,81.411356,297270.0
2024-07-10,81.806988,82.67193,80.819073,82.091508,334348.0
2024-07-11,82.412228,83.141726,81.622946,82.62626,324173.0
2024-07-12,82.871226,83.742111,82.108211,82.211585,370094.0
2024-07-15,82.157299,82.574196,81.478462,81.896821,296550.0
2024-07-16,81.912542,81.929888,80.212356,80.74541,308201.0
2024-07-17,80.840731,83.093917,80.437977,82.849725,257457.0
2024-07-18,83.101352,83.815076,82.045369,82.812831,95704.0
2024-07-19,82.475791,82.875548,80.075551,80.140858,83783.0
2024-07-22,80.389752,80.688997,79.160995,79.774859,345215.0
2024-07-23,78.280006,78.723805,76.414298,76.967287,417980.0
2024-07-24,77.446401,78.204972,76.981768,77.574973,355948.0
2024-07-25,77.496458,78.465862,76.041187,78.27969,457324.0
2024-07-26,78.33508,78.589254,76.186132,77.160323,365103.0
2024-07-29,77.299934,77.687622,75.339426,75.803876,362644.0
2024-07-30,75.905687,75.963075,74.591542,74.727882,419442.0
2024-07-31,75.23762,78.656735,75.182273,77.918967,460273.0
2024-08-01,78.585867,78.871084,76.241201,76.313498,383089.0
2024-08-02,76.873583,77.28657,72.960961,73.522725,467809.0
2024-08-05,74.20708,74.457688,71.6711,72.933167,500220.0
2024-08-06,73.864357,74.571004,72.200502,73.195511,352268.0
2024-08-07,72.83536,75.835193,72.576261,75.228318,428011.0
2024-08-08,75.482828,76.536225,74.579473,76.188117,327325.0
2024-08-09,76.016263,77.096404,75.869862,76.840595,263003.0
2024-08-12,77.003605,80.152021,76.701011,80.053936,376760.0
2024-08-13,79.746972,80.141927,78.163055,78.343007,370776.0
2024-08-14,78.730519,79.102733,76.819034,76.974467,357661.0
2024-08-15,77.523834,78.601552,76.935352,78.163116,195128.0
2024-08-16,78.161803,78.161803,75.537134,76.651404,100805.0
2024-08-19,76.575913,76.870693,74.170243,74.365422,118180.0
2024-08-20,74.348453,75.038236,73.501259,74.047188,329212.0
2024-08-21,73.130636,74.159176,71.456046,71.941204,390549.0
2024-08-22,71.926844,73.534209,71.578473,73.00536,334128.0
2024-08-23,72.960293,75.065903,72.829673,74.823096,313764.0
2024-08-26,75.100956,77.597803,75.0311,77.424299,409685.0
2024-08-27,77.208302,77.483157,75.399064,75.526286,331153.0
2024-08-28,75.754856,75.943673,73.800229,74.508225,337373.0
2024-08-29,74.420394,76.889429,74.044761,75.925012,408161.0
2024-08-30,75.876485,76.577785,73.354581,73.555455,427271.0
2024-09-03,73.545993,74.410836,70.104843,70.332131,546604.0
2024-09-04,70.294236,71.44874,68.820077,69.202931,481978.0
2024-09-05,69.265549,70.821321,68.745376,69.157833,405595.0
2024-09-06,69.323915,70.131851,67.167718,67.663841,351086.0
2024-09-09,68.134659,68.9727,67.306657,68.703438,351056.0
2024-09-10,68.774,69.075376,65.276938,65.759107,442866.0
2024-09-11,66.276676,67.961241,65.626521,67.310043,393298.0
2024-09-12,67.393059,69.824932,67.231641,68.967732,351997.0
2024-09-13,69.307727,70.314784,68.468417,68.641504,308930.0
2024-09-16,69.166173,70.695501,68.645228,70.092266,295206.0
2024-09-17,70.499204,71.908792,69.616756,71.20341,251594.0
2024-09-18,71.140112,71.47556,69.737785,70.917138,102907.0
2024-09-19,70.115459,72.475011,70.115459,71.960519,86624.0
2024-09-20,72.101694,72.39498,71.353194,71.915066,306948.0
2024-09-23,71.313974,71.814712,69.484128,70.37452,338297.0
2024-09-24,70.762468,72.397116,70.443919,71.560746,318529.0
2024-09-25,71.53228,71.733301,69.211886,69.689247,476296.0
2024-09-26,69.896092,70.013991,66.946735,67.672008,478034.0
2024-09-27,67.453717,68.657729,67.055826,68.182432,341139.0
2024-09-30,68.633797,69.323668,67.565016,68.164661,350106.0
2024-10-01,68.40638,71.930791,66.333548,69.815506,668272.0
2024-10-02,70.796274,72.488575,69.86666,70.104341,429160.0
2024-10-03,70.986268,74.094297,70.527347,73.713271,460502.0
2024-10-04,73.955547,75.581293,73.457487,74.382342,428866.0
2024-10-07,74.392455,77.396084,73.625237,77.152348,419036.0
2024-10-08,77.330698,78.464071,72.681729,73.574852,496790.0
2024-10-09,73.833548,74.455289,71.519944,73.240661,401141.0
2024-10-10,73.393381,76.23664,73.259313,75.86032,321441.0
2024-10-11,75.744074,76.037387,74.534895,75.551321,315311.0
2024-10-14,75.037229,75.101938,71.804074,73.824001,273438.0
2024-10-15,71.500868,72.10376,69.714823,70.585899,328766.0
2024-10-16,70.976128,71.306866,69.63299,70.387753,222449.0
2024-10-17,70.692799,71.109507,69.42779,70.672958,188150.0
2024-10-18,70.751443,71.214127,68.691682,69.218525,95767.0
2024-10-21,69.468411,71.029692,69.004745,70.565213,92575.0
2024-10-22,70.497171,72.663016,70.038714,72.097614,330514.0
2024-10-23,71.349608,71.721023,70.132506,70.775368,293862.0
2024-10-24,71.015069,72.366913,69.769502,70.186735,286524.0
2024-10-25,70.330203,71.915511,69.964544,71.778975,287164.0
2024-10-28,68.966336,69.006831,66.912118,67.38421,419623.0
2024-10-29,68.022726,68.51328,66.730365,67.210116,291934.0
2024-10-30,67.47508,69.170536,67.28085,68.596162,284772.0
2024-10-31,69.102278,70.805822,68.307717,69.259431,311085.0
2024-11-01,70.437832,71.446554,69.316937,69.496358,320571.0
2024-11-04,70.282299,71.81559,70.242538,71.4648,286916.0
2024-11-05,71.617321,72.668406,71.308006,71.986556,247298.0
2024-11-06,72.026987,72.631132,69.734278,71.680367,388238.0
2024-11-07,71.881058,72.874081,70.656559,72.358939,353574.0
2024-11-08,72.204667,72.240416,69.986037,70.388006,362060.0
2024-11-11,70.258095,70.557975,67.916299,68.033115,364510.0
2024-11-12,68.146249,69.133785,67.743661,68.117864,286926.0
2024-11-13,67.97665,68.863908,66.94827,68.431455,386005.0
2024-11-14,68.143697,69.39221,67.906109,68.703912,232254.0
2024-11-15,68.627355,68.69191,66.829258,67.01945,205241.0
2024-11-18,66.869063,69.393202,66.605226,69.155757,110374.0
2024-11-19,68.996894,69.686172,68.451919,69.402192,89366.0
2024-11-20,69.561146,70.161048,68.755597,68.875849,235670.0
2024-11-21,69.028205,70.390342,68.871236,70.097395,283809.0
2024-11-22,70.191953,71.508699,69.289543,71.236291,408206.0
2024-11-25,71.446339,71.474965,68.741784,68.938012,380924.0
2024-11-26,69.071264,70.305216,68.05576,68.774095,292168.0
2024-11-27,68.914186,69.363863,68.175666,68.729784,227175.0
2024-11-29,68.787053,69.696358,67.876591,67.993642,291402.0
2024-12-02,68.004447,69.10499,67.707308,68.092873,264881.0
2024-12-03,68.164644,70.225288,67.917972,69.941518,303758.0
2024-12-04,70.01563,70.508975,68.484572,68.53134,325599.0
2024-12-05,68.742316,69.16848,67.981445,68.294498,286678.0
2024-12-06,68.428209,68.481381,66.974725,67.207108,341646.0
2024-12-09,67.152429,68.885826,67.08349,68.37309,297085.0
2024-12-10,68.186943,69.06247,67.72231,68.590167,286054.0
2024-12-11,68.492875,70.528503,68.438519,70.301022,335874.0
2024-12-12,70.433647,70.706505,69.129399,70.021288,326073.0
2024-12-13,70.053879,71.4104,69.864434,71.293857,230410.0
2024-12-16,71.448131,71.448131,70.361797,70.701046,204284.0
2024-12-17,70.611762,70.919844,69.182154,70.083025,99601.0
2024-12-18,70.227272,71.388553,69.992137,70.582275,99379.0
2024-12-19,70.145691,71.268014,69.687672,69.904428,291661.0
2024-12-20,69.217179,69.853617,68.425147,69.459018,231598.0
2024-12-23,69.391384,69.936374,68.59245,69.237952,188865.0
2024-12-24,69.559506,70.426374,69.368687,70.109477,122608.0
2024-12-26,70.201739,70.762688,69.335685,69.615392,144859.0
2024-12-27,69.692369,70.746389,69.439633,70.603499,172646.0
2024-12-30,70.419606,71.549632,70.134968,70.990889,199305.0
2024-12-31,71.15178,72.019558,70.871668,71.721675,151151.0
2025-01-02,71.852515,73.727597,71.783862,73.125737,306530.0
2025-01-03,73.126306,74.350079,72.704522,73.972041,296001.0
2025-01-06,74.040371,74.988215,73.194054,73.549715,306010.0
2025-01-07,73.446985,74.534324,73.104491,74.247171,277308.0
2025-01-08,74.524297,75.28711,73.158929,73.31961,328615.0
2025-01-09,73.315259,74.325261,72.849238,73.917508,213427.0
2025-01-10,74.295876,77.863782,74.036145,76.569153,478512.0
2025-01-13,76.530317,79.278996,76.530317,78.817637,460883.0
2025-01-14,78.832593,79.08691,77.416069,77.509341,326684.0
2025-01-15,78.031268,80.781749,77.252763,80.042547,321424.0
2025-01-16,80.423463,80.587971,77.863827,78.688452,159952.0
2025-01-17,78.740534,79.420953,77.756708,77.879055,112431.0
2025-01-21,78.193585,78.475707,75.494882,75.895822,568778.0
2025-01-22,75.882911,76.436998,75.279037,75.447535,315267.0
2025-01-23,75.389941,76.000723,74.128382,74.628456,350703.0
2025-01-24,74.314048,75.207128,74.001499,74.653794,319623.0
2025-01-27,74.546095,75.148952,72.37807,73.183954,334436.0
2025-01-28,73.149595,74.313472,72.934336,73.767175,326074.0
2025-01-29,73.944817,74.079348,72.326391,72.613137,312712.0
2025-01-30,73.00813,73.837285,72.020125,72.726032,336463.0
2025-01-31,73.215638,73.843006,71.937522,72.540084,376315.0
2025-02-03,74.14412,75.189479,72.047029,73.157838,517869.0
2025-02-04,72.34606,73.359183,70.668678,72.693515,452959.0
2025-02-05,72.767211,72.982803,70.953201,71.021324,289883.0
2025-02-06,71.173594,71.846161,70.434764,70.607412,299054.0
2025-02-07,70.578154,71.4,70.47086,70.99518,273817.0
2025-02-10,70.997463,72.531586,70.833618,72.323006,255915.0
2025-02-11,72.486072,73.680823,72.296233,73.317497,266798.0
2025-02-12,73.202022,73.208832,71.168487,71.364732,318108.0
2025-02-13,71.226705,71.590763,70.21799,71.293609,278198.0
2025-02-14,71.52787,72.025053,70.51547,70.748459,207709.0
2025-02-18,70.710152,72.082287,70.110975,71.850302,130931.0
2025-02-19,71.772836,73.037802,71.72238,72.239416,69014.0
2025-02-20,72.185762,73.250883,71.851202,72.561162,240042.0
2025-02-21,72.577581,72.778654,70.171464,70.401603,268492.0
2025-02-24,69.795072,70.950025,69.795072,70.696785,205476.0
2025-02-25,70.921537,71.255737,68.687317,68.918951,267295.0
2025-02-26,69.102601,69.279938,68.375099,68.630408,255592.0
2025-02-27,68.81316,70.530956,68.603052,70.350051,265922.0
2025-02-28,70.184675,70.300984,69.131432,69.764175,250103.0
2025-03-03,69.940909,70.589776,67.888582,68.374577,332746.0
2025-03-04,68.467305,68.5557,66.767047,68.265113,386730.0
2025-03-05,68.088975,68.097633,65.224227,66.30836,382515.0
2025-03-06,66.390392,67.085739,65.583735,66.363519,341592.0
2025-03-07,66.335078,68.218624,66.11322,67.04081,329739.0
2025-03-10,67.103136,67.606887,65.803679,66.02696,249642.0
2025-03-11,65.953738,67.154847,65.286421,66.247421,222547.0
2025-03-12,66.625428,67.886867,66.148287,67.680129,246689.0
2025-03-13,67.699245,67.94472,66.366312,66.542535,268594.0
2025-03-14,66.767108,67.47717,66.591577,67.175464,180488.0
2025-03-17,67.359096,68.358665,67.252838,67.59537,161322.0
2025-03-18,67.401446,68.720233,66.570702,66.902671,110324.0
2025-03-19,66.712559,67.628121,66.212745,67.161725,73092.0
2025-03-20,67.296671,68.469778,66.883551,68.263329,283384.0
2025-03-21,68.34859,68.639941,67.646435,68.282906,198972.0
2025-03-24,68.357053,69.341217,67.946128,69.093352,247014.0
2025-03-25,69.148308,69.669687,68.522293,68.992457,258421.0
2025-03-26,69.166657,70.222825,69.048094,69.651322,262388.0
2025-03-27,69.962716,69.962716,69.113133,69.917813,211827.0
2025-03-28,69.907407,70.087884,68.872812,69.354682,246689.0
2025-03-31,69.421592,71.825944,68.799392,71.480713,313081.0
2025-04-01,71.401437,72.104098,71.028195,71.205319,272834.0
2025-04-02,71.191303,72.28117,70.599426,71.695502,286514.0
2025-04-03,70.377169,70.417216,65.980734,66.960103,459261.0
2025-04-04,66.650164,66.902747,60.462112,61.990556,559628.0
2025-04-07,61.121098,63.901832,58.958958,60.705796,597529.0
2025-04-08,61.02821,61.752915,57.875184,59.577057,557648.0
2025-04-09,58.328421,62.93324,55.116838,62.350821,592335.0
2025-04-10,62.708995,63.344101,58.755073,60.06589,391821.0
2025-04-11,60.198386,61.871094,59.433834,61.495217,306201.0
2025-04-14,61.706733,62.672673,60.589519,61.533145,238050.0
2025-04-15,61.580645,62.066576,60.87865,61.33191,197405.0
2025-04-16,61.534529,62.978062,60.441307,62.467475,213215.0
2025-04-17,62.626409,64.863736,62.603594,64.678866,111472.0
2025-04-21,64.288752,64.417094,62.450767,63.090137,82674.0
2025-04-22,63.441279,65.093844,63.43889,64.316287,297909.0
2025-04-23,63.988562,64.865043,61.533388,62.261092,397888.0
2025-04-24,62.34727,63.316381,61.991026,62.803783,264899.0
2025-04-25,62.861226,63.401893,61.80302,63.013426,283732.0
2025-04-28,63.503798,63.924551,61.487788,62.053008,276167.0
2025-04-29,61.870689,62.064965,60.119653,60.419594,312366.0
2025-04-30,60.164566,60.424802,57.91159,58.203356,419597.0
2025-05-01,58.169623,59.511683,56.384668,59.233975,364147.0
2025-05-02,58.995181,59.86894,57.757658,58.287619,322125.0
2025-05-05,56.753482,57.705455,55.29983,57.118387,308457.0
2025-05-06,57.244565,59.841664,57.02532,59.101371,343862.0
2025-05-07,58.97788,60.256859,57.80999,58.07173,295292.0
2025-05-08,57.929548,60.291673,57.739665,59.911035,280924.0
2025-05-09,60.255864,61.45224,59.888119,61.030402,239633.0
2025-05-12,61.388052,63.612613,61.022369,61.945409,325871.0
2025-05-13,62.009896,63.897663,61.65505,63.668452,258824.0
2025-05-14,63.619117,63.68455,62.742048,63.149453,225584.0
2025-05-15,62.885813,62.901972,60.471092,61.623075,258396.0
2025-05-16,61.698375,62.713067,61.259644,62.479858,121571.0
2025-05-19,62.754268,63.404919,61.554967,62.685566,95565.0
2025-05-20,62.675344,63.171727,62.189779,62.560283,250383.0
2025-05-21,62.2724,64.184247,61.274992,61.561044,302717.0
2025-05-22,61.335762,61.75528,60.254798,61.200269,258613.0
2025-05-23,60.810436,61.873149,60.016464,61.531372,273412.0
2025-05-27,61.694127,62.135134,60.261222,60.885902,291326.0
2025-05-28,61.053532,62.542991,60.835785,61.838075,260340.0
2025-05-29,61.828802,63.071894,60.550216,60.935109,299856.0
2025-05-30,60.930181,61.724715,59.740002,60.7854,384892.0
2025-06-02,61.117944,63.887527,61.053922,62.518992,403585.0
2025-06-03,63.030049,63.891913,62.391895,63.394588,291240.0
2025-06-04,63.359439,63.954182,62.174005,62.849418,321146.0
2025-06-05,62.752105,63.99185,62.498439,63.370451,232369.0
2025-06-06,63.327665,64.796011,62.812011,64.579476,310190.0
2025-06-09,64.801039,65.437251,64.204716,65.294216,235885.0
2025-06-10,65.462099,66.279852,64.569081,64.980641,278996.0
2025-06-11,64.753168,68.376291,64.594335,68.147718,378451.0
2025-06-12,69.032309,69.287355,66.728512,68.041741,379467.0
2025-06-13,68.899133,77.632696,68.490004,72.987903,715690.0
2025-06-16,76.540621,77.493162,69.383241,71.77786,367322.0
2025-06-17,71.099808,75.532328,70.999072,74.84566,154253.0
2025-06-18,75.610166,76.068194,72.948733,75.136619,0.0
2025-06-20,74.601211,77.577753,74.302982,74.913719,678420.0
2025-06-23,77.982904,78.406758,66.609398,68.506246,729022.0
2025-06-24,67.734162,67.839248,63.999063,64.367385,541440.0
2025-06-25,65.124672,66.024774,64.50967,64.911544,278477.0
2025-06-26,64.968382,66.421497,64.659041,65.239351,233802.0
2025-06-27,65.301604,66.087458,64.794271,65.517332,236257.0
2025-06-30,65.153208,65.820938,64.510857,65.104898,193292.0
2025-07-01,64.962564,65.977321,64.662823,65.433413,193186.0
2025-07-02,65.560127,67.575196,65.228226,67.446849,265191.0
2025-07-03,67.494641,67.589402,66.526137,67.002798,0.0
2025-07-04,67.139328,67.181157,66.040914,66.505376,0.0
2025-07-07,65.691182,68.311799,65.403605,67.934611,332877.0
2025-07-08,67.966731,68.90957,67.335952,68.32236,219892.0
2025-07-09,68.184754,68.927227,67.71036,68.381645,223916.0
2025-07-10,68.297996,68.642314,66.459091,66.569989,258665.0
2025-07-11,66.841231,68.781437,66.496452,68.449015,226282.0
2025-07-14,68.675035,69.644819,66.795389,66.969475,263875.0
2025-07-15,66.865921,67.136262,66.228073,66.515132,252711.0
2025-07-16,66.729828,67.010245,65.423114,66.379077,248376.0
2025-07-17,66.596245,67.691338,66.300975,67.523648,188818.0
2025-07-18,67.596652,68.949525,67.198397,67.340156,107637.0
2025-07-21,67.320757,67.767954,66.460185,67.199351,81206.0
2025-07-22,67.115615,67.119556,65.988856,66.20858,269947.0
2025-07-23,65.489332,65.794332,64.717618,65.238226,251856.0
2025-07-24,65.412289,66.40084,65.339738,66.015565,281163.0
2025-07-25,66.146849,66.737168,64.999973,65.162945,234305.0
2025-07-28,65.147839,67.155957,65.058761,66.710231,262045.0
2025-07-29,67.028034,69.766417,66.528232,69.208238,329111.0
2025-07-30,69.335525,70.515897,68.444482,70.003074,345410.0
2025-07-31,70.309504,70.425099,68.566557,69.255557,247012.0
2025-08-01,69.353795,69.567512,67.046782,67.322475,355835.0
2025-08-04,66.846911,67.742994,65.458554,66.27849,277350.0
2025-08-05,66.209327,66.392594,65.041251,65.167534,279032.0
2025-08-06,65.150997,66.753819,63.635422,64.350506,353757.0
2025-08-07,64.359467,65.100522,63.698219,63.87201,300477.0
2025-08-08,63.850091,64.578768,62.765088,63.871739,322996.0
2025-08-11,63.482638,64.431914,63.02074,63.956084,234781.0
2025-08-12,64.003754,64.33459,63.060608,63.17027,304428.0
2025-08-13,63.077272,63.380677,61.94246,62.648712,298904.0
2025-08-14,62.788518,64.087872,62.578114,63.964376,251660.0
2025-08-15,63.907676,64.150817,62.679617,62.802293,197408.0
2025-08-18,63.003027,63.790359,62.174376,63.412444,95125.0
2025-08-19,63.260884,63.384158,62.254444,62.339136,99499.0
2025-08-20,62.604962,63.54735,62.386717,63.217328,280614.0
2025-08-21,62.852678,63.667446,62.523603,63.522085,250169.0
2025-08-22,63.506963,63.926319,63.300312,63.648633,223168.0
2025-08-25,63.871627,65.105108,63.52597,64.794886,185263.0
2025-08-26,64.737136,64.762639,63.116167,63.250625,199069.0
2025-08-27,63.308256,64.235334,62.948623,64.150364,193459.0
2025-08-28,63.87199,64.701731,63.352375,64.60019,208940.0
2025-08-29,64.255961,64.533336,63.876209,64.011747,0.0
2025-09-02,63.949839,66.030324,63.649857,65.589395,320236.0
2025-09-03,65.634367,65.726674,63.725103,63.978072,298734.0
2025-09-04,63.818267,63.842203,62.723177,63.479719,251663.0
2025-09-05,63.326865,63.481261,61.447045,61.870788,294547.0
2025-09-08,61.993113,63.35019,61.841042,62.250066,237283.0
2025-09-09,62.431684,63.670266,62.368321,62.636699,268573.0
2025-09-10,62.733618,64.087238,62.717129,63.672567,260707.0
2025-09-11,63.803202,63.803202,62.207905,62.37112,222701.0
2025-09-12,62.256625,63.98957,61.706864,62.696727,313271.0
2025-09-15,62.970391,63.680123,62.523447,63.299579,205573.0
2025-09-16,63.29866,64.766283,62.890988,64.520287,234264.0
2025-09-17,64.596718,64.66258,63.68831,64.044234,165413.0
2025-09-18,63.994183,64.549223,63.337872,63.569999,82309.0
2025-09-19,63.596194,63.654747,62.60664,62.681209,87161.0
2025-09-22,62.740461,63.17692,61.967916,62.645316,223801.0
2025-09-23,62.323538,63.890573,61.854021,63.414333,265923.0
2025-09-24,63.645454,65.042161,63.251384,64.9929,282706.0
2025-09-25,64.797969,65.343141,64.061942,64.972121,258353.0
2025-09-26,65.20837,66.417524,64.655358,65.71695,285026.0
2025-09-29,65.071353,65.398061,62.971099,63.451606,294267.0
2025-09-30,63.143885,63.260707,62.028125,62.369734,271652.0
2025-10-01,62.460345,62.897773,61.406427,61.771848,274317.0
2025-10-02,61.789829,62.535286,60.3872,60.493195,290506.0
2025-10-03,60.704441,61.377851,60.550275,60.883983,240070.0
2025-10-06,61.159786,62.115039,61.043216,61.697356,224660.0
2025-10-07,61.733068,62.104885,60.725392,61.742638,245146.0
2025-10-08,62.055587,62.926673,62.049246,62.551978,273352.0
2025-10-09,62.306739,62.866276,61.251957,61.507748,259143.0
2025-10-10,61.490018,61.679991,58.22645,58.904989,339088.0
2025-10-13,59.000469,60.173096,59.000469,59.496362,339084.0
2025-10-14,59.56947,59.825461,57.678328,58.701887,259235.0
2025-10-15,58.597845,59.430524,58.206602,58.267369,224938.0
2025-10-16,58.769778,59.11246,57.267748,57.457538,203833.0
2025-10-17,57.500099,57.7183,56.595842,57.537,108744.0
2025-10-20,57.730872,57.800667,56.356036,57.510225,108149.0
2025-10-21,57.371114,58.281319,56.998598,57.821808,314221.0
2025-10-22,57.591137,59.825371,57.343879,58.496691,378614.0
2025-10-23,59.94047,62.195814,59.636885,61.787819,735122.0
2025-10-24,61.794343,62.58441,61.209709,61.503728,373728.0
2025-10-27,61.813939,62.179257,60.662092,61.304483,272221.0
2025-10-28,61.507775,61.507775,59.761829,60.14997,307544.0
2025-10-29,60.175572,61.019466,59.709062,60.475452,276822.0
2025-10-30,60.380356,60.785958,59.632852,60.561805,247920.0
2025-10-31,60.294374,61.389497,59.990903,60.97701,278585.0
2025-11-03,61.393931,61.504437,60.50755,61.056878,0.0
2025-11-04,61.023209,61.031249,59.939053,60.560967,219313.0
2025-11-05,60.423731,61.095941,59.526322,59.607016,292508.0
2025-11-06,59.677131,60.516387,58.821806,59.433621,277790.0
2025-11-07,59.646111,60.453981,59.319674,59.759572,259408.0
2025-11-10,59.870308,60.480564,59.400066,60.129752,222862.0
2025-11-11,60.077658,61.275414,59.660749,61.050711,264449.0
2025-11-12,61.060431,61.060431,58.300516,58.497467,329475.0
2025-11-13,58.466316,59.207541,58.114681,58.695704,247322.0
2025-11-14,58.711732,60.654172,58.70673,60.099568,334136.0
2025-11-17,59.799923,60.445456,59.300306,59.92043,189617.0
2025-11-18,59.741472,60.935286,59.309222,60.744066,105329.0
2025-11-19,60.621937,60.780534,58.765351,59.431686,79616.0
2025-11-20,59.631428,60.326583,58.863656,59.133813,324270.0
2025-11-21,58.804833,58.809705,57.381001,58.051971,345007.0
2025-11-24,58.04817,59.058049,57.423029,58.836614,238118.0
2025-11-25,58.890795,58.958473,57.101067,57.957491,334452.0
2025-11-26,58.053901,58.726239,57.662299,58.653058,228249.0
2025-11-28,58.576496,59.634735,58.26797,58.559614,153735.0
2025-12-01,58.95917,59.968237,58.823587,59.314296,232776.0
2025-12-02,59.516661,59.670499,58.275719,58.637039,255519.0
2025-12-03,58.651067,59.626608,58.368204,58.948548,260972.0
2025-12-04,59.083516,60.013376,58.800219,59.659277,264977.0
2025-12-05,59.703389,60.506819,59.420968,60.077832,255029.0
2025-12-08,60.147509,60.309032,58.688203,58.884404,263027.0
2025-12-09,58.872745,59.169253,58.127545,58.257808,260202.0
2025-12-10,58.367452,59.04743,57.654869,58.45973,256500.0
2025-12-11,58.915132,58.94115,57.006784,57.598463,286829.0
2025-12-12,57.889277,58.194876,57.15037,57.444258,212821.0
2025-12-15,57.496261,57.804584,56.392295,56.824067,229320.0
2025-12-16,56.674207,56.698862,54.989248,55.272148,230932.0
2025-12-17,55.22941,56.981258,55.206464,55.943468,125593.0
2025-12-18,56.90979,57.024874,55.890446,56.156622,85732.0
2025-12-19,56.026601,56.898925,55.811621,56.665605,209254.0
2025-12-22,56.624206,58.130139,56.606227,58.018339,221577.0
2025-12-23,57.951719,58.567298,57.738483,58.376438,183628.0
2025-12-24,58.466612,58.748619,58.124381,58.352581,111766.0
2025-12-26,58.344673,58.883602,56.64669,56.741382,166675.0
2025-12-29,57.036572,58.30057,56.913618,58.090046,178568.0
2025-12-30,57.805271,58.467562,57.600614,57.949593,143832.0
2025-12-31,57.948817,58.546703,57.196847,57.426546,157144.0
2026-01-02,57.417104,57.937674,56.607618,57.313772,189513.0
2026-01-05,57.471245,58.505854,56.31591,58.327049,301485.0
2026-01-06,58.33225,58.865707,56.83897,57.123723,292088.0
2026-01-07,57.008938,57.17253,55.755811,55.993845,383137.0
2026-01-08,56.417839,58.746214,55.969843,57.761454,334155.0
2026-01-09,58.386332,59.772348,57.607792,59.114508,360285.0
2026-01-12,58.998247,59.90954,58.442816,59.502876,309676.0
2026-01-13,59.962929,61.498424,59.469092,61.148318,411236.0
2026-01-14,61.119057,62.361521,59.192559,62.02128,410228.0
2026-01-15,61.062547,61.138051,58.885744,59.178451,113616.0
2026-01-16,59.260303,60.187264,58.935502,59.434687,113795.0
2026-01-20,59.001468,60.695293,58.707326,60.333737,499589.0
2026-01-21,59.585314,60.877194,59.209748,60.618994,333002.0
2026-01-22,60.690088,60.815646,58.968747,59.362353,324324.0
2026-01-23,59.667947,61.353176,59.522459,61.071306,283403.0
2026-01-26,61.21441,61.703578,60.315741,60.625171,281062.0
2026-01-27,60.782041,62.623032,60.142211,62.395351,360228.0
2026-01-28,62.589594,63.570795,62.07044,63.203804,354914.0
2026-01-29,63.498507,66.483582,63.285498,65.425912,560007.0
2026-01-30,65.516749,66.103609,63.638723,65.22235,449298.0
2026-02-02,64.716777,64.747435,61.389345,62.152511,414019.0
2026-02-03,62.272755,64.209994,61.11683,63.207395,381109.0
2026-02-04,63.796867,65.527404,62.857266,65.135985,446601.0
2026-02-05,64.486124,64.679685,62.660581,63.291296,389839.0
2026-02-06,63.101866,64.580165,62.195182,63.541855,448924.0
2026-02-09,62.984774,64.877958,62.617267,64.350738,297911.0
2026-02-10,64.436791,64.718296,63.655003,63.958464,276301.0
2026-02-11,64.201871,65.836013,64.143804,64.629475,340160.0
2026-02-12,64.87421,65.09509,62.380331,62.840225,369299.0
2026-02-13,62.999343,63.253647,62.142254,62.882251,255777.0
2026-02-17,63.299163,64.141528,61.867796,62.332847,328668.0
2026-02-18,62.30443,65.559989,62.123993,65.201501,115374.0
2026-02-19,65.102042,66.885276,64.873902,66.423204,113391.0
2026-02-20,66.669969,67.051666,65.935111,66.391685,351371.0
2026-02-23,65.894944,67.27299,65.37969,66.315195,270418.0
2026-02-24,66.305205,67.147658,65.541696,65.629385,312150.0
2026-02-25,66.06724,66.60369,65.140118,65.430821,306739.0
2026-02-26,65.653116,66.714982,63.598476,65.211775,498493.0
2026-02-27,65.356607,67.837028,64.849896,67.015958,437036.0
2026-03-02,75.003345,75.341195,69.198423,71.239598,881201.0
2026-03-03,71.232469,77.966855,70.407965,74.556838,1009787.0
2026-03-04,74.741905,77.226425,73.272044,74.667904,617702.0
2026-03-05,76.15812,82.168163,74.971974,81.019921,707069.0
2026-03-06,79.088178,92.617605,78.239887,90.905661,996316.0
2026-03-09,97.999103,119.488845,81.206802,94.772617,1107260.0
2026-03-10,85.755237,91.496574,76.726276,83.455829,801509.0
2026-03-11,86.894961,88.996712,81.782429,87.231151,537954.0
2026-03-12,89.318332,97.182945,88.60098,95.727259,549042.0
2026-03-13,96.732001,99.324822,92.020216,98.705335,436669.0
2026-03-16,100.925645,102.438482,92.919402,93.497273,455487.0
2026-03-17,94.402909,98.429553,93.842511,96.209731,308447.0
2026-03-18,95.987081,100.551631,91.950309,96.318274,157212.0
2026-03-19,99.140028,101.488546,92.791182,96.137029,118711.0
2026-03-20,95.00359,99.667621,93.421092,98.323977,461829.0
2026-03-23,100.51083,101.665698,84.375561,88.117633,666786.0
2026-03-24,88.788991,93.354569,86.344692,92.342857,420038.0
2026-03-25,88.497891,91.745366,86.465068,90.319485,405175.0
2026-03-26,91.385284,95.448969,89.503688,94.483992,350842.0
2026-03-27,93.315797,101.242552,92.072983,99.648597,374904.0
2026-03-30,102.615612,105.362338,99.419942,102.889771,374063.0
2026-03-31,105.061103,106.859444,99.619527,101.359956,495409.0
2026-04-01,101.720987,103.3219,96.511473,100.124888,434576.0
2026-04-02,98.92205,113.969502,97.509746,111.526859,0.0
2026-04-06,112.952334,115.47284,108.89475,112.401988,271710.0
2026-04-07,112.617022,117.629266,109.208085,112.965092,429323.0
2026-04-08,108.723082,109.176323,91.048498,94.402111,599607.0
2026-04-09,96.775714,102.693833,95.267117,97.866166,427165.0
2026-04-10,98.23155,100.429028,95.512885,96.573171,314873.0
2026-04-13,101.99368,105.632406,97.031233,99.062998,344331.0
2026-04-14,97.989899,97.989899,91.05995,91.298617,315805.0
2026-04-15,92.015064,93.29893,86.960382,91.298781,240388.0
2026-04-16,91.481351,95.429577,90.524178,94.687391,194331.0
2026-04-17,93.187352,94.047238,80.557594,83.850569,116634.0
2026-04-20,88.989542,91.210891,87.045369,89.609418,115578.0
2026-04-21,87.895719,94.4521,87.751785,92.142757,383560.0
2026-04-22,89.999331,93.72935,87.639872,92.968545,299633.0
2026-04-23,92.906776,98.406929,92.289415,95.857235,365240.0
2026-04-24,96.621926,97.850623,92.676219,94.415723,330300.0
2026-04-27,95.596042,97.667403,94.579958,96.379085,219036.0
2026-04-28,96.665904,101.853723,96.248586,99.916535,281054.0
2026-04-29,99.711672,108.60253,98.431443,106.893069,318812.0
2026-04-30,109.066711,110.939779,103.328227,105.060837,342001.0
2026-05-01,105.144711,106.642774,99.282026,101.933316,268672.0
2026-05-04,99.725264,107.451942,99.099754,106.423278,342799.0
2026-05-05,104.916351,105.473869,101.072417,102.267864,241140.0
2026-05-06,102.71097,102.71097,88.677369,95.074663,423573.0
2026-05-07,96.307481,98.004726,89.858836,94.804727,392081.0
2026-05-08,98.264854,98.652039,93.804385,95.415673,243449.0
2026-05-11,98.179186,100.362293,96.138997,98.076329,256246.0
2026-05-12,98.389719,102.726836,98.007296,102.182703,231778.0
2026-05-13,102.151828,103.682584,100.549324,101.035473,212594.0
2026-05-14,100.995475,102.353989,99.365823,101.157665,173852.0
2026-05-15,102.074157,105.990046,101.485412,105.421204,96548.0
2026-05-18,105.999172,109.460261,102.652795,108.654814,117907.0
2026-05-19,107.10227,109.233429,106.75793,107.755287,206455.0
2026-05-20,104.126396,104.441918,96.945831,98.234455,320090.0
2026-05-21,98.9501,102.64683,95.749522,96.352725,345508.0
2026-05-22,98.007851,99.450852,94.732126,96.598317,261083.0
2026-05-26,93.874797,94.702869,89.419787,93.90475,358867.0
2026-05-27,93.387224,93.696232,87.765253,88.681203,290967.0
2026-05-28,89.112574,92.512502,87.110395,88.911636,235144.0
2026-05-29,88.555503,89.007741,86.343089,87.359345,267814.0
2026-06-01,88.51394,94.778768,88.455942,92.163171,321984.0
2026-06-02,92.441807,94.004755,90.107715,93.763456,238162.0
2026-06-03,93.454731,97.006003,93.451527,96.028028,260616.0
2026-06-04,95.751288,95.911552,91.906876,93.029572,219509.0
2026-06-05,92.804928,93.638623,89.674661,90.545496,252870.0
2026-06-08,92.984093,95.469038,90.396542,91.298262,278650.0
2026-06-09,91.27751,91.566979,85.956345,88.200151,306048.0
2026-06-10,89.40633,91.866623,87.390385,90.038235,291892.0
2026-06-11,92.246911,93.637805,85.74087,87.716735,317143.0
2026-06-12,86.640438,87.217186,83.189374,84.891261,233944.0
2026-06-15,81.410633,82.432182,79.703667,80.748484,208378.0
2026-06-16,81.099631,81.572051,75.531421,76.054757,205106.0
2026-06-17,76.59378,80.029666,74.592199,76.789992,100468.0
2026-06-18,75.526773,76.979755,73.578797,76.596595,97820.0
2026-06-22,78.936002,78.951676,74.455288,74.816796,315898.0
2026-06-23,74.131119,74.450316,72.487318,73.214791,203530.0
2026-06-24,73.120095,73.182039,69.613013,70.343903,251432.0
2026-06-25,69.952375,72.499199,68.903689,71.918095,228088.0
2026-06-26,71.452889,71.860527,68.562451,69.233058,249314.0
2026-06-29,70.493469,71.1598,69.315294,70.748656,170495.0
2026-06-30,70.408152,71.60421,69.2237,69.495355,194282.0
2026-07-01,69.984441,70.202705,67.913023,68.57638,200045.0
2026-07-02,68.041353,68.788808,67.043877,68.681681,183641.0
2026-07-06,68.687608,69.218913,67.820991,68.556718,229897.0
2026-07-07,68.571739,72.499827,68.571739,70.439741,264090.0
2026-07-08,72.380656,76.086775,71.741622,73.518886,445253.0
2026-07-09,74.951378,75.136999,71.414505,72.078091,263999.0
2026-07-10,71.86544,73.164043,70.765187,71.408042,219814.0
2026-07-13,73.701576,78.582568,72.611948,78.145871,327389.0
2026-07-14,78.044688,81.272554,77.853471,79.349178,409982.0
2026-07-15,79.744766,80.93516,78.180214,79.599106,239848.0
2026-07-16,80.005351,80.868321,78.571168,78.953539,188715.0
2026-07-17,79.56942,82.752079,78.619165,82.494941,96018.0
2026-07-20,83.744829,85.397092,80.267998,83.213797,99782.0
2026-07-21,83.476341,85.792509,82.249649,84.934633,298140.0
2026-07-22,84.693505,88.619203,84.442349,86.856334,358075.0
2026-07-23,87.725497,93.499332,87.315891,92.179888,401869.0
2026-07-24,92.538299,92.826355,87.682772,89.312462,365465.0
2026-07-27,86.111595,86.186995,81.613089,82.619462,352875.0
2026-07-28,81.998214,82.426848,77.785123,79.263782,368066.0
2026-07-29,80.04405,85.571543,79.929278,84.461278,327428.0
2026-07-30,84.655063,85.926482,82.972414,83.583803,235391.0
2026-07-31,83.917398,86.864547,81.069277,84.653645,257870.0
2026-08-03,80.101833,81.308107,78.435245,80.346382,294773.0
2026-08-04,80.099088,82.320135,75.118874,75.784187,362287.0
2026-08-05,75.173435,76.691935,74.246153,75.226213,259939.0
2026-08-06,75.128364,78.509912,74.579211,77.291637,246256.0
2026-08-07,78.169514,78.777376,76.535805,78.1824,241222.0
2026-08-10,78.41935,82.385683,77.787886,82.135148,271133.0
2026-08-11,82.348251,84.605016,81.271661,83.207275,283794.0
2026-08-12,83.495571,84.363849,82.390547,83.285684,250800.0
2026-08-13,82.714956,83.288683,80.103585,81.243649,245850.0
2026-08-14,81.274734,82.995543,80.715346,82.40784,192137.0
2026-08-17,82.521467,85.039929,81.497216,84.493723,180077.0
2026-08-18,84.979436,85.946547,84.559822,84.950073,90108.0
2026-08-19,85.427378,87.182689,84.327395,85.834162,98761.0
2026-08-20,85.813559,88.998897,85.59217,87.839501,262564.0
2026-08-21,86.266534,87.519822,85.805303,87.061679,228695.0
2026-08-24,86.503636,86.555624,84.363245,85.022273,219390.0
2026-08-25,85.029772,85.838628,80.234211,82.378589,282441.0
2026-08-26,81.105046,83.31899,79.603246,82.242758,255910.0
2026-08-27,81.992027,84.2811,80.666942,83.530887,220115.0
2026-08-28,83.664042,83.787337,82.252429,83.393908,167611.0
2026-08-31,84.697964,86.803659,84.121007,85.768449,235778.0
2026-09-01,86.30984,90.987271,86.135789,90.221613,331119.0
2026-09-02,90.643616,92.284937,88.975551,91.006273,283441.0
2026-09-03,90.70774,93.128793,89.553604,91.31465,324570.0
2026-09-04,91.663763,92.167743,88.722256,91.477601,273128.0
2026-09-08,92.247711,94.7242,90.872679,93.051592,435237.0
2026-09-09,94.307733,96.926076,93.759068,96.057425,325170.0
2026-09-10,96.878655,104.039551,95.368755,102.47787,437348.0
2026-09-11,104.328559,104.474049,98.476936,100.04435,399094.0
2026-09-14,102.229725,104.943347,100.539322,101.383543,413074.0
2026-09-15,101.996433,106.746454,101.204073,105.824308,371456.0
2026-09-16,105.471129,105.636527,100.95851,102.421602,301161.0
2026-09-17,102.185524,102.462304,99.10255,101.920677,265981.0
2026-09-18,101.050475,103.464792,99.183558,100.291982,112712.0
2026-09-21,100.99342,101.086086,94.22899,95.786053,76445.0
2026-09-22,95.369499,97.41292,92.399267,94.584171,422693.0
2026-09-23,89.890754,93.073258,88.697123,92.164002,370714.0
2026-09-24,92.733289,96.765091,91.230065,94.611414,409995.0
2026-09-25,94.750443,94.750443,91.504795,92.415841,345795.0
2026-09-28,93.599001,96.548217,91.261991,92.600872,345783.0
2026-09-29,89.01565,89.578625,88.594816,89.271337,8882.0
