Date,Open,High,Low,Close,Volume
2016-01-01,1.085834,1.086541,1.085823,1.085901,0.0
2016-01-04,1.085516,1.094511,1.080502,1.085339,0.0
2016-01-05,1.082397,1.084316,1.071108,1.082934,0.0
2016-01-06,1.074991,1.077515,1.072382,1.075252,0.0
2016-01-07,1.077643,1.087482,1.077264,1.077946,0.0
2016-01-08,1.092618,1.092875,1.080821,1.092552,0.0
2016-01-11,1.09382,1.094561,1.085339,1.094044,0.0
2016-01-12,1.085845,1.090299,1.082647,1.085821,0.0
2016-01-13,1.084378,1.088256,1.08051,1.084377,0.0
2016-01-14,1.088708,1.09498,1.083972,1.08853,0.0
2016-01-15,1.085777,1.098101,1.085777,1.085908,0.0
2016-01-18,1.09197,1.092706,1.087582,1.091911,0.0
2016-01-19,1.089532,1.09097,1.086017,1.08964,0.0
2016-01-20,1.091251,1.097671,1.089314,1.091142,0.0
2016-01-21,1.0879,1.092142,1.07818,1.087677,0.0
2016-01-22,1.086026,1.08645,1.079705,1.086172,0.0
2016-01-25,1.080075,1.084886,1.079319,1.079901,0.0
2016-01-26,1.085261,1.087739,1.081908,1.085074,0.0
2016-01-27,1.086395,1.09114,1.085364,1.086593,0.0
2016-01-28,1.090515,1.094947,1.087219,1.090847,0.0
2016-01-29,1.093846,1.094589,1.082045,1.093739,0.0
2016-02-01,1.082701,1.091158,1.082497,1.082497,0.0
2016-02-02,1.089972,1.093999,1.08951,1.08951,0.0
2016-02-03,1.092349,1.107737,1.090598,1.092164,0.0
2016-02-04,1.109212,1.123716,1.107209,1.109051,0.0
2016-02-05,1.120074,1.121545,1.110949,1.12004,0.0
2016-02-08,1.114626,1.119044,1.108615,1.114519,0.0
2016-02-09,1.11892,1.131243,1.116135,1.118901,0.0
2016-02-10,1.128757,1.131004,1.116482,1.129124,0.0
2016-02-11,1.128572,1.136701,1.127245,1.128314,0.0
2016-02-12,1.131809,1.133584,1.12293,1.131713,0.0
2016-02-15,1.122539,1.123994,1.113054,1.122727,0.0
2016-02-16,1.117746,1.119092,1.113063,1.117347,0.0
2016-02-17,1.114539,1.117864,1.110928,1.114673,0.0
2016-02-18,1.112063,1.1153,1.107505,1.112331,0.0
2016-02-19,1.1109,1.114832,1.106888,1.111218,0.0
2016-02-22,1.112345,1.112762,1.100726,1.112487,0.0
2016-02-23,1.102819,1.105114,1.099139,1.102696,0.0
2016-02-24,1.102532,1.104034,1.096016,1.102569,0.0
2016-02-25,1.101317,1.105064,1.099104,1.101383,0.0
2016-02-26,1.102624,1.106854,1.092411,1.102781,0.0
2016-02-29,1.09269,1.096196,1.086418,1.092302,0.0
2016-03-01,1.088712,1.089398,1.083893,1.088854,0.0
2016-03-02,1.087705,1.087958,1.08274,1.087563,0.0
2016-03-03,1.087055,1.093699,1.085311,1.087001,0.0
2016-03-04,1.094813,1.103988,1.090928,1.094929,0.0
2016-03-07,1.099313,1.099779,1.09417,1.099333,0.0
2016-03-08,1.101597,1.105968,1.100622,1.101747,0.0
2016-03-09,1.100292,1.101554,1.094735,1.100505,0.0
2016-03-10,1.098738,1.116024,1.082777,1.098901,0.0
2016-03-11,1.117814,1.120893,1.10832,1.117699,0.0
2016-03-14,1.116171,1.116673,1.109642,1.116645,0.0
2016-03-15,1.110301,1.113028,1.107575,1.110368,0.0
2016-03-16,1.111034,1.111034,1.105645,1.110987,0.0
2016-03-17,1.121763,1.134335,1.120747,1.122029,0.0
2016-03-18,1.131424,1.1339,1.12577,1.132053,0.0
2016-03-21,1.127604,1.129059,1.123561,1.127773,0.0
2016-03-22,1.12356,1.126225,1.119064,1.123671,0.0
2016-03-23,1.122249,1.12227,1.116634,1.122186,0.0
2016-03-24,1.118199,1.119168,1.11477,1.118053,0.0
2016-03-25,1.116848,1.117663,1.115494,1.116722,0.0
2016-03-28,1.115914,1.12165,1.115406,1.115768,0.0
2016-03-29,1.119971,1.122394,1.117156,1.12019,0.0
2016-03-30,1.129075,1.136222,1.12883,1.129171,0.0
2016-03-31,1.133484,1.141054,1.131047,1.133439,0.0
2016-04-01,1.137731,1.143658,1.134307,1.138013,0.0
2016-04-04,1.139772,1.141245,1.135903,1.138956,0.0
2016-04-05,1.138832,1.140911,1.133831,1.138972,0.0
2016-04-06,1.138059,1.142931,1.133181,1.138286,0.0
2016-04-07,1.139985,1.145405,1.134099,1.140362,0.0
2016-04-08,1.137001,1.142071,1.135,1.137571,0.0
2016-04-11,1.140784,1.144921,1.137534,1.140116,0.0
2016-04-12,1.141203,1.14637,1.135463,1.14114,0.0
2016-04-13,1.13857,1.139231,1.12753,1.138667,0.0
2016-04-14,1.128035,1.129439,1.123644,1.12804,0.0
2016-04-15,1.126567,1.131755,1.124818,1.12715,0.0
2016-04-18,1.130068,1.133182,1.127507,1.130001,0.0
2016-04-19,1.130918,1.138579,1.130602,1.131129,0.0
2016-04-20,1.135953,1.138694,1.132529,1.135921,0.0
2016-04-21,1.130593,1.139458,1.127673,1.130273,0.0
2016-04-22,1.129412,1.130809,1.124078,1.129393,0.0
2016-04-25,1.123258,1.127833,1.122705,1.123442,0.0
2016-04-26,1.126844,1.133925,1.125633,1.12695,0.0
2016-04-27,1.130064,1.133884,1.129251,1.129865,0.0
2016-04-28,1.13271,1.136479,1.129812,1.132988,0.0
2016-04-29,1.135827,1.145865,1.135455,1.13572,0.0
2016-05-02,1.146262,1.15272,1.145173,1.146394,0.0
2016-05-03,1.152374,1.161459,1.150438,1.152576,0.0
2016-05-04,1.150196,1.152758,1.147065,1.150454,0.0
2016-05-05,1.148979,1.149726,1.139263,1.149347,0.0
2016-05-06,1.140135,1.147318,1.139235,1.140899,0.0
2016-05-09,1.13864,1.142975,1.137676,1.138841,0.0
2016-05-10,1.138301,1.140631,1.13614,1.138605,0.0
2016-05-11,1.137474,1.144631,1.137413,1.137525,0.0
2016-05-12,1.142548,1.143007,1.137977,1.142425,0.0
2016-05-13,1.137647,1.137984,1.128393,1.137838,0.0
2016-05-16,1.13167,1.134449,1.13046,1.131506,0.0
2016-05-17,1.13167,1.134763,1.13028,1.131615,0.0
2016-05-18,1.131418,1.13161,1.125782,1.131443,0.0
2016-05-19,1.122176,1.123173,1.118175,1.122261,0.0
2016-05-20,1.120135,1.123965,1.119787,1.120786,0.0
2016-05-23,1.122181,1.124291,1.118952,1.122042,0.0
2016-05-24,1.121776,1.123092,1.114508,1.121475,0.0
2016-05-25,1.113823,1.117081,1.112944,1.113816,0.0
2016-05-26,1.115605,1.121993,1.115605,1.116004,0.0
2016-05-27,1.119335,1.120327,1.112574,1.119269,0.0
2016-05-30,1.111083,1.11491,1.109832,1.110929,0.0
2016-05-31,1.11501,1.117397,1.112264,1.114904,0.0
2016-06-01,1.113679,1.119222,1.111764,1.113807,0.0
2016-06-02,1.119472,1.122103,1.11504,1.118991,0.0
2016-06-03,1.115234,1.135055,1.113739,1.115344,0.0
2016-06-06,1.135007,1.13777,1.133211,1.13502,0.0
2016-06-07,1.136577,1.137919,1.134053,1.136353,0.0
2016-06-08,1.1357,1.141835,1.135609,1.135659,0.0
2016-06-09,1.140785,1.141641,1.130855,1.140758,0.0
2016-06-10,1.131296,1.13225,1.127607,1.13163,0.0
2016-06-13,1.124123,1.130165,1.123729,1.124077,0.0
2016-06-14,1.128857,1.130015,1.118886,1.129244,0.0
2016-06-15,1.121537,1.125966,1.118938,1.121443,0.0
2016-06-16,1.126082,1.130031,1.113135,1.126113,0.0
2016-06-17,1.127007,1.129385,1.12244,1.125111,0.0
2016-06-20,1.134747,1.138679,1.130715,1.134863,0.0
2016-06-21,1.132243,1.135172,1.124324,1.13245,0.0
2016-06-22,1.125227,1.133453,1.12379,1.125036,0.0
2016-06-23,1.132776,1.142128,1.132111,1.132854,0.0
2016-06-24,1.13303,1.133471,1.091901,1.132494,0.0
2016-06-27,1.103351,1.108142,1.09735,1.10345,0.0
2016-06-28,1.101566,1.111159,1.101431,1.101431,0.0
2016-06-29,1.107798,1.112974,1.105113,1.107282,0.0
2016-06-30,1.112594,1.115361,1.10542,1.112687,0.0
2016-07-01,1.110535,1.117014,1.107353,1.110494,0.0
2016-07-04,1.112909,1.114994,1.110097,1.113182,0.0
2016-07-05,1.11466,1.118048,1.107721,1.114464,0.0
2016-07-06,1.106514,1.108959,1.103347,1.106485,0.0
2016-07-07,1.109793,1.110978,1.105886,1.109868,0.0
2016-07-08,1.106389,1.110615,1.101033,1.106683,0.0
2016-07-11,1.104757,1.107301,1.101929,1.104302,0.0
2016-07-12,1.105985,1.112382,1.105478,1.10579,0.0
2016-07-13,1.105983,1.111985,1.104404,1.106149,0.0
2016-07-14,1.109567,1.116981,1.109167,1.109453,0.0
2016-07-15,1.110654,1.115785,1.105905,1.110845,0.0
2016-07-18,1.10541,1.108925,1.103858,1.105531,0.0
2016-07-19,1.107178,1.108097,1.100195,1.107167,0.0
2016-07-20,1.10161,1.102912,1.098501,1.101329,0.0
2016-07-21,1.10168,1.105686,1.098651,1.101973,0.0
2016-07-22,1.103171,1.104012,1.096655,1.103354,0.0
2016-07-25,1.096954,1.099736,1.095286,1.097227,0.0
2016-07-26,1.098984,1.102457,1.097938,1.098944,0.0
2016-07-27,1.098604,1.100955,1.098255,1.098727,0.0
2016-07-28,1.106936,1.111873,1.106078,1.107278,0.0
2016-07-29,1.108472,1.119675,1.10739,1.10843,0.0
2016-08-01,1.116804,1.118294,1.115786,1.116961,0.0
2016-08-02,1.116725,1.12316,1.116318,1.116695,0.0
2016-08-03,1.121866,1.122157,1.116395,1.121859,0.0
2016-08-04,1.11523,1.115626,1.111743,1.115131,0.0
2016-08-05,1.113482,1.116289,1.10483,1.113585,0.0
2016-08-08,1.108646,1.110623,1.107533,1.10885,0.0
2016-08-09,1.108666,1.112106,1.107253,1.108464,0.0
2016-08-10,1.111786,1.119973,1.111467,1.111467,0.0
2016-08-11,1.118688,1.119077,1.113781,1.11873,0.0
2016-08-12,1.113932,1.121884,1.113184,1.113871,0.0
2016-08-15,1.116684,1.120489,1.115643,1.116688,0.0
2016-08-16,1.118433,1.132368,1.117861,1.11831,0.0
2016-08-17,1.128081,1.129279,1.125676,1.127643,0.0
2016-08-18,1.130245,1.1341,1.129702,1.129928,0.0
2016-08-19,1.134945,1.135185,1.130643,1.134797,0.0
2016-08-22,1.129805,1.133374,1.127462,1.129759,0.0
2016-08-23,1.131918,1.13537,1.130952,1.131878,0.0
2016-08-24,1.130194,1.131299,1.124527,1.13023,0.0
2016-08-25,1.126307,1.13004,1.126187,1.126187,0.0
2016-08-26,1.129013,1.133934,1.123644,1.129202,0.0
2016-08-29,1.119388,1.121007,1.115977,1.119853,0.0
2016-08-30,1.119255,1.119255,1.113808,1.119166,0.0
2016-08-31,1.115295,1.116468,1.112648,1.115447,0.0
2016-09-01,1.115801,1.120193,1.113056,1.116074,0.0
2016-09-02,1.12026,1.125085,1.115359,1.120228,0.0
2016-09-05,1.115926,1.11845,1.114255,1.116079,0.0
2016-09-06,1.115092,1.125323,1.114369,1.115171,0.0
2016-09-07,1.124917,1.126354,1.123178,1.125534,0.0
2016-09-08,1.124008,1.132974,1.123726,1.124192,0.0
2016-09-09,1.127065,1.128677,1.120597,1.127199,0.0
2016-09-12,1.124234,1.126195,1.121487,1.123866,0.0
2016-09-13,1.124047,1.125887,1.122129,1.124134,0.0
2016-09-14,1.122004,1.127668,1.121435,1.121929,0.0
2016-09-15,1.124674,1.128014,1.122073,1.124706,0.0
2016-09-16,1.124887,1.124887,1.115781,1.124442,0.0
2016-09-19,1.116186,1.120868,1.115486,1.11602,0.0
2016-09-20,1.117928,1.121141,1.116632,1.118066,0.0
2016-09-21,1.115512,1.117011,1.112608,1.115499,0.0
2016-09-22,1.119401,1.125752,1.118155,1.119249,0.0
2016-09-23,1.120797,1.123011,1.119556,1.121022,0.0
2016-09-26,1.123992,1.127817,1.122269,1.123963,0.0
2016-09-27,1.125148,1.125813,1.119588,1.12517,0.0
2016-09-28,1.12174,1.123703,1.118423,1.1219,0.0
2016-09-29,1.122404,1.125051,1.119903,1.122496,0.0
2016-09-30,1.122369,1.12503,1.115507,1.121875,0.0
2016-10-03,1.123511,1.124291,1.120621,1.123516,0.0
2016-10-04,1.121335,1.124819,1.113943,1.120955,0.0
2016-10-05,1.12108,1.124042,1.119161,1.121146,0.0
2016-10-06,1.120873,1.121304,1.114891,1.120735,0.0
2016-10-07,1.114504,1.120158,1.110695,1.114633,0.0
2016-10-10,1.119594,1.120388,1.115094,1.119723,0.0
2016-10-11,1.114189,1.114189,1.105733,1.114034,0.0
2016-10-12,1.106013,1.106234,1.100688,1.106206,0.0
2016-10-13,1.101579,1.104897,1.098576,1.1013,0.0
2016-10-14,1.105177,1.105674,1.098531,1.105156,0.0
2016-10-17,1.096686,1.101156,1.096444,1.096826,0.0
2016-10-18,1.101181,1.10287,1.097212,1.10149,0.0
2016-10-19,1.097489,1.100402,1.095502,1.097862,0.0
2016-10-20,1.097571,1.102915,1.091539,1.097444,0.0
2016-10-21,1.093046,1.093046,1.086174,1.092991,0.0
2016-10-24,1.088449,1.090153,1.085988,1.088129,0.0
2016-10-25,1.087705,1.089996,1.085303,1.087458,0.0
2016-10-26,1.088611,1.094561,1.087855,1.08865,0.0
2016-10-27,1.09096,1.094045,1.08929,1.091218,0.0
2016-10-28,1.090021,1.095398,1.089629,1.089924,0.0
2016-10-31,1.098558,1.098585,1.093747,1.09855,0.0
2016-11-01,1.097024,1.105054,1.095921,1.097234,0.0
2016-11-02,1.10602,1.112005,1.105191,1.105819,0.0
2016-11-03,1.109762,1.112739,1.106161,1.109786,0.0
2016-11-04,1.110336,1.112627,1.108276,1.110288,0.0
2016-11-07,1.109752,1.111431,1.103398,1.110091,0.0
2016-11-08,1.104989,1.106522,1.103089,1.104902,0.0
2016-11-09,1.102151,1.130384,1.093514,1.101882,0.0
2016-11-10,1.092053,1.095592,1.086665,1.092068,0.0
2016-11-11,1.088961,1.092407,1.085651,1.089189,0.0
2016-11-14,1.08254,1.087513,1.071173,1.082659,0.0
2016-11-15,1.074593,1.08159,1.072147,1.075023,0.0
2016-11-16,1.072778,1.076067,1.067213,1.07259,0.0
2016-11-17,1.070469,1.074822,1.066823,1.070695,0.0
2016-11-18,1.062454,1.064135,1.057517,1.062378,0.0
2016-11-21,1.058598,1.065013,1.058467,1.058543,0.0
2016-11-22,1.063727,1.065716,1.058632,1.063889,0.0
2016-11-23,1.063354,1.064483,1.05307,1.063191,0.0
2016-11-24,1.054545,1.058843,1.052336,1.05449,0.0
2016-11-25,1.056432,1.062702,1.054146,1.056284,0.0
2016-11-28,1.061068,1.068396,1.056893,1.061418,0.0
2016-11-29,1.061969,1.063405,1.05687,1.062236,0.0
2016-11-30,1.06472,1.066665,1.058522,1.064816,0.0
2016-12-01,1.059179,1.063659,1.058867,1.059256,0.0
2016-12-02,1.066321,1.069131,1.062995,1.066544,0.0
2016-12-05,1.057104,1.074242,1.054145,1.058237,0.0
2016-12-06,1.075757,1.078688,1.072697,1.075654,0.0
2016-12-07,1.071882,1.076831,1.071216,1.072128,0.0
2016-12-08,1.076049,1.08552,1.061004,1.076109,0.0
2016-12-09,1.062139,1.063222,1.05378,1.062125,0.0
2016-12-12,1.054463,1.062576,1.052758,1.054739,0.0
2016-12-13,1.064194,1.065294,1.060557,1.064227,0.0
2016-12-14,1.063052,1.066547,1.061531,1.063006,0.0
2016-12-15,1.051533,1.05243,1.040424,1.051512,0.0
2016-12-16,1.04193,1.047142,1.040363,1.041998,0.0
2016-12-19,1.044824,1.048168,1.041386,1.04496,0.0
2016-12-20,1.040356,1.041819,1.035379,1.040496,0.0
2016-12-21,1.039312,1.045107,1.038787,1.038982,0.0
2016-12-22,1.042764,1.049729,1.042764,1.042905,0.0
2016-12-23,1.043867,1.046829,1.042973,1.04365,0.0
2016-12-26,1.04556,1.04709,1.044712,1.045655,0.0
2016-12-27,1.045512,1.046121,1.043384,1.045769,0.0
2016-12-28,1.046248,1.048337,1.038836,1.046155,0.0
2016-12-29,1.041807,1.049221,1.041749,1.041784,0.0
2016-12-30,1.056901,1.059135,1.051151,1.057689,0.0
2017-01-02,1.053207,1.054038,1.046558,1.052653,0.0
2017-01-03,1.045723,1.049349,1.034638,1.045942,0.0
2017-01-04,1.041857,1.047769,1.039056,1.042135,0.0
2017-01-05,1.049871,1.061105,1.0489,1.050044,0.0
2017-01-06,1.06056,1.060878,1.054026,1.060633,0.0
2017-01-09,1.053298,1.056178,1.051282,1.05316,0.0
2017-01-10,1.058687,1.062429,1.055977,1.059016,0.0
2017-01-11,1.055573,1.056626,1.045816,1.055201,0.0
2017-01-12,1.059741,1.06887,1.05739,1.059794,0.0
2017-01-13,1.061847,1.066778,1.059995,1.061674,0.0
2017-01-16,1.062786,1.063421,1.05803,1.062758,0.0
2017-01-17,1.060244,1.071674,1.059956,1.060302,0.0
2017-01-18,1.069901,1.071504,1.066022,1.069602,0.0
2017-01-19,1.062802,1.067744,1.059041,1.063033,0.0
2017-01-20,1.066009,1.06956,1.062621,1.065984,0.0
2017-01-23,1.071109,1.075565,1.070836,1.071465,0.0
2017-01-24,1.075853,1.077287,1.073011,1.076033,0.0
2017-01-25,1.072675,1.076853,1.071147,1.072923,0.0
2017-01-26,1.07559,1.076561,1.067112,1.075201,0.0
2017-01-27,1.06846,1.072518,1.066315,1.068398,0.0
2017-01-30,1.072031,1.074062,1.062046,1.071579,0.0
2017-01-31,1.070745,1.081119,1.068603,1.070692,0.0
2017-02-01,1.080131,1.080854,1.073937,1.080377,0.0
2017-02-02,1.076781,1.082482,1.076734,1.076797,0.0
2017-02-03,1.076229,1.079678,1.073004,1.076297,0.0
2017-02-06,1.078312,1.078729,1.070783,1.078243,0.0
2017-02-07,1.074298,1.074353,1.065675,1.07433,0.0
2017-02-08,1.067831,1.070673,1.06423,1.067823,0.0
2017-02-09,1.069379,1.071004,1.065493,1.069478,0.0
2017-02-10,1.065856,1.066902,1.061113,1.065977,0.0
2017-02-13,1.061963,1.065728,1.059454,1.061931,0.0
2017-02-14,1.059921,1.063311,1.056336,1.059859,0.0
2017-02-15,1.057941,1.058911,1.052209,1.057767,0.0
2017-02-16,1.060199,1.067526,1.060088,1.060889,0.0
2017-02-17,1.066448,1.067617,1.062514,1.067053,0.0
2017-02-20,1.062646,1.063183,1.060442,1.062877,0.0
2017-02-21,1.061036,1.061253,1.052782,1.060921,0.0
2017-02-22,1.054308,1.055661,1.049689,1.054115,0.0
2017-02-23,1.055265,1.059579,1.054031,1.055587,0.0
2017-02-24,1.058323,1.061665,1.05667,1.058447,0.0
2017-02-27,1.055148,1.061489,1.055148,1.055224,0.0
2017-02-28,1.058185,1.062538,1.057566,1.058451,0.0
2017-03-01,1.056927,1.058716,1.051531,1.057049,0.0
2017-03-02,1.05337,1.05456,1.050029,1.053578,0.0
2017-03-03,1.050924,1.057452,1.050306,1.051001,0.0
2017-03-06,1.061797,1.063777,1.058023,1.062017,0.0
2017-03-07,1.057982,1.060159,1.056219,1.057813,0.0
2017-03-08,1.0568,1.057459,1.053798,1.057048,0.0
2017-03-09,1.054507,1.061435,1.052632,1.054603,0.0
2017-03-10,1.058042,1.066979,1.057855,1.057855,0.0
2017-03-13,1.068717,1.071642,1.065908,1.068977,0.0
2017-03-14,1.065099,1.066282,1.062677,1.065436,0.0
2017-03-15,1.061256,1.064111,1.060952,1.061285,0.0
2017-03-16,1.073825,1.074422,1.070653,1.073835,0.0
2017-03-17,1.077004,1.078469,1.072956,1.077458,0.0
2017-03-20,1.074311,1.077788,1.074087,1.074279,0.0
2017-03-21,1.073793,1.081948,1.073775,1.07388,0.0
2017-03-22,1.081202,1.082093,1.07777,1.081082,0.0
2017-03-23,1.079013,1.080292,1.076888,1.078768,0.0
2017-03-24,1.078374,1.081265,1.075929,1.078401,0.0
2017-03-27,1.084546,1.090681,1.083875,1.084788,0.0
2017-03-28,1.086427,1.087437,1.084655,1.086163,0.0
2017-03-29,1.081713,1.082729,1.074074,1.081828,0.0
2017-03-30,1.075988,1.076946,1.07223,1.075946,0.0
2017-03-31,1.068981,1.070235,1.067176,1.068626,0.0
2017-04-03,1.066796,1.068253,1.064273,1.066846,0.0
2017-04-04,1.067046,1.067411,1.063689,1.066906,0.0
2017-04-05,1.067934,1.068809,1.065279,1.067975,0.0
2017-04-06,1.067444,1.068296,1.06313,1.067134,0.0
2017-04-07,1.064227,1.066128,1.061247,1.064604,0.0
2017-04-10,1.058424,1.060751,1.056921,1.05828,0.0
2017-04-11,1.059872,1.062911,1.058029,1.059402,0.0
2017-04-12,1.060788,1.06232,1.059673,1.061167,0.0
2017-04-13,1.067229,1.067817,1.061246,1.067075,0.0
2017-04-14,1.061656,1.063068,1.06068,1.061609,0.0
2017-04-17,1.061141,1.066981,1.061081,1.061153,0.0
2017-04-18,1.064545,1.071009,1.063789,1.064574,0.0
2017-04-19,1.072783,1.073697,1.070146,1.072922,0.0
2017-04-20,1.07162,1.077773,1.071157,1.0715,0.0
2017-04-21,1.071517,1.073805,1.068743,1.071601,0.0
2017-04-24,1.087514,1.087864,1.082307,1.08749,0.0
2017-04-25,1.086896,1.094066,1.085193,1.086373,0.0
2017-04-26,1.092856,1.095055,1.086019,1.092668,0.0
2017-04-27,1.090966,1.092942,1.085123,1.090861,0.0
2017-04-28,1.086602,1.095031,1.085863,1.086223,0.0
2017-05-01,1.09051,1.092623,1.088787,1.090792,0.0
2017-05-02,1.090954,1.092346,1.088973,1.09093,0.0
2017-05-03,1.093644,1.093771,1.090683,1.093628,0.0
2017-05-04,1.088739,1.097117,1.08761,1.088833,0.0
2017-05-05,1.098027,1.100077,1.095383,1.098091,0.0
2017-05-08,1.09677,1.099553,1.091863,1.09661,0.0
2017-05-09,1.092795,1.093503,1.087051,1.092797,0.0
2017-05-10,1.088719,1.089989,1.085974,1.088684,0.0
2017-05-11,1.086578,1.089345,1.083948,1.087028,0.0
2017-05-12,1.08667,1.093522,1.085744,1.086518,0.0
2017-05-15,1.092831,1.098885,1.092235,1.092713,0.0
2017-05-16,1.097895,1.108698,1.097895,1.09807,0.0
2017-05-17,1.109427,1.114963,1.108289,1.109439,0.0
2017-05-18,1.11551,1.11729,1.110598,1.115674,0.0
2017-05-19,1.111024,1.119957,1.11027,1.111278,0.0
2017-05-22,1.120372,1.126497,1.116081,1.120525,0.0
2017-05-23,1.123907,1.126773,1.119751,1.123828,0.0
2017-05-24,1.117986,1.120251,1.116759,1.117857,0.0
2017-05-25,1.123336,1.125012,1.119809,1.123168,0.0
2017-05-26,1.121003,1.123246,1.116444,1.121066,0.0
2017-05-29,1.117519,1.119031,1.116425,1.117749,0.0
2017-05-30,1.113043,1.120183,1.110981,1.112902,0.0
2017-05-31,1.117542,1.125255,1.116433,1.11719,0.0
2017-06-01,1.123839,1.125627,1.120115,1.124379,0.0
2017-06-02,1.121363,1.12804,1.120612,1.121559,0.0
2017-06-05,1.12746,1.127985,1.123668,1.127985,0.0
2017-06-06,1.125952,1.127707,1.124062,1.125576,0.0
2017-06-07,1.127158,1.128007,1.120483,1.127141,0.0
2017-06-08,1.125574,1.12692,1.119498,1.125435,0.0
2017-06-09,1.11916,1.121914,1.116881,1.11859,0.0
2017-06-12,1.120323,1.123181,1.119506,1.120088,0.0
2017-06-13,1.119989,1.122345,1.118581,1.119404,0.0
2017-06-14,1.121215,1.12924,1.11985,1.121025,0.0
2017-06-15,1.121366,1.122653,1.11324,1.121829,0.0
2017-06-16,1.114831,1.119823,1.114026,1.114871,0.0
2017-06-19,1.120248,1.121353,1.116022,1.120662,0.0
2017-06-20,1.114471,1.116563,1.11208,1.114283,0.0
2017-06-21,1.11362,1.115546,1.112899,1.113476,0.0
2017-06-22,1.116707,1.117742,1.114766,1.116837,0.0
2017-06-23,1.115052,1.120939,1.114559,1.115187,0.0
2017-06-26,1.120228,1.121833,1.117287,1.119943,0.0
2017-06-27,1.118246,1.132907,1.117993,1.118318,0.0
2017-06-28,1.133808,1.138883,1.129805,1.133903,0.0
2017-06-29,1.137887,1.143518,1.137815,1.138419,0.0
2017-06-30,1.144057,1.144675,1.13928,1.14429,0.0
2017-07-03,1.142444,1.142484,1.135795,1.142458,0.0
2017-07-04,1.13749,1.138018,1.133667,1.137229,0.0
2017-07-05,1.136016,1.136874,1.131533,1.13596,0.0
2017-07-06,1.134384,1.141041,1.132746,1.134601,0.0
2017-07-07,1.141991,1.143843,1.138359,1.142586,0.0
2017-07-10,1.140461,1.141727,1.138384,1.140224,0.0
2017-07-12,1.147302,1.148953,1.139479,1.147331,0.0
2017-07-13,1.141955,1.145629,1.137113,1.141937,0.0
2017-07-14,1.140582,1.146532,1.139122,1.1406,0.0
2017-07-17,1.147409,1.148793,1.143707,1.147487,0.0
2017-07-18,1.147167,1.158523,1.147167,1.147339,0.0
2017-07-19,1.154964,1.155193,1.151063,1.155144,0.0
2017-07-20,1.152886,1.164912,1.147993,1.152937,0.0
2017-07-21,1.162963,1.167422,1.162021,1.162863,0.0
2017-07-24,1.168129,1.168213,1.163128,1.168106,0.0
2017-07-25,1.164012,1.170866,1.163145,1.163862,0.0
2017-07-26,1.164426,1.165458,1.161761,1.164331,0.0
2017-07-27,1.173109,1.177472,1.165417,1.17284,0.0
2017-07-28,1.169043,1.176485,1.1673,1.168904,0.0
2017-07-31,1.174833,1.182352,1.172394,1.17459,0.0
2017-08-01,1.182269,1.183779,1.179031,1.182294,0.0
2017-08-02,1.181099,1.186818,1.179489,1.181151,0.0
2017-08-03,1.185136,1.189362,1.183131,1.185198,0.0
2017-08-04,1.188787,1.189232,1.173758,1.188357,0.0
2017-08-07,1.177768,1.181328,1.177768,1.177868,0.0
2017-08-08,1.179923,1.18249,1.17176,1.180269,0.0
2017-08-09,1.175378,1.176107,1.169171,1.175501,0.0
2017-08-10,1.176294,1.1767,1.170684,1.176079,0.0
2017-08-11,1.176928,1.183453,1.174843,1.177067,0.0
2017-08-14,1.182524,1.184107,1.177411,1.18228,0.0
2017-08-15,1.177744,1.179158,1.168983,1.177339,0.0
2017-08-16,1.174064,1.175866,1.168441,1.17437,0.0
2017-08-17,1.177313,1.178908,1.166834,1.177249,0.0
2017-08-18,1.172002,1.176858,1.171284,1.171667,0.0
2017-08-21,1.175556,1.182381,1.173223,1.175583,0.0
2017-08-22,1.181191,1.182747,1.174731,1.181157,0.0
2017-08-23,1.176016,1.181989,1.174356,1.176136,0.0
2017-08-24,1.181708,1.181991,1.178367,1.18163,0.0
2017-08-25,1.179877,1.18852,1.177349,1.18026,0.0
2017-08-28,1.195114,1.197663,1.191667,1.195314,0.0
2017-08-29,1.196337,1.206916,1.196337,1.196627,0.0
2017-08-30,1.196984,1.198719,1.189777,1.197282,0.0
2017-08-31,1.189041,1.190788,1.182358,1.189447,0.0
2017-09-01,1.191043,1.197679,1.185024,1.191221,0.0
2017-09-04,1.188239,1.192207,1.188023,1.188376,0.0
2017-09-05,1.189156,1.193763,1.186877,1.189316,0.0
2017-09-06,1.192391,1.194782,1.190271,1.192429,0.0
2017-09-07,1.192865,1.205672,1.19169,1.192796,0.0
2017-09-08,1.202741,1.209523,1.201975,1.202933,0.0
2017-09-11,1.201448,1.202781,1.196259,1.201853,0.0
2017-09-12,1.195876,1.197735,1.192645,1.195897,0.0
2017-09-13,1.197062,1.199565,1.188523,1.197614,0.0
2017-09-14,1.189123,1.1908,1.184428,1.189044,0.0
2017-09-15,1.1924,1.198444,1.190344,1.19228,0.0
2017-09-18,1.193765,1.196905,1.191401,1.193709,0.0
2017-09-19,1.196215,1.200511,1.195942,1.195972,0.0
2017-09-20,1.199378,1.201613,1.198662,1.199225,0.0
2017-09-21,1.187318,1.195327,1.186523,1.187244,0.0
2017-09-22,1.194336,1.200148,1.19409,1.194598,0.0
2017-09-25,1.19272,1.193917,1.185404,1.192656,0.0
2017-09-26,1.18543,1.186349,1.176461,1.185527,0.0
2017-09-27,1.178086,1.179713,1.171941,1.178556,0.0
2017-09-28,1.175131,1.180281,1.172196,1.174891,0.0
2017-09-29,1.178202,1.183243,1.177242,1.178188,0.0
2017-10-02,1.180885,1.180991,1.173025,1.180991,0.0
2017-10-03,1.173335,1.177251,1.169883,1.173508,0.0
2017-10-04,1.174757,1.178782,1.1747,1.1747,0.0
2017-10-05,1.175687,1.177994,1.170409,1.175951,0.0
2017-10-06,1.171429,1.173723,1.167255,1.17137,0.0
2017-10-09,1.174424,1.175008,1.171874,1.174136,0.0
2017-10-10,1.174254,1.181844,1.174137,1.174151,0.0
2017-10-11,1.181498,1.185973,1.179631,1.181407,0.0
2017-10-12,1.186592,1.188159,1.183207,1.186567,0.0
2017-10-13,1.183186,1.187285,1.180526,1.18309,0.0
2017-10-16,1.181437,1.181937,1.178025,1.181456,0.0
2017-10-17,1.179614,1.179653,1.173848,1.179431,0.0
2017-10-18,1.177246,1.178112,1.173132,1.177011,0.0
2017-10-19,1.179378,1.185722,1.177245,1.179729,0.0
2017-10-20,1.18516,1.185752,1.176385,1.184699,0.0
2017-10-23,1.175227,1.177684,1.173392,1.175508,0.0
2017-10-24,1.17552,1.177784,1.174521,1.175824,0.0
2017-10-25,1.17605,1.181708,1.175371,1.17585,0.0
2017-10-26,1.182054,1.183482,1.169136,1.182115,0.0
2017-10-27,1.163986,1.16407,1.157696,1.163783,0.0
2017-10-30,1.160913,1.164316,1.159922,1.160562,0.0
2017-10-31,1.165017,1.16589,1.162672,1.165322,0.0
2017-11-01,1.165363,1.165595,1.160857,1.165183,0.0
2017-11-02,1.163113,1.168802,1.162596,1.162807,0.0
2017-11-03,1.166274,1.168566,1.160491,1.166291,0.0
2017-11-06,1.161418,1.162713,1.158188,1.16164,0.0
2017-11-07,1.161089,1.161878,1.155633,1.161303,0.0
2017-11-08,1.160307,1.160865,1.15821,1.160108,0.0
2017-11-09,1.159342,1.165172,1.158474,1.159799,0.0
2017-11-10,1.164588,1.167539,1.162535,1.164679,0.0
2017-11-13,1.166202,1.167584,1.16393,1.166142,0.0
2017-11-14,1.166248,1.177337,1.166248,1.166512,0.0
2017-11-15,1.179051,1.185863,1.178355,1.179339,0.0
2017-11-17,1.177835,1.182321,1.177682,1.177955,0.0
2017-11-20,1.173301,1.180702,1.172669,1.173272,0.0
2017-11-21,1.173701,1.175681,1.171291,1.173987,0.0
2017-11-22,1.174047,1.179817,1.173628,1.173727,0.0
2017-11-23,1.18157,1.185395,1.181392,1.181542,0.0
2017-11-24,1.18509,1.194338,1.183783,1.185335,0.0
2017-11-27,1.192786,1.196065,1.190814,1.192617,0.0
2017-11-28,1.190269,1.192038,1.186866,1.190682,0.0
2017-11-29,1.185038,1.188527,1.181841,1.184766,0.0
2017-11-30,1.184946,1.192897,1.181519,1.184941,0.0
2017-12-01,1.189922,1.193828,1.185442,1.189769,0.0
2017-12-04,1.185764,1.188047,1.183032,1.185963,0.0
2017-12-05,1.186954,1.187724,1.180831,1.186784,0.0
2017-12-06,1.182877,1.184981,1.178245,1.183342,0.0
2017-12-07,1.180612,1.181122,1.17759,1.180203,0.0
2017-12-08,1.177581,1.177899,1.173258,1.177117,0.0
2017-12-11,1.176882,1.18103,1.176882,1.177064,0.0
2017-12-12,1.177826,1.179452,1.171862,1.177651,0.0
2017-12-13,1.174269,1.177013,1.173201,1.17424,0.0
2017-12-14,1.184029,1.186,1.176885,1.183401,0.0
2017-12-15,1.177557,1.181691,1.175978,1.177362,0.0
2017-12-18,1.174743,1.183219,1.174363,1.174608,0.0
2017-12-19,1.17809,1.183438,1.177583,1.178697,0.0
2017-12-20,1.183724,1.189918,1.182988,1.184023,0.0
2017-12-21,1.187673,1.189294,1.185141,1.187751,0.0
2017-12-22,1.185019,1.186083,1.181664,1.18551,0.0
2017-12-25,1.185477,1.188637,1.184819,1.185525,0.0
2017-12-26,1.18712,1.187786,1.184584,1.187278,0.0
2017-12-27,1.18593,1.191072,1.185406,1.185826,0.0
2017-12-28,1.190099,1.195324,1.18966,1.190019,0.0
2017-12-29,1.193953,1.202315,1.193656,1.194272,0.0
2018-01-01,1.200496,1.201469,1.199908,1.20052,0.0
2018-01-02,1.201087,1.208276,1.200981,1.201572,0.0
2018-01-03,1.206045,1.206953,1.200465,1.206366,0.0
2018-01-04,1.201222,1.209168,1.20024,1.200956,0.0
2018-01-05,1.206499,1.208556,1.201907,1.207079,0.0
2018-01-08,1.203853,1.205597,1.195762,1.203708,0.0
2018-01-09,1.196974,1.197609,1.191833,1.197126,0.0
2018-01-10,1.192955,1.201548,1.192478,1.192888,0.0
2018-01-11,1.195309,1.205735,1.193232,1.19554,0.0
2018-01-12,1.204297,1.215552,1.203982,1.204377,0.0
2018-01-15,1.219345,1.229811,1.218772,1.219106,0.0
2018-01-16,1.227019,1.228226,1.219661,1.226872,0.0
2018-01-17,1.22697,1.232022,1.220166,1.227135,0.0
2018-01-18,1.218082,1.226398,1.21775,1.218348,0.0
2018-01-19,1.223614,1.229568,1.22205,1.223717,0.0
2018-01-22,1.225605,1.226624,1.221694,1.225415,0.0
2018-01-23,1.225648,1.230769,1.222321,1.225908,0.0
2018-01-24,1.23094,1.240308,1.229474,1.231015,0.0
2018-01-25,1.239634,1.252903,1.238764,1.239281,0.0
2018-01-26,1.239,1.248977,1.238775,1.239349,0.0
2018-01-29,1.242742,1.243221,1.233775,1.242958,0.0
2018-01-30,1.238091,1.245316,1.233756,1.238114,0.0
2018-01-31,1.240642,1.247824,1.239984,1.241039,0.0
2018-02-01,1.24187,1.248852,1.238573,1.241824,0.0
2018-02-02,1.251003,1.251598,1.241118,1.251068,0.0
2018-02-05,1.244623,1.247763,1.240215,1.244549,0.0
2018-02-06,1.236866,1.242715,1.23156,1.23682,0.0
2018-02-07,1.238216,1.240388,1.22778,1.237935,0.0
2018-02-08,1.226922,1.229679,1.221657,1.226751,0.0
2018-02-09,1.226111,1.228526,1.222553,1.226116,0.0
2018-02-12,1.225332,1.229848,1.223699,1.225245,0.0
2018-02-13,1.230078,1.237193,1.228425,1.230346,0.0
2018-02-14,1.235384,1.241753,1.227902,1.235483,0.0
2018-02-15,1.246921,1.251198,1.24514,1.246743,0.0
2018-02-16,1.250599,1.255792,1.242857,1.250286,0.0
2018-02-19,1.241094,1.243952,1.237264,1.241224,0.0
2018-02-20,1.23984,1.241092,1.232135,1.239693,0.0
2018-02-21,1.233533,1.234642,1.230183,1.233623,0.0
2018-02-22,1.22819,1.235449,1.226046,1.228066,0.0
2018-02-23,1.232657,1.233603,1.228117,1.232811,0.0
2018-02-26,1.229136,1.235296,1.228394,1.228687,0.0
2018-02-27,1.231601,1.234514,1.222302,1.231407,0.0
2018-02-28,1.222205,1.224258,1.21904,1.222936,0.0
2018-03-01,1.219264,1.222086,1.215916,1.218759,0.0
2018-03-02,1.226982,1.232936,1.225206,1.227218,0.0
2018-03-05,1.231993,1.234734,1.227422,1.231506,0.0
2018-03-06,1.233757,1.241915,1.233321,1.233599,0.0
2018-03-07,1.24181,1.244233,1.238546,1.241515,0.0
2018-03-08,1.241553,1.244459,1.230773,1.241554,0.0
2018-03-09,1.230745,1.233311,1.22741,1.230648,0.0
2018-03-12,1.230882,1.234071,1.229143,1.230856,0.0
2018-03-13,1.23368,1.239714,1.231728,1.234076,0.0
2018-03-14,1.239407,1.241688,1.235206,1.239183,0.0
2018-03-15,1.237533,1.238858,1.232036,1.237524,0.0
2018-03-16,1.230646,1.233598,1.226246,1.230963,0.0
2018-03-19,1.228103,1.23337,1.226014,1.228047,0.0
2018-03-20,1.233611,1.235344,1.226322,1.233673,0.0
2018-03-21,1.224918,1.229577,1.224918,1.224986,0.0
2018-03-22,1.234799,1.238736,1.229973,1.234838,0.0
2018-03-23,1.2325,1.236054,1.232037,1.232593,0.0
2018-03-26,1.235397,1.244715,1.235159,1.235574,0.0
2018-03-27,1.245483,1.247764,1.237177,1.245931,0.0
2018-03-28,1.240822,1.242451,1.233736,1.240989,0.0
2018-03-29,1.231464,1.233673,1.228645,1.231159,0.0
2018-03-30,1.230223,1.233342,1.22969,1.230075,0.0
2018-04-02,1.231345,1.234581,1.228327,1.231353,0.0
2018-04-03,1.229251,1.233776,1.225526,1.229359,0.0
2018-04-04,1.227806,1.231102,1.225833,1.227626,0.0
2018-04-05,1.22885,1.229052,1.221796,1.228769,0.0
2018-04-06,1.224913,1.227944,1.221991,1.224985,0.0
2018-04-09,1.227099,1.233287,1.226466,1.22719,0.0
2018-04-10,1.232214,1.237688,1.23038,1.232402,0.0
2018-04-11,1.236396,1.239154,1.235273,1.23642,0.0
2018-04-12,1.237726,1.238007,1.229988,1.237195,0.0
2018-04-13,1.233353,1.234803,1.231052,1.232976,0.0
2018-04-16,1.233236,1.23919,1.232661,1.233218,0.0
2018-04-17,1.238354,1.24143,1.233637,1.238658,0.0
2018-04-18,1.237328,1.239754,1.234416,1.237454,0.0
2018-04-19,1.238002,1.2403,1.233207,1.23793,0.0
2018-04-20,1.234641,1.235396,1.225489,1.234489,0.0
2018-04-23,1.227236,1.229065,1.221285,1.227365,0.0
2018-04-24,1.221292,1.223524,1.218726,1.220869,0.0
2018-04-25,1.223585,1.223983,1.216867,1.223983,0.0
2018-04-26,1.217101,1.221039,1.209995,1.217083,0.0
2018-04-27,1.210539,1.211719,1.205648,1.21085,0.0
2018-04-30,1.212821,1.21417,1.206756,1.212229,0.0
2018-05-01,1.208223,1.208576,1.198291,1.208522,0.0
2018-05-02,1.199233,1.203137,1.195618,1.199359,0.0
2018-05-03,1.195057,1.201049,1.19492,1.19502,0.0
2018-05-04,1.198947,1.199669,1.191348,1.198628,0.0
2018-05-07,1.195642,1.197939,1.18992,1.19568,0.0
2018-05-08,1.193154,1.193938,1.183919,1.193419,0.0
2018-05-09,1.186707,1.189921,1.182164,1.186667,0.0
2018-05-10,1.185044,1.194046,1.18449,1.184971,0.0
2018-05-11,1.191425,1.196918,1.189312,1.191844,0.0
2018-05-14,1.195318,1.199673,1.19518,1.19518,0.0
2018-05-15,1.193156,1.193939,1.182415,1.193227,0.0
2018-05-16,1.182292,1.185571,1.17672,1.181948,0.0
2018-05-17,1.181507,1.183658,1.178037,1.181746,0.0
2018-05-18,1.179393,1.182094,1.174996,1.179492,0.0
2018-05-21,1.176315,1.177794,1.171846,1.176416,0.0
2018-05-22,1.178924,1.18294,1.175954,1.179247,0.0
2018-05-23,1.179025,1.179095,1.168545,1.178839,0.0
2018-05-24,1.170721,1.174782,1.169207,1.170919,0.0
2018-05-25,1.172189,1.17327,1.16476,1.172232,0.0
2018-05-28,1.168544,1.172778,1.160864,1.168818,0.0
2018-05-29,1.162537,1.163891,1.151368,1.162785,0.0
2018-05-30,1.153907,1.167088,1.152155,1.154183,0.0
2018-05-31,1.166545,1.172565,1.164555,1.166823,0.0
2018-06-01,1.169322,1.17153,1.162812,1.169218,0.0
2018-06-04,1.166821,1.174546,1.166821,1.166898,0.0
2018-06-05,1.170282,1.171391,1.165564,1.170004,0.0
2018-06-06,1.172987,1.179672,1.171349,1.172604,0.0
2018-06-07,1.178397,1.184059,1.178347,1.178533,0.0
2018-06-08,1.179401,1.180966,1.172848,1.179465,0.0
2018-06-11,1.178592,1.181901,1.177438,1.178278,0.0
2018-06-12,1.177366,1.180966,1.174479,1.177447,0.0
2018-06-13,1.174828,1.178703,1.173437,1.174833,0.0
2018-06-14,1.180711,1.184116,1.162976,1.180589,0.0
2018-06-15,1.156232,1.162633,1.154496,1.156698,0.0
2018-06-18,1.15971,1.162348,1.156652,1.159537,0.0
2018-06-19,1.162905,1.164607,1.153372,1.163132,0.0
2018-06-20,1.158998,1.160028,1.154572,1.158714,0.0
2018-06-21,1.157792,1.162856,1.151481,1.157999,0.0
2018-06-22,1.160646,1.167506,1.160148,1.160542,0.0
2018-06-25,1.166041,1.170165,1.163055,1.166102,0.0
2018-06-26,1.170246,1.171962,1.165101,1.170317,0.0
2018-06-27,1.164756,1.167259,1.15836,1.165216,0.0
2018-06-28,1.156295,1.159726,1.152836,1.156178,0.0
2018-06-29,1.156349,1.168312,1.156349,1.156512,0.0
2018-07-02,1.167651,1.167981,1.159507,1.167981,0.0
2018-07-03,1.164081,1.167534,1.162228,1.1643,0.0
2018-07-04,1.16591,1.168299,1.163244,1.165797,0.0
2018-07-05,1.166292,1.172116,1.165079,1.166183,0.0
2018-07-06,1.169457,1.176564,1.167778,1.169558,0.0
2018-07-09,1.175476,1.179006,1.174407,1.17531,0.0
2018-07-10,1.175851,1.17614,1.169372,1.175617,0.0
2018-07-11,1.172962,1.17534,1.170049,1.17264,0.0
2018-07-12,1.167489,1.169487,1.165015,1.167917,0.0
2018-07-13,1.16615,1.16738,1.16137,1.166665,0.0
2018-07-16,1.167954,1.172701,1.167472,1.1678,0.0
2018-07-17,1.171008,1.174612,1.166518,1.170757,0.0
2018-07-18,1.165786,1.166463,1.160419,1.165271,0.0
2018-07-19,1.16468,1.165681,1.157708,1.164567,0.0
2018-07-20,1.165402,1.172198,1.163027,1.165531,0.0
2018-07-23,1.174114,1.1751,1.16888,1.174239,0.0
2018-07-24,1.169839,1.171821,1.165832,1.169368,0.0
2018-07-25,1.168837,1.171324,1.16699,1.168499,0.0
2018-07-26,1.174017,1.174316,1.165242,1.173832,0.0
2018-07-27,1.164426,1.166278,1.162219,1.164221,0.0
2018-07-30,1.166297,1.171826,1.164773,1.166029,0.0
2018-07-31,1.170963,1.174875,1.169314,1.170797,0.0
2018-08-01,1.168975,1.16986,1.166476,1.168784,0.0
2018-08-02,1.166323,1.166872,1.160396,1.166544,0.0
2018-08-03,1.158355,1.161304,1.156309,1.158649,0.0
2018-08-06,1.156182,1.157073,1.153097,1.156111,0.0
2018-08-07,1.155756,1.160919,1.155307,1.155659,0.0
2018-08-08,1.160136,1.162792,1.157577,1.160318,0.0
2018-08-09,1.161152,1.162126,1.156209,1.161198,0.0
2018-08-10,1.152951,1.153935,1.139418,1.152346,0.0
2018-08-13,1.139626,1.143491,1.136539,1.139461,0.0
2018-08-14,1.139771,1.143065,1.134604,1.14029,0.0
2018-08-15,1.134823,1.135011,1.1302,1.134628,0.0
2018-08-16,1.13457,1.140826,1.133823,1.134574,0.0
2018-08-17,1.137261,1.142197,1.136698,1.137403,0.0
2018-08-20,1.143845,1.144994,1.139328,1.143807,0.0
2018-08-21,1.148942,1.153909,1.148526,1.149068,0.0
2018-08-22,1.157835,1.162585,1.155387,1.157735,0.0
2018-08-23,1.158337,1.159078,1.154507,1.158412,0.0
2018-08-24,1.154431,1.163858,1.153916,1.154378,0.0
2018-08-27,1.164346,1.168499,1.159696,1.164875,0.0
2018-08-28,1.16835,1.173438,1.166565,1.168373,0.0
2018-08-29,1.169215,1.17058,1.16521,1.169267,0.0
2018-08-30,1.170703,1.171895,1.164427,1.171094,0.0
2018-08-31,1.166739,1.169006,1.159629,1.166331,0.0
2018-09-03,1.159591,1.16275,1.158931,1.160096,0.0
2018-09-04,1.161289,1.161675,1.153113,1.161675,0.0
2018-09-05,1.158626,1.163292,1.154519,1.158519,0.0
2018-09-06,1.163494,1.165504,1.160806,1.163459,0.0
2018-09-07,1.162381,1.164895,1.156341,1.162003,0.0
2018-09-10,1.156105,1.161492,1.152691,1.15587,0.0
2018-09-11,1.159268,1.164453,1.156606,1.159533,0.0
2018-09-12,1.159564,1.164861,1.157024,1.159483,0.0
2018-09-13,1.162698,1.170234,1.160872,1.163065,0.0
2018-09-14,1.168875,1.172117,1.1654,1.169164,0.0
2018-09-17,1.162236,1.169173,1.162136,1.162998,0.0
2018-09-18,1.16687,1.172104,1.166578,1.166578,0.0
2018-09-19,1.168095,1.171566,1.165456,1.16796,0.0
2018-09-20,1.167348,1.17768,1.167254,1.167309,0.0
2018-09-21,1.177583,1.180299,1.17363,1.177574,0.0
2018-09-24,1.174931,1.18147,1.172514,1.17514,0.0
2018-09-25,1.175311,1.179304,1.173184,1.175469,0.0
2018-09-26,1.176653,1.177534,1.17296,1.176454,0.0
2018-09-27,1.174936,1.175877,1.166457,1.175133,0.0
2018-09-28,1.163377,1.165395,1.157092,1.163637,0.0
2018-10-01,1.160388,1.162272,1.156664,1.160518,0.0
2018-10-02,1.157538,1.158216,1.150629,1.157791,0.0
2018-10-03,1.154763,1.15938,1.151516,1.155214,0.0
2018-10-04,1.14761,1.153668,1.146505,1.147575,0.0
2018-10-05,1.151859,1.154368,1.148992,1.151693,0.0
2018-10-08,1.152305,1.153191,1.146091,1.152504,0.0
2018-10-09,1.149202,1.150466,1.143445,1.149323,0.0
2018-10-10,1.150321,1.154034,1.147984,1.150639,0.0
2018-10-11,1.153332,1.159646,1.153268,1.153268,0.0
2018-10-12,1.159038,1.16092,1.153692,1.159053,0.0
2018-10-15,1.155148,1.160472,1.154291,1.155185,0.0
2018-10-16,1.158346,1.162208,1.156864,1.158345,0.0
2018-10-17,1.157779,1.158261,1.152068,1.157338,0.0
2018-10-18,1.150157,1.152781,1.148227,1.150074,0.0
2018-10-19,1.145431,1.151381,1.143305,1.14582,0.0
2018-10-22,1.151095,1.155107,1.146141,1.150931,0.0
2018-10-23,1.146571,1.149006,1.144355,1.14686,0.0
2018-10-24,1.147084,1.147536,1.138497,1.147394,0.0
2018-10-25,1.13977,1.142972,1.136658,1.139864,0.0
2018-10-26,1.137486,1.139946,1.133758,1.137815,0.0
2018-10-29,1.139998,1.141571,1.136495,1.140049,0.0
2018-10-30,1.137452,1.138735,1.134954,1.137625,0.0
2018-10-31,1.134565,1.136361,1.131249,1.134643,0.0
2018-11-01,1.131374,1.141247,1.131258,1.131678,0.0
2018-11-02,1.140366,1.145525,1.137673,1.140443,0.0
2018-11-05,1.139603,1.140738,1.135571,1.139652,0.0
2018-11-06,1.140822,1.143898,1.139315,1.141195,0.0
2018-11-07,1.144022,1.150115,1.140119,1.14378,0.0
2018-11-08,1.143372,1.144595,1.140512,1.143146,0.0
2018-11-09,1.136879,1.136923,1.132425,1.136832,0.0
2018-11-12,1.132452,1.133491,1.124338,1.132445,0.0
2018-11-13,1.12246,1.12918,1.122323,1.123235,0.0
2018-11-14,1.131505,1.133944,1.126545,1.131108,0.0
2018-11-15,1.131432,1.135005,1.127437,1.131062,0.0
2018-11-16,1.13266,1.141464,1.132063,1.132529,0.0
2018-11-19,1.141158,1.146327,1.139413,1.141455,0.0
2018-11-20,1.145391,1.147291,1.138704,1.145531,0.0
2018-11-21,1.137432,1.142263,1.136822,1.137197,0.0
2018-11-22,1.138772,1.143616,1.138572,1.138866,0.0
2018-11-23,1.14007,1.141853,1.133294,1.140058,0.0
2018-11-26,1.133873,1.13822,1.132629,1.13381,0.0
2018-11-27,1.133478,1.134275,1.127725,1.13346,0.0
2018-11-28,1.129747,1.130749,1.126712,1.129934,0.0
2018-11-29,1.136625,1.140134,1.134818,1.136804,0.0
2018-11-30,1.139266,1.140269,1.131536,1.139238,0.0
2018-12-03,1.134198,1.13809,1.132062,1.13411,0.0
2018-12-04,1.135654,1.141895,1.134207,1.135289,0.0
2018-12-05,1.134385,1.136049,1.13154,1.134128,0.0
2018-12-06,1.13489,1.141094,1.132122,1.134749,0.0
2018-12-07,1.137706,1.140912,1.136211,1.137564,0.0
2018-12-10,1.140363,1.144731,1.135975,1.140029,0.0
2018-12-11,1.135605,1.139863,1.130797,1.135711,0.0
2018-12-12,1.132167,1.138243,1.131664,1.132555,0.0
2018-12-13,1.137277,1.139218,1.133122,1.137435,0.0
2018-12-14,1.136199,1.136514,1.126933,1.136263,0.0
2018-12-17,1.130589,1.135469,1.130438,1.130767,0.0
2018-12-18,1.134835,1.14034,1.133653,1.135202,0.0
2018-12-19,1.137635,1.144063,1.137635,1.137691,0.0
2018-12-20,1.13882,1.148664,1.137918,1.138805,0.0
2018-12-21,1.145727,1.147356,1.138749,1.145619,0.0
2018-12-24,1.137184,1.143961,1.137158,1.137264,0.0
2018-12-25,1.140569,1.142399,1.137086,1.140335,0.0
2018-12-26,1.141458,1.141941,1.137556,1.141333,0.0
2018-12-27,1.136227,1.14337,1.135869,1.136005,0.0
2018-12-28,1.142857,1.147118,1.142857,1.14307,0.0
2018-12-31,1.143899,1.14648,1.142388,1.143947,0.0
2019-01-01,1.149318,1.155247,1.146593,1.149162,0.0
2019-01-02,1.146126,1.149784,1.134531,1.146197,0.0
2019-01-03,1.131647,1.140806,1.13159,1.131863,0.0
2019-01-04,1.139243,1.141677,1.134636,1.139046,0.0
2019-01-07,1.141088,1.14749,1.140434,1.140876,0.0
2019-01-08,1.147909,1.14885,1.142375,1.148042,0.0
2019-01-09,1.145734,1.154087,1.144064,1.145734,0.0
2019-01-10,1.155456,1.157149,1.151245,1.155497,0.0
2019-01-11,1.151478,1.153971,1.146063,1.150869,0.0
2019-01-14,1.146387,1.148492,1.145171,1.146091,0.0
2019-01-15,1.147398,1.149247,1.138497,1.147213,0.0
2019-01-16,1.141405,1.142227,1.138033,1.141508,0.0
2019-01-17,1.139987,1.140959,1.137203,1.139876,0.0
2019-01-18,1.139021,1.141046,1.135557,1.139338,0.0
2019-01-21,1.136544,1.138828,1.135788,1.136512,0.0
2019-01-22,1.136993,1.137538,1.133607,1.136875,0.0
2019-01-23,1.136255,1.139229,1.13528,1.136423,0.0
2019-01-24,1.138597,1.139434,1.131282,1.138648,0.0
2019-01-25,1.130988,1.14101,1.130674,1.131102,0.0
2019-01-28,1.141304,1.144757,1.139036,1.141596,0.0
2019-01-29,1.142988,1.144925,1.141348,1.143224,0.0
2019-01-30,1.143557,1.145006,1.140563,1.143564,0.0
2019-01-31,1.148599,1.151233,1.145034,1.148746,0.0
2019-02-01,1.145108,1.148816,1.143645,1.144929,0.0
2019-02-04,1.145715,1.146084,1.142556,1.14573,0.0
2019-02-05,1.1435,1.144223,1.140339,1.143667,0.0
2019-02-06,1.140816,1.141158,1.137487,1.14083,0.0
2019-02-07,1.13664,1.136931,1.132416,1.136697,0.0
2019-02-08,1.133999,1.134816,1.132112,1.133833,0.0
2019-02-11,1.132377,1.133123,1.127287,1.132573,0.0
2019-02-12,1.127897,1.131938,1.125701,1.127767,0.0
2019-02-13,1.133171,1.13428,1.128339,1.13337,0.0
2019-02-14,1.126332,1.130592,1.125076,1.126451,0.0
2019-02-15,1.129438,1.129702,1.123461,1.129559,0.0
2019-02-18,1.129425,1.133348,1.129362,1.129755,0.0
2019-02-19,1.131247,1.134428,1.127541,1.131288,0.0
2019-02-20,1.134285,1.13691,1.13275,1.134213,0.0
2019-02-21,1.134462,1.136615,1.132264,1.134534,0.0
2019-02-22,1.133955,1.135398,1.131974,1.134351,0.0
2019-02-25,1.134042,1.136849,1.133781,1.134133,0.0
2019-02-26,1.136621,1.138028,1.134455,1.136716,0.0
2019-02-27,1.139488,1.140519,1.136441,1.139261,0.0
2019-02-28,1.137852,1.142206,1.136012,1.138158,0.0
2019-03-01,1.137368,1.140947,1.135253,1.137175,0.0
2019-03-04,1.137393,1.137698,1.131195,1.137698,0.0
2019-03-05,1.134032,1.134032,1.129441,1.133754,0.0
2019-03-06,1.130501,1.132687,1.129338,1.130765,0.0
2019-03-07,1.131316,1.131976,1.12082,1.131414,0.0
2019-03-08,1.120081,1.124227,1.118679,1.119779,0.0
2019-03-11,1.123214,1.125698,1.122398,1.123165,0.0
2019-03-12,1.126152,1.129506,1.125077,1.126184,0.0
2019-03-13,1.128741,1.131359,1.12786,1.128808,0.0
2019-03-14,1.133544,1.133593,1.129406,1.133312,0.0
2019-03-15,1.130628,1.134341,1.130081,1.130784,0.0
2019-03-18,1.131844,1.135627,1.12347,1.132059,0.0
2019-03-19,1.133731,1.136432,1.133559,1.133559,0.0
2019-03-20,1.135209,1.13701,1.133622,1.135711,0.0
2019-03-21,1.143038,1.143986,1.135551,1.14269,0.0
2019-03-22,1.137542,1.139344,1.127773,1.137582,0.0
2019-03-25,1.129913,1.133153,1.128979,1.129577,0.0
2019-03-26,1.131498,1.132812,1.128064,1.1315,0.0
2019-03-27,1.127387,1.128499,1.124444,1.127355,0.0
2019-03-28,1.125218,1.126129,1.121473,1.125294,0.0
2019-03-29,1.123026,1.124624,1.121166,1.123061,0.0
2019-04-01,1.12244,1.125012,1.120989,1.122423,0.0
2019-04-02,1.120658,1.121225,1.118298,1.120382,0.0
2019-04-03,1.120122,1.125528,1.120122,1.120525,0.0
2019-04-04,1.124296,1.124982,1.120966,1.124541,0.0
2019-04-05,1.122493,1.124175,1.121191,1.122578,0.0
2019-04-08,1.122232,1.127261,1.121593,1.121999,0.0
2019-04-09,1.125687,1.128892,1.125582,1.125582,0.0
2019-04-10,1.126649,1.128275,1.123057,1.126655,0.0
2019-04-11,1.12774,1.128997,1.125591,1.127694,0.0
2019-04-12,1.125863,1.132473,1.125705,1.126127,0.0
2019-04-15,1.130456,1.132143,1.130037,1.130552,0.0
2019-04-16,1.130456,1.131726,1.128586,1.13039,0.0
2019-04-17,1.128426,1.132519,1.128148,1.128557,0.0
2019-04-18,1.130171,1.130546,1.124019,1.129653,0.0
2019-04-19,1.123759,1.125019,1.123253,1.123546,0.0
2019-04-22,1.124346,1.126314,1.123756,1.124574,0.0
2019-04-23,1.125831,1.126397,1.119214,1.125766,0.0
2019-04-24,1.122276,1.122462,1.118395,1.122448,0.0
2019-04-25,1.115631,1.116396,1.112006,1.115424,0.0
2019-04-26,1.113641,1.117308,1.11239,1.113548,0.0
2019-04-29,1.114847,1.11707,1.114515,1.115039,0.0
2019-04-30,1.118449,1.122972,1.117784,1.118541,0.0
2019-05-01,1.121823,1.124897,1.121331,1.121679,0.0
2019-05-02,1.120011,1.121822,1.117573,1.119965,0.0
2019-05-03,1.117045,1.119992,1.114133,1.117393,0.0
2019-05-06,1.11865,1.120577,1.117883,1.11852,0.0
2019-05-07,1.12027,1.121987,1.117622,1.120234,0.0
2019-05-08,1.119016,1.121632,1.119016,1.119043,0.0
2019-05-09,1.119835,1.125152,1.117524,1.11971,0.0
2019-05-10,1.121866,1.12518,1.121747,1.122024,0.0
2019-05-13,1.12362,1.126144,1.122631,1.123606,0.0
2019-05-14,1.123299,1.124598,1.120429,1.123129,0.0
2019-05-15,1.120321,1.122266,1.117879,1.120391,0.0
2019-05-16,1.120985,1.122245,1.117635,1.120643,0.0
2019-05-17,1.117398,1.118351,1.115937,1.117319,0.0
2019-05-20,1.116602,1.117808,1.115159,1.116358,0.0
2019-05-21,1.117063,1.11837,1.114203,1.117052,0.0
2019-05-23,1.115317,1.117273,1.111131,1.115553,0.0
2019-05-24,1.118571,1.121226,1.117913,1.118431,0.0
2019-05-27,1.120698,1.121888,1.118891,1.120987,0.0
2019-05-28,1.119359,1.120046,1.117147,1.11927,0.0
2019-05-29,1.117095,1.117551,1.112677,1.116831,0.0
2019-05-30,1.113868,1.114291,1.111992,1.113675,0.0
2019-05-31,1.113137,1.117816,1.11288,1.113115,0.0
2019-06-03,1.11746,1.121175,1.116378,1.117552,0.0
2019-06-04,1.124613,1.127671,1.122803,1.124662,0.0
2019-06-05,1.12537,1.130603,1.124061,1.125452,0.0
2019-06-06,1.122801,1.130679,1.122372,1.122936,0.0
2019-06-07,1.127435,1.134845,1.125335,1.127502,0.0
2019-06-10,1.131908,1.132716,1.129336,1.131982,0.0
2019-06-11,1.131698,1.133526,1.130424,1.131829,0.0
2019-06-12,1.132773,1.134235,1.131046,1.13279,0.0
2019-06-13,1.129087,1.130409,1.127194,1.129406,0.0
2019-06-14,1.127938,1.129147,1.12155,1.128136,0.0
2019-06-17,1.121521,1.124609,1.120532,1.121684,0.0
2019-06-18,1.122736,1.124241,1.118389,1.122645,0.0
2019-06-19,1.119777,1.122177,1.118898,1.119598,0.0
2019-06-20,1.123491,1.131516,1.123467,1.123797,0.0
2019-06-21,1.129486,1.133404,1.128245,1.129739,0.0
2019-06-24,1.138284,1.140166,1.137336,1.1383,0.0
2019-06-25,1.140019,1.141479,1.13792,1.14026,0.0
2019-06-26,1.136895,1.139072,1.13508,1.136762,0.0
2019-06-27,1.137183,1.138256,1.134786,1.13756,0.0
2019-06-28,1.137057,1.139263,1.136153,1.137227,0.0
2019-07-01,1.136452,1.136674,1.130509,1.136484,0.0
2019-07-02,1.128555,1.13193,1.12774,1.128823,0.0
2019-07-03,1.129089,1.130349,1.127166,1.129475,0.0
2019-07-04,1.128824,1.129616,1.127513,1.128863,0.0
2019-07-05,1.128652,1.128887,1.120865,1.128391,0.0
2019-07-08,1.122594,1.123662,1.120663,1.122839,0.0
2019-07-09,1.121392,1.122388,1.119661,1.121692,0.0
2019-07-10,1.120426,1.126384,1.12028,1.120603,0.0
2019-07-11,1.126067,1.128921,1.125182,1.125818,0.0
2019-07-12,1.12519,1.127818,1.123944,1.125205,0.0
2019-07-15,1.127227,1.128711,1.125699,1.127115,0.0
2019-07-16,1.126068,1.126594,1.120886,1.126074,0.0
2019-07-17,1.121386,1.12336,1.120067,1.121148,0.0
2019-07-18,1.122739,1.124749,1.120511,1.122925,0.0
2019-07-19,1.126032,1.127163,1.121619,1.126277,0.0
2019-07-22,1.122033,1.122587,1.120529,1.121946,0.0
2019-07-23,1.120576,1.121065,1.115061,1.120634,0.0
2019-07-24,1.115126,1.115601,1.112876,1.11499,0.0
2019-07-25,1.114226,1.118827,1.11053,1.114306,0.0
2019-07-26,1.114619,1.115245,1.111517,1.114772,0.0
2019-07-29,1.112972,1.114426,1.111565,1.113101,0.0
2019-07-30,1.11414,1.115851,1.113345,1.114375,0.0
2019-07-31,1.115683,1.11641,1.113,1.115802,0.0
2019-08-01,1.107259,1.107259,1.102774,1.107203,0.0
2019-08-02,1.10808,1.111293,1.107149,1.107894,0.0
2019-08-05,1.110676,1.119976,1.110676,1.110772,0.0
2019-08-06,1.124357,1.1251,1.117005,1.124389,0.0
2019-08-07,1.120724,1.124049,1.118077,1.120837,0.0
2019-08-08,1.120479,1.122848,1.118425,1.120202,0.0
2019-08-09,1.11876,1.122006,1.118606,1.118676,0.0
2019-08-12,1.120645,1.12303,1.11635,1.120638,0.0
2019-08-13,1.121556,1.122728,1.117771,1.12189,0.0
2019-08-14,1.117669,1.119076,1.113701,1.117548,0.0
2019-08-15,1.114628,1.115841,1.109328,1.114176,0.0
2019-08-16,1.111289,1.111289,1.106702,1.11115,0.0
2019-08-19,1.10929,1.110934,1.108792,1.109427,0.0
2019-08-20,1.108288,1.109854,1.107058,1.10821,0.0
2019-08-21,1.109922,1.110768,1.108825,1.109898,0.0
2019-08-22,1.109071,1.111297,1.106248,1.109091,0.0
2019-08-23,1.108224,1.11485,1.105377,1.10831,0.0
2019-08-26,1.114184,1.115188,1.110746,1.114384,0.0
2019-08-27,1.110126,1.111856,1.108839,1.110326,0.0
2019-08-28,1.109019,1.110024,1.10757,1.108823,0.0
2019-08-29,1.108771,1.109049,1.10574,1.108459,0.0
2019-08-30,1.105908,1.106278,1.098621,1.106278,0.0
2019-09-02,1.099215,1.099725,1.096099,1.099354,0.0
2019-09-03,1.096664,1.097788,1.093006,1.097006,0.0
2019-09-04,1.097225,1.103482,1.097225,1.097605,0.0
2019-09-05,1.103789,1.108144,1.101783,1.103573,0.0
2019-09-06,1.103602,1.105793,1.10202,1.103607,0.0
2019-09-09,1.102133,1.106476,1.101858,1.102138,0.0
2019-09-10,1.104834,1.105895,1.103084,1.104869,0.0
2019-09-11,1.105077,1.105677,1.09843,1.104897,0.0
2019-09-12,1.101603,1.107792,1.092782,1.101437,0.0
2019-09-13,1.105771,1.11101,1.105684,1.105901,0.0
2019-09-16,1.108406,1.108406,1.09948,1.108277,0.0
2019-09-17,1.100423,1.106863,1.099287,1.100576,0.0
2019-09-18,1.107677,1.107931,1.103827,1.107499,0.0
2019-09-19,1.103193,1.107558,1.102283,1.103194,0.0
2019-09-20,1.104696,1.106892,1.099963,1.104933,0.0
2019-09-23,1.101832,1.102627,1.09668,1.101716,0.0
2019-09-24,1.099471,1.101416,1.098513,1.099242,0.0
2019-09-25,1.101549,1.10198,1.095061,1.101467,0.0
2019-09-26,1.095264,1.09681,1.092275,1.095231,0.0
2019-09-27,1.092411,1.095947,1.090673,1.092248,0.0
2019-09-30,1.094269,1.094744,1.08874,1.094372,0.0
2019-10-01,1.089912,1.093591,1.088089,1.089829,0.0
2019-10-02,1.093619,1.095817,1.090735,1.093431,0.0
2019-10-03,1.096083,1.10002,1.093988,1.096481,0.0
2019-10-04,1.097533,1.099228,1.095774,1.097497,0.0
2019-10-07,1.098786,1.100164,1.096277,1.098429,0.0
2019-10-08,1.097246,1.099805,1.094809,1.097282,0.0
2019-10-09,1.095999,1.099195,1.095657,1.096041,0.0
2019-10-10,1.098607,1.103493,1.098119,1.098689,0.0
2019-10-11,1.101322,1.106306,1.100299,1.101205,0.0
2019-10-14,1.10285,1.104298,1.101532,1.102852,0.0
2019-10-15,1.102421,1.104402,1.099275,1.10282,0.0
2019-10-16,1.103353,1.10782,1.102166,1.103282,0.0
2019-10-17,1.107477,1.11408,1.106492,1.107624,0.0
2019-10-18,1.112572,1.116289,1.111439,1.112629,0.0
2019-10-21,1.11571,1.118157,1.113982,1.115635,0.0
2019-10-22,1.115221,1.115914,1.11258,1.115253,0.0
2019-10-23,1.112775,1.113329,1.11075,1.112753,0.0
2019-10-24,1.113261,1.11663,1.109472,1.113134,0.0
2019-10-25,1.110381,1.112741,1.108051,1.110501,0.0
2019-10-28,1.108528,1.110579,1.107714,1.108501,0.0
2019-10-29,1.110329,1.112163,1.107663,1.109921,0.0
2019-10-30,1.111269,1.112562,1.110195,1.111518,0.0
2019-10-31,1.115345,1.117763,1.113377,1.115412,0.0
2019-11-01,1.115546,1.117517,1.113202,1.1156,0.0
2019-11-04,1.116882,1.117814,1.114002,1.116594,0.0
2019-11-05,1.112809,1.114057,1.106428,1.112669,0.0
2019-11-06,1.107545,1.109783,1.106753,1.107524,0.0
2019-11-07,1.107201,1.109348,1.103705,1.107077,0.0
2019-11-08,1.103392,1.103939,1.101791,1.101791,0.0
2019-11-11,1.102268,1.104194,1.101791,1.102253,0.0
2019-11-12,1.10321,1.104158,1.100499,1.103619,0.0
2019-11-13,1.101248,1.101942,1.099983,1.101212,0.0
2019-11-14,1.100708,1.101635,1.099125,1.101236,0.0
2019-11-15,1.102232,1.105652,1.101406,1.102114,0.0
2019-11-18,1.105301,1.109083,1.105301,1.105426,0.0
2019-11-19,1.10716,1.108668,1.106446,1.107193,0.0
2019-11-20,1.107988,1.108093,1.105252,1.107983,0.0
2019-11-21,1.107824,1.109487,1.106464,1.107968,0.0
2019-11-22,1.106587,1.107707,1.102986,1.10665,0.0
2019-11-25,1.102483,1.103366,1.10055,1.10216,0.0
2019-11-26,1.10116,1.102543,1.100913,1.101487,0.0
2019-11-27,1.102239,1.102326,1.099558,1.102326,0.0
2019-11-28,1.100409,1.10199,1.100096,1.100499,0.0
2019-11-29,1.101,1.102923,1.098241,1.10132,0.0
2019-12-02,1.101873,1.108808,1.100436,1.101806,0.0
2019-12-03,1.107597,1.109115,1.106843,1.107851,0.0
2019-12-04,1.108143,1.11152,1.106862,1.108287,0.0
2019-12-05,1.108262,1.110339,1.108192,1.108385,0.0
2019-12-06,1.11053,1.1113,1.104021,1.11069,0.0
2019-12-09,1.105729,1.108117,1.105586,1.10598,0.0
2019-12-10,1.106218,1.109752,1.106218,1.106649,0.0
2019-12-11,1.109426,1.109839,1.107202,1.109132,0.0
2019-12-12,1.113433,1.11517,1.111158,1.113423,0.0
2019-12-13,1.118208,1.118793,1.11186,1.118793,0.0
2019-12-16,1.112528,1.115659,1.112307,1.112437,0.0
2019-12-17,1.113514,1.117427,1.113264,1.113699,0.0
2019-12-18,1.115211,1.115302,1.111043,1.115302,0.0
2019-12-19,1.111532,1.11414,1.111053,1.111666,0.0
2019-12-20,1.11236,1.112602,1.107366,1.11255,0.0
2019-12-23,1.107938,1.109838,1.107174,1.108073,0.0
2019-12-24,1.109339,1.109801,1.106962,1.109404,0.0
2019-12-25,1.108948,1.110894,1.107738,1.109064,0.0
2019-12-26,1.109511,1.110464,1.108281,1.109474,0.0
2019-12-27,1.110179,1.118004,1.110023,1.110087,0.0
2019-12-30,1.118038,1.122276,1.118038,1.118058,0.0
2019-12-31,1.120607,1.123895,1.119997,1.120226,0.0
2020-01-01,1.122101,1.122969,1.116048,1.121971,0.0
2020-01-02,1.121881,1.122602,1.116753,1.12201,0.0
2020-01-03,1.117105,1.118118,1.112438,1.117212,0.0
2020-01-06,1.116177,1.1211,1.115858,1.116179,0.0
2020-01-07,1.119523,1.120027,1.113399,1.119637,0.0
2020-01-08,1.115504,1.116484,1.111292,1.115553,0.0
2020-01-09,1.111606,1.112104,1.109495,1.111453,0.0
2020-01-10,1.111007,1.112184,1.108627,1.111086,0.0
2020-01-13,1.111668,1.114534,1.11129,1.111622,0.0
2020-01-14,1.113456,1.114426,1.110546,1.113675,0.0
2020-01-15,1.113054,1.116309,1.112243,1.1128,0.0
2020-01-16,1.115239,1.117017,1.113102,1.11544,0.0
2020-01-17,1.113851,1.114478,1.108649,1.114007,0.0
2020-01-20,1.109485,1.110468,1.107717,1.10941,0.0
2020-01-21,1.109687,1.111857,1.108469,1.109513,0.0
2020-01-22,1.108516,1.109728,1.107179,1.108435,0.0
2020-01-23,1.109858,1.110254,1.103473,1.109571,0.0
2020-01-24,1.105508,1.106009,1.102358,1.105596,0.0
2020-01-27,1.102588,1.104133,1.10107,1.102475,0.0
2020-01-28,1.102275,1.102468,1.09989,1.101922,0.0
2020-01-29,1.102354,1.10313,1.099407,1.102167,0.0
2020-01-30,1.101462,1.10357,1.100915,1.101711,0.0
2020-01-31,1.102849,1.10894,1.101622,1.102944,0.0
2020-02-03,1.10901,1.10914,1.10425,1.10914,0.0
2020-02-04,1.106205,1.106634,1.103233,1.106376,0.0
2020-02-05,1.104422,1.104855,1.099651,1.104855,0.0
2020-02-06,1.099894,1.101341,1.096491,1.100243,0.0
2020-02-07,1.098061,1.098854,1.094815,1.098242,0.0
2020-02-10,1.094955,1.096098,1.091013,1.094891,0.0
2020-02-11,1.091324,1.092609,1.089318,1.09148,0.0
2020-02-12,1.092111,1.092423,1.088561,1.091912,0.0
2020-02-13,1.087424,1.089137,1.083578,1.087612,0.0
2020-02-14,1.084484,1.086453,1.083245,1.084372,0.0
2020-02-17,1.084024,1.085264,1.082853,1.084159,0.0
2020-02-18,1.083706,1.083984,1.078882,1.083984,0.0
2020-02-19,1.079471,1.080481,1.078316,1.079535,0.0
2020-02-20,1.080903,1.082227,1.078015,1.080967,0.0
2020-02-21,1.078805,1.086351,1.078805,1.078841,0.0
2020-02-24,1.084109,1.0865,1.080816,1.083973,0.0
2020-02-25,1.084802,1.088172,1.083214,1.084815,0.0
2020-02-26,1.088154,1.090395,1.085475,1.088233,0.0
2020-02-27,1.088585,1.100488,1.088479,1.088479,0.0
2020-02-28,1.099599,1.105139,1.09517,1.099801,0.0
2020-03-02,1.105223,1.116576,1.103824,1.10504,0.0
2020-03-03,1.114521,1.120699,1.10963,1.114463,0.0
2020-03-04,1.117605,1.118527,1.109795,1.118185,0.0
2020-03-05,1.113816,1.120445,1.111932,1.11372,0.0
2020-03-06,1.122319,1.135519,1.121345,1.122391,0.0
2020-03-09,1.138777,1.149691,1.135679,1.138702,0.0
2020-03-10,1.139598,1.142141,1.133382,1.139963,0.0
2020-03-11,1.131633,1.136444,1.126076,1.131614,0.0
2020-03-12,1.12614,1.133282,1.107971,1.126024,0.0
2020-03-13,1.118179,1.122101,1.106793,1.118604,0.0
2020-03-16,1.115812,1.123674,1.108872,1.115456,0.0
2020-03-17,1.116245,1.118945,1.095891,1.116373,0.0
2020-03-18,1.101514,1.104679,1.082997,1.101735,0.0
2020-03-19,1.094369,1.096144,1.069992,1.096144,0.0
2020-03-20,1.065981,1.082924,1.065325,1.06574,0.0
2020-03-23,1.068726,1.082444,1.066044,1.069641,0.0
2020-03-24,1.076443,1.088808,1.075336,1.076398,0.0
2020-03-25,1.080062,1.084804,1.077033,1.08036,0.0
2020-03-26,1.088558,1.10251,1.087779,1.088878,0.0
2020-03-27,1.104601,1.108659,1.095529,1.104903,0.0
2020-03-30,1.113469,1.113912,1.101378,1.113912,0.0
2020-03-31,1.102779,1.104455,1.092786,1.103148,0.0
2020-04-01,1.102746,1.103762,1.091862,1.102535,0.0
2020-04-02,1.094949,1.096245,1.0844,1.095351,0.0
2020-04-03,1.084251,1.08575,1.077633,1.084494,0.0
2020-04-06,1.080859,1.083413,1.076817,1.080686,0.0
2020-04-07,1.080126,1.09221,1.079073,1.08023,0.0
2020-04-08,1.089504,1.089789,1.083123,1.089623,0.0
2020-04-09,1.085972,1.094481,1.084378,1.086293,0.0
2020-04-10,1.092517,1.095375,1.092039,1.092662,0.0
2020-04-13,1.093085,1.097009,1.089559,1.093226,0.0
2020-04-14,1.091977,1.098606,1.091416,1.092218,0.0
2020-04-15,1.098154,1.098757,1.085611,1.09837,0.0
2020-04-16,1.090226,1.090754,1.082834,1.090368,0.0
2020-04-17,1.085998,1.089271,1.081409,1.085929,0.0
2020-04-20,1.086575,1.089628,1.084172,1.086592,0.0
2020-04-21,1.086406,1.088017,1.081872,1.08641,0.0
2020-04-22,1.085939,1.088491,1.082294,1.085623,0.0
2020-04-23,1.080825,1.084377,1.075742,1.080841,0.0
2020-04-24,1.077843,1.081575,1.072937,1.077832,0.0
2020-04-27,1.082192,1.086073,1.081372,1.082287,0.0
2020-04-28,1.082831,1.088911,1.081031,1.082453,0.0
2020-04-29,1.083233,1.087397,1.083145,1.083688,0.0
2020-04-30,1.087796,1.096918,1.083398,1.087612,0.0
2020-05-01,1.094391,1.101695,1.093381,1.094551,0.0
2020-05-04,1.095693,1.095851,1.090079,1.095846,0.0
2020-05-05,1.090368,1.092063,1.082753,1.090414,0.0
2020-05-06,1.084034,1.084484,1.078454,1.083756,0.0
2020-05-07,1.080174,1.081434,1.07677,1.079978,0.0
2020-05-08,1.083518,1.08714,1.081592,1.083656,0.0
2020-05-11,1.084009,1.085443,1.080558,1.083995,0.0
2020-05-12,1.080836,1.088186,1.078863,1.080841,0.0
2020-05-13,1.084813,1.089282,1.083009,1.08462,0.0
2020-05-14,1.082274,1.082503,1.077875,1.082344,0.0
2020-05-15,1.081016,1.084925,1.079218,1.080724,0.0
2020-05-18,1.08176,1.09146,1.079951,1.082071,0.0
2020-05-19,1.091576,1.097466,1.090232,1.091583,0.0
2020-05-20,1.093041,1.099921,1.09284,1.09284,0.0
2020-05-21,1.097894,1.100858,1.093893,1.098117,0.0
2020-05-22,1.095412,1.095561,1.088583,1.095261,0.0
2020-05-25,1.090684,1.091602,1.087318,1.090792,0.0
2020-05-26,1.09008,1.099063,1.090002,1.090294,0.0
2020-05-27,1.098205,1.102881,1.093509,1.098203,0.0
2020-05-28,1.101623,1.107246,1.099278,1.101638,0.0
2020-05-29,1.107789,1.114454,1.107064,1.107953,0.0
2020-06-01,1.111572,1.115227,1.110321,1.11187,0.0
2020-06-02,1.112404,1.119477,1.111481,1.112533,0.0
2020-06-03,1.118734,1.124968,1.118157,1.118972,0.0
2020-06-04,1.123853,1.136117,1.119548,1.123474,0.0
2020-06-05,1.133845,1.138481,1.128649,1.133684,0.0
2020-06-08,1.131671,1.1319,1.127046,1.1319,0.0
2020-06-09,1.13023,1.136453,1.124377,1.130608,0.0
2020-06-10,1.133528,1.139031,1.13322,1.13322,0.0
2020-06-11,1.136798,1.14009,1.13268,1.136445,0.0
2020-06-12,1.128934,1.133822,1.123525,1.12881,0.0
2020-06-15,1.125396,1.129384,1.123098,1.12523,0.0
2020-06-16,1.133918,1.13484,1.123102,1.133687,0.0
2020-06-17,1.126471,1.129582,1.121127,1.126601,0.0
2020-06-18,1.124056,1.126219,1.120432,1.124258,0.0
2020-06-19,1.120876,1.125388,1.117444,1.121077,0.0
2020-06-22,1.118045,1.126801,1.117524,1.117758,0.0
2020-06-23,1.127875,1.135102,1.123285,1.127959,0.0
2020-06-24,1.131274,1.1325,1.126027,1.131443,0.0
2020-06-25,1.125033,1.12614,1.119146,1.125216,0.0
2020-06-26,1.122144,1.123789,1.119641,1.122257,0.0
2020-06-29,1.12246,1.128932,1.122078,1.122655,0.0
2020-06-30,1.124702,1.125944,1.119307,1.124658,0.0
2020-07-01,1.123251,1.127491,1.119047,1.123689,0.0
2020-07-02,1.125472,1.130316,1.122724,1.124828,0.0
2020-07-03,1.124065,1.125185,1.122239,1.123988,0.0
2020-07-06,1.124978,1.134749,1.124638,1.12471,0.0
2020-07-07,1.130905,1.133676,1.126043,1.131252,0.0
2020-07-08,1.127416,1.134298,1.126698,1.127499,0.0
2020-07-09,1.13365,1.137043,1.128915,1.134153,0.0
2020-07-10,1.128982,1.132468,1.125802,1.128907,0.0
2020-07-13,1.130989,1.136983,1.130631,1.131045,0.0
2020-07-14,1.134573,1.140912,1.132717,1.13454,0.0
2020-07-15,1.141103,1.145239,1.139241,1.141099,0.0
2020-07-16,1.141581,1.144313,1.138024,1.141424,0.0
2020-07-17,1.138824,1.144154,1.137902,1.139084,0.0
2020-07-20,1.143896,1.146805,1.140374,1.144354,0.0
2020-07-21,1.145503,1.149791,1.142606,1.145986,0.0
2020-07-22,1.153563,1.16007,1.150874,1.153372,0.0
2020-07-23,1.156749,1.162504,1.15416,1.156644,0.0
2020-07-24,1.159552,1.164038,1.158179,1.159524,0.0
2020-07-27,1.165264,1.178065,1.165226,1.165226,0.0
2020-07-28,1.176541,1.177613,1.170262,1.177081,0.0
2020-07-29,1.171853,1.177976,1.171523,1.171823,0.0
2020-07-30,1.178629,1.180822,1.173339,1.17841,0.0
2020-07-31,1.187393,1.190591,1.180334,1.18736,0.0
2020-08-03,1.178525,1.179123,1.169881,1.178304,0.0
2020-08-04,1.176016,1.180297,1.1724,1.176116,0.0
2020-08-05,1.18161,1.19043,1.179843,1.181421,0.0
2020-08-06,1.187381,1.19114,1.182224,1.187165,0.0
2020-08-07,1.187672,1.188315,1.175585,1.187565,0.0
2020-08-10,1.178237,1.180058,1.174138,1.178189,0.0
2020-08-11,1.173746,1.180538,1.172466,1.173689,0.0
2020-08-12,1.174071,1.181311,1.1713,1.173646,0.0
2020-08-13,1.179518,1.186534,1.179483,1.179483,0.0
2020-08-14,1.181767,1.183968,1.178301,1.181611,0.0
2020-08-17,1.185148,1.188261,1.182973,1.185241,0.0
2020-08-18,1.188133,1.196497,1.187427,1.187616,0.0
2020-08-19,1.194557,1.195622,1.189285,1.194759,0.0
2020-08-20,1.184315,1.18682,1.180544,1.184294,0.0
2020-08-21,1.186916,1.188542,1.17557,1.187383,0.0
2020-08-24,1.179778,1.18506,1.178424,1.179821,0.0
2020-08-25,1.179577,1.184269,1.178379,1.179486,0.0
2020-08-26,1.183632,1.183919,1.177596,1.183592,0.0
2020-08-27,1.18419,1.189795,1.176485,1.184099,0.0
2020-08-28,1.182006,1.192376,1.181248,1.181875,0.0
2020-08-31,1.19174,1.196533,1.188536,1.191941,0.0
2020-09-01,1.19414,1.20119,1.193777,1.193927,0.0
2020-09-02,1.192467,1.192579,1.182415,1.192418,0.0
2020-09-03,1.1845,1.184937,1.179011,1.184877,0.0
2020-09-04,1.184239,1.18645,1.178135,1.183937,0.0
2020-09-07,1.183631,1.185089,1.181424,1.183501,0.0
2020-09-08,1.182022,1.182676,1.176777,1.1822,0.0
2020-09-09,1.176787,1.183065,1.175395,1.177029,0.0
2020-09-10,1.180602,1.191435,1.180175,1.180711,0.0
2020-09-11,1.182639,1.18748,1.182371,1.182371,0.0
2020-09-14,1.18438,1.188999,1.183274,1.184427,0.0
2020-09-15,1.186777,1.190073,1.184022,1.186786,0.0
2020-09-16,1.18414,1.188332,1.181469,1.184347,0.0
2020-09-17,1.180479,1.182996,1.174401,1.180345,0.0
2020-09-18,1.1853,1.18704,1.182934,1.184878,0.0
2020-09-21,1.184598,1.187312,1.173113,1.184521,0.0
2020-09-22,1.176127,1.177276,1.169304,1.17691,0.0
2020-09-23,1.170844,1.171804,1.16651,1.17081,0.0
2020-09-24,1.166059,1.168239,1.163035,1.165743,0.0
2020-09-25,1.167407,1.168672,1.161255,1.1674,0.0
2020-09-28,1.163455,1.167847,1.161656,1.163467,0.0
2020-09-29,1.167821,1.174223,1.166673,1.167954,0.0
2020-09-30,1.174141,1.175561,1.168723,1.174096,0.0
2020-10-01,1.172556,1.176285,1.171612,1.172683,0.0
2020-10-02,1.174563,1.174696,1.169509,1.174428,0.0
2020-10-05,1.172154,1.179485,1.172026,1.172084,0.0
2020-10-06,1.178948,1.180717,1.17683,1.179129,0.0
2020-10-07,1.173744,1.178173,1.172491,1.174002,0.0
2020-10-08,1.176389,1.177944,1.173436,1.176827,0.0
2020-10-09,1.17662,1.182299,1.176045,1.17685,0.0
2020-10-12,1.181332,1.182679,1.178746,1.181763,0.0
2020-10-13,1.181462,1.181559,1.173533,1.181559,0.0
2020-10-14,1.174234,1.177009,1.17232,1.17422,0.0
2020-10-15,1.174722,1.175876,1.169087,1.174364,0.0
2020-10-16,1.170465,1.174638,1.169465,1.170837,0.0
2020-10-19,1.1716,1.179601,1.170654,1.171642,0.0
2020-10-20,1.176845,1.184094,1.176159,1.176866,0.0
2020-10-21,1.182941,1.188141,1.182554,1.183064,0.0
2020-10-22,1.185094,1.186851,1.18142,1.185353,0.0
2020-10-23,1.181438,1.186023,1.17914,1.181579,0.0
2020-10-26,1.184917,1.18521,1.180211,1.18487,0.0
2020-10-27,1.18098,1.184081,1.179853,1.181123,0.0
2020-10-28,1.178169,1.178873,1.171817,1.178268,0.0
2020-10-29,1.174617,1.175878,1.165738,1.174786,0.0
2020-10-30,1.16782,1.170219,1.164316,1.167696,0.0
2020-11-02,1.164175,1.165445,1.162137,1.164255,0.0
2020-11-03,1.164415,1.174325,1.163846,1.164212,0.0
2020-11-04,1.176537,1.176908,1.16073,1.176337,0.0
2020-11-05,1.172842,1.185495,1.171265,1.173492,0.0
2020-11-06,1.181508,1.188954,1.179627,1.181774,0.0
2020-11-09,1.189345,1.192025,1.179667,1.189218,0.0
2020-11-10,1.182402,1.184348,1.178062,1.182618,0.0
2020-11-11,1.181934,1.183469,1.174785,1.181843,0.0
2020-11-12,1.177787,1.182004,1.176169,1.177955,0.0
2020-11-13,1.180523,1.1835,1.180074,1.180387,0.0
2020-11-16,1.184413,1.187188,1.181488,1.184546,0.0
2020-11-17,1.186032,1.189447,1.184686,1.185811,0.0
2020-11-18,1.186487,1.189037,1.185045,1.186319,0.0
2020-11-19,1.184265,1.185514,1.18165,1.18492,0.0
2020-11-20,1.186774,1.188997,1.185178,1.186802,0.0
2020-11-23,1.186532,1.190648,1.180227,1.186539,0.0
2020-11-24,1.184223,1.189338,1.184078,1.184124,0.0
2020-11-25,1.190083,1.192882,1.188297,1.190187,0.0
2020-11-26,1.191853,1.193986,1.188573,1.191983,0.0
2020-11-27,1.191006,1.196126,1.191006,1.191658,0.0
2020-11-30,1.197067,1.200168,1.194457,1.197233,0.0
2020-12-01,1.193816,1.205445,1.19355,1.193819,0.0
2020-12-02,1.206935,1.210657,1.204081,1.207418,0.0
2020-12-03,1.211726,1.217555,1.210166,1.211278,0.0
2020-12-04,1.21437,1.217688,1.213168,1.214204,0.0
2020-12-07,1.211904,1.216484,1.208275,1.211951,0.0
2020-12-08,1.211198,1.213358,1.209594,1.211381,0.0
2020-12-09,1.21107,1.214953,1.207231,1.210944,0.0
2020-12-10,1.208175,1.215845,1.207936,1.207947,0.0
2020-12-11,1.214271,1.216504,1.210697,1.214305,0.0
2020-12-14,1.213604,1.21731,1.211799,1.213395,0.0
2020-12-15,1.214791,1.216752,1.21272,1.21494,0.0
2020-12-16,1.215247,1.221178,1.214671,1.215617,0.0
2020-12-17,1.219705,1.226374,1.219253,1.21995,0.0
2020-12-18,1.22629,1.226737,1.222705,1.226185,0.0
2020-12-21,1.221073,1.223522,1.213057,1.221728,0.0
2020-12-22,1.223938,1.226016,1.216737,1.223823,0.0
2020-12-23,1.218478,1.221999,1.215771,1.218484,0.0
2020-12-24,1.219353,1.221864,1.218008,1.218922,0.0
2020-12-25,1.218501,1.221271,1.216725,1.218565,0.0
2020-12-28,1.22072,1.22538,1.218401,1.220427,0.0
2020-12-29,1.22184,1.227526,1.22184,1.222139,0.0
2020-12-30,1.225197,1.230808,1.225197,1.225393,0.0
2020-12-31,1.229871,1.230907,1.222212,1.229788,0.0
2021-01-01,1.21718,1.221614,1.213549,1.21786,0.0
2021-01-04,1.224822,1.231006,1.216989,1.225002,0.0
2021-01-05,1.225506,1.229346,1.225073,1.225073,0.0
2021-01-06,1.229916,1.23527,1.226807,1.229953,0.0
2021-01-07,1.233668,1.234551,1.22482,1.234198,0.0
2021-01-08,1.226736,1.228327,1.221446,1.227032,0.0
2021-01-11,1.2191,1.220173,1.213328,1.218882,0.0
2021-01-12,1.21636,1.217893,1.213946,1.216199,0.0
2021-01-13,1.220879,1.22221,1.215478,1.220785,0.0
2021-01-14,1.216164,1.217071,1.211567,1.216341,0.0
2021-01-15,1.215333,1.21622,1.208436,1.215096,0.0
2021-01-18,1.206772,1.208595,1.205645,1.207003,0.0
2021-01-19,1.207954,1.214396,1.207543,1.207543,0.0
2021-01-20,1.213939,1.215881,1.207728,1.21374,0.0
2021-01-21,1.211568,1.217306,1.210951,1.211589,0.0
2021-01-22,1.216817,1.218728,1.215197,1.216574,0.0
2021-01-25,1.21684,1.218487,1.211746,1.216995,0.0
2021-01-26,1.214223,1.217474,1.210853,1.214685,0.0
2021-01-27,1.216316,1.217159,1.20604,1.216295,0.0
2021-01-28,1.210562,1.21444,1.208246,1.210431,0.0
2021-01-29,1.212205,1.215664,1.209463,1.212234,0.0
2021-02-01,1.212191,1.213715,1.206988,1.212454,0.0
2021-02-02,1.206618,1.208557,1.201825,1.206891,0.0
2021-02-03,1.203875,1.204724,1.200548,1.203947,0.0
2021-02-04,1.204287,1.204323,1.196759,1.204323,0.0
2021-02-05,1.196725,1.204102,1.19539,1.19683,0.0
2021-02-08,1.20508,1.206849,1.202301,1.204939,0.0
2021-02-09,1.20516,1.211544,1.2049,1.205434,0.0
2021-02-10,1.21186,1.214455,1.211239,1.211932,0.0
2021-02-11,1.211972,1.214962,1.211374,1.212095,0.0
2021-02-12,1.212863,1.213575,1.20826,1.213073,0.0
2021-02-15,1.212103,1.214647,1.211682,1.212226,0.0
2021-02-16,1.213347,1.217047,1.209561,1.213191,0.0
2021-02-17,1.208874,1.210091,1.202477,1.209177,0.0
2021-02-18,1.204451,1.208947,1.203543,1.204774,0.0
2021-02-19,1.209077,1.214771,1.208206,1.209249,0.0
2021-02-22,1.212325,1.215551,1.209285,1.212566,0.0
2021-02-23,1.21672,1.217951,1.213485,1.216346,0.0
2021-02-24,1.215419,1.217288,1.211176,1.215254,0.0
2021-02-25,1.216893,1.224252,1.215618,1.217223,0.0
2021-02-26,1.216083,1.218435,1.208903,1.215999,0.0
2021-03-01,1.209151,1.210298,1.202963,1.209197,0.0
2021-03-02,1.204722,1.20815,1.199332,1.204954,0.0
2021-03-03,1.208491,1.211278,1.204534,1.20853,0.0
2021-03-04,1.204751,1.206313,1.202624,1.204957,0.0
2021-03-05,1.196624,1.196802,1.189632,1.196755,0.0
2021-03-08,1.192552,1.193163,1.185102,1.192543,0.0
2021-03-09,1.185305,1.191626,1.18355,1.185231,0.0
2021-03-10,1.189625,1.192462,1.187064,1.189905,0.0
2021-03-11,1.192765,1.197799,1.191744,1.192702,0.0
2021-03-12,1.198116,1.19903,1.190889,1.198621,0.0
2021-03-15,1.195091,1.196414,1.191306,1.195207,0.0
2021-03-16,1.192651,1.195202,1.188597,1.192772,0.0
2021-03-17,1.190521,1.191698,1.188914,1.190347,0.0
2021-03-18,1.198146,1.199135,1.191113,1.198245,0.0
2021-03-19,1.191696,1.193911,1.187666,1.191885,0.0
2021-03-22,1.1885,1.193555,1.187548,1.188317,0.0
2021-03-23,1.193385,1.194202,1.186588,1.193144,0.0
2021-03-24,1.18423,1.185105,1.181332,1.184091,0.0
2021-03-25,1.181422,1.183062,1.177545,1.181277,0.0
2021-03-26,1.177494,1.180564,1.177376,1.177515,0.0
2021-03-29,1.178753,1.179254,1.176236,1.178881,0.0
2021-03-30,1.176941,1.177933,1.171162,1.177243,0.0
2021-03-31,1.172284,1.17597,1.170431,1.172382,0.0
2021-04-01,1.172865,1.177634,1.171345,1.172915,0.0
2021-04-02,1.177793,1.178844,1.175197,1.177837,0.0
2021-04-05,1.176762,1.181713,1.174059,1.176797,0.0
2021-04-06,1.182148,1.185517,1.17971,1.181969,0.0
2021-04-07,1.187591,1.191603,1.18627,1.187645,0.0
2021-04-08,1.187207,1.191217,1.186167,1.187241,0.0
2021-04-09,1.191226,1.192127,1.187109,1.191493,0.0
2021-04-12,1.189455,1.192135,1.187529,1.190167,0.0
2021-04-13,1.191522,1.195256,1.188486,1.191585,0.0
2021-04-14,1.19581,1.198321,1.195009,1.195479,0.0
2021-04-15,1.198215,1.199393,1.195691,1.198716,0.0
2021-04-16,1.197488,1.199445,1.195162,1.197369,0.0
2021-04-19,1.196868,1.204856,1.194465,1.197121,0.0
2021-04-20,1.204476,1.20805,1.202883,1.204533,0.0
2021-04-21,1.20306,1.204419,1.200199,1.203197,0.0
2021-04-22,1.203982,1.207011,1.200439,1.20377,0.0
2021-04-23,1.201705,1.20782,1.201331,1.20148,0.0
2021-04-26,1.208847,1.212016,1.206415,1.208951,0.0
2021-04-27,1.208052,1.209066,1.205623,1.208392,0.0
2021-04-28,1.209055,1.210222,1.205927,1.208893,0.0
2021-04-29,1.213533,1.215017,1.210492,1.213618,0.0
2021-04-30,1.212514,1.213014,1.202473,1.212624,0.0
2021-05-03,1.202567,1.207757,1.201502,1.202706,0.0
2021-05-04,1.205965,1.206325,1.200108,1.206075,0.0
2021-05-05,1.201719,1.203248,1.198762,1.201275,0.0
2021-05-06,1.201055,1.20681,1.199492,1.20086,0.0
2021-05-07,1.206461,1.216451,1.205389,1.20701,0.0
2021-05-10,1.21694,1.217931,1.213867,1.216989,0.0
2021-05-11,1.214228,1.217916,1.212651,1.214085,0.0
2021-05-12,1.214658,1.215151,1.207043,1.214606,0.0
2021-05-13,1.207674,1.21056,1.205195,1.207761,0.0
2021-05-14,1.207912,1.214877,1.207185,1.207696,0.0
2021-05-17,1.214881,1.21682,1.212679,1.215162,0.0
2021-05-18,1.215734,1.22338,1.215333,1.21575,0.0
2021-05-19,1.222682,1.224823,1.219224,1.222443,0.0
2021-05-20,1.217112,1.222905,1.21711,1.217136,0.0
2021-05-21,1.22262,1.224425,1.217062,1.222557,0.0
2021-05-24,1.218074,1.222906,1.217412,1.218273,0.0
2021-05-25,1.221552,1.226743,1.221199,1.221494,0.0
2021-05-26,1.224763,1.226399,1.220028,1.224929,0.0
2021-05-27,1.218965,1.22149,1.217505,1.219222,0.0
2021-05-28,1.219439,1.220103,1.213284,1.219445,0.0
2021-05-31,1.218931,1.223316,1.218293,1.219117,0.0
2021-06-01,1.223566,1.225429,1.221353,1.223094,0.0
2021-06-02,1.2218,1.222921,1.216516,1.221889,0.0
2021-06-03,1.22087,1.221817,1.212099,1.221043,0.0
2021-06-04,1.212823,1.21895,1.210621,1.213254,0.0
2021-06-07,1.216621,1.220253,1.214385,1.216798,0.0
2021-06-08,1.219088,1.219753,1.216746,1.219209,0.0
2021-06-09,1.217178,1.221877,1.217164,1.217164,0.0
2021-06-10,1.217886,1.219049,1.214553,1.218127,0.0
2021-06-11,1.217441,1.219363,1.209726,1.217428,0.0
2021-06-14,1.211177,1.213299,1.209464,1.211023,0.0
2021-06-15,1.212482,1.214939,1.210405,1.212305,0.0
2021-06-16,1.212639,1.213371,1.211071,1.212752,0.0
2021-06-17,1.199222,1.200875,1.190828,1.19966,0.0
2021-06-18,1.191341,1.192942,1.184863,1.191423,0.0
2021-06-21,1.186966,1.191879,1.184585,1.187368,0.0
2021-06-22,1.191005,1.191701,1.188464,1.19127,0.0
2021-06-23,1.193767,1.197021,1.19168,1.193622,0.0
2021-06-24,1.193296,1.195732,1.191786,1.193165,0.0
2021-06-25,1.192624,1.197451,1.192624,1.193032,0.0
2021-06-28,1.19403,1.194639,1.190427,1.194423,0.0
2021-06-29,1.19293,1.193251,1.188191,1.192956,0.0
2021-06-30,1.189929,1.191321,1.184602,1.19,0.0
2021-07-01,1.185571,1.188511,1.183692,1.185638,0.0
2021-07-02,1.184693,1.186111,1.181999,1.184399,0.0
2021-07-05,1.185613,1.188152,1.184996,1.185672,0.0
2021-07-06,1.186212,1.189736,1.181426,1.186265,0.0
2021-07-07,1.182375,1.184032,1.178325,1.182498,0.0
2021-07-08,1.179607,1.186608,1.178469,1.179333,0.0
2021-07-09,1.184604,1.187362,1.182396,1.184689,0.0
2021-07-12,1.187277,1.188107,1.18372,1.18716,0.0
2021-07-13,1.186707,1.18777,1.179475,1.186629,0.0
2021-07-14,1.177542,1.182662,1.177169,1.177705,0.0
2021-07-15,1.18323,1.185342,1.180627,1.18337,0.0
2021-07-16,1.181151,1.1823,1.179277,1.180981,0.0
2021-07-19,1.181071,1.182209,1.176453,1.181461,0.0
2021-07-20,1.179414,1.180506,1.175521,1.179277,0.0
2021-07-21,1.178464,1.18042,1.175378,1.178356,0.0
2021-07-22,1.179433,1.18308,1.176681,1.179469,0.0
2021-07-23,1.177413,1.178554,1.175781,1.177278,0.0
2021-07-26,1.177148,1.181867,1.176516,1.177633,0.0
2021-07-27,1.180369,1.183884,1.177147,1.180846,0.0
2021-07-28,1.182219,1.18294,1.178504,1.182119,0.0
2021-07-29,1.184769,1.189183,1.184213,1.184853,0.0
2021-07-30,1.18928,1.191003,1.185579,1.189412,0.0
2021-08-02,1.186492,1.190108,1.185919,1.18691,0.0
2021-08-03,1.187458,1.189774,1.18548,1.187452,0.0
2021-08-04,1.186974,1.19014,1.183374,1.187134,0.0
2021-08-05,1.184078,1.185762,1.18314,1.183548,0.0
2021-08-06,1.183368,1.183656,1.175721,1.183442,0.0
2021-08-09,1.175157,1.177175,1.174021,1.17493,0.0
2021-08-10,1.173824,1.174235,1.170821,1.174025,0.0
2021-08-11,1.172058,1.174767,1.170722,1.17222,0.0
2021-08-12,1.174139,1.175096,1.172519,1.174026,0.0
2021-08-13,1.173581,1.180267,1.172982,1.17371,0.0
2021-08-16,1.179738,1.180425,1.176576,1.179647,0.0
2021-08-17,1.177993,1.178256,1.171043,1.178186,0.0
2021-08-18,1.170959,1.173153,1.169706,1.170992,0.0
2021-08-19,1.170235,1.170614,1.166804,1.170103,0.0
2021-08-20,1.167743,1.16917,1.16675,1.167607,0.0
2021-08-23,1.170066,1.174291,1.169629,1.169888,0.0
2021-08-24,1.174582,1.176297,1.172758,1.17446,0.0
2021-08-25,1.175607,1.176004,1.172969,1.175519,0.0
2021-08-26,1.177397,1.178076,1.174815,1.177323,0.0
2021-08-27,1.175296,1.180456,1.17366,1.175627,0.0
2021-08-30,1.179925,1.181243,1.178246,1.179796,0.0
2021-08-31,1.179955,1.184508,1.179411,1.179411,0.0
2021-09-01,1.181074,1.185998,1.179518,1.180905,0.0
2021-09-02,1.18434,1.187252,1.183637,1.184212,0.0
2021-09-03,1.18743,1.190685,1.186913,1.187795,0.0
2021-09-06,1.188572,1.188849,1.185613,1.188849,0.0
2021-09-07,1.187321,1.1887,1.18381,1.18749,0.0
2021-09-08,1.184324,1.185504,1.180174,1.184309,0.0
2021-09-09,1.182161,1.184073,1.180737,1.182027,0.0
2021-09-10,1.182278,1.185319,1.181812,1.182573,0.0
2021-09-13,1.18123,1.181655,1.176872,1.180992,0.0
2021-09-14,1.181254,1.184825,1.180071,1.181049,0.0
2021-09-15,1.180512,1.183203,1.180198,1.180589,0.0
2021-09-16,1.181777,1.182166,1.175002,1.181889,0.0
2021-09-17,1.176443,1.178898,1.172759,1.176772,0.0
2021-09-20,1.172875,1.173754,1.170237,1.17308,0.0
2021-09-21,1.17254,1.174864,1.171676,1.172994,0.0
2021-09-22,1.172659,1.174542,1.171681,1.172184,0.0
2021-09-23,1.168913,1.174942,1.168554,1.168744,0.0
2021-09-24,1.174115,1.174785,1.170198,1.173827,0.0
2021-09-27,1.172082,1.172802,1.168979,1.172034,0.0
2021-09-28,1.169723,1.170767,1.167077,1.169661,0.0
2021-09-29,1.16877,1.169,1.160915,1.168804,0.0
2021-09-30,1.160228,1.161008,1.157119,1.160225,0.0
2021-10-01,1.157292,1.160799,1.156447,1.157476,0.0
2021-10-04,1.160624,1.163926,1.15864,1.160724,0.0
2021-10-05,1.161614,1.162359,1.158353,1.161777,0.0
2021-10-06,1.159364,1.159852,1.152886,1.159695,0.0
2021-10-07,1.155577,1.157093,1.154815,1.155627,0.0
2021-10-08,1.155866,1.158297,1.153937,1.155917,0.0
2021-10-11,1.156534,1.158654,1.155413,1.156807,0.0
2021-10-12,1.155327,1.156984,1.153288,1.155462,0.0
2021-10-13,1.153019,1.1579,1.152899,1.153453,0.0
2021-10-14,1.159991,1.162556,1.158267,1.160006,0.0
2021-10-15,1.159267,1.162248,1.158549,1.159289,0.0
2021-10-18,1.15972,1.161064,1.15735,1.159541,0.0
2021-10-19,1.161457,1.166978,1.161381,1.161381,0.0
2021-10-20,1.163377,1.165552,1.161687,1.163148,0.0
2021-10-21,1.165281,1.166874,1.1635,1.165457,0.0
2021-10-22,1.162501,1.165482,1.162043,1.162533,0.0
2021-10-25,1.164176,1.166937,1.159243,1.164185,0.0
2021-10-26,1.161099,1.163034,1.158423,1.161259,0.0
2021-10-27,1.160006,1.162528,1.158581,1.159718,0.0
2021-10-28,1.160143,1.169213,1.158267,1.160212,0.0
2021-10-29,1.168358,1.169152,1.154497,1.168299,0.0
2021-11-01,1.155876,1.159263,1.15466,1.155617,0.0
2021-11-02,1.159946,1.161451,1.157981,1.159814,0.0
2021-11-03,1.157927,1.159977,1.156495,1.157853,0.0
2021-11-04,1.16157,1.161636,1.152674,1.161445,0.0
2021-11-05,1.155633,1.156447,1.151225,1.155436,0.0
2021-11-08,1.156909,1.159441,1.15511,1.156793,0.0
2021-11-09,1.159115,1.160909,1.156893,1.159202,0.0
2021-11-10,1.159382,1.159657,1.15132,1.15961,0.0
2021-11-11,1.148696,1.149197,1.145274,1.148598,0.0
2021-11-12,1.144925,1.14592,1.143523,1.145255,0.0
2021-11-15,1.144295,1.146386,1.141705,1.144192,0.0
2021-11-16,1.136891,1.13864,1.133089,1.136647,0.0
2021-11-17,1.131552,1.133296,1.127282,1.132243,0.0
2021-11-18,1.131787,1.136084,1.131494,1.132017,0.0
2021-11-19,1.137033,1.137033,1.125257,1.136809,0.0
2021-11-22,1.12769,1.129016,1.123683,1.127518,0.0
2021-11-23,1.124573,1.127459,1.122733,1.124447,0.0
2021-11-24,1.12433,1.1255,1.118823,1.124283,0.0
2021-11-25,1.120744,1.123231,1.120284,1.120332,0.0
2021-11-26,1.120821,1.132029,1.120821,1.121106,0.0
2021-11-29,1.129021,1.129916,1.125963,1.129212,0.0
2021-11-30,1.12923,1.138045,1.124605,1.129376,0.0
2021-12-01,1.132929,1.13582,1.130294,1.133093,0.0
2021-12-02,1.13198,1.135004,1.13001,1.132032,0.0
2021-12-03,1.130782,1.133203,1.126725,1.130688,0.0
2021-12-06,1.130266,1.130947,1.126934,1.130508,0.0
2021-12-07,1.1284,1.129826,1.122956,1.128502,0.0
2021-12-08,1.127212,1.133979,1.126752,1.127547,0.0
2021-12-09,1.13434,1.134652,1.12799,1.134652,0.0
2021-12-10,1.129196,1.132261,1.126839,1.129356,0.0
2021-12-13,1.131288,1.131672,1.126359,1.131205,0.0
2021-12-14,1.128447,1.132811,1.126736,1.128588,0.0
2021-12-15,1.125713,1.127845,1.12516,1.126196,0.0
2021-12-16,1.129259,1.136228,1.128091,1.129187,0.0
2021-12-17,1.133372,1.134818,1.126762,1.133477,0.0
2021-12-20,1.124262,1.130513,1.123933,1.124294,0.0
2021-12-21,1.127691,1.13031,1.126096,1.127814,0.0
2021-12-22,1.129208,1.134202,1.126448,1.128785,0.0
2021-12-23,1.132954,1.134655,1.129239,1.13289,0.0
2021-12-24,1.132413,1.134454,1.130873,1.132545,0.0
2021-12-27,1.132552,1.133472,1.130515,1.132419,0.0
2021-12-28,1.132975,1.133547,1.129068,1.132879,0.0
2021-12-29,1.1313,1.136896,1.127449,1.131483,0.0
2021-12-30,1.135862,1.135992,1.130227,1.135992,0.0
2021-12-31,1.132323,1.137852,1.130295,1.132509,0.0
2022-01-03,1.137147,1.137551,1.128731,1.137551,0.0
2022-01-04,1.13011,1.132222,1.127335,1.130236,0.0
2022-01-05,1.128585,1.134425,1.127637,1.128342,0.0
2022-01-06,1.131157,1.132978,1.128783,1.131173,0.0
2022-01-07,1.129667,1.136181,1.129065,1.129649,0.0
2022-01-10,1.135478,1.136228,1.128809,1.135169,0.0
2022-01-11,1.133422,1.136815,1.131505,1.13286,0.0
2022-01-12,1.137118,1.143358,1.135691,1.136507,0.0
2022-01-13,1.144024,1.147889,1.143688,1.144147,0.0
2022-01-14,1.145826,1.148183,1.140853,1.14575,0.0
2022-01-17,1.141138,1.14324,1.139278,1.141028,0.0
2022-01-18,1.141176,1.142477,1.133259,1.141215,0.0
2022-01-19,1.133142,1.135549,1.131864,1.132752,0.0
2022-01-20,1.134385,1.136901,1.133146,1.134278,0.0
2022-01-21,1.131636,1.13606,1.130072,1.131349,0.0
2022-01-24,1.134208,1.134252,1.12938,1.134233,0.0
2022-01-25,1.132493,1.132493,1.126644,1.132403,0.0
2022-01-26,1.130219,1.131227,1.127095,1.130255,0.0
2022-01-27,1.124206,1.12435,1.113487,1.124334,0.0
2022-01-28,1.114598,1.117041,1.112346,1.114775,0.0
2022-01-31,1.115174,1.12172,1.114377,1.115205,0.0
2022-02-01,1.123128,1.1279,1.122126,1.123046,0.0
2022-02-02,1.127277,1.133111,1.126572,1.12727,0.0
2022-02-03,1.130134,1.145115,1.127247,1.130192,0.0
2022-02-04,1.143619,1.148487,1.141532,1.143647,0.0
2022-02-07,1.14538,1.146133,1.141661,1.145449,0.0
2022-02-08,1.144059,1.145126,1.139837,1.144288,0.0
2022-02-09,1.142138,1.144813,1.140373,1.14219,0.0
2022-02-10,1.142118,1.149276,1.138011,1.142206,0.0
2022-02-11,1.141027,1.141783,1.137012,1.141407,0.0
2022-02-14,1.136633,1.136766,1.129347,1.136602,0.0
2022-02-15,1.130572,1.136621,1.130572,1.130595,0.0
2022-02-16,1.135456,1.139406,1.13461,1.135617,0.0
2022-02-17,1.137194,1.138477,1.132825,1.137639,0.0
2022-02-18,1.136335,1.13754,1.131573,1.136493,0.0
2022-02-21,1.131834,1.138503,1.131521,1.131714,0.0
2022-02-22,1.131017,1.136277,1.129045,1.130897,0.0
2022-02-23,1.13301,1.135912,1.13078,1.132958,0.0
2022-02-24,1.130747,1.130747,1.111046,1.130699,0.0
2022-02-25,1.119038,1.126413,1.116678,1.119003,0.0
2022-02-28,1.118014,1.124299,1.114221,1.118245,0.0
2022-03-01,1.121494,1.123539,1.110339,1.12155,0.0
2022-03-02,1.113137,1.114274,1.105834,1.113253,0.0
2022-03-03,1.111317,1.11157,1.103808,1.111223,0.0
2022-03-04,1.106851,1.106901,1.088762,1.106633,0.0
2022-03-07,1.087344,1.093317,1.08077,1.087502,0.0
2022-03-08,1.087054,1.092122,1.085134,1.086379,0.0
2022-03-09,1.090259,1.109009,1.089592,1.089978,0.0
2022-03-10,1.107305,1.111531,1.098187,1.107349,0.0
2022-03-11,1.101167,1.104245,1.093639,1.101417,0.0
2022-03-14,1.093208,1.098738,1.090276,1.093137,0.0
2022-03-15,1.094678,1.10176,1.094055,1.094293,0.0
2022-03-16,1.096717,1.103951,1.095601,1.096758,0.0
2022-03-17,1.102284,1.11114,1.102142,1.102263,0.0
2022-03-18,1.109829,1.111959,1.100554,1.110015,0.0
2022-03-21,1.104214,1.10682,1.102755,1.104338,0.0
2022-03-22,1.101605,1.104644,1.096205,1.101761,0.0
2022-03-23,1.102894,1.104289,1.096566,1.102785,0.0
2022-03-24,1.100699,1.101298,1.097228,1.100898,0.0
2022-03-25,1.100942,1.103984,1.098208,1.101019,0.0
2022-03-28,1.098256,1.099484,1.094613,1.098258,0.0
2022-03-29,1.09944,1.113629,1.097148,1.099415,0.0
2022-03-30,1.109169,1.116916,1.108885,1.10909,0.0
2022-03-31,1.116303,1.118387,1.107427,1.116146,0.0
2022-04-01,1.10749,1.10749,1.103032,1.107192,0.0
2022-04-04,1.104615,1.105732,1.098165,1.104655,0.0
2022-04-05,1.097499,1.099099,1.092136,1.097498,0.0
2022-04-06,1.09076,1.093723,1.087558,1.0906,0.0
2022-04-07,1.089998,1.093285,1.086541,1.089973,0.0
2022-04-08,1.086501,1.089088,1.083578,1.086474,0.0
2022-04-11,1.088403,1.093193,1.0875,1.088492,0.0
2022-04-12,1.087786,1.090381,1.08508,1.088062,0.0
2022-04-13,1.082426,1.087422,1.080997,1.082609,0.0
2022-04-14,1.089725,1.092399,1.075847,1.089631,0.0
2022-04-15,1.082099,1.082356,1.079916,1.082047,0.0
2022-04-18,1.081514,1.081656,1.078177,1.081314,0.0
2022-04-19,1.078023,1.081175,1.076374,1.078419,0.0
2022-04-20,1.079632,1.086908,1.07855,1.079421,0.0
2022-04-21,1.085029,1.093592,1.082486,1.085113,0.0
2022-04-22,1.083449,1.085253,1.077358,1.083451,0.0
2022-04-25,1.081077,1.081328,1.069791,1.081211,0.0
2022-04-26,1.071205,1.074031,1.064355,1.071421,0.0
2022-04-27,1.064343,1.065604,1.051718,1.064313,0.0
2022-04-28,1.055555,1.056356,1.047066,1.055682,0.0
2022-04-29,1.050498,1.058999,1.050408,1.050408,0.0
2022-05-02,1.053508,1.056756,1.050307,1.053703,0.0
2022-05-03,1.050854,1.057923,1.049486,1.050902,0.0
2022-05-04,1.052885,1.056714,1.050569,1.052899,0.0
2022-05-05,1.062309,1.063783,1.050633,1.062293,0.0
2022-05-06,1.054275,1.059732,1.048683,1.053797,0.0
2022-05-09,1.053192,1.057203,1.049626,1.05313,0.0
2022-05-10,1.056556,1.058532,1.052653,1.056815,0.0
2022-05-11,1.053359,1.057684,1.05071,1.053259,0.0
2022-05-12,1.051185,1.052809,1.037248,1.051423,0.0
2022-05-13,1.037874,1.041881,1.035147,1.03788,0.0
2022-05-16,1.040127,1.043929,1.039198,1.040016,0.0
2022-05-17,1.043879,1.055355,1.043176,1.044006,0.0
2022-05-18,1.054734,1.05641,1.049263,1.054838,0.0
2022-05-19,1.047258,1.059931,1.046694,1.047407,0.0
2022-05-20,1.057932,1.059849,1.053975,1.058057,0.0
2022-05-23,1.056859,1.068915,1.056763,1.057165,0.0
2022-05-24,1.068363,1.074651,1.066078,1.068293,0.0
2022-05-25,1.07374,1.07374,1.064268,1.073516,0.0
2022-05-26,1.068761,1.072748,1.066614,1.068528,0.0
2022-05-27,1.073368,1.076638,1.069615,1.073184,0.0
2022-05-30,1.073334,1.078534,1.072638,1.073276,0.0
2022-05-31,1.077284,1.07744,1.068228,1.07731,0.0
2022-06-01,1.073367,1.073669,1.063123,1.073332,0.0
2022-06-02,1.065393,1.073687,1.06473,1.0653,0.0
2022-06-03,1.075149,1.076658,1.07052,1.075295,0.0
2022-06-06,1.072596,1.075256,1.068523,1.072654,0.0
2022-06-07,1.069154,1.070979,1.06527,1.069365,0.0
2022-06-08,1.069976,1.074836,1.067179,1.069837,0.0
2022-06-09,1.071641,1.077053,1.064677,1.071906,0.0
2022-06-10,1.062013,1.064281,1.050829,1.062019,0.0
2022-06-13,1.049001,1.049689,1.041918,1.048884,0.0
2022-06-14,1.041696,1.048209,1.03975,1.041594,0.0
2022-06-15,1.044039,1.050774,1.03855,1.044132,0.0
2022-06-16,1.045734,1.05308,1.038479,1.045767,0.0
2022-06-17,1.05453,1.055222,1.044455,1.054565,0.0
2022-06-20,1.049121,1.054451,1.048581,1.048973,0.0
2022-06-21,1.052235,1.058184,1.051548,1.052128,0.0
2022-06-22,1.05337,1.060204,1.047194,1.053214,0.0
2022-06-23,1.056339,1.058052,1.048631,1.056341,0.0
2022-06-24,1.051986,1.057056,1.051543,1.05194,0.0
2022-06-27,1.05659,1.061357,1.054989,1.056773,0.0
2022-06-28,1.057959,1.060373,1.050546,1.058195,0.0
2022-06-29,1.0524,1.053613,1.04691,1.05233,0.0
2022-06-30,1.044696,1.047933,1.038429,1.044614,0.0
2022-07-01,1.047833,1.047833,1.037069,1.047782,0.0
2022-07-04,1.043406,1.046336,1.04193,1.04339,0.0
2022-07-05,1.043235,1.044935,1.023811,1.043416,0.0
2022-07-06,1.025849,1.027565,1.016093,1.025866,0.0
2022-07-07,1.01867,1.022048,1.015363,1.018737,0.0
2022-07-08,1.017104,1.018908,1.007958,1.017152,0.0
2022-07-11,1.016696,1.01683,1.005476,1.016658,0.0
2022-07-12,1.004822,1.007422,1.000168,1.004737,0.0
2022-07-13,1.003207,1.011716,0.999877,1.003225,0.0
2022-07-14,1.003169,1.004998,0.995548,1.003273,0.0
2022-07-15,1.00244,1.009648,1.001023,1.002635,0.0
2022-07-18,1.009589,1.019715,1.008005,1.009632,0.0
2022-07-19,1.014524,1.026919,1.012527,1.014364,0.0
2022-07-20,1.022922,1.027154,1.017397,1.02311,0.0
2022-07-21,1.018351,1.027529,1.016266,1.018306,0.0
2022-07-22,1.02192,1.025591,1.013474,1.022154,0.0
2022-07-25,1.019945,1.025633,1.018102,1.019821,0.0
2022-07-26,1.022467,1.024943,1.011281,1.022627,0.0
2022-07-27,1.012876,1.017064,1.010715,1.013083,0.0
2022-07-28,1.020782,1.023263,1.011629,1.02074,0.0
2022-07-29,1.019233,1.025277,1.014728,1.019291,0.0
2022-08-01,1.020622,1.027606,1.020622,1.020889,0.0
2022-08-02,1.026213,1.029229,1.018432,1.025991,0.0
2022-08-03,1.015558,1.02077,1.012266,1.015506,0.0
2022-08-04,1.015746,1.023215,1.015508,1.015708,0.0
2022-08-05,1.024751,1.02495,1.014219,1.02477,0.0
2022-08-08,1.017256,1.022286,1.015902,1.016979,0.0
2022-08-09,1.019762,1.024712,1.019005,1.019876,0.0
2022-08-10,1.020877,1.036942,1.020072,1.020779,0.0
2022-08-11,1.029983,1.036806,1.027846,1.030176,0.0
2022-08-12,1.031659,1.032638,1.02395,1.031622,0.0
2022-08-15,1.025567,1.026747,1.01826,1.02577,0.0
2022-08-16,1.016159,1.019396,1.012302,1.016229,0.0
2022-08-17,1.017136,1.019765,1.014677,1.017127,0.0
2022-08-18,1.018048,1.019332,1.011377,1.018106,0.0
2022-08-19,1.008959,1.01117,1.003655,1.008946,0.0
2022-08-22,1.003485,1.004833,0.992749,1.003593,0.0
2022-08-23,0.993817,1.001994,0.990378,0.993992,0.0
2022-08-24,0.996563,0.999974,0.991136,0.996685,0.0
2022-08-25,0.99703,1.00305,0.995777,0.99685,0.0
2022-08-26,0.997082,1.00888,0.994701,0.997252,0.0
2022-08-29,0.993812,1.003039,0.99164,0.993939,0.0
2022-08-30,1.001443,1.005308,0.998346,1.001345,0.0
2022-08-31,1.002373,1.007773,0.997005,1.002569,0.0
2022-09-01,1.004024,1.004526,0.991684,1.003951,0.0
2022-09-02,0.995234,1.003327,0.995064,0.995327,0.0
2022-09-05,0.991157,0.994356,0.988266,0.990918,0.0
2022-09-06,0.995165,0.99845,0.986508,0.995384,0.0
2022-09-07,0.989749,0.995762,0.987658,0.989545,0.0
2022-09-08,0.999628,1.002858,0.993372,0.999591,0.0
2022-09-09,1.001192,1.011159,1.000969,1.001225,0.0
2022-09-12,1.007135,1.019565,1.006447,1.007057,0.0
2022-09-13,1.012841,1.018716,0.999523,1.01302,0.0
2022-09-14,0.998074,1.002053,0.996477,0.998155,0.0
2022-09-15,0.99834,1.001612,0.995722,0.998398,0.0
2022-09-16,0.998945,1.003551,0.994568,0.998936,0.0
2022-09-19,1.002094,1.002706,0.996459,1.002218,0.0
2022-09-20,1.003022,1.004958,0.995604,1.002856,0.0
2022-09-21,0.997094,0.997395,0.986877,0.997042,0.0
2022-09-22,0.983092,0.990674,0.980993,0.983059,0.0
2022-09-23,0.984205,0.985252,0.970339,0.984241,0.0
2022-09-26,0.968742,0.970199,0.958157,0.969001,0.0
2022-09-27,0.96242,0.96713,0.959592,0.962457,0.0
2022-09-28,0.959584,0.968608,0.953999,0.959748,0.0
2022-09-29,0.970928,0.978811,0.963857,0.970921,0.0
2022-09-30,0.983045,0.984968,0.973488,0.982981,0.0
2022-10-03,0.979337,0.984344,0.975341,0.979126,0.0
2022-10-04,0.983255,0.998095,0.980564,0.983221,0.0
2022-10-05,0.998392,0.999469,0.983476,0.998434,0.0
2022-10-06,0.991191,0.992735,0.97889,0.990963,0.0
2022-10-07,0.978912,0.981535,0.973183,0.978898,0.0
2022-10-10,0.973417,0.975155,0.96829,0.97348,0.0
2022-10-11,0.970899,0.975916,0.967436,0.971105,0.0
2022-10-12,0.970058,0.973422,0.966779,0.969997,0.0
2022-10-13,0.970739,0.979547,0.963659,0.970922,0.0
2022-10-14,0.975023,0.98048,0.970991,0.975125,0.0
2022-10-17,0.973911,0.984665,0.972595,0.973799,0.0
2022-10-18,0.984567,0.987353,0.981483,0.984634,0.0
2022-10-19,0.986462,0.98657,0.976022,0.986194,0.0
2022-10-20,0.976466,0.984496,0.97553,0.976659,0.0
2022-10-21,0.977871,0.98575,0.970544,0.977758,0.0
2022-10-24,0.986085,0.989037,0.980909,0.985927,0.0
2022-10-25,0.988766,0.997466,0.985269,0.988826,0.0
2022-10-26,0.996194,1.00803,0.994519,0.99636,0.0
2022-10-27,1.009045,1.009495,0.997553,1.009164,0.0
2022-10-28,0.996725,0.999868,0.993201,0.996795,0.0
2022-10-31,0.995516,0.996779,0.987506,0.995374,0.0
2022-11-01,0.988519,0.995176,0.98633,0.988741,0.0
2022-11-02,0.987797,0.991286,0.986491,0.987677,0.0
2022-11-03,0.981633,0.984056,0.973092,0.981431,0.0
2022-11-04,0.974907,0.99377,0.974843,0.974843,0.0
2022-11-07,0.993026,1.000483,0.991824,0.992874,0.0
2022-11-08,1.001836,1.009383,0.997732,1.001742,0.0
2022-11-09,1.008088,1.009023,1.001271,1.008142,0.0
2022-11-10,1.001952,1.018223,0.993745,1.002095,0.0
2022-11-11,1.019277,1.033928,1.016594,1.019125,0.0
2022-11-14,1.032991,1.035068,1.027118,1.032943,0.0
2022-11-15,1.032063,1.047491,1.031453,1.031958,0.0
2022-11-16,1.03587,1.043716,1.033621,1.035893,0.0
2022-11-17,1.039312,1.040474,1.030916,1.039647,0.0
2022-11-18,1.036292,1.039582,1.032911,1.03621,0.0
2022-11-21,1.033152,1.033352,1.022704,1.033201,0.0
2022-11-22,1.024648,1.028959,1.024192,1.02456,0.0
2022-11-23,1.031152,1.038395,1.029977,1.031152,0.0
2022-11-24,1.041507,1.044898,1.038377,1.041396,0.0
2022-11-25,1.040852,1.042943,1.03578,1.040846,0.0
2022-11-28,1.036711,1.049761,1.034302,1.036827,0.0
2022-11-29,1.034494,1.039483,1.032545,1.034546,0.0
2022-11-30,1.032344,1.039438,1.029145,1.032365,0.0
2022-12-01,1.042712,1.053024,1.039716,1.042547,0.0
2022-12-02,1.052852,1.054692,1.04352,1.052887,0.0
2022-12-05,1.054521,1.059465,1.049306,1.054548,0.0
2022-12-06,1.04967,1.053151,1.04744,1.049631,0.0
2022-12-07,1.046761,1.054713,1.044157,1.046936,0.0
2022-12-08,1.051416,1.056311,1.049195,1.051271,0.0
2022-12-09,1.056029,1.058698,1.051958,1.05608,0.0
2022-12-12,1.052269,1.057964,1.050739,1.05236,0.0
2022-12-13,1.054224,1.067203,1.052921,1.054191,0.0
2022-12-14,1.062623,1.066974,1.062118,1.062795,0.0
2022-12-15,1.067955,1.072681,1.060605,1.06763,0.0
2022-12-16,1.063918,1.066421,1.059881,1.064076,0.0
2022-12-19,1.058387,1.065717,1.057687,1.058472,0.0
2022-12-20,1.061507,1.06558,1.058016,1.061323,0.0
2022-12-21,1.062522,1.064376,1.059722,1.062902,0.0
2022-12-22,1.060994,1.065727,1.058254,1.060822,0.0
2022-12-23,1.060321,1.063051,1.058721,1.060211,0.0
2022-12-26,1.066679,1.066794,1.060836,1.066794,0.0
2022-12-27,1.064204,1.067086,1.061178,1.064123,0.0
2022-12-28,1.063691,1.067504,1.061347,1.063621,0.0
2022-12-29,1.063127,1.06702,1.06116,1.062884,0.0
2022-12-30,1.066239,1.069858,1.063988,1.066163,0.0
2023-01-02,1.071047,1.07119,1.065201,1.070995,0.0
2023-01-03,1.067698,1.068188,1.05219,1.067779,0.0
2023-01-04,1.054553,1.063107,1.054553,1.054616,0.0
2023-01-05,1.060557,1.063282,1.051516,1.060531,0.0
2023-01-06,1.052172,1.062402,1.048529,1.052167,0.0
2023-01-09,1.0655,1.076049,1.065198,1.06571,0.0
2023-01-10,1.073242,1.07572,1.071158,1.073406,0.0
2023-01-11,1.0739,1.077437,1.072839,1.073792,0.0
2023-01-12,1.076606,1.083999,1.073685,1.076583,0.0
2023-01-13,1.085974,1.086642,1.078096,1.085843,0.0
2023-01-16,1.082497,1.087529,1.080192,1.082493,0.0
2023-01-17,1.082937,1.087099,1.078503,1.083019,0.0
2023-01-18,1.079154,1.0886,1.076813,1.079469,0.0
2023-01-19,1.079667,1.083372,1.078296,1.079704,0.0
2023-01-20,1.083365,1.085741,1.080435,1.083503,0.0
2023-01-23,1.086362,1.091878,1.084754,1.086435,0.0
2023-01-24,1.087223,1.089779,1.083926,1.08759,0.0
2023-01-25,1.088712,1.09231,1.085662,1.088892,0.0
2023-01-26,1.092154,1.093416,1.0852,1.09234,0.0
2023-01-27,1.089388,1.090091,1.083827,1.089408,0.0
2023-01-30,1.087266,1.091603,1.085556,1.087075,0.0
2023-01-31,1.08511,1.086832,1.08042,1.08522,0.0
2023-02-01,1.086309,1.09256,1.085457,1.086091,0.0
2023-02-02,1.101325,1.102575,1.088745,1.101459,0.0
2023-02-03,1.09049,1.093971,1.081267,1.090543,0.0
2023-02-06,1.079223,1.079975,1.071993,1.079161,0.0
2023-02-07,1.073301,1.074601,1.066961,1.073104,0.0
2023-02-08,1.072791,1.076113,1.071787,1.073235,0.0
2023-02-09,1.071409,1.078819,1.071148,1.071487,0.0
2023-02-10,1.07429,1.075239,1.066949,1.074265,0.0
2023-02-13,1.06772,1.072425,1.065785,1.067917,0.0
2023-02-14,1.072913,1.079919,1.07094,1.072873,0.0
2023-02-15,1.073637,1.074223,1.06665,1.073578,0.0
2023-02-16,1.069084,1.072251,1.06554,1.069161,0.0
2023-02-17,1.066753,1.068055,1.061405,1.066618,0.0
2023-02-20,1.068347,1.070659,1.067268,1.068596,0.0
2023-02-21,1.068226,1.069478,1.064517,1.068305,0.0
2023-02-22,1.06527,1.066382,1.061805,1.065342,0.0
2023-02-23,1.060558,1.062925,1.058302,1.060513,0.0
2023-02-24,1.059749,1.061207,1.053696,1.0599,0.0
2023-02-27,1.055471,1.061979,1.053259,1.055483,0.0
2023-02-28,1.061185,1.064529,1.058249,1.061186,0.0
2023-03-01,1.057742,1.069171,1.056588,1.057559,0.0
2023-03-02,1.066824,1.067369,1.058329,1.066726,0.0
2023-03-03,1.059918,1.06278,1.059093,1.059957,0.0
2023-03-06,1.062685,1.069261,1.062287,1.06258,0.0
2023-03-07,1.068753,1.069665,1.057186,1.06883,0.0
2023-03-08,1.055014,1.057183,1.052673,1.054864,0.0
2023-03-09,1.054953,1.058668,1.053879,1.055075,0.0
2023-03-10,1.058558,1.069872,1.057514,1.058534,0.0
2023-03-13,1.068527,1.073745,1.065182,1.068214,0.0
2023-03-14,1.072513,1.074571,1.067954,1.072387,0.0
2023-03-15,1.072739,1.076079,1.052125,1.072886,0.0
2023-03-16,1.058408,1.063524,1.055567,1.058305,0.0
2023-03-17,1.061592,1.066795,1.061282,1.061407,0.0
2023-03-20,1.067785,1.073048,1.063159,1.067918,0.0
2023-03-21,1.071856,1.078806,1.070256,1.072118,0.0
2023-03-22,1.077499,1.080035,1.075791,1.077434,0.0
2023-03-23,1.087002,1.092956,1.086819,1.086819,0.0
2023-03-24,1.083275,1.08378,1.071906,1.083431,0.0
2023-03-27,1.077692,1.079665,1.07485,1.077722,0.0
2023-03-28,1.080741,1.084922,1.080309,1.080736,0.0
2023-03-29,1.084065,1.087326,1.082116,1.083715,0.0
2023-03-30,1.08434,1.092103,1.082716,1.084186,0.0
2023-03-31,1.09025,1.092361,1.085952,1.090596,0.0
2023-04-03,1.080283,1.091655,1.079049,1.080431,0.0
2023-04-04,1.091244,1.097232,1.088499,1.091054,0.0
2023-04-05,1.095955,1.097101,1.09056,1.095906,0.0
2023-04-06,1.090273,1.093013,1.088552,1.090505,0.0
2023-04-07,1.092065,1.092612,1.088065,1.092011,0.0
2023-04-10,1.091452,1.091848,1.083204,1.091325,0.0
2023-04-11,1.08688,1.092656,1.086823,1.086823,0.0
2023-04-12,1.091795,1.099748,1.091541,1.091793,0.0
2023-04-13,1.100054,1.106763,1.09808,1.100077,0.0
2023-04-14,1.105556,1.107382,1.097833,1.105437,0.0
2023-04-17,1.098666,1.099993,1.091045,1.098639,0.0
2023-04-18,1.092589,1.098157,1.092474,1.092531,0.0
2023-04-19,1.09763,1.098701,1.091739,1.097595,0.0
2023-04-20,1.095349,1.09882,1.093365,1.095355,0.0
2023-04-21,1.097051,1.099229,1.093816,1.097005,0.0
2023-04-24,1.099431,1.103616,1.096862,1.099111,0.0
2023-04-25,1.105983,1.106601,1.096927,1.105924,0.0
2023-04-26,1.098038,1.10933,1.096979,1.097751,0.0
2023-04-27,1.104532,1.106764,1.099173,1.104936,0.0
2023-04-28,1.103349,1.104447,1.096336,1.103006,0.0
2023-05-01,1.10102,1.10348,1.096704,1.101096,0.0
2023-05-02,1.096905,1.10069,1.094321,1.096909,0.0
2023-05-03,1.101082,1.105642,1.100689,1.101145,0.0
2023-05-04,1.106876,1.109302,1.098839,1.106925,0.0
2023-05-05,1.102577,1.105068,1.097139,1.102355,0.0
2023-05-08,1.101951,1.105206,1.101344,1.101893,0.0
2023-05-09,1.099576,1.10006,1.094455,1.099657,0.0
2023-05-10,1.096688,1.100526,1.09417,1.09644,0.0
2023-05-11,1.098534,1.099933,1.090098,1.098545,0.0
2023-05-12,1.091121,1.093545,1.08541,1.091268,0.0
2023-05-15,1.085059,1.089189,1.08493,1.085239,0.0
2023-05-16,1.087501,1.090291,1.085705,1.087354,0.0
2023-05-17,1.086473,1.087721,1.081263,1.086541,0.0
2023-05-18,1.083876,1.084909,1.076503,1.083873,0.0
2023-05-19,1.07767,1.082442,1.076106,1.077588,0.0
2023-05-22,1.082329,1.083169,1.079747,1.082185,0.0
2023-05-23,1.081095,1.082217,1.076301,1.080995,0.0
2023-05-24,1.077108,1.079727,1.074927,1.077052,0.0
2023-05-25,1.075608,1.075608,1.071077,1.075606,0.0
2023-05-26,1.072672,1.075712,1.070137,1.072375,0.0
2023-05-29,1.072378,1.074555,1.070559,1.072349,0.0
2023-05-30,1.070657,1.074559,1.067467,1.070815,0.0
2023-05-31,1.073449,1.073939,1.065282,1.073286,0.0
2023-06-01,1.069631,1.075452,1.066299,1.069416,0.0
2023-06-02,1.076001,1.077875,1.071796,1.07603,0.0
2023-06-05,1.069968,1.072343,1.067374,1.069706,0.0
2023-06-06,1.071152,1.073214,1.066852,1.071084,0.0
2023-06-07,1.069871,1.074048,1.066683,1.069889,0.0
2023-06-08,1.070714,1.078051,1.070093,1.070686,0.0
2023-06-09,1.07811,1.07867,1.074734,1.078285,0.0
2023-06-12,1.075035,1.079188,1.073372,1.075107,0.0
2023-06-13,1.076283,1.08228,1.076217,1.076326,0.0
2023-06-14,1.078771,1.085759,1.077485,1.078857,0.0
2023-06-15,1.084356,1.093968,1.080469,1.084207,0.0
2023-06-16,1.094649,1.097073,1.091878,1.094613,0.0
2023-06-19,1.094345,1.094859,1.090886,1.094193,0.0
2023-06-20,1.092578,1.094425,1.089373,1.092403,0.0
2023-06-21,1.092055,1.096242,1.090532,1.091916,0.0
2023-06-22,1.099179,1.101112,1.095067,1.099271,0.0
2023-06-23,1.095861,1.095896,1.084466,1.095839,0.0
2023-06-26,1.090469,1.092096,1.088962,1.09076,0.0
2023-06-27,1.091142,1.097636,1.090361,1.090986,0.0
2023-06-28,1.095599,1.09635,1.089938,1.095821,0.0
2023-06-29,1.091659,1.094053,1.086311,1.091494,0.0
2023-06-30,1.086784,1.09329,1.083634,1.08669,0.0
2023-07-03,1.090817,1.093078,1.087093,1.09084,0.0
2023-07-04,1.091449,1.09166,1.089029,1.091255,0.0
2023-07-05,1.088371,1.090702,1.086257,1.088365,0.0
2023-07-06,1.085651,1.090134,1.08334,1.085639,0.0
2023-07-07,1.089056,1.096393,1.087024,1.088969,0.0
2023-07-10,1.096858,1.099386,1.09443,1.096901,0.0
2023-07-11,1.100726,1.102465,1.097697,1.100732,0.0
2023-07-12,1.101418,1.1126,1.101345,1.101599,0.0
2023-07-13,1.114472,1.119641,1.113126,1.114711,0.0
2023-07-14,1.122388,1.12444,1.120515,1.122453,0.0
2023-07-17,1.122581,1.125115,1.120463,1.122567,0.0
2023-07-18,1.124161,1.127594,1.122204,1.12359,0.0
2023-07-19,1.122777,1.124069,1.117523,1.122828,0.0
2023-07-20,1.120452,1.122979,1.113471,1.120523,0.0
2023-07-21,1.113524,1.114788,1.111138,1.113725,0.0
2023-07-24,1.112697,1.114607,1.106743,1.112444,0.0
2023-07-25,1.106101,1.108989,1.101994,1.106357,0.0
2023-07-26,1.105047,1.108569,1.103871,1.10518,0.0
2023-07-27,1.107714,1.115253,1.09854,1.107657,0.0
2023-07-28,1.097768,1.10461,1.094691,1.097989,0.0
2023-07-31,1.102593,1.104547,1.100514,1.102537,0.0
2023-08-01,1.099714,1.100071,1.095431,1.099665,0.0
2023-08-02,1.100687,1.100843,1.091984,1.100797,0.0
2023-08-03,1.094483,1.095398,1.091259,1.094438,0.0
2023-08-04,1.095198,1.104047,1.0936,1.095095,0.0
2023-08-07,1.100391,1.101274,1.096726,1.100243,0.0
2023-08-08,1.100309,1.101148,1.093102,1.100354,0.0
2023-08-09,1.095927,1.099291,1.095441,1.095879,0.0
2023-08-10,1.097649,1.105984,1.096844,1.097635,0.0
2023-08-11,1.098096,1.100551,1.094967,1.098353,0.0
2023-08-14,1.094256,1.096058,1.087624,1.094429,0.0
2023-08-15,1.091017,1.095012,1.090135,1.090948,0.0
2023-08-16,1.090422,1.093373,1.08984,1.090254,0.0
2023-08-17,1.087579,1.091634,1.086134,1.08743,0.0
2023-08-18,1.087495,1.089443,1.084456,1.087425,0.0
2023-08-21,1.087524,1.091311,1.087238,1.087643,0.0
2023-08-22,1.089819,1.093289,1.083487,1.089859,0.0
2023-08-23,1.084559,1.087057,1.080338,1.084581,0.0
2023-08-24,1.086467,1.087564,1.081545,1.086653,0.0
2023-08-25,1.079808,1.083885,1.076724,1.079925,0.0
2023-08-28,1.079662,1.082225,1.079612,1.079612,0.0
2023-08-29,1.082322,1.085542,1.078189,1.082642,0.0
2023-08-30,1.087105,1.094254,1.085514,1.087254,0.0
2023-08-31,1.093419,1.094195,1.083541,1.093218,0.0
2023-09-01,1.084605,1.088199,1.0786,1.084403,0.0
2023-09-04,1.077576,1.080801,1.077211,1.077623,0.0
2023-09-05,1.079602,1.079898,1.070942,1.079464,0.0
2023-09-06,1.072482,1.074715,1.070458,1.072567,0.0
2023-09-07,1.072336,1.0736,1.068737,1.072434,0.0
2023-09-08,1.069624,1.074306,1.069516,1.06977,0.0
2023-09-11,1.071714,1.075615,1.071182,1.071748,0.0
2023-09-12,1.07506,1.076278,1.070502,1.074963,0.0
2023-09-13,1.075149,1.07664,1.071889,1.075235,0.0
2023-09-14,1.073578,1.075515,1.065496,1.073534,0.0
2023-09-15,1.063617,1.068915,1.063576,1.06368,0.0
2023-09-18,1.066869,1.069726,1.065609,1.066693,0.0
2023-09-19,1.069324,1.071809,1.067568,1.069299,0.0
2023-09-20,1.068337,1.072835,1.067565,1.067977,0.0
2023-09-21,1.065393,1.067422,1.06184,1.06536,0.0
2023-09-22,1.065899,1.067161,1.061666,1.066134,0.0
2023-09-25,1.064874,1.065625,1.057944,1.064994,0.0
2023-09-26,1.059177,1.060877,1.056904,1.059228,0.0
2023-09-27,1.056675,1.057321,1.050883,1.056974,0.0
2023-09-28,1.050523,1.057935,1.049328,1.050422,0.0
2023-09-29,1.056201,1.061573,1.056093,1.056278,0.0
2023-10-02,1.056485,1.059122,1.049291,1.056601,0.0
2023-10-03,1.048103,1.049448,1.045019,1.048054,0.0
2023-10-04,1.047078,1.053234,1.045533,1.047287,0.0
2023-10-05,1.0507,1.053705,1.050165,1.050865,0.0
2023-10-06,1.054735,1.059844,1.048456,1.054591,0.0
2023-10-09,1.056652,1.057668,1.052201,1.056842,0.0
2023-10-10,1.057807,1.061926,1.055432,1.057826,0.0
2023-10-11,1.060665,1.063284,1.059194,1.060525,0.0
2023-10-12,1.062316,1.063954,1.05476,1.062499,0.0
2023-10-13,1.05362,1.055918,1.049665,1.05372,0.0
2023-10-16,1.052086,1.055361,1.051505,1.052283,0.0
2023-10-17,1.055418,1.059711,1.053341,1.055544,0.0
2023-10-18,1.057359,1.059587,1.052727,1.05716,0.0
2023-10-19,1.053921,1.058579,1.052944,1.053777,0.0
2023-10-20,1.058444,1.060158,1.056648,1.058654,0.0
2023-10-23,1.059132,1.064824,1.056947,1.058946,0.0
2023-10-24,1.066806,1.068873,1.058262,1.06694,0.0
2023-10-25,1.059401,1.060656,1.056793,1.059653,0.0
2023-10-26,1.056518,1.056985,1.052537,1.056741,0.0
2023-10-27,1.056429,1.05963,1.053694,1.05649,0.0
2023-10-30,1.055988,1.062467,1.054809,1.056204,0.0
2023-10-31,1.061573,1.0669,1.056677,1.061524,0.0
2023-11-01,1.057729,1.05806,1.05208,1.057936,0.0
2023-11-02,1.058795,1.066984,1.058578,1.058626,0.0
2023-11-03,1.061943,1.073836,1.061443,1.061781,0.0
2023-11-06,1.073177,1.075534,1.072317,1.073224,0.0
2023-11-07,1.07222,1.072379,1.066439,1.072379,0.0
2023-11-08,1.069528,1.071665,1.066092,1.069567,0.0
2023-11-09,1.071267,1.072728,1.068196,1.071046,0.0
2023-11-10,1.066737,1.069374,1.065945,1.066798,0.0
2023-11-13,1.069036,1.070574,1.066447,1.0689,0.0
2023-11-14,1.070271,1.086931,1.069385,1.070117,0.0
2023-11-15,1.088046,1.088828,1.083364,1.087726,0.0
2023-11-16,1.085719,1.08935,1.083258,1.085349,0.0
2023-11-17,1.085367,1.089367,1.082497,1.085233,0.0
2023-11-20,1.090717,1.094514,1.089726,1.090969,0.0
2023-11-21,1.094673,1.096714,1.092293,1.094479,0.0
2023-11-22,1.091774,1.092308,1.085445,1.091764,0.0
2023-11-23,1.089067,1.092563,1.088741,1.089027,0.0
2023-11-24,1.090533,1.094306,1.08947,1.090675,0.0
2023-11-27,1.094036,1.095857,1.092477,1.094058,0.0
2023-11-28,1.09591,1.100779,1.093408,1.095821,0.0
2023-11-29,1.100436,1.101662,1.096356,1.100431,0.0
2023-11-30,1.097449,1.098524,1.089371,1.097126,0.0
2023-12-01,1.089232,1.091347,1.083127,1.089074,0.0
2023-12-04,1.088777,1.0888,1.080613,1.088566,0.0
2023-12-05,1.083671,1.084753,1.078349,1.08362,0.0
2023-12-06,1.079495,1.080371,1.077235,1.079307,0.0
2023-12-07,1.076597,1.079582,1.075789,1.076683,0.0
2023-12-08,1.079364,1.080197,1.073208,1.079234,0.0
2023-12-11,1.07645,1.078107,1.074442,1.076583,0.0
2023-12-12,1.076615,1.082121,1.07615,1.076702,0.0
2023-12-13,1.079858,1.080726,1.077481,1.07982,0.0
2023-12-14,1.088845,1.100501,1.087939,1.088619,0.0
2023-12-15,1.099283,1.100511,1.090097,1.099502,0.0
2023-12-18,1.089522,1.092995,1.089522,1.089582,0.0
2023-12-19,1.09229,1.098764,1.091462,1.092452,0.0
2023-12-20,1.098035,1.098071,1.093533,1.098071,0.0
2023-12-21,1.094656,1.099898,1.093614,1.094569,0.0
2023-12-22,1.100396,1.104171,1.099388,1.100567,0.0
2023-12-25,1.102861,1.104279,1.100288,1.102775,0.0
2023-12-26,1.102043,1.104038,1.100933,1.102081,0.0
2023-12-27,1.104268,1.11238,1.103096,1.104406,0.0
2023-12-28,1.110957,1.114048,1.107311,1.110932,0.0
2023-12-29,1.106915,1.108588,1.104378,1.107045,0.0
2024-01-01,1.105717,1.105717,1.104039,1.10539,0.0
2024-01-02,1.103784,1.104432,1.094104,1.10378,0.0
2024-01-03,1.094086,1.096707,1.089899,1.094136,0.0
2024-01-04,1.092744,1.097214,1.091775,1.092824,0.0
2024-01-05,1.094697,1.099576,1.08793,1.094809,0.0
2024-01-08,1.094333,1.097817,1.092457,1.09418,0.0
2024-01-09,1.095104,1.096756,1.091367,1.09504,0.0
2024-01-10,1.093287,1.096936,1.092228,1.093407,0.0
2024-01-11,1.097462,1.099031,1.093265,1.097538,0.0
2024-01-12,1.098239,1.098745,1.093853,1.098112,0.0
2024-01-15,1.094548,1.096102,1.093277,1.094824,0.0
2024-01-16,1.094616,1.094681,1.086839,1.094681,0.0
2024-01-17,1.088014,1.088573,1.084514,1.088003,0.0
2024-01-18,1.088573,1.090897,1.085059,1.088634,0.0
2024-01-19,1.087906,1.089254,1.086906,1.088077,0.0
2024-01-22,1.089425,1.09083,1.088103,1.089297,0.0
2024-01-23,1.08781,1.091974,1.082474,1.087789,0.0
2024-01-24,1.085985,1.093136,1.085483,1.085608,0.0
2024-01-25,1.08828,1.090055,1.082555,1.088256,0.0
2024-01-26,1.084795,1.088349,1.081462,1.084691,0.0
2024-01-29,1.084505,1.084876,1.079688,1.084267,0.0
2024-01-30,1.083363,1.085707,1.081275,1.083455,0.0
2024-01-31,1.084344,1.088439,1.080625,1.084304,0.0
2024-02-01,1.080624,1.086687,1.077949,1.080324,0.0
2024-02-02,1.0875,1.089792,1.078347,1.087487,0.0
2024-02-05,1.077932,1.078629,1.072569,1.078227,0.0
2024-02-06,1.074198,1.076355,1.072424,1.074132,0.0
2024-02-07,1.075765,1.07817,1.075486,1.07575,0.0
2024-02-08,1.077515,1.079122,1.074235,1.077541,0.0
2024-02-09,1.077814,1.079445,1.076329,1.07787,0.0
2024-02-12,1.079812,1.080383,1.075937,1.07977,0.0
2024-02-13,1.077308,1.079611,1.070243,1.077425,0.0
2024-02-14,1.070974,1.073429,1.069498,1.070854,0.0
2024-02-15,1.073136,1.078726,1.072511,1.073409,0.0
2024-02-16,1.077309,1.07785,1.073508,1.077425,0.0
2024-02-19,1.078391,1.078962,1.076169,1.078477,0.0
2024-02-20,1.077827,1.083789,1.076172,1.077693,0.0
2024-02-21,1.08129,1.082133,1.079429,1.081266,0.0
2024-02-22,1.082175,1.088667,1.080461,1.082109,0.0
2024-02-23,1.08258,1.08389,1.081286,1.082601,0.0
2024-02-26,1.0821,1.085939,1.081334,1.081887,0.0
2024-02-27,1.085097,1.086583,1.083427,1.085025,0.0
2024-02-28,1.084478,1.084653,1.079776,1.084487,0.0
2024-02-29,1.083953,1.085523,1.08067,1.08378,0.0
2024-03-01,1.080478,1.084247,1.079891,1.080419,0.0
2024-03-04,1.084134,1.086966,1.083895,1.084197,0.0
2024-03-05,1.085632,1.087648,1.084356,1.08566,0.0
2024-03-06,1.085697,1.091463,1.084415,1.085465,0.0
2024-03-07,1.089929,1.094065,1.087012,1.089995,0.0
2024-03-08,1.094957,1.097879,1.092859,1.094878,0.0
2024-03-11,1.094334,1.095205,1.091464,1.094297,0.0
2024-03-12,1.093299,1.094212,1.090394,1.093059,0.0
2024-03-13,1.09284,1.095,1.092098,1.092852,0.0
2024-03-14,1.095386,1.095561,1.088304,1.095561,0.0
2024-03-15,1.088332,1.090175,1.087357,1.088278,0.0
2024-03-18,1.088142,1.090694,1.088079,1.088192,0.0
2024-03-19,1.08739,1.087855,1.083529,1.087276,0.0
2024-03-20,1.086338,1.087364,1.083825,1.086204,0.0
2024-03-21,1.093714,1.094299,1.08545,1.093673,0.0
2024-03-22,1.086307,1.087096,1.080862,1.086292,0.0
2024-03-25,1.080858,1.08426,1.080386,1.080625,0.0
2024-03-26,1.08388,1.086492,1.082555,1.083929,0.0
2024-03-27,1.083213,1.083815,1.081044,1.083153,0.0
2024-03-28,1.081358,1.082865,1.07761,1.081364,0.0
2024-03-29,1.079456,1.080636,1.076848,1.079542,0.0
2024-04-01,1.079281,1.080397,1.073011,1.07922,0.0
2024-04-02,1.0738,1.078084,1.072634,1.073715,0.0
2024-04-03,1.076941,1.083361,1.076666,1.07683,0.0
2024-04-04,1.083814,1.087432,1.083625,1.083937,0.0
2024-04-05,1.083824,1.084709,1.079162,1.083616,0.0
2024-04-08,1.083166,1.085848,1.082233,1.083257,0.0
2024-04-09,1.086281,1.08868,1.085006,1.086354,0.0
2024-04-10,1.085949,1.086926,1.073365,1.086007,0.0
2024-04-11,1.074494,1.075385,1.070049,1.074134,0.0
2024-04-12,1.072695,1.073051,1.062451,1.072744,0.0
2024-04-15,1.064868,1.066583,1.062452,1.065005,0.0
2024-04-16,1.062539,1.065317,1.060473,1.06256,0.0
2024-04-17,1.061999,1.06545,1.060832,1.062041,0.0
2024-04-18,1.066752,1.069407,1.064749,1.067173,0.0
2024-04-19,1.064578,1.068018,1.061109,1.064486,0.0
2024-04-22,1.065917,1.067241,1.062449,1.065827,0.0
2024-04-23,1.065368,1.070803,1.064097,1.065514,0.0
2024-04-24,1.070311,1.071439,1.067779,1.070502,0.0
2024-04-25,1.070203,1.073178,1.067861,1.069923,0.0
2024-04-26,1.072846,1.075138,1.06747,1.072859,0.0
2024-04-29,1.070503,1.073514,1.069154,1.070714,0.0
2024-04-30,1.071556,1.073629,1.068465,1.071592,0.0
2024-05-01,1.066569,1.068946,1.064925,1.066541,0.0
2024-05-02,1.072233,1.073281,1.067606,1.07213,0.0
2024-05-03,1.073318,1.080628,1.072458,1.073238,0.0
2024-05-06,1.075901,1.07911,1.075582,1.075895,0.0
2024-05-07,1.076764,1.078968,1.075773,1.076822,0.0
2024-05-08,1.074934,1.076043,1.07355,1.075168,0.0
2024-05-09,1.074823,1.078442,1.072699,1.074616,0.0
2024-05-10,1.078285,1.079282,1.076239,1.078469,0.0
2024-05-13,1.07699,1.080652,1.076726,1.077056,0.0
2024-05-14,1.079368,1.082829,1.077727,1.079293,0.0
2024-05-15,1.08128,1.087499,1.08128,1.081616,0.0
2024-05-16,1.088838,1.089574,1.085482,1.088996,0.0
2024-05-17,1.086615,1.088014,1.083717,1.086835,0.0
2024-05-20,1.087507,1.088525,1.085653,1.087756,0.0
2024-05-21,1.085957,1.087415,1.084464,1.08614,0.0
2024-05-22,1.085534,1.086572,1.082199,1.085481,0.0
2024-05-23,1.082592,1.086241,1.081054,1.082565,0.0
2024-05-24,1.081242,1.08564,1.080617,1.081261,0.0
2024-05-27,1.084719,1.086832,1.084047,1.084947,0.0
2024-05-28,1.086458,1.089027,1.085911,1.086179,0.0
2024-05-29,1.085321,1.08599,1.081118,1.085168,0.0
2024-05-30,1.08014,1.084547,1.078792,1.080214,0.0
2024-05-31,1.083525,1.088163,1.081212,1.083246,0.0
2024-06-03,1.085181,1.088954,1.082826,1.085309,0.0
2024-06-04,1.090756,1.091729,1.085958,1.090812,0.0
2024-06-05,1.088155,1.089095,1.086248,1.08812,0.0
2024-06-06,1.087485,1.089746,1.086489,1.087398,0.0
2024-06-07,1.089361,1.090129,1.080334,1.089118,0.0
2024-06-10,1.078049,1.078379,1.073427,1.077587,0.0
2024-06-11,1.076336,1.077279,1.072034,1.076566,0.0
2024-06-12,1.073907,1.08505,1.073219,1.073841,0.0
2024-06-13,1.081163,1.081867,1.075339,1.081313,0.0
2024-06-14,1.073756,1.074612,1.066854,1.073884,0.0
2024-06-17,1.070172,1.072485,1.0687,1.070195,0.0
2024-06-18,1.073917,1.075905,1.071158,1.074053,0.0
2024-06-19,1.074287,1.075458,1.072639,1.074285,0.0
2024-06-20,1.075146,1.075157,1.070821,1.075139,0.0
2024-06-21,1.070733,1.072294,1.06719,1.070779,0.0
2024-06-24,1.068516,1.074491,1.068516,1.068687,0.0
2024-06-25,1.07334,1.074592,1.069408,1.073233,0.0
2024-06-26,1.070635,1.071974,1.066683,1.071021,0.0
2024-06-27,1.068039,1.072491,1.067812,1.06805,0.0
2024-06-28,1.070761,1.07237,1.0686,1.070924,0.0
2024-07-01,1.073598,1.077667,1.071984,1.073606,0.0
2024-07-02,1.073708,1.074721,1.071147,1.07379,0.0
2024-07-03,1.075004,1.081617,1.0739,1.074929,0.0
2024-07-04,1.079093,1.081559,1.078448,1.07938,0.0
2024-07-05,1.080976,1.083784,1.080976,1.08102,0.0
2024-07-08,1.082594,1.084601,1.081492,1.082628,0.0
2024-07-09,1.083085,1.083435,1.080711,1.083179,0.0
2024-07-10,1.081479,1.082804,1.081036,1.081521,0.0
2024-07-11,1.083489,1.089684,1.083292,1.083499,0.0
2024-07-12,1.087394,1.091142,1.086139,1.087099,0.0
2024-07-15,1.088518,1.092129,1.088397,1.088504,0.0
2024-07-16,1.090057,1.090596,1.08729,1.090303,0.0
2024-07-17,1.090389,1.094738,1.089579,1.090282,0.0
2024-07-18,1.093975,1.094301,1.090641,1.094033,0.0
2024-07-19,1.090101,1.090288,1.087892,1.090264,0.0
2024-07-22,1.089909,1.090172,1.087219,1.089906,0.0
2024-07-23,1.088939,1.089981,1.084471,1.088826,0.0
2024-07-24,1.085153,1.086739,1.082677,1.085145,0.0
2024-07-25,1.0839,1.0863,1.082842,1.083944,0.0
2024-07-26,1.085207,1.086925,1.084195,1.085179,0.0
2024-07-29,1.085421,1.087253,1.080242,1.085396,0.0
2024-07-30,1.081981,1.0836,1.079956,1.08207,0.0
2024-07-31,1.081698,1.085086,1.081053,1.081634,0.0
2024-08-01,1.082455,1.083804,1.077916,1.082385,0.0
2024-08-02,1.078801,1.092487,1.078346,1.078828,0.0
2024-08-05,1.091107,1.100749,1.089359,1.091196,0.0
2024-08-06,1.095219,1.09623,1.090525,1.095103,0.0
2024-08-07,1.092499,1.093755,1.090622,1.09231,0.0
2024-08-08,1.093059,1.094573,1.088216,1.092732,0.0
2024-08-09,1.091566,1.093109,1.090898,1.091483,0.0
2024-08-12,1.09135,1.094022,1.09122,1.091392,0.0
2024-08-13,1.093817,1.096265,1.091684,1.093588,0.0
2024-08-14,1.099869,1.105013,1.098706,1.099621,0.0
2024-08-15,1.101349,1.101769,1.095139,1.101405,0.0
2024-08-16,1.097394,1.100277,1.097347,1.097347,0.0
2024-08-19,1.102647,1.107379,1.102269,1.102355,0.0
2024-08-20,1.108708,1.111718,1.107428,1.108629,0.0
2024-08-21,1.113042,1.11507,1.110442,1.112825,0.0
2024-08-22,1.115652,1.115652,1.109878,1.115537,0.0
2024-08-23,1.111757,1.119666,1.110665,1.111668,0.0
2024-08-26,1.118953,1.119912,1.115373,1.118865,0.0
2024-08-27,1.116361,1.117901,1.115108,1.116444,0.0
2024-08-28,1.117897,1.118398,1.110507,1.1178,0.0
2024-08-29,1.112615,1.113932,1.105747,1.112521,0.0
2024-08-30,1.107857,1.109539,1.10523,1.10816,0.0
2024-09-02,1.104496,1.107736,1.104431,1.1045,0.0
2024-09-03,1.106782,1.107224,1.103295,1.106835,0.0
2024-09-04,1.104797,1.109296,1.104135,1.104882,0.0
2024-09-05,1.108146,1.112198,1.107617,1.108207,0.0
2024-09-06,1.111077,1.114932,1.106917,1.11123,0.0
2024-09-09,1.10879,1.109149,1.10345,1.108652,0.0
2024-09-10,1.103802,1.105086,1.101596,1.103806,0.0
2024-09-11,1.102168,1.105621,1.100105,1.102036,0.0
2024-09-12,1.101137,1.104763,1.100712,1.100906,0.0
2024-09-13,1.107766,1.110253,1.107344,1.10786,0.0
2024-09-16,1.108913,1.113513,1.108731,1.108803,0.0
2024-09-17,1.113114,1.114724,1.111497,1.112993,0.0
2024-09-18,1.112139,1.113905,1.111131,1.112371,0.0
2024-09-19,1.111436,1.118343,1.107017,1.111544,0.0
2024-09-20,1.116156,1.118353,1.113753,1.116326,0.0
2024-09-23,1.115782,1.116608,1.108415,1.116152,0.0
2024-09-24,1.111305,1.116291,1.11029,1.110977,0.0
2024-09-25,1.119085,1.121361,1.114046,1.11907,0.0
2024-09-26,1.113107,1.118743,1.112581,1.113136,0.0
2024-09-27,1.117606,1.119937,1.112926,1.11789,0.0
2024-09-30,1.116895,1.120852,1.113635,1.116978,0.0
2024-10-01,1.113745,1.114437,1.106025,1.11362,0.0
2024-10-02,1.106473,1.108264,1.103588,1.106309,0.0
2024-10-03,1.104899,1.104977,1.100764,1.104977,0.0
2024-10-04,1.103483,1.104019,1.095543,1.1038,0.0
2024-10-07,1.097435,1.098389,1.095662,1.097376,0.0
2024-10-08,1.097486,1.099619,1.096133,1.097438,0.0
2024-10-09,1.097545,1.097899,1.094049,1.097524,0.0
2024-10-10,1.094479,1.095407,1.091334,1.09432,0.0
2024-10-11,1.093442,1.095501,1.092724,1.093451,0.0
2024-10-14,1.092481,1.094082,1.090776,1.092587,0.0
2024-10-15,1.090965,1.09177,1.088562,1.091024,0.0
2024-10-16,1.088258,1.090079,1.086879,1.088509,0.0
2024-10-17,1.086174,1.086923,1.081412,1.086233,0.0
2024-10-18,1.083,1.08615,1.0827,1.082858,0.0
2024-10-21,1.086916,1.086916,1.082187,1.086773,0.0
2024-10-22,1.081752,1.083666,1.080542,1.081674,0.0
2024-10-23,1.079833,1.080996,1.076322,1.079811,0.0
2024-10-24,1.078183,1.080977,1.076962,1.078032,0.0
2024-10-25,1.082452,1.084174,1.081176,1.082429,0.0
2024-10-28,1.079704,1.082627,1.078387,1.07961,0.0
2024-10-29,1.081695,1.082631,1.077094,1.081621,0.0
2024-10-30,1.081952,1.086785,1.08074,1.081989,0.0
2024-10-31,1.085824,1.088902,1.084389,1.085745,0.0
2024-11-01,1.088564,1.090344,1.084899,1.08866,0.0
2024-11-04,1.087579,1.091797,1.086868,1.087429,0.0
2024-11-05,1.087378,1.092121,1.087233,1.087233,0.0
2024-11-06,1.093511,1.093511,1.068327,1.093392,0.0
2024-11-07,1.073213,1.08235,1.071367,1.073425,0.0
2024-11-08,1.079526,1.079826,1.071166,1.079758,0.0
2024-11-11,1.071467,1.072875,1.062876,1.071399,0.0
2024-11-12,1.066388,1.066502,1.059654,1.066502,0.0
2024-11-13,1.061837,1.064975,1.055811,1.061616,0.0
2024-11-14,1.056316,1.058046,1.049842,1.056535,0.0
2024-11-15,1.053135,1.059038,1.05234,1.053092,0.0
2024-11-18,1.053361,1.058559,1.053236,1.053236,0.0
2024-11-19,1.059382,1.060205,1.052753,1.059357,0.0
2024-11-20,1.060708,1.061438,1.05098,1.060717,0.0
2024-11-21,1.054628,1.055892,1.046927,1.054477,0.0
2024-11-22,1.046795,1.050037,1.033954,1.046921,0.0
2024-11-25,1.047902,1.052936,1.044842,1.04804,0.0
2024-11-26,1.044436,1.054265,1.042925,1.044241,0.0
2024-11-27,1.048952,1.058248,1.047581,1.049237,0.0
2024-11-28,1.056075,1.056714,1.05304,1.055993,0.0
2024-11-29,1.056453,1.059747,1.054211,1.056263,0.0
2024-12-02,1.054474,1.054559,1.046522,1.054559,0.0
2024-12-03,1.05004,1.053088,1.048302,1.050134,0.0
2024-12-04,1.051336,1.054051,1.047269,1.051209,0.0
2024-12-05,1.051406,1.059,1.050787,1.051436,0.0
2024-12-06,1.058596,1.062629,1.054375,1.058598,0.0
2024-12-09,1.056568,1.059136,1.05346,1.056694,0.0
2024-12-10,1.055533,1.056604,1.049975,1.05545,0.0
2024-12-11,1.053465,1.054061,1.048087,1.053322,0.0
2024-12-12,1.05071,1.052997,1.046395,1.050618,0.0
2024-12-13,1.047232,1.052331,1.045546,1.047405,0.0
2024-12-16,1.051001,1.05245,1.04749,1.051022,0.0
2024-12-17,1.051649,1.053259,1.048067,1.051696,0.0
2024-12-18,1.049452,1.051611,1.046884,1.04949,0.0
2024-12-19,1.035104,1.042295,1.035017,1.035017,0.0
2024-12-20,1.036338,1.043216,1.034453,1.036663,0.0
2024-12-23,1.043489,1.044714,1.038526,1.043316,0.0
2024-12-24,1.040522,1.04128,1.038895,1.040697,0.0
2024-12-25,1.04019,1.043105,1.040109,1.040109,0.0
2024-12-26,1.04009,1.042577,1.039046,1.040046,0.0
2024-12-27,1.042295,1.044464,1.040536,1.042375,0.0
2024-12-30,1.042997,1.045706,1.037312,1.042796,0.0
2024-12-31,1.040825,1.042416,1.03488,1.040521,0.0
2025-01-02,1.035287,1.037507,1.023122,1.035311,0.0
2025-01-03,1.026826,1.030454,1.026502,1.026764,0.0
2025-01-06,1.030605,1.043435,1.029618,1.030562,0.0
2025-01-07,1.038718,1.043711,1.036061,1.038663,0.0
2025-01-08,1.034463,1.035872,1.027647,1.034584,0.0
2025-01-09,1.031469,1.03227,1.028721,1.03125,0.0
2025-01-10,1.029689,1.031093,1.022345,1.029824,0.0
2025-01-13,1.024508,1.024919,1.01836,1.024427,0.0
2025-01-14,1.026467,1.030601,1.024002,1.026554,0.0
2025-01-15,1.030812,1.034859,1.026957,1.030692,0.0
2025-01-16,1.029384,1.031417,1.026494,1.029524,0.0
2025-01-17,1.030244,1.033113,1.02648,1.03022,0.0
2025-01-20,1.027867,1.042677,1.027669,1.027669,0.0
2025-01-21,1.041973,1.043569,1.034579,1.042175,0.0
2025-01-22,1.040369,1.045588,1.040028,1.040697,0.0
2025-01-23,1.041074,1.042712,1.038584,1.040961,0.0
2025-01-24,1.041738,1.052034,1.041167,1.041559,0.0
2025-01-27,1.046801,1.053214,1.045335,1.046752,0.0
2025-01-28,1.044473,1.045523,1.041405,1.044674,0.0
2025-01-29,1.042902,1.044548,1.038271,1.043019,0.0
2025-01-30,1.042646,1.04638,1.039106,1.042558,0.0
2025-01-31,1.039389,1.04115,1.036155,1.03974,0.0
2025-02-03,1.024916,1.03274,1.021183,1.024845,0.0
2025-02-04,1.032754,1.038745,1.027802,1.032972,0.0
2025-02-05,1.037305,1.043664,1.037148,1.037148,0.0
2025-02-06,1.040162,1.040634,1.035427,1.040211,0.0
2025-02-07,1.03866,1.040632,1.032623,1.038764,0.0
2025-02-10,1.031042,1.033624,1.029856,1.0312,0.0
2025-02-11,1.030269,1.03515,1.029224,1.030163,0.0
2025-02-12,1.036308,1.039597,1.031901,1.036411,0.0
2025-02-13,1.03923,1.044708,1.038014,1.039278,0.0
2025-02-14,1.046107,1.051348,1.044864,1.04624,0.0
2025-02-17,1.048807,1.050736,1.046795,1.048912,0.0
2025-02-18,1.04854,1.048696,1.044288,1.048696,0.0
2025-02-19,1.044533,1.046196,1.040513,1.044752,0.0
2025-02-20,1.042397,1.048072,1.042065,1.042124,0.0
2025-02-21,1.050034,1.05076,1.045118,1.050131,0.0
2025-02-24,1.047398,1.053013,1.045408,1.047595,0.0
2025-02-25,1.046063,1.05164,1.045707,1.046144,0.0
2025-02-26,1.052454,1.052665,1.04779,1.052438,0.0
2025-02-27,1.048882,1.049102,1.040666,1.048781,0.0
2025-02-28,1.03955,1.042247,1.038144,1.03938,0.0
2025-03-03,1.041421,1.050008,1.039029,1.041369,0.0
2025-03-04,1.04854,1.055802,1.047013,1.048478,0.0
2025-03-05,1.062568,1.078662,1.060204,1.062685,0.0
2025-03-06,1.07945,1.085169,1.078117,1.079436,0.0
2025-03-07,1.078796,1.08859,1.078214,1.07876,0.0
2025-03-10,1.085887,1.087288,1.080654,1.085927,0.0
2025-03-11,1.083837,1.093064,1.083707,1.083913,0.0
2025-03-12,1.091311,1.093554,1.08771,1.091281,0.0
2025-03-13,1.088835,1.090042,1.082005,1.08852,0.0
2025-03-14,1.085708,1.090881,1.083081,1.085521,0.0
2025-03-17,1.088183,1.092905,1.087107,1.088026,0.0
2025-03-18,1.091856,1.09543,1.089594,1.09201,0.0
2025-03-19,1.094101,1.094592,1.087624,1.093834,0.0
2025-03-20,1.091184,1.091729,1.081725,1.09102,0.0
2025-03-21,1.085671,1.086005,1.080713,1.085708,0.0
2025-03-24,1.083486,1.085779,1.079035,1.083694,0.0
2025-03-25,1.080347,1.083136,1.077969,1.080488,0.0
2025-03-26,1.078757,1.080159,1.076993,1.078605,0.0
2025-03-27,1.074072,1.081742,1.074072,1.074253,0.0
2025-03-28,1.080063,1.084592,1.076704,1.080048,0.0
2025-03-31,1.082573,1.084895,1.078762,1.082529,0.0
2025-04-01,1.081922,1.083066,1.07798,1.081705,0.0
2025-04-02,1.079619,1.08721,1.078286,1.079505,0.0
2025-04-03,1.090611,1.113271,1.088378,1.090925,0.0
2025-04-04,1.104449,1.110688,1.096544,1.104508,0.0
2025-04-07,1.098404,1.105057,1.090338,1.098589,0.0
2025-04-08,1.091371,1.099186,1.089623,1.091628,0.0
2025-04-09,1.097883,1.109564,1.097336,1.098248,0.0
2025-04-10,1.095414,1.122631,1.095229,1.095229,0.0
2025-04-11,1.125775,1.147169,1.125007,1.125779,0.0
2025-04-14,1.134381,1.142374,1.129924,1.134141,0.0
2025-04-15,1.13401,1.137695,1.128671,1.133986,0.0
2025-04-16,1.129342,1.139015,1.129034,1.129034,0.0
2025-04-17,1.139633,1.139774,1.134162,1.139727,0.0
2025-04-22,1.151349,1.154555,1.145366,1.151289,0.0
2025-04-23,1.134975,1.143945,1.133913,1.135035,0.0
2025-04-24,1.132521,1.139339,1.132259,1.132945,0.0
2025-04-25,1.137375,1.138532,1.131652,1.137276,0.0
2025-04-28,1.134234,1.140833,1.13313,1.13425,0.0
2025-04-29,1.140805,1.141864,1.13708,1.140965,0.0
2025-04-30,1.138846,1.140064,1.13255,1.139019,0.0
2025-05-01,1.132573,1.134085,1.126781,1.132421,0.0
2025-05-02,1.129767,1.137991,1.127219,1.129739,0.0
2025-05-05,1.132074,1.136456,1.131222,1.132304,0.0
2025-05-06,1.131163,1.136018,1.128107,1.131342,0.0
2025-05-07,1.13424,1.137945,1.132642,1.134327,0.0
2025-05-08,1.130633,1.13362,1.123599,1.130854,0.0
2025-05-09,1.122508,1.129011,1.120023,1.122583,0.0
2025-05-12,1.123177,1.124198,1.107646,1.122868,0.0
2025-05-13,1.109472,1.117869,1.109413,1.109413,0.0
2025-05-14,1.118741,1.126377,1.11818,1.118539,0.0
2025-05-15,1.118148,1.122686,1.1175,1.118162,0.0
2025-05-16,1.119445,1.121947,1.114171,1.119288,0.0
2025-05-19,1.118675,1.128408,1.117461,1.118979,0.0
2025-05-20,1.123093,1.128041,1.121946,1.12343,0.0
2025-05-21,1.128957,1.136381,1.12871,1.12871,0.0
2025-05-22,1.133072,1.134292,1.126799,1.13319,0.0
2025-05-23,1.128218,1.137891,1.127939,1.128068,0.0
2025-05-26,1.137317,1.141854,1.137002,1.137131,0.0
2025-05-27,1.139008,1.140712,1.132409,1.138984,0.0
2025-05-28,1.133646,1.134449,1.128331,1.133699,0.0
2025-05-29,1.12357,1.136796,1.122841,1.123353,0.0
2025-05-30,1.137847,1.139128,1.131508,1.137934,0.0
2025-06-02,1.135151,1.144915,1.135151,1.135407,0.0
2025-06-03,1.145231,1.145356,1.136806,1.145356,0.0
2025-06-04,1.138502,1.143472,1.136036,1.138242,0.0
2025-06-05,1.142432,1.14935,1.140692,1.142188,0.0
2025-06-06,1.145319,1.1458,1.137214,1.145383,0.0
2025-06-09,1.140602,1.144044,1.138892,1.140646,0.0
2025-06-10,1.142773,1.144867,1.137411,1.142771,0.0
2025-06-11,1.143972,1.148875,1.140591,1.143688,0.0
2025-06-12,1.151097,1.163024,1.150285,1.15073,0.0
2025-06-13,1.160058,1.161219,1.149295,1.159971,0.0
2025-06-16,1.15565,1.161577,1.152333,1.1557,0.0
2025-06-17,1.155061,1.157512,1.151235,1.154872,0.0
2025-06-18,1.148241,1.153159,1.148241,1.148299,0.0
2025-06-19,1.147647,1.14875,1.144677,1.147966,0.0
2025-06-20,1.151189,1.153527,1.149608,1.151109,0.0
2025-06-23,1.150244,1.155182,1.145508,1.149864,0.0
2025-06-24,1.15967,1.163792,1.158329,1.160003,0.0
2025-06-25,1.161346,1.163194,1.158825,1.161331,0.0
2025-06-26,1.168344,1.174465,1.166959,1.168434,0.0
2025-06-27,1.1692,1.175077,1.168564,1.169404,0.0
2025-06-30,1.172782,1.177172,1.170985,1.173002,0.0
2025-07-01,1.178818,1.182781,1.176688,1.178734,0.0
2025-07-02,1.180595,1.181102,1.174954,1.180534,0.0
2025-07-03,1.179992,1.181201,1.171968,1.179985,0.0
2025-07-04,1.177086,1.178602,1.175513,1.177085,0.0
2025-07-07,1.178233,1.179177,1.171998,1.178039,0.0
2025-07-08,1.17379,1.176536,1.168535,1.173676,0.0
2025-07-09,1.172492,1.172937,1.169236,1.172558,0.0
2025-07-10,1.173228,1.17523,1.166396,1.172958,0.0
2025-07-11,1.170326,1.171256,1.166185,1.170335,0.0
2025-07-14,1.168144,1.169675,1.165674,1.168385,0.0
2025-07-15,1.166802,1.169208,1.160235,1.166808,0.0
2025-07-16,1.160899,1.171658,1.156394,1.160652,0.0
2025-07-17,1.163561,1.163597,1.15669,1.163538,0.0
2025-07-18,1.161499,1.166721,1.161051,1.161642,0.0
2025-07-21,1.163336,1.171757,1.161696,1.163112,0.0
2025-07-22,1.169254,1.174889,1.168077,1.16958,0.0
2025-07-23,1.173688,1.175126,1.171199,1.174041,0.0
2025-07-24,1.17724,1.178707,1.173325,1.177465,0.0
2025-07-25,1.175619,1.176095,1.170827,1.17546,0.0
2025-07-28,1.175806,1.177061,1.161022,1.175766,0.0
2025-07-29,1.159798,1.160026,1.151916,1.159602,0.0
2025-07-30,1.155088,1.157211,1.145872,1.155212,0.0
2025-07-31,1.142926,1.14589,1.140403,1.142771,0.0
2025-08-01,1.142354,1.158378,1.139446,1.142425,0.0
2025-08-04,1.158616,1.158992,1.155221,1.158536,0.0
2025-08-05,1.158346,1.158862,1.152963,1.158322,0.0
2025-08-06,1.157906,1.164412,1.156336,1.157828,0.0
2025-08-07,1.166459,1.169572,1.16139,1.16638,0.0
2025-08-08,1.167523,1.167777,1.163243,1.167747,0.0
2025-08-11,1.164901,1.167566,1.159115,1.164926,0.0
2025-08-12,1.161885,1.169554,1.159924,1.161874,0.0
2025-08-13,1.167886,1.173029,1.167165,1.167877,0.0
2025-08-14,1.171189,1.171587,1.163802,1.17125,0.0
2025-08-15,1.165331,1.171455,1.164806,1.164997,0.0
2025-08-18,1.170648,1.1711,1.16615,1.170741,0.0
2025-08-19,1.166663,1.169485,1.163851,1.166983,0.0
2025-08-20,1.164246,1.167155,1.16253,1.164255,0.0
2025-08-21,1.165136,1.166119,1.160428,1.165036,0.0
2025-08-22,1.161227,1.173152,1.15828,1.161351,0.0
2025-08-25,1.171018,1.171974,1.166714,1.170953,0.0
2025-08-26,1.161806,1.166395,1.160174,1.161863,0.0
2025-08-27,1.164175,1.164351,1.157393,1.164026,0.0
2025-08-28,1.164847,1.168713,1.16287,1.164928,0.0
2025-08-29,1.168026,1.170749,1.165476,1.168314,0.0
2025-09-01,1.169149,1.17361,1.168829,1.169141,0.0
2025-09-02,1.171992,1.171992,1.161369,1.171644,0.0
2025-09-03,1.163677,1.168264,1.161092,1.163439,0.0
2025-09-04,1.166129,1.166774,1.163204,1.166222,0.0
2025-09-05,1.16585,1.175968,1.165311,1.165773,0.0
2025-09-08,1.171368,1.175456,1.170605,1.17117,0.0
2025-09-09,1.176876,1.17798,1.171819,1.176784,0.0
2025-09-10,1.170286,1.172979,1.16901,1.170289,0.0
2025-09-11,1.170371,1.174567,1.166894,1.170331,0.0
2025-09-12,1.173337,1.174851,1.170306,1.173317,0.0
2025-09-15,1.172651,1.177467,1.17166,1.172644,0.0
2025-09-16,1.176451,1.185476,1.175868,1.176234,0.0
2025-09-17,1.18709,1.187353,1.183415,1.187353,0.0
2025-09-18,1.182486,1.184917,1.17506,1.18269,0.0
2025-09-19,1.179171,1.179329,1.173053,1.178991,0.0
2025-09-22,1.173593,1.178734,1.172989,1.17394,0.0
2025-09-23,1.179832,1.182124,1.178306,1.179955,0.0
2025-09-24,1.181508,1.181608,1.173121,1.181523,0.0
2025-09-25,1.17452,1.175347,1.166877,1.174611,0.0
2025-09-26,1.166111,1.170455,1.16598,1.166312,0.0
2025-09-29,1.170648,1.175449,1.170427,1.170778,0.0
2025-09-30,1.17316,1.175722,1.171412,1.173251,0.0
2025-10-01,1.173646,1.178279,1.171767,1.173449,0.0
2025-10-02,1.173466,1.175797,1.168622,1.17363,0.0
2025-10-03,1.1726,1.1757,1.1716,1.172338,0.0
2025-10-06,1.170942,1.173016,1.165292,1.171157,0.0
2025-10-07,1.170984,1.171362,1.16575,1.170915,0.0
2025-10-08,1.165593,1.165593,1.160383,1.16539,0.0
2025-10-09,1.163027,1.165118,1.154977,1.163229,0.0
2025-10-10,1.156824,1.162865,1.156167,1.15678,0.0
2025-10-13,1.160239,1.163256,1.156083,1.16036,0.0
2025-10-14,1.156736,1.160512,1.154435,1.156678,0.0
2025-10-15,1.160157,1.164799,1.160157,1.160183,0.0
2025-10-16,1.164629,1.167943,1.164325,1.164637,0.0
2025-10-17,1.170057,1.172822,1.165755,1.169919,0.0
2025-10-20,1.165842,1.167534,1.164587,1.165689,0.0
2025-10-21,1.164512,1.16585,1.159835,1.164301,0.0
2025-10-22,1.160006,1.161666,1.15776,1.159979,0.0
2025-10-23,1.160809,1.162002,1.158753,1.160866,0.0
2025-10-24,1.162033,1.164794,1.160296,1.16164,0.0
2025-10-27,1.163136,1.164851,1.161709,1.163106,0.0
2025-10-28,1.165067,1.167007,1.162602,1.165275,0.0
2025-10-29,1.165783,1.166675,1.161774,1.165684,0.0
2025-10-30,1.160339,1.163409,1.154824,1.160541,0.0
2025-10-31,1.157283,1.157945,1.152298,1.157157,0.0
2025-11-03,1.152815,1.154147,1.150725,1.15284,0.0
2025-11-04,1.151797,1.153256,1.147248,1.151862,0.0
2025-11-05,1.148494,1.149602,1.147051,1.148497,0.0
2025-11-06,1.149559,1.154302,1.149123,1.149596,0.0
2025-11-07,1.154933,1.158786,1.15309,1.154855,0.0
2025-11-10,1.155313,1.158127,1.154164,1.154549,0.0
2025-11-11,1.15583,1.160542,1.154973,1.155794,0.0
2025-11-12,1.159059,1.15988,1.156399,1.158661,0.0
2025-11-13,1.159356,1.164849,1.158012,1.159083,0.0
2025-11-14,1.163246,1.165292,1.160554,1.163174,0.0
2025-11-17,1.161536,1.161558,1.158434,1.161461,0.0
2025-11-18,1.158933,1.160511,1.157388,1.159022,0.0
2025-11-19,1.158303,1.159653,1.153158,1.157965,0.0
2025-11-20,1.154023,1.155102,1.15082,1.154045,0.0
2025-11-21,1.153612,1.155261,1.149197,1.153464,0.0
2025-11-24,1.150841,1.155275,1.150312,1.150727,0.0
2025-11-25,1.152098,1.158282,1.151291,1.152004,0.0
2025-11-26,1.156562,1.160263,1.154771,1.156489,0.0
2025-11-27,1.160459,1.161568,1.157682,1.160208,0.0
2025-11-28,1.159885,1.160589,1.155755,1.159982,0.0
2025-12-01,1.160134,1.165337,1.159015,1.159997,0.0
2025-12-02,1.160504,1.162356,1.159299,1.160797,0.0
2025-12-03,1.162856,1.167554,1.162747,1.162747,0.0
2025-12-04,1.166768,1.168155,1.165268,1.166815,0.0
2025-12-05,1.164409,1.167129,1.162899,1.164229,0.0
2025-12-08,1.163862,1.167213,1.161836,1.163898,0.0
2025-12-09,1.164058,1.165897,1.161849,1.164104,0.0
2025-12-10,1.162973,1.165602,1.162299,1.162925,0.0
2025-12-11,1.170144,1.175781,1.16816,1.170403,0.0
2025-12-12,1.174312,1.174759,1.171926,1.173858,0.0
2025-12-15,1.173706,1.176906,1.17265,1.173841,0.0
2025-12-16,1.175569,1.180215,1.174623,1.175473,0.0
2025-12-17,1.174891,1.175956,1.170436,1.175068,0.0
2025-12-18,1.173823,1.175721,1.171364,1.17426,0.0
2025-12-19,1.172414,1.173868,1.170473,1.172879,0.0
2025-12-22,1.171172,1.177046,1.170955,1.171031,0.0
2025-12-23,1.176245,1.180522,1.176245,1.176513,0.0
2025-12-24,1.179429,1.180914,1.177488,1.179377,0.0
2025-12-26,1.178468,1.179898,1.176352,1.17817,0.0
2025-12-29,1.177502,1.178802,1.175489,1.177233,0.0
2025-12-30,1.177143,1.178081,1.17456,1.177321,0.0
2025-12-31,1.174637,1.175835,1.171973,1.174447,0.0
2026-01-02,1.175108,1.176686,1.171276,1.174882,0.0
2026-01-05,1.170849,1.171816,1.165861,1.170543,0.0
2026-01-06,1.171624,1.174332,1.168277,1.171322,0.0
2026-01-07,1.168983,1.170459,1.167468,1.168681,0.0
2026-01-08,1.167736,1.168471,1.16538,1.167751,0.0
2026-01-09,1.165685,1.165851,1.16206,1.165763,0.0
2026-01-12,1.162606,1.169797,1.162364,1.162517,0.0
2026-01-13,1.166689,1.167504,1.163475,1.166608,0.0
2026-01-14,1.164271,1.166438,1.163835,1.164198,0.0
2026-01-15,1.164633,1.164704,1.159378,1.164647,0.0
2026-01-16,1.160798,1.162559,1.158572,1.160791,0.0
2026-01-19,1.162297,1.165121,1.160858,1.162385,0.0
2026-01-20,1.163835,1.174717,1.163311,1.163741,0.0
2026-01-21,1.172687,1.174132,1.169795,1.172925,0.0
2026-01-22,1.1672,1.175167,1.167179,1.167179,0.0
2026-01-23,1.175365,1.17751,1.172954,1.1758,0.0
2026-01-26,1.185885,1.190382,1.18349,1.185826,0.0
2026-01-27,1.187411,1.198717,1.18524,1.187492,0.0
2026-01-28,1.20227,1.202364,1.192332,1.201607,0.0
2026-01-29,1.197675,1.199342,1.19083,1.197834,0.0
2026-01-30,1.196833,1.197315,1.187267,1.196505,0.0
2026-02-02,1.184937,1.187663,1.178971,1.184973,0.0
2026-02-03,1.17981,1.18247,1.178165,1.179943,0.0
2026-02-04,1.181569,1.18398,1.179259,1.181633,0.0
2026-02-05,1.180131,1.182289,1.178241,1.180151,0.0
2026-02-06,1.177649,1.182717,1.176785,1.177661,0.0
2026-02-09,1.182577,1.192356,1.181868,1.182557,0.0
2026-02-10,1.190342,1.192831,1.189007,1.190351,0.0
2026-02-11,1.188953,1.192829,1.183978,1.188875,0.0
2026-02-12,1.187612,1.189271,1.185328,1.187672,0.0
2026-02-13,1.186896,1.188017,1.184945,1.186991,0.0
2026-02-16,1.186618,1.187059,1.184803,1.186758,0.0
2026-02-17,1.184985,1.185471,1.180591,1.185163,0.0
2026-02-18,1.185087,1.185265,1.180995,1.185091,0.0
2026-02-19,1.17891,1.180667,1.174411,1.178872,0.0
2026-02-20,1.17673,1.180856,1.174431,1.176752,0.0
2026-02-23,1.182808,1.183753,1.177504,1.183753,0.0
2026-02-24,1.179233,1.179523,1.176861,1.179426,0.0
2026-02-25,1.177388,1.180733,1.177048,1.177482,0.0
2026-02-26,1.181426,1.183201,1.178354,1.181352,0.0
2026-02-27,1.180446,1.182325,1.179002,1.18029,0.0
2026-03-02,1.175999,1.179583,1.167309,1.176111,0.0
2026-03-03,1.169541,1.170929,1.153119,1.169568,0.0
2026-03-04,1.160948,1.165498,1.157624,1.161258,0.0
2026-03-05,1.163641,1.164626,1.156114,1.16353,0.0
2026-03-06,1.160793,1.162458,1.154624,1.160927,0.0
2026-03-09,1.15257,1.159426,1.150936,1.152274,0.0
2026-03-10,1.161679,1.166444,1.160916,1.161636,0.0
2026-03-11,1.161441,1.164374,1.156684,1.161191,0.0
2026-03-12,1.154259,1.156718,1.151214,1.154162,0.0
2026-03-13,1.151919,1.153007,1.143512,1.152279,0.0
2026-03-16,1.143588,1.150007,1.141438,1.143593,0.0
2026-03-17,1.149648,1.153996,1.146793,1.150087,0.0
2026-03-18,1.153819,1.155559,1.149185,1.154084,0.0
2026-03-19,1.14628,1.15376,1.144554,1.146423,0.0
2026-03-20,1.157402,1.158212,1.152746,1.157752,0.0
2026-03-23,1.156736,1.163568,1.148487,1.155912,0.0
2026-03-24,1.160898,1.161804,1.156836,1.160662,0.0
2026-03-25,1.161578,1.163024,1.156246,1.161378,0.0
2026-03-26,1.156476,1.157266,1.152383,1.156242,0.0
2026-03-27,1.15361,1.154766,1.150181,1.153539,0.0
2026-03-30,1.14924,1.152284,1.144448,1.148998,0.0
2026-03-31,1.145733,1.153915,1.14514,1.14597,0.0
2026-04-01,1.157267,1.162662,1.155577,1.157621,0.0
2026-04-02,1.159257,1.159694,1.151022,1.159159,0.0
2026-04-03,1.15445,1.154912,1.15228,1.154095,0.0
2026-04-06,1.151456,1.157127,1.150439,1.15096,0.0
2026-04-07,1.154156,1.158477,1.152784,1.15395,0.0
2026-04-08,1.168998,1.1723,1.166748,1.168769,0.0
2026-04-09,1.165824,1.17061,1.164947,1.165855,0.0
2026-04-10,1.169357,1.174147,1.167909,1.169134,0.0
2026-04-13,1.167043,1.172183,1.167012,1.167676,0.0
2026-04-14,1.176457,1.181135,1.17561,1.176983,0.0
2026-04-15,1.179611,1.180956,1.177415,1.179782,0.0
2026-04-16,1.180924,1.182429,1.177034,1.180827,0.0
2026-04-17,1.178144,1.185015,1.177158,1.17841,0.0
2026-04-20,1.17394,1.179142,1.173779,1.174423,0.0
2026-04-21,1.178348,1.1791,1.174072,1.178461,0.0
2026-04-22,1.174421,1.176283,1.171305,1.174307,0.0
2026-04-23,1.170693,1.171545,1.167947,1.170631,0.0
2026-04-24,1.168578,1.171936,1.167339,1.168264,0.0
2026-04-27,1.17059,1.175641,1.170436,1.170874,0.0
2026-04-28,1.172183,1.17328,1.16788,1.172243,0.0
2026-04-29,1.171729,1.172121,1.168431,1.171798,0.0
2026-04-30,1.16884,1.173977,1.165528,1.168427,0.0
2026-05-01,1.172946,1.178425,1.171828,1.172901,0.0
2026-05-04,1.172658,1.173791,1.16907,1.172497,0.0
2026-05-05,1.16937,1.171572,1.167678,1.16907,0.0
2026-05-06,1.171533,1.179936,1.171234,1.171855,0.0
2026-05-07,1.175014,1.17786,1.174764,1.174942,0.0
2026-05-08,1.173342,1.178287,1.172588,1.173331,0.0
2026-05-11,1.176827,1.178907,1.175148,1.176648,0.0
2026-05-12,1.177493,1.178116,1.172314,1.178116,0.0
2026-05-13,1.17346,1.174101,1.169795,1.173473,0.0
2026-05-14,1.171872,1.172178,1.167286,1.171352,0.0
2026-05-15,1.166169,1.166513,1.161876,1.166135,0.0
2026-05-18,1.16164,1.165747,1.160838,1.161359,0.0
2026-05-19,1.165375,1.16556,1.159315,1.165369,0.0
2026-05-20,1.160665,1.164333,1.158169,1.16077,0.0
2026-05-21,1.162664,1.16392,1.157483,1.162594,0.0
2026-05-22,1.161659,1.162061,1.158845,1.162061,0.0
2026-05-25,1.164182,1.165464,1.162883,1.163921,0.0
2026-05-26,1.163429,1.164796,1.161901,1.163954,0.0
2026-05-27,1.163833,1.166182,1.162533,1.163689,0.0
2026-05-28,1.161689,1.165808,1.158845,1.16173,0.0
2026-05-29,1.165396,1.168434,1.1627,1.165156,0.0
2026-06-01,1.164918,1.166697,1.160862,1.164808,0.0
2026-06-02,1.163363,1.165522,1.162681,1.163581,0.0
2026-06-03,1.162122,1.163489,1.159626,1.162207,0.0
2026-06-04,1.160797,1.164892,1.159936,1.160682,0.0
2026-06-05,1.161393,1.164563,1.153046,1.16138,0.0
2026-06-08,1.152463,1.155283,1.149933,1.152305,0.0
2026-06-09,1.152816,1.157861,1.152753,1.153091,0.0
2026-06-10,1.153475,1.157625,1.153427,1.153626,0.0
2026-06-11,1.153783,1.155985,1.151398,1.153646,0.0
2026-06-12,1.157361,1.159059,1.155967,1.157787,0.0
2026-06-15,1.160682,1.162145,1.159449,1.160508,0.0
2026-06-16,1.159243,1.161921,1.157414,1.159594,0.0
2026-06-17,1.160971,1.161763,1.158759,1.160813,0.0
2026-06-18,1.151212,1.152725,1.145484,1.150932,0.0
2026-06-19,1.14644,1.147536,1.141824,1.145966,0.0
2026-06-22,1.146362,1.147326,1.142557,1.146254,0.0
2026-06-23,1.142668,1.144026,1.137776,1.142531,0.0
2026-06-24,1.138143,1.13834,1.13249,1.138187,0.0
2026-06-25,1.135218,1.13874,1.133228,1.135588,0.0
2026-06-26,1.136411,1.143445,1.135403,1.136089,0.0
2026-06-29,1.138401,1.142702,1.138291,1.138528,0.0
2026-06-30,1.141851,1.143467,1.138249,1.14226,0.0
2026-07-01,1.141209,1.141551,1.136436,1.141343,0.0
2026-07-02,1.137735,1.147196,1.137576,1.137805,0.0
2026-07-03,1.142438,1.146642,1.142066,1.142432,0.0
2026-07-06,1.143648,1.144441,1.141026,1.143561,0.0
2026-07-07,1.144211,1.144639,1.142211,1.144291,0.0
2026-07-08,1.140207,1.143364,1.139178,1.140555,0.0
2026-07-09,1.142208,1.145177,1.142029,1.142231,0.0
2026-07-10,1.143282,1.146049,1.141796,1.143412,0.0
2026-07-13,1.14046,1.144536,1.13873,1.140474,0.0
2026-07-14,1.13838,1.146146,1.138074,1.138463,0.0
2026-07-15,1.142595,1.144657,1.140655,1.142459,0.0
2026-07-16,1.147229,1.14778,1.14385,1.14707,0.0
2026-07-17,1.144857,1.145356,1.142607,1.144401,0.0
2026-07-20,1.14283,1.144878,1.140525,1.142673,0.0
2026-07-21,1.141429,1.142974,1.140306,1.141842,0.0
2026-07-22,1.140168,1.142041,1.139971,1.140456,0.0
2026-07-23,1.141143,1.143776,1.136397,1.141249,0.0
2026-07-24,1.137323,1.140021,1.136774,1.137765,0.0
2026-07-27,1.139721,1.141622,1.137017,1.139517,0.0
2026-07-28,1.136823,1.1405,1.135275,1.136994,0.0
2026-07-29,1.138242,1.140527,1.137632,1.13852,0.0
2026-07-30,1.146958,1.153522,1.143575,1.1469,0.0
2026-07-31,1.152549,1.152556,1.145886,1.152322,0.0
2026-08-03,1.1541,1.155552,1.150295,1.15443,0.0
2026-08-04,1.150793,1.153209,1.150208,1.150798,0.0
2026-08-05,1.153151,1.155944,1.152785,1.153152,0.0
2026-08-06,1.155504,1.156224,1.152167,1.155756,0.0
2026-08-07,1.152363,1.157774,1.151787,1.152657,0.0
2026-08-10,1.155509,1.156682,1.154398,1.155691,0.0
2026-08-11,1.154677,1.155261,1.153309,1.154563,0.0
2026-08-12,1.154315,1.156198,1.153287,1.154219,0.0
2026-08-13,1.153171,1.154722,1.151398,1.153201,0.0
2026-08-14,1.153392,1.158489,1.153244,1.153552,0.0
2026-08-17,1.157449,1.161534,1.157415,1.157415,0.0
2026-08-18,1.158541,1.158767,1.156859,1.158348,0.0
2026-08-19,1.157591,1.167955,1.157224,1.158151,0.0
2026-08-20,1.167557,1.171034,1.16704,1.167281,0.0
2026-08-21,1.168626,1.171232,1.167117,1.168733,0.0
2026-08-24,1.168246,1.169114,1.16604,1.167954,0.0
2026-08-25,1.166715,1.167757,1.164955,1.166687,0.0
2026-08-26,1.167403,1.167717,1.163982,1.167659,0.0
2026-08-27,1.165476,1.166118,1.163583,1.165557,0.0
2026-08-28,1.165302,1.165716,1.159532,1.165615,0.0
2026-08-31,1.15895,1.162192,1.158447,1.158972,0.0
2026-09-01,1.161879,1.16247,1.158952,1.161657,0.0
2026-09-02,1.159178,1.160525,1.156509,1.159604,0.0
2026-09-03,1.158385,1.162756,1.158385,1.158425,0.0
2026-09-04,1.162951,1.163406,1.158588,1.162944,0.0
2026-09-07,1.161192,1.163675,1.160845,1.16138,0.0
2026-09-08,1.162823,1.163491,1.161006,1.162708,0.0
2026-09-09,1.162983,1.165447,1.162401,1.162759,0.0
2026-09-10,1.163615,1.164039,1.159494,1.163372,0.0
2026-09-11,1.161207,1.162053,1.157219,1.160869,0.0
2026-09-14,1.159457,1.15951,1.152245,1.159309,0.0
2026-09-15,1.154779,1.155382,1.152679,1.154757,0.0
2026-09-16,1.153604,1.15574,1.153143,1.153878,0.0
2026-09-17,1.146807,1.149686,1.145765,1.146869,0.0
2026-09-18,1.147471,1.149498,1.145526,1.147481,0.0
2026-09-21,1.147801,1.14968,1.146563,1.147928,0.0
2026-09-22,1.146496,1.148188,1.142961,1.146474,0.0
2026-09-23,1.144733,1.145152,1.138514,1.144807,0.0
2026-09-24,1.13817,1.140002,1.135907,1.138177,0.0
2026-09-25,1.137314,1.140987,1.136964,1.137536,0.0
2026-09-28,1.137756,1.139126,1.135585,1.137895,0.0
2026-09-29,1.136979,1.137264,1.132926,1.137264,0.0
2026-09-30,1.13454,1.134813,1.133966,1.133966,0.0
