Date,Open,High,Low,Close,Volume
2016-01-04,42.342059,42.495152,41.965084,42.400053,16084863.0
2016-01-05,42.307982,42.622926,42.166185,42.544428,15782241.0
2016-01-06,42.202825,42.508974,42.04031,42.319738,16244140.0
2016-01-07,41.644223,42.109098,41.44036,41.619,20562904.0
2016-01-08,41.65694,42.118402,41.408761,41.511549,14644125.0
2016-01-11,41.579208,41.854244,41.291897,41.572377,15815700.0
2016-01-12,42.30226,42.439958,41.870419,42.117652,21812692.0
2016-01-13,42.173273,42.572678,41.787982,41.850963,16854148.0
2016-01-14,41.991029,42.167199,41.634812,41.876319,16028997.0
2016-01-15,40.950737,41.587533,40.928056,41.495008,21155635.0
2016-01-19,41.764397,42.119463,41.653623,41.916709,15461830.0
2016-01-20,41.449246,41.620622,40.749914,41.381555,19923453.0
2016-01-21,41.447754,41.516567,41.091249,41.391558,15570596.0
2016-01-22,41.640008,42.238627,41.441156,42.061813,15209651.0
2016-01-25,42.228598,42.497366,41.929727,42.159517,12506584.0
2016-01-26,42.153435,42.498055,41.936102,42.078652,13017220.0
2016-01-27,42.178765,42.457766,41.809474,42.087662,14168417.0
2016-01-28,42.181093,42.7262,42.073652,42.575684,16623555.0
2016-01-29,42.859139,43.263251,42.647191,42.926888,20454045.0
2016-02-01,42.595306,43.154266,42.576688,42.999172,17100401.0
2016-02-02,42.697469,42.796835,42.403497,42.432033,12333030.0
2016-02-03,42.798163,42.934332,42.284322,42.717429,15959783.0
2016-02-04,42.506999,42.890885,42.396565,42.533763,14413232.0
2016-02-05,42.926623,42.983133,42.259158,42.444873,17312870.0
2016-02-08,42.166786,42.692915,41.90235,42.650857,17255631.0
2016-02-09,42.257162,43.496132,42.251929,43.302227,24854111.0
2016-02-10,43.34138,43.390778,42.513755,42.542174,16731149.0
2016-02-11,42.025245,42.607178,41.98254,42.412638,16826360.0
2016-02-12,42.721904,43.138049,42.557233,43.103876,15223206.0
2016-02-16,43.321381,43.452489,43.014033,43.362426,12675225.0
2016-02-17,43.421903,43.61362,43.288272,43.487734,12330505.0
2016-02-18,43.631109,43.727241,43.30524,43.615189,11170055.0
2016-02-19,43.584578,43.777814,43.281664,43.771254,12850377.0
2016-02-22,43.778774,44.158853,43.623046,43.933834,20714047.0
2016-02-23,43.739137,44.047687,43.660059,43.695344,11165729.0
2016-02-24,43.556464,43.939197,43.371373,43.9138,10843830.0
2016-02-25,43.961392,44.179557,43.869221,44.161222,10903375.0
2016-02-26,44.049216,44.06277,43.111589,43.139784,18421583.0
2016-02-29,43.170165,43.604757,42.919378,43.133578,15049382.0
2016-03-01,43.379036,43.691083,43.170226,43.691083,12357687.0
2016-03-02,43.46722,43.771841,43.420841,43.771841,12856210.0
2016-03-03,43.605316,43.982966,43.545252,43.957633,13137436.0
2016-03-04,43.775204,44.147213,43.681781,44.112204,13692249.0
2016-03-07,43.922571,44.147527,43.869993,44.009553,10693896.0
2016-03-08,43.916882,44.47513,43.809864,44.321108,18903355.0
2016-03-09,44.384698,44.83263,44.28877,44.806711,18466681.0
2016-03-10,44.838875,45.253364,44.678313,45.235957,28907978.0
2016-03-11,45.003327,45.244692,44.930546,45.202178,16128638.0
2016-03-14,45.035101,45.424601,45.035101,45.285279,13204516.0
2016-03-15,45.0767,45.556355,45.06886,45.240808,13686689.0
2016-03-16,45.049669,45.172444,44.554858,45.0466,15387850.0
2016-03-17,45.053693,45.910227,44.96446,45.776283,24079695.0
2016-03-18,45.834311,45.865752,45.387767,45.606218,23856815.0
2016-03-21,45.420886,45.867915,45.35493,45.667876,9740654.0
2016-03-22,45.558235,45.725845,45.395234,45.503463,13786994.0
2016-03-23,45.395608,45.702769,45.350809,45.463343,9293967.0
2016-03-24,45.44464,45.597581,45.195871,45.582473,10888680.0
2016-03-28,45.561526,45.934338,45.506768,45.798155,13307348.0
2016-03-29,45.86332,46.512393,45.815576,46.475193,25009892.0
2016-03-30,46.628243,46.734823,46.327073,46.582343,14314172.0
2016-03-31,46.550007,46.873455,46.315995,46.390665,15547533.0
2016-04-01,46.142605,46.866234,46.11659,46.832512,14923179.0
2016-04-04,46.84368,46.922211,46.496419,46.891891,10630039.0
2016-04-05,46.620244,46.80494,46.447882,46.529034,10697330.0
2016-04-06,46.573773,46.732773,46.386152,46.70403,9122814.0
2016-04-07,46.491605,46.578071,46.153447,46.362575,9293383.0
2016-04-08,46.441081,46.980242,46.43919,46.878639,11959314.0
2016-04-11,46.896046,47.127676,46.406584,46.435586,11881666.0
2016-04-12,46.413267,46.757028,46.357572,46.653652,11218807.0
2016-04-13,46.77059,46.78079,45.825173,46.035039,13233481.0
2016-04-14,46.06776,46.216786,45.745919,45.828805,12982605.0
2016-04-15,45.821097,46.157625,45.683809,46.097856,13645899.0
2016-04-18,46.10119,46.280418,45.820336,46.217654,11539067.0
2016-04-19,46.311947,46.629736,46.151982,46.604974,14419112.0
2016-04-20,45.343831,45.379239,44.060826,44.374415,40362386.0
2016-04-21,44.259089,44.283743,42.870176,43.663469,37202196.0
2016-04-22,43.785087,44.660839,43.785087,44.534874,25132082.0
2016-04-25,44.496137,44.709995,44.378983,44.705045,11173396.0
2016-04-26,44.922632,44.958652,44.429871,44.531579,13934598.0
2016-04-27,44.647965,44.865553,44.249742,44.675919,11335379.0
2016-04-28,44.496656,44.899798,44.46771,44.63422,10932589.0
2016-04-29,44.533786,44.860593,44.502894,44.805544,11717465.0
2016-05-02,44.564135,45.193129,44.564135,44.986317,12578761.0
2016-05-03,44.873612,45.067113,44.64718,44.845259,10419803.0
2016-05-04,44.718374,45.105566,44.510132,44.979863,9349653.0
2016-05-05,44.930233,45.491612,44.866611,45.060938,8801380.0
2016-05-06,45.066385,45.409475,44.921213,45.318489,8564878.0
2016-05-09,45.330001,45.499098,45.16679,45.247574,8110930.0
2016-05-10,45.438863,45.84307,45.418929,45.764451,8932164.0
2016-05-11,45.725634,45.878768,45.448628,45.454764,8834443.0
2016-05-12,45.54618,45.904191,45.486178,45.826448,10463478.0
2016-05-13,45.751992,45.836103,45.227117,45.34364,10342539.0
2016-05-16,45.159623,45.726337,45.142975,45.616635,9413439.0
2016-05-17,45.448038,45.557752,44.713745,44.74672,17459344.0
2016-05-18,44.556087,44.832334,44.231981,44.480618,12523078.0
2016-05-19,44.249578,44.38767,44.038032,44.317252,10659032.0
2016-05-20,44.507434,44.546377,43.930337,43.950228,12913851.0
2016-05-23,44.075114,44.159876,43.937597,43.961541,13554661.0
2016-05-24,44.098821,44.415004,44.006611,44.361779,12634644.0
2016-05-25,44.516878,44.635773,44.242182,44.378452,9217198.0
2016-05-26,44.534517,44.767768,44.438385,44.695196,8695296.0
2016-05-27,44.713999,44.961764,44.645832,44.782158,7894552.0
2016-05-31,44.981659,44.981659,44.259393,44.603747,18938260.0
2016-06-01,44.594515,44.769685,44.484291,44.69526,8915987.0
2016-06-02,44.704097,44.722054,44.50096,44.722054,6693261.0
2016-06-03,44.756021,45.042303,44.679716,45.037477,13433672.0
2016-06-06,45.089317,45.479846,45.078568,45.376446,10309881.0
2016-06-07,45.344063,45.486878,45.204535,45.31349,9811886.0
2016-06-08,45.23494,45.668924,45.183691,45.546487,7915207.0
2016-06-09,45.325581,45.796552,45.303179,45.767885,8042192.0
2016-06-10,45.614906,46.0155,45.555575,45.986949,12357659.0
2016-06-13,45.48784,45.658943,45.088806,45.118411,10612614.0
2016-06-14,44.850682,45.123173,44.43512,45.039923,11298256.0
2016-06-15,45.125039,45.341494,44.882509,45.010396,8359832.0
2016-06-16,44.866792,45.340096,44.721516,45.310788,11306125.0
2016-06-17,45.174348,45.224218,44.37961,44.786529,20804090.0
2016-06-20,45.09285,45.311372,44.962948,44.978629,10712000.0
2016-06-21,45.164693,45.279295,44.998454,45.13464,7918860.0
2016-06-22,45.247017,45.32909,44.815195,44.866781,10735877.0
2016-06-23,45.029236,45.169029,44.841468,45.079259,9655524.0
2016-06-24,44.196167,44.555338,43.828222,43.932826,25997551.0
2016-06-27,43.663249,43.895776,43.315597,43.779208,15776627.0
2016-06-28,44.054753,44.188417,43.674702,44.175416,16509664.0
2016-06-29,44.389328,44.712836,44.241851,44.443636,12251594.0
2016-06-30,44.518133,45.333566,44.493117,45.331151,16056824.0
2016-07-01,45.325776,45.412526,45.072769,45.119996,11798347.0
2016-07-05,45.156454,45.661111,45.151874,45.428398,12340209.0
2016-07-06,45.504128,45.545382,44.927517,45.26983,10902201.0
2016-07-07,45.4224,45.525541,44.968749,45.087186,9740340.0
2016-07-08,45.303806,45.524782,45.068328,45.383436,11127038.0
2016-07-11,45.352184,45.760995,45.111671,45.561694,10937238.0
2016-07-12,45.640245,45.715412,45.178601,45.580326,9740099.0
2016-07-13,45.61465,45.761416,45.425462,45.727222,8029411.0
2016-07-14,45.730134,45.937912,45.575673,45.695299,7621746.0
2016-07-15,45.878994,45.897709,45.433857,45.631656,10620745.0
2016-07-18,45.690976,45.701915,45.475075,45.636239,7958726.0
2016-07-19,45.463361,45.709894,45.433439,45.630468,7759856.0
2016-07-20,45.746099,45.771158,45.383918,45.518706,8477707.0
2016-07-21,45.338695,45.505966,45.263042,45.441835,8044413.0
2016-07-22,45.495108,45.840825,45.458855,45.840825,8835230.0
2016-07-25,45.810763,45.830441,45.469885,45.571358,9133528.0
2016-07-26,45.528924,45.653138,44.833014,44.880045,15819247.0
2016-07-27,43.906428,44.064915,43.100489,43.397166,37462149.0
2016-07-28,43.265509,43.689569,43.229551,43.64972,13076571.0
2016-07-29,43.720185,43.752287,43.48046,43.623747,16530498.0
2016-08-01,43.697538,43.827161,43.42846,43.443251,12349811.0
2016-08-02,43.359422,43.579898,43.313859,43.533555,12826369.0
2016-08-03,43.649735,43.696024,43.369851,43.641737,12118981.0
2016-08-04,43.561964,43.807777,43.398422,43.510818,11244935.0
2016-08-05,43.643249,43.752687,43.415232,43.479415,10398206.0
2016-08-08,43.426492,43.513084,43.219171,43.443422,8679086.0
2016-08-09,43.502562,43.642016,43.376156,43.472661,7279918.0
2016-08-10,43.642235,43.683174,43.500507,43.612196,8410345.0
2016-08-11,43.730157,43.869773,43.61372,43.750791,11305320.0
2016-08-12,43.908288,44.187912,43.801559,44.025217,10929054.0
2016-08-15,44.102779,44.330295,44.005364,44.237578,10389929.0
2016-08-16,44.252998,44.252998,43.826205,43.835374,9705517.0
2016-08-17,44.014281,44.067981,43.777491,44.055579,11207457.0
2016-08-18,44.008224,44.259082,44.002707,44.101467,9144153.0
2016-08-19,44.055003,44.057636,43.741475,43.923363,9385502.0
2016-08-22,43.934451,43.946576,43.725015,43.733164,8687889.0
2016-08-23,43.847238,43.984801,43.73356,43.843173,8421274.0
2016-08-24,43.819965,43.94601,43.665589,43.84446,11510154.0
2016-08-25,43.853628,43.937554,43.629661,43.666386,9815951.0
2016-08-26,43.717831,43.917947,43.310514,43.323698,11825652.0
2016-08-29,43.341743,43.606145,43.336797,43.54279,9543868.0
2016-08-30,43.468691,43.528565,43.12164,43.248535,9719804.0
2016-08-31,43.424926,43.461058,43.084469,43.433678,10216696.0
2016-09-01,43.211619,43.412483,43.205935,43.34892,8457214.0
2016-09-02,43.520844,43.836387,43.467854,43.662009,9026386.0
2016-09-06,43.728884,43.801202,43.403226,43.788731,8601008.0
2016-09-07,43.714117,43.805991,43.532248,43.632779,8656647.0
2016-09-08,43.668349,43.729687,43.449673,43.631908,10019805.0
2016-09-09,43.429511,43.429623,42.266656,42.266656,23621393.0
2016-09-12,42.354126,43.231785,42.342116,43.189621,15932272.0
2016-09-13,42.768541,42.773026,42.211167,42.278006,12961704.0
2016-09-14,42.271247,42.409294,41.995333,42.109195,9824325.0
2016-09-15,42.01124,42.389077,41.88025,42.362674,10158184.0
2016-09-16,42.172052,42.258506,41.966225,42.136482,16352950.0
2016-09-19,42.160553,42.369461,42.080117,42.097643,7659906.0
2016-09-20,42.316313,42.533916,42.241175,42.345234,8407284.0
2016-09-21,42.274728,42.610646,42.103088,42.53618,13653594.0
2016-09-22,42.71541,43.010037,42.693448,42.965889,9286608.0
2016-09-23,42.814776,42.942475,42.653011,42.735728,8852817.0
2016-09-26,42.712009,42.7201,42.015414,42.052974,15036066.0
2016-09-27,42.196012,42.628138,42.00072,42.592808,11920822.0
2016-09-28,42.627485,42.758003,42.036913,42.158085,15525439.0
2016-09-29,42.024093,42.390163,41.860793,42.030379,12672144.0
2016-09-30,42.214061,42.497902,42.064283,42.324707,14373993.0
2016-10-03,42.304093,42.30692,41.889412,42.026293,11150489.0
2016-10-04,42.338321,42.340165,41.778725,41.841412,13682207.0
2016-10-05,41.924581,42.073637,41.676912,41.816479,9608316.0
2016-10-06,41.679569,41.936757,41.577289,41.704538,9722996.0
2016-10-07,41.826049,41.937454,41.571622,41.724742,8122907.0
2016-10-10,41.917548,41.99435,41.601697,41.726239,8983508.0
2016-10-11,41.656514,41.695324,41.401788,41.546559,12250085.0
2016-10-12,41.633381,41.84261,41.499246,41.774729,12214191.0
2016-10-13,41.652773,41.893007,41.516942,41.761233,17652645.0
2016-10-14,41.854576,41.914971,41.614202,41.667509,9893459.0
2016-10-17,41.733566,41.857655,41.566382,41.608116,10792389.0
2016-10-18,41.806328,41.994427,41.72756,41.973494,11298227.0
2016-10-19,41.928276,42.123589,41.810164,42.040845,16368598.0
2016-10-20,41.970521,42.112923,41.883881,41.929731,10620878.0
2016-10-21,41.851798,42.167316,41.688015,42.133948,14400907.0
2016-10-24,42.318616,42.771218,42.247719,42.565548,13438489.0
2016-10-25,42.638768,42.875839,42.421837,42.539427,16484170.0
2016-10-26,42.999997,43.025831,42.407006,42.430269,16884288.0
2016-10-27,42.634134,42.659014,41.902957,42.112679,14536574.0
2016-10-28,42.256133,42.46936,42.102954,42.232979,13398226.0
2016-10-31,42.125967,42.412839,42.116435,42.399654,13326716.0
2016-11-01,42.398819,42.433466,41.910932,42.114461,12221995.0
2016-11-02,42.101155,42.340958,42.009324,42.053412,12035649.0
2016-11-03,42.218869,42.218869,41.965792,42.033775,11257367.0
2016-11-04,41.852073,42.040086,41.697846,41.697846,14466599.0
2016-11-07,42.044611,42.497052,42.042578,42.456616,14038853.0
2016-11-08,42.376372,42.979721,42.373288,42.875645,12037277.0
2016-11-09,41.758301,42.319291,41.699223,42.265707,21351271.0
2016-11-10,41.860867,42.256408,40.853398,40.94045,33239040.0
2016-11-11,40.953452,41.135427,40.628036,41.028235,13419570.0
2016-11-14,41.130802,41.421279,40.851809,41.166277,19514824.0
2016-11-15,41.173913,41.525604,41.165908,41.439256,16556386.0
2016-11-16,41.406955,41.650485,41.165326,41.261752,12683248.0
2016-11-17,41.279753,41.302078,40.993399,41.121708,12398974.0
2016-11-18,41.034606,41.200783,40.896915,40.908513,16346159.0
2016-11-21,40.910202,41.361907,40.734746,41.356312,12307042.0
2016-11-22,41.460824,41.696181,41.239604,41.369851,12742114.0
2016-11-23,41.218617,41.312457,41.028972,41.117681,9281240.0
2016-11-25,41.393185,41.585554,41.246133,41.529661,7401881.0
2016-11-28,41.516977,41.785003,41.270693,41.748174,19424717.0
2016-11-29,41.522566,41.525754,41.139225,41.144831,11422327.0
2016-11-30,40.993833,41.195559,40.351979,40.351979,22405461.0
2016-12-01,40.31074,40.390822,39.872613,40.167793,20412145.0
2016-12-02,40.2968,40.490935,40.192659,40.357587,11175230.0
2016-12-05,40.343249,40.687402,40.317135,40.625817,15977512.0
2016-12-06,40.747494,40.765691,40.411266,40.568532,11302493.0
2016-12-07,40.535557,41.291798,40.508456,41.291798,13726302.0
2016-12-08,41.069746,41.214662,40.850463,40.972246,13075595.0
2016-12-09,41.508605,42.221106,41.288154,41.99705,28125150.0
2016-12-12,42.009626,42.010949,41.724739,41.90401,17560923.0
2016-12-13,41.719163,41.960593,41.530157,41.758461,18982834.0
2016-12-14,41.893708,41.980259,41.06535,41.21417,17934409.0
2016-12-15,41.102819,41.81373,41.09689,41.551343,14262982.0
2016-12-16,41.605267,41.758489,41.470812,41.739325,19673498.0
2016-12-19,41.691906,41.806979,41.575749,41.664896,8686604.0
2016-12-20,41.696791,41.724621,41.443541,41.655748,10603495.0
2016-12-21,41.602678,41.819552,41.516804,41.573696,9693490.0
2016-12-22,41.574544,41.62519,41.080509,41.546,11893915.0
2016-12-23,41.620184,41.694926,41.345044,41.600888,6436692.0
2016-12-27,41.563262,41.758831,41.534455,41.608625,6999151.0
2016-12-28,41.495293,41.673684,41.386913,41.386913,8987778.0
2016-12-29,41.375316,41.684682,41.375316,41.595024,6874882.0
2016-12-30,41.687821,41.842722,41.356837,41.470082,11469232.0
2017-01-03,41.497966,41.806514,41.273103,41.80189,14710564.0
2017-01-04,41.879012,41.97688,41.590544,41.644988,9961530.0
2017-01-05,41.667195,41.863549,41.531713,41.751141,8967277.0
2017-01-06,41.701622,41.805041,41.546577,41.742121,10246974.0
2017-01-09,41.234402,41.579573,41.210916,41.31708,14823177.0
2017-01-10,41.441519,41.441519,40.864496,41.048692,19707107.0
2017-01-11,40.849139,41.119027,40.823781,41.048534,9265540.0
2017-01-12,41.011689,41.035369,40.809429,40.951284,8540593.0
2017-01-13,41.002367,41.042461,40.68957,40.879575,8123415.0
2017-01-17,40.835599,41.302255,40.800115,41.228171,12470576.0
2017-01-18,41.247248,41.374208,41.14527,41.290744,10389121.0
2017-01-19,41.140008,41.290481,41.033175,41.136621,10987599.0
2017-01-20,41.265579,41.441926,41.123142,41.324345,14694153.0
2017-01-23,41.308193,41.505725,41.206149,41.427124,11627980.0
2017-01-24,41.467857,41.963524,41.467857,41.897198,17039672.0
2017-01-25,41.94495,42.248403,41.905958,42.122872,12538015.0
2017-01-26,42.028901,42.106468,41.788987,41.813837,8976947.0
2017-01-27,41.918542,41.948742,41.417463,41.446556,12966734.0
2017-01-30,41.296047,41.486045,41.207029,41.380675,11626779.0
2017-01-31,41.389169,41.686445,41.354226,41.580917,12676237.0
2017-02-01,41.519502,41.666232,41.244774,41.253458,11135226.0
2017-02-02,41.413328,41.489638,41.257571,41.391723,9460026.0
2017-02-03,41.572551,41.782544,41.465345,41.547077,11881411.0
2017-02-06,41.533986,41.669101,41.397108,41.561283,15744677.0
2017-02-07,41.703313,41.974708,41.677171,41.903543,13314720.0
2017-02-08,41.91098,42.148711,41.834403,42.021342,14218307.0
2017-02-09,42.020963,42.020963,40.719341,41.248108,27241620.0
2017-02-10,41.013831,41.201512,40.543454,40.56809,28844596.0
2017-02-13,40.77097,40.826344,40.500317,40.618148,23618585.0
2017-02-14,40.377216,40.599756,40.208755,40.532425,32177404.0
2017-02-15,40.423551,40.627315,40.401849,40.445724,26598259.0
2017-02-16,40.548064,41.274168,40.502348,41.200794,22215187.0
2017-02-17,41.128144,41.353521,41.047381,41.233554,15065828.0
2017-02-21,41.19651,41.501279,41.19651,41.457524,17071493.0
2017-02-22,41.508767,41.685672,41.396023,41.60426,11188209.0
2017-02-23,41.672339,41.997145,41.622521,41.661835,12855571.0
2017-02-24,41.705139,41.908133,41.600613,41.784681,13216476.0
2017-02-27,41.751336,41.751336,41.5983,41.669566,12187932.0
2017-02-28,41.678925,42.079081,41.636341,41.955086,15947044.0
2017-03-01,42.013049,42.3413,41.871956,42.161332,14663596.0
2017-03-02,42.076274,42.552447,42.072111,42.464439,15510673.0
2017-03-03,42.476222,42.487847,42.247928,42.483394,11740074.0
2017-03-06,42.339351,42.430934,42.123729,42.181615,16306441.0
2017-03-07,41.995465,42.23862,41.946788,41.993723,11273446.0
2017-03-08,41.99765,42.035644,41.740324,41.986796,14637761.0
2017-03-09,42.090535,42.112008,41.929919,42.019196,14497773.0
2017-03-10,42.229587,42.401773,42.149303,42.294205,16368271.0
2017-03-13,41.919692,42.114469,41.836792,42.029483,12831681.0
2017-03-14,41.983867,42.098615,41.830598,41.96731,9845062.0
2017-03-15,41.977529,42.281523,41.963927,42.115047,22754864.0
2017-03-16,42.030415,42.393674,41.89765,42.250871,16004757.0
2017-03-17,42.277901,42.354071,42.008313,42.029401,37526661.0
2017-03-20,42.093942,42.336824,42.060874,42.172266,11485577.0
2017-03-21,42.305828,42.626179,42.204235,42.489514,17184592.0
2017-03-22,42.560159,42.697186,42.258396,42.375464,11604608.0
2017-03-23,42.208694,42.388629,42.061492,42.17058,11501366.0
2017-03-24,42.227538,42.253411,41.906712,42.11866,13806458.0
2017-03-27,42.111434,42.347161,42.049696,42.3197,12388130.0
2017-03-28,42.235536,42.557468,42.235536,42.42697,14122191.0
2017-03-29,42.50714,42.535942,42.284189,42.422125,9579776.0
2017-03-30,42.348046,42.618175,42.257969,42.594307,12001058.0
2017-03-31,42.558515,42.653094,42.423026,42.44,11550311.0
2017-04-03,42.576044,42.634809,42.26444,42.417746,11240809.0
2017-04-04,42.504043,42.687046,42.372105,42.678882,10946690.0
2017-04-05,42.64629,42.850008,42.526272,42.564938,10143053.0
2017-04-06,42.581469,42.754848,42.466331,42.672696,14597050.0
2017-04-07,42.640064,42.736325,42.511842,42.600896,11027994.0
2017-04-10,42.737915,42.802949,42.563333,42.690301,9426152.0
2017-04-11,42.687987,42.747627,42.520459,42.653247,8910169.0
2017-04-12,42.543051,42.992992,42.508082,42.931029,13417398.0
2017-04-13,42.867787,43.081357,42.776241,42.786711,9890725.0
2017-04-17,42.79388,43.066589,42.782094,43.066589,11317708.0
2017-04-18,43.108329,43.588729,43.08999,43.478754,13183113.0
2017-04-19,43.743512,43.788623,43.18949,43.231247,13894143.0
2017-04-20,43.192938,43.300619,43.051265,43.089864,10839363.0
2017-04-21,42.977768,43.094109,42.888355,43.073327,13831088.0
2017-04-24,43.242724,43.431537,43.144587,43.287136,16702328.0
2017-04-25,42.853995,43.431727,42.819958,43.111867,18744498.0
2017-04-26,43.058053,43.430772,42.983379,43.244293,13624295.0
2017-04-27,43.165882,43.277195,42.924657,43.008318,10386454.0
2017-04-28,42.966508,43.206184,42.852043,43.150876,10338520.0
2017-05-01,43.145728,43.496813,43.098746,43.224972,13207626.0
2017-05-02,43.215943,43.442841,43.164725,43.382113,11825010.0
2017-05-03,43.333467,43.485585,43.145984,43.323289,10389157.0
2017-05-04,43.416968,43.808479,43.394443,43.6577,10194475.0
2017-05-05,43.792968,43.829112,43.558278,43.696236,8133523.0
2017-05-08,43.594138,43.904132,43.542548,43.89017,14285600.0
2017-05-09,43.890687,43.890687,43.376087,43.509271,8693813.0
2017-05-10,43.47895,43.620229,43.357454,43.570626,7597465.0
2017-05-11,43.487289,43.676756,43.430618,43.669116,6859890.0
2017-05-12,43.634996,43.68504,43.46328,43.584736,7275485.0
2017-05-15,43.462555,43.755447,43.458044,43.725206,8492593.0
2017-05-16,43.873421,44.112489,43.776007,43.847958,10454797.0
2017-05-17,43.847393,44.180769,43.711736,43.933412,14540868.0
2017-05-18,43.864918,43.967033,43.637389,43.804246,13832450.0
2017-05-19,43.847649,43.996528,43.767077,43.901936,11796327.0
2017-05-22,43.889601,44.226748,43.80937,44.179046,12856969.0
2017-05-23,44.248328,44.602962,44.213188,44.38975,11997747.0
2017-05-24,44.509675,45.098494,44.505419,45.03626,12738608.0
2017-05-25,44.996803,45.484642,44.977609,45.407002,16703460.0
2017-05-26,45.348585,45.55054,45.333043,45.385534,11342982.0
2017-05-30,45.167168,45.460477,45.104631,45.440241,13092595.0
2017-05-31,45.428435,45.695441,45.37104,45.474272,14147510.0
2017-06-01,45.451719,45.789611,45.231171,45.789611,11049092.0
2017-06-02,45.839495,45.894879,45.613891,45.894879,9924101.0
2017-06-05,45.781823,45.984417,45.691146,45.983965,10014210.0
2017-06-06,45.894773,46.060833,45.778662,45.975282,9838280.0
2017-06-07,45.497808,45.703618,45.348176,45.508921,12774694.0
2017-06-08,45.507211,45.513605,45.033438,45.134482,12879777.0
2017-06-09,45.064565,45.347625,44.96778,45.314936,9359634.0
2017-06-12,45.320935,45.477729,45.201968,45.3289,11227636.0
2017-06-13,44.998192,45.111607,44.805445,45.032955,10022881.0
2017-06-14,45.177143,45.470427,45.156007,45.297498,11499534.0
2017-06-15,45.17987,45.33799,45.041875,45.252376,9908191.0
2017-06-16,45.3179,45.346351,45.01437,45.313298,27019553.0
2017-06-19,45.353773,45.381371,45.099354,45.381371,7625360.0
2017-06-20,45.345842,45.873857,45.324781,45.606165,14921527.0
2017-06-21,45.61466,45.679404,45.1656,45.218874,9515407.0
2017-06-22,45.173122,45.277939,45.031147,45.075148,7446170.0
2017-06-23,45.046767,45.375225,45.02919,45.251538,9546245.0
2017-06-26,45.318235,45.515163,45.295903,45.423852,7747648.0
2017-06-27,45.335428,45.391788,45.003147,45.051814,11430451.0
2017-06-28,45.25965,45.511334,45.221211,45.321354,9219459.0
2017-06-29,45.131623,45.239147,44.649747,44.826698,9283096.0
2017-06-30,44.89029,45.122562,44.843793,44.843793,9353160.0
2017-07-03,45.112477,45.268683,44.757403,44.757595,6433857.0
2017-07-05,44.788329,44.993696,44.725787,44.8177,6853643.0
2017-07-06,44.721209,44.860609,44.297203,44.403145,13111592.0
2017-07-07,44.470418,44.524975,44.243264,44.383583,9566190.0
2017-07-10,44.448552,44.577362,44.231719,44.386714,9672940.0
2017-07-11,44.327302,44.483612,44.144523,44.32563,10301659.0
2017-07-12,44.589173,44.776196,44.434051,44.50214,7736829.0
2017-07-13,44.491177,44.537584,44.371166,44.430264,6373492.0
2017-07-14,44.523844,44.727795,44.498705,44.68174,8559273.0
2017-07-17,44.664922,44.789382,44.617056,44.727377,7189528.0
2017-07-18,44.782152,44.854069,44.621038,44.671753,9037117.0
2017-07-19,44.672002,44.83406,44.549266,44.825359,6986862.0
2017-07-20,44.901351,44.983216,44.753509,44.817887,7428798.0
2017-07-21,44.782867,45.071175,44.663613,45.025985,8544706.0
2017-07-24,45.048364,45.049373,44.829862,44.839638,9102631.0
2017-07-25,45.018011,45.287852,44.942711,45.235269,14096244.0
2017-07-26,44.546233,45.787181,44.306357,45.743831,13610115.0
2017-07-27,45.80376,46.430174,45.697696,46.120212,15192730.0
2017-07-28,45.996648,46.118574,45.732849,46.011025,11947093.0
2017-07-31,46.007652,46.080229,45.788426,45.839846,13623464.0
2017-08-01,45.968499,46.060153,45.641627,45.70463,10305528.0
2017-08-02,45.602088,45.9959,45.374998,45.591429,10187672.0
2017-08-03,45.653878,45.945102,45.632422,45.663465,14261933.0
2017-08-04,45.671438,45.760882,45.466057,45.49202,9523011.0
2017-08-07,45.513602,45.751653,45.504516,45.64234,6227576.0
2017-08-08,45.648765,45.823583,45.551743,45.602349,5746653.0
2017-08-09,45.558556,45.660148,45.329451,45.591605,9637681.0
2017-08-10,45.559246,45.844685,45.45637,45.74238,8901961.0
2017-08-11,45.859812,45.900156,45.561426,45.585801,8360046.0
2017-08-14,45.670551,45.935151,45.618184,45.805948,8421228.0
2017-08-15,45.801729,46.251314,45.801729,46.184456,9637070.0
2017-08-16,46.145662,46.339568,46.121684,46.195167,8086712.0
2017-08-17,46.112826,46.330813,45.843631,45.857571,8475912.0
2017-08-18,45.795672,45.900956,45.636104,45.659998,10879872.0
2017-08-21,45.668022,45.802021,45.556855,45.677485,9429687.0
2017-08-22,45.698832,45.741464,45.535162,45.606632,10536628.0
2017-08-23,45.624986,45.656113,45.441948,45.538318,6527277.0
2017-08-24,45.541424,45.610124,45.303306,45.409143,7534129.0
2017-08-25,45.589944,45.756109,45.565177,45.568477,8806810.0
2017-08-28,45.625025,45.692693,45.383502,45.426101,8023318.0
2017-08-29,45.395828,45.5692,45.25456,45.444287,7760935.0
2017-08-30,45.360968,45.538205,45.283247,45.392035,7134827.0
2017-08-31,45.401434,45.653217,45.339918,45.552825,14264197.0
2017-09-01,45.631094,45.800042,45.537773,45.780216,7392208.0
2017-09-05,45.746966,45.932404,45.648312,45.912465,9916078.0
2017-09-06,45.988573,46.039617,45.787713,45.956939,9238455.0
2017-09-07,46.005165,46.319999,45.961228,46.275159,9419058.0
2017-09-08,46.180126,46.371645,46.024645,46.295701,10533841.0
2017-09-11,46.348424,46.589476,46.219543,46.525522,10432225.0
2017-09-12,46.508583,46.753188,46.450213,46.71629,8567784.0
2017-09-13,46.678149,46.988746,46.650802,46.87157,10217808.0
2017-09-14,46.396215,46.467247,45.945467,46.111435,13767874.0
2017-09-15,46.298562,46.361127,45.998299,46.171733,16142978.0
2017-09-18,46.150843,46.241628,45.901396,46.111209,8536567.0
2017-09-19,46.140708,46.189537,45.88759,45.983569,7296684.0
2017-09-20,45.759542,46.151996,45.550613,45.782232,11027794.0
2017-09-21,45.717137,45.787963,45.353694,45.408323,7555522.0
2017-09-22,45.44581,45.630064,45.372889,45.488628,8023225.0
2017-09-25,45.50134,45.757675,45.348231,45.689719,9215722.0
2017-09-26,45.689529,45.874419,45.564024,45.568644,6479479.0
2017-09-27,45.469665,45.509575,44.375169,44.641153,14815288.0
2017-09-28,44.670098,44.991789,44.654274,44.908472,8789467.0
2017-09-29,44.863212,45.110344,44.792824,45.009056,10082528.0
2017-10-02,45.04681,45.270852,44.746163,44.79679,10708797.0
2017-10-03,44.858991,45.25377,44.764005,45.187789,12037275.0
2017-10-04,45.110014,45.562725,44.938919,45.497564,14060399.0
2017-10-05,45.504955,45.745439,45.497426,45.514974,10214957.0
2017-10-06,45.382992,45.514691,45.282655,45.491916,5438042.0
2017-10-09,45.55182,45.655879,45.349104,45.410933,5268001.0
2017-10-10,45.597944,45.909923,45.526362,45.86309,6310474.0
2017-10-11,45.883007,46.095702,45.87522,46.095702,6638231.0
2017-10-12,45.983411,46.131177,45.942696,46.110438,7710028.0
2017-10-13,46.251216,46.377992,46.158156,46.175138,7126092.0
2017-10-16,46.120756,46.74813,46.099842,46.613747,12710167.0
2017-10-17,46.538616,46.62667,46.307676,46.513763,7700599.0
2017-10-18,46.417538,46.544687,46.24285,46.404123,6272849.0
2017-10-19,46.373696,46.787764,46.323183,46.585763,7515966.0
2017-10-20,46.575395,46.585777,46.281113,46.386347,9646850.0
2017-10-23,46.385677,46.645979,46.234999,46.321049,7152969.0
2017-10-24,46.260572,46.292003,45.955749,46.18074,9540480.0
2017-10-25,46.378565,46.762731,45.932271,46.051453,11994401.0
2017-10-26,46.315225,46.747924,46.219114,46.235651,10568790.0
2017-10-27,46.125703,46.333254,45.91336,46.060764,9987910.0
2017-10-30,46.001133,46.075557,45.819823,45.861633,7202030.0
2017-10-31,45.918043,46.171163,45.837352,45.982305,6560938.0
2017-11-01,45.748419,46.089105,45.630981,45.805215,7066391.0
2017-11-02,45.811082,45.954827,45.763024,45.881457,8318313.0
2017-11-03,45.96666,46.159736,45.923371,45.976835,4730380.0
2017-11-06,45.908702,45.920868,45.421726,45.472905,7450124.0
2017-11-07,45.407624,45.953822,45.315177,45.946497,9868348.0
2017-11-08,45.968078,46.189772,45.876094,46.169495,7586649.0
2017-11-09,46.114213,46.381243,46.032878,46.228395,6532312.0
2017-11-10,46.196987,46.638619,46.144897,46.541885,8022823.0
2017-11-13,46.596401,46.816769,46.539539,46.727276,7654254.0
2017-11-14,46.710708,47.468847,46.623432,47.428474,17203770.0
2017-11-15,47.324485,47.467214,46.786075,46.810246,12418558.0
2017-11-16,46.947014,46.979466,46.512421,46.550555,12506217.0
2017-11-17,46.343367,46.387243,45.245926,45.707936,19719779.0
2017-11-20,45.652843,45.877146,45.425709,45.455896,19160858.0
2017-11-21,45.555999,45.947052,45.543514,45.779681,10281755.0
2017-11-22,45.892717,45.936635,45.539833,45.838448,8434168.0
2017-11-24,45.886325,46.062968,45.857516,45.884184,2996505.0
2017-11-27,45.880567,45.993512,45.820855,45.90165,5650157.0
2017-11-28,45.998816,46.142192,45.779976,45.828179,8432020.0
2017-11-29,45.770815,45.818565,45.213887,45.492339,16498104.0
2017-11-30,45.138833,45.841285,45.024052,45.777022,17149253.0
2017-12-01,45.795085,46.01569,45.209543,45.978434,12468704.0
2017-12-04,45.988755,46.380599,45.779329,46.230018,17523792.0
2017-12-05,46.243958,46.440031,46.055414,46.249834,13671073.0
2017-12-06,46.366594,46.481783,46.266386,46.446721,8154025.0
2017-12-07,46.287797,46.324234,45.714895,45.77189,9106908.0
2017-12-08,45.705906,45.736365,45.052359,45.302168,13238394.0
2017-12-11,45.317948,45.419593,44.932047,45.333455,9698323.0
2017-12-12,45.243514,45.524338,45.060541,45.294148,13998651.0
2017-12-13,45.446193,46.047704,45.398434,45.903461,12419562.0
2017-12-14,45.803363,46.162889,45.800053,46.022815,9028411.0
2017-12-15,46.286766,46.418449,46.047177,46.19058,21178422.0
2017-12-18,46.195875,46.385497,45.905813,45.929458,10156231.0
2017-12-19,46.038575,46.385885,45.905327,46.131298,8253133.0
2017-12-20,46.213927,46.301958,45.961608,46.081057,7311527.0
2017-12-21,46.144191,46.220632,45.558088,45.600774,9658673.0
2017-12-22,45.698882,45.728503,45.554448,45.59343,5406984.0
2017-12-26,45.704963,45.858277,45.612971,45.810417,6099766.0
2017-12-27,45.894296,45.937358,45.719157,45.93123,5661367.0
2017-12-28,45.915182,45.990344,45.640578,45.725082,6539860.0
2017-12-29,45.704378,46.180637,45.694064,45.885727,8370469.0
2018-01-02,45.908894,45.936151,45.508464,45.54374,10870699.0
2018-01-03,45.484322,45.688245,45.337653,45.44361,12636225.0
2018-01-04,45.562576,46.213453,45.449864,46.07971,12709848.0
2018-01-05,46.022004,46.196501,45.792417,46.067982,13112967.0
2018-01-08,45.947987,46.101455,45.886016,46.000374,7067917.0
2018-01-09,46.003057,46.354803,45.940346,46.235744,9961126.0
2018-01-10,46.225451,46.263176,45.930409,46.079196,10700737.0
2018-01-11,46.224615,46.231499,45.851343,46.043963,7583027.0
2018-01-12,46.279726,46.38686,46.033983,46.149393,14569401.0
2018-01-16,46.145154,46.619722,46.141951,46.52362,16458175.0
2018-01-17,46.58614,47.001883,46.552087,46.82097,12143101.0
2018-01-18,46.75046,47.074836,46.602534,46.886404,11953460.0
2018-01-19,46.994431,47.241045,46.871244,47.164677,16187296.0
2018-01-22,47.142773,47.501393,47.089526,47.389787,9576481.0
2018-01-23,47.214495,47.694873,47.127102,47.457431,11464136.0
2018-01-24,47.534254,47.950616,47.47962,47.82919,15963280.0
2018-01-25,47.703193,47.999947,47.689137,47.84448,11753887.0
2018-01-26,47.780712,48.620536,47.73161,48.538399,16668907.0
2018-01-29,48.227242,48.462856,47.581949,47.709635,11659688.0
2018-01-30,47.730203,48.154278,47.397931,47.412345,12404705.0
2018-01-31,47.454394,47.893459,47.366187,47.590073,10961156.0
2018-02-01,47.408002,47.72532,47.106221,47.439571,10278697.0
2018-02-02,47.356238,47.412995,46.633651,46.738218,12911569.0
2018-02-05,46.659587,46.919382,44.411001,44.896681,23260321.0
2018-02-06,43.868095,44.738272,43.440378,44.668691,25178701.0
2018-02-07,44.582537,45.500455,44.282596,44.559671,18043737.0
2018-02-08,44.622333,44.622333,43.070894,43.094629,23296954.0
2018-02-09,43.360318,43.45896,42.190415,43.130228,22851992.0
2018-02-12,43.566108,44.232259,43.363321,43.972107,14689144.0
2018-02-13,43.923055,44.410505,43.696214,44.184495,13164255.0
2018-02-14,44.023482,44.199849,43.635589,44.091231,13457956.0
2018-02-15,44.248473,44.826532,44.123872,44.779904,13467704.0
2018-02-16,45.568911,45.642202,44.729841,44.985052,17203942.0
2018-02-20,44.748832,44.832267,43.940264,43.980714,14138371.0
2018-02-21,44.112602,44.257875,43.330892,43.338182,12793061.0
2018-02-22,43.42979,43.820793,43.216727,43.521908,12376312.0
2018-02-23,43.584711,44.063887,43.420586,44.040729,8276001.0
2018-02-26,44.227629,44.387907,43.807086,44.025408,12713818.0
2018-02-27,44.145559,44.312944,43.617865,43.617865,12775808.0
2018-02-28,43.821465,43.908923,43.21346,43.218021,11929176.0
2018-03-01,43.105883,43.643164,42.821916,43.430388,17745654.0
2018-03-02,43.260765,43.80301,43.239408,43.721132,14050890.0
2018-03-05,43.574087,43.936714,43.503667,43.889475,11993178.0
2018-03-06,43.950849,44.039779,43.583515,43.935064,10009639.0
2018-03-07,43.584047,43.924918,43.47167,43.824659,10884002.0
2018-03-08,43.898204,44.460246,43.807362,44.444202,12360341.0
2018-03-09,44.566802,44.823966,44.387311,44.823966,9779648.0
2018-03-12,44.95461,45.086445,44.337946,44.534071,11855603.0
2018-03-13,44.673495,44.832858,44.402212,44.568754,11342225.0
2018-03-14,44.386195,44.432245,43.728255,43.786174,15318482.0
2018-03-15,43.878041,43.999015,43.544978,43.672695,12456383.0
2018-03-16,43.699514,44.020337,43.451024,43.47099,26605159.0
2018-03-19,43.452633,43.712042,43.184927,43.255284,12380613.0
2018-03-20,43.318432,43.486388,43.015157,43.161945,13560540.0
2018-03-21,43.135709,43.451485,42.795766,42.999311,13052237.0
2018-03-22,42.880092,43.378322,42.711961,42.754443,12271650.0
2018-03-23,42.815713,43.159551,42.290142,42.322635,13473856.0
2018-03-26,42.612772,42.810806,42.254917,42.68968,11273002.0
2018-03-27,42.69932,43.308528,42.532095,42.889927,11625100.0
2018-03-28,43.00266,43.697414,43.00266,43.318599,16276936.0
2018-03-29,43.5444,43.924744,43.298184,43.425625,10452047.0
2018-04-02,43.432501,43.507496,42.473316,42.669376,14207290.0
2018-04-03,42.981397,43.538231,42.833908,43.376703,15483222.0
2018-04-04,43.144095,44.40401,43.109105,44.239867,13563610.0
2018-04-05,44.282681,44.606092,43.938859,44.401085,11709160.0
2018-04-06,44.272684,44.520822,43.712011,43.923018,11495727.0
2018-04-09,44.029269,44.314916,43.777923,43.832697,11912982.0
2018-04-10,44.078525,44.183977,43.71582,43.995283,10378490.0
2018-04-11,43.817071,44.140085,43.759268,43.987954,8423640.0
2018-04-12,44.082511,44.405892,43.940413,44.026069,8477108.0
2018-04-13,44.193923,44.689125,44.135495,44.514655,10773095.0
2018-04-16,44.647049,44.897832,44.406452,44.681424,8961438.0
2018-04-17,44.952608,45.035643,44.648266,44.877043,8405137.0
2018-04-18,44.900995,44.963621,44.334178,44.511307,7427620.0
2018-04-19,44.344496,44.472455,44.003276,44.310006,10369850.0
2018-04-20,44.301218,44.405254,43.581265,43.744583,14690785.0
2018-04-23,43.740783,43.992177,43.559592,43.980651,11879320.0
2018-04-24,43.982172,44.092513,42.731439,43.07391,18521784.0
2018-04-25,42.739101,42.890717,41.918049,42.42203,20775404.0
2018-04-26,42.400052,43.092732,42.264187,42.74882,13561166.0
2018-04-27,42.730393,43.340876,42.706685,43.31362,9778648.0
2018-04-30,43.499137,43.693021,42.978178,43.210481,16037367.0
2018-05-01,42.95619,42.984456,42.177749,42.591632,11513940.0
2018-05-02,42.401545,42.591782,41.937819,42.055359,13737202.0
2018-05-03,42.222286,42.396866,41.522314,41.884825,18352265.0
2018-05-04,41.79542,42.498303,41.766886,42.353648,10948098.0
2018-05-07,42.342982,42.494699,41.960389,42.143884,9336091.0
2018-05-08,41.978632,42.084075,41.686779,41.806799,15061520.0
2018-05-09,41.971842,42.22928,41.67252,41.786911,9297770.0
2018-05-10,41.99142,42.359087,41.941007,42.183316,7923913.0
2018-05-11,42.241029,42.46874,42.043605,42.138447,6332400.0
2018-05-14,42.256154,42.321134,41.901249,42.043132,10714841.0
2018-05-15,41.777595,41.920524,41.447257,41.718708,16448743.0
2018-05-16,41.734583,41.942324,41.530857,41.549762,11592312.0
2018-05-17,42.004615,42.348548,41.869694,42.295973,14857691.0
2018-05-18,42.302875,42.379384,42.083334,42.180453,11951306.0
2018-05-21,42.30872,42.526401,42.271171,42.407227,9110507.0
2018-05-22,42.494862,42.602641,42.21183,42.245948,8223255.0
2018-05-23,42.247299,42.451367,41.93082,42.395468,8972344.0
2018-05-24,42.406239,42.469857,42.189119,42.316347,9269768.0
2018-05-25,42.336209,42.576681,42.195948,42.403223,8806349.0
2018-05-29,42.120422,42.847224,42.097826,42.681314,14827039.0
2018-05-30,42.773643,43.284871,42.700064,43.129674,10113513.0
2018-05-31,43.197261,43.211516,42.677137,42.993444,15570096.0
2018-06-01,43.101635,43.318749,43.041635,43.1199,10664462.0
2018-06-04,43.360992,43.596566,43.289133,43.494693,11729388.0
2018-06-05,43.502856,43.539336,43.107026,43.107991,9974865.0
2018-06-06,43.060161,43.460342,43.05064,43.460342,9201847.0
2018-06-07,43.331466,43.723407,43.33039,43.432605,11947649.0
2018-06-08,43.568206,44.006068,43.561343,43.94839,12079913.0
2018-06-11,43.947019,44.254032,43.886709,44.136093,7527007.0
2018-06-12,44.132425,44.426579,44.081088,44.416201,8242824.0
2018-06-13,44.353311,44.529061,44.152312,44.17665,16745865.0
2018-06-14,43.747808,43.845677,43.523176,43.582702,12696131.0
2018-06-15,43.559773,44.15207,43.455791,44.121902,21558935.0
2018-06-18,43.888953,43.966089,43.401986,43.555133,12162780.0
2018-06-19,43.302931,43.753174,43.194129,43.600395,12936433.0
2018-06-20,43.622129,43.786516,43.236244,43.260277,10892307.0
2018-06-21,43.267347,43.302214,42.960034,43.088788,10465870.0
2018-06-22,43.151248,43.403987,43.081903,43.247871,14923584.0
2018-06-25,43.162414,43.749689,43.159843,43.584147,12092921.0
2018-06-26,43.556061,43.835737,43.278665,43.327051,13974400.0
2018-06-27,43.326353,43.611154,42.986082,43.063608,15330573.0
2018-06-28,43.239161,43.667968,43.16729,43.467743,12668144.0
2018-06-29,43.572931,44.097703,43.311768,43.860726,11485317.0
2018-07-02,43.780045,44.159003,43.576324,43.746452,9232360.0
2018-07-03,44.055124,44.331478,43.992688,43.99652,8215243.0
2018-07-05,44.160398,44.666914,44.127929,44.655768,11652100.0
2018-07-06,44.666704,44.938142,44.582789,44.63636,8732188.0
2018-07-09,44.549488,44.727514,44.340597,44.395529,7371508.0
2018-07-10,44.514551,44.995472,44.503399,44.979067,10606141.0
2018-07-11,44.997613,44.997613,44.641435,44.788745,7715664.0
2018-07-12,44.835164,44.967326,44.499985,44.674581,6332274.0
2018-07-13,44.688829,44.785782,44.47401,44.746215,5585847.0
2018-07-16,44.73219,44.802667,44.525363,44.729681,5831672.0
2018-07-17,44.754571,45.39796,44.682776,45.244137,11593338.0
2018-07-18,45.190374,45.288294,44.839912,45.126132,7351646.0
2018-07-19,44.986976,45.431851,44.925956,45.105861,10097299.0
2018-07-20,45.019389,45.289671,44.902553,45.289671,8588811.0
2018-07-23,45.278879,45.354495,44.773464,44.95444,9053685.0
2018-07-24,44.778982,45.265644,44.610082,45.260677,13788764.0
2018-07-25,46.003601,46.579884,45.751742,46.084087,21331405.0
2018-07-26,46.353365,46.58139,46.204519,46.238651,12672323.0
2018-07-27,46.317225,46.502578,46.061797,46.210728,10517477.0
2018-07-30,46.104121,46.438546,46.051736,46.227231,8967706.0
2018-07-31,46.408791,46.670273,46.306111,46.636923,12439992.0
2018-08-01,46.454102,46.487492,46.170829,46.395061,9902547.0
2018-08-02,46.481738,46.635964,46.176243,46.176243,12009724.0
2018-08-03,46.224882,46.764197,46.137752,46.619879,11461833.0
2018-08-06,46.601935,46.871021,46.550461,46.655071,10055681.0
2018-08-07,46.522967,46.606804,46.130013,46.492871,8631742.0
2018-08-08,46.487011,46.558667,46.121474,46.153959,6810173.0
2018-08-09,46.243559,46.422202,46.084295,46.347969,8924122.0
2018-08-10,46.209808,46.41969,45.979551,46.081018,7536435.0
2018-08-13,46.049287,46.133621,45.70048,45.831019,8142103.0
2018-08-14,45.913868,46.102316,45.871202,45.886104,6846525.0
2018-08-15,45.770374,46.143162,45.649279,46.071704,9686605.0
2018-08-16,46.106803,46.383624,45.972037,46.215175,10600643.0
2018-08-17,46.288181,46.726721,46.23913,46.594893,8885600.0
2018-08-20,46.680652,46.877915,46.588861,46.738604,6391280.0
2018-08-21,46.731619,46.751246,46.210909,46.210909,13988268.0
2018-08-22,46.335095,46.382008,45.914555,45.936331,7159021.0
2018-08-23,45.893404,46.078272,45.692256,45.69942,13142898.0
2018-08-24,45.655617,45.794979,45.575085,45.637435,10954361.0
2018-08-27,46.046159,46.04921,45.567739,45.688829,9580281.0
2018-08-28,45.658153,45.722785,45.280917,45.371058,8475851.0
2018-08-29,45.245563,45.429266,45.217559,45.334573,12409249.0
2018-08-30,45.278033,45.31333,44.896979,44.947808,9716582.0
2018-08-31,44.989745,45.070051,44.391491,44.566286,19835533.0
2018-09-04,44.604291,44.899215,44.50891,44.762799,11135200.0
2018-09-05,44.667106,45.426382,44.667106,45.380459,10554825.0
2018-09-06,45.402011,46.003184,45.299517,45.775655,11439001.0
2018-09-07,45.600721,45.816262,45.271489,45.724806,10207852.0
2018-09-10,45.907335,46.311443,45.80324,46.058754,8568162.0
2018-09-11,46.102203,46.141523,45.886152,46.01867,9279386.0
2018-09-12,46.165095,46.298641,46.008216,46.242576,13218162.0
2018-09-13,46.008395,46.1213,45.71206,45.830482,8294115.0
2018-09-14,45.92059,46.031268,45.615969,45.99147,7613387.0
2018-09-17,45.997217,46.336214,45.911318,46.318827,8528931.0
2018-09-18,46.389644,46.526345,45.932616,45.932616,9848370.0
2018-09-19,45.996944,46.105236,45.860107,45.959651,7119206.0
2018-09-20,46.229653,46.679304,46.151781,46.64108,9735591.0
2018-09-21,46.64381,46.698259,46.369755,46.578837,19245027.0
2018-09-24,46.479592,46.528264,45.838594,46.070842,10777696.0
2018-09-25,46.052689,46.183105,45.607165,45.682109,7920185.0
2018-09-26,45.768838,46.067056,45.571049,45.846063,10164090.0
2018-09-27,45.725126,46.18719,45.683631,46.011902,10826707.0
2018-09-28,46.003647,46.18904,45.974285,46.178542,9070941.0
2018-10-01,46.17096,46.347242,46.054993,46.227565,9364106.0
2018-10-02,46.286178,46.563916,46.055791,46.506523,7463073.0
2018-10-03,46.466014,46.54846,45.800009,45.875323,10543210.0
2018-10-04,45.660877,45.905844,45.429034,45.849112,9581442.0
2018-10-05,45.943718,46.162381,45.690566,45.881713,8733065.0
2018-10-08,45.996175,46.581645,45.97506,46.483364,9808279.0
2018-10-09,46.378886,46.549986,46.219101,46.39346,10824525.0
2018-10-10,46.295618,46.699278,45.672277,45.678633,13914728.0
2018-10-11,45.802592,45.972772,44.494133,44.641882,17678012.0
2018-10-12,44.480776,44.875745,44.247363,44.679969,12422799.0
2018-10-15,44.635255,45.261389,44.588079,44.902738,11608837.0
2018-10-16,45.024037,45.601133,44.858095,45.49288,10441729.0
2018-10-17,45.414826,45.992099,45.361588,45.855979,11056395.0
2018-10-18,45.911841,46.081866,45.467368,45.614014,12715914.0
2018-10-19,45.832168,46.493452,45.832168,46.33651,13990547.0
2018-10-22,46.365942,46.457597,45.812486,45.976227,14282140.0
2018-10-23,45.616306,46.454815,45.458976,46.361768,17483849.0
2018-10-24,46.334149,47.386586,46.244049,46.736595,21625496.0
2018-10-25,46.642085,46.747599,46.118091,46.507036,14218009.0
2018-10-26,46.365642,46.484286,45.42991,45.918373,21455453.0
2018-10-29,46.146976,46.562004,46.051625,46.455414,20931653.0
2018-10-30,46.624509,47.748054,46.037359,47.621323,20898129.0
2018-10-31,47.495351,48.079233,47.216813,47.882894,25309099.0
2018-11-01,47.807058,48.144399,47.293631,47.736607,16495403.0
2018-11-02,47.820194,48.001869,47.434127,48.000722,17584536.0
2018-11-05,47.999108,48.775128,47.915478,48.686667,16543722.0
2018-11-06,48.653889,49.133637,48.605955,49.115081,14372153.0
2018-11-07,49.397448,49.552311,49.034174,49.375297,12239435.0
2018-11-08,49.122699,49.370887,49.112121,49.325664,9762881.0
2018-11-09,49.385759,49.883512,49.360635,49.684002,12398519.0
2018-11-12,49.611327,50.238691,49.53863,49.856619,13920842.0
2018-11-13,49.810642,49.991472,49.583989,49.860166,13871981.0
2018-11-14,49.851177,49.945052,49.584576,49.756173,12105106.0
2018-11-15,49.66273,49.754372,49.261536,49.745544,12080424.0
2018-11-16,49.653548,50.252484,49.634146,50.17058,13405249.0
2018-11-19,50.31099,50.760837,50.25616,50.515679,13577138.0
2018-11-20,50.820751,50.833863,49.200687,49.383607,16254484.0
2018-11-21,49.225295,49.443481,48.591582,48.733469,13563262.0
2018-11-23,48.762779,49.231522,48.556384,49.017649,4792415.0
2018-11-26,49.005156,49.231401,48.670552,48.862616,9342164.0
2018-11-27,48.882078,49.402812,48.722798,49.363171,9180846.0
2018-11-28,49.200376,49.721712,49.200376,49.712676,11367526.0
2018-11-29,49.277834,49.434148,48.977037,48.980872,11562259.0
2018-11-30,48.99798,50.491583,48.99051,50.40247,25538164.0
2018-12-03,49.864163,49.964678,48.877026,49.688439,14877736.0
2018-12-04,49.973856,50.515141,49.497023,49.578153,19059034.0
2018-12-06,49.505416,49.630235,48.64935,49.385229,17677183.0
2018-12-07,49.570013,49.677607,48.883747,49.089345,15565930.0
2018-12-10,49.451451,49.454423,48.464753,49.24965,12332308.0
2018-12-11,49.590831,50.01215,49.175133,49.537836,18082949.0
2018-12-12,49.949593,50.019921,49.191064,49.21917,12315141.0
2018-12-13,48.717753,49.612741,48.569942,49.468022,13766468.0
2018-12-14,49.232676,49.514839,49.027444,49.33884,13837022.0
2018-12-17,49.340431,49.539936,48.013525,48.336079,18481960.0
2018-12-18,48.617346,48.823692,47.847551,48.32882,14764896.0
2018-12-19,48.240166,48.761947,47.618348,47.906561,17902183.0
2018-12-20,47.815559,48.134125,47.09319,47.544998,21130042.0
2018-12-21,47.245127,48.755887,47.223756,47.576307,32476598.0
2018-12-24,47.615521,47.87613,45.828054,45.959087,10733817.0
2018-12-26,45.880033,46.958289,45.667185,46.938571,14343592.0
2018-12-27,46.73884,47.556022,46.035978,47.535395,16966096.0
2018-12-28,47.893111,48.002636,47.031927,47.199641,13218995.0
2018-12-31,47.491741,47.541134,46.965213,47.351003,10576641.0
2019-01-02,46.933844,47.221434,46.563852,46.922618,11604099.0
2019-01-03,46.821884,47.363009,46.518748,46.636817,14713391.0
2019-01-04,46.749363,47.568386,46.638568,47.568324,13013393.0
2019-01-07,47.570121,47.751053,46.902605,46.95111,13135593.0
2019-01-08,47.242674,47.565884,47.038672,47.477772,15419026.0
2019-01-09,47.080269,47.27869,46.42464,46.566592,18032163.0
2019-01-10,46.661034,47.088695,46.333253,47.071275,15976199.0
2019-01-11,47.287467,47.351718,46.965873,47.338981,11087582.0
2019-01-14,47.256589,47.402672,46.987996,47.155624,11514316.0
2019-01-15,46.882473,47.601679,46.802012,47.574329,11342652.0
2019-01-16,47.398678,47.471295,46.85451,46.925955,16908202.0
2019-01-17,46.918253,47.138919,46.8737,47.051394,12044201.0
2019-01-18,47.250134,47.700167,47.123987,47.619423,12763109.0
2019-01-22,47.697311,47.795072,47.211902,47.722398,11702651.0
2019-01-23,47.826767,48.287705,47.640779,48.270596,12057826.0
2019-01-24,48.112558,48.112558,47.378067,47.690588,10272928.0
2019-01-25,47.885025,48.026819,47.238826,47.373383,12066923.0
2019-01-28,47.225202,47.29627,46.944928,47.170811,9967080.0
2019-01-29,47.196781,47.627788,47.131044,47.403637,12000712.0
2019-01-30,47.254723,47.893506,47.187265,47.845557,12950779.0
2019-01-31,47.852089,48.776858,47.465393,48.118169,32184537.0
2019-02-01,48.483004,48.776153,48.406578,48.703725,19129236.0
2019-02-04,48.696935,49.456525,48.53882,49.249564,15106746.0
2019-02-05,49.337619,49.469354,49.096826,49.256309,12651320.0
2019-02-06,49.200675,49.361358,49.016657,49.265141,8688984.0
2019-02-07,49.173405,49.45798,48.999967,49.42066,10049033.0
2019-02-08,49.368377,49.500087,49.100789,49.496364,9812980.0
2019-02-11,49.572435,49.877256,49.475777,49.614518,9368562.0
2019-02-12,49.696218,49.799195,49.463909,49.666484,10981813.0
2019-02-13,49.614303,49.943956,49.561397,49.795365,12747543.0
2019-02-14,46.695197,46.95528,45.49859,45.592738,58891540.0
2019-02-15,45.899267,46.258165,45.203502,45.23993,35700617.0
2019-02-19,45.323575,45.59065,44.771293,44.831854,25516185.0
2019-02-20,44.907453,45.247015,44.79717,45.099196,27461687.0
2019-02-21,44.993122,45.910516,44.96608,45.858361,23125169.0
2019-02-22,45.754201,45.959121,45.199685,45.279265,24729148.0
2019-02-25,45.43596,45.570292,44.840196,44.938762,23773717.0
2019-02-26,45.102817,45.146643,44.664135,44.699625,20464962.0
2019-02-27,44.598023,45.02479,44.427017,44.936844,17827893.0
2019-02-28,45.123333,45.599682,45.118913,45.342987,22534761.0
2019-03-01,45.470558,45.639532,45.196009,45.382709,16289790.0
2019-03-04,45.534922,45.667525,45.290231,45.65571,15974953.0
2019-03-05,45.642176,45.698916,45.400152,45.602276,13061375.0
2019-03-06,45.664032,45.791731,45.443908,45.446887,14230112.0
2019-03-07,45.487522,45.527938,45.131472,45.278909,12084434.0
2019-03-08,45.156148,45.253989,44.606732,44.83813,15580243.0
2019-03-11,45.141002,46.232325,45.092485,46.174308,22131527.0
2019-03-12,45.948604,46.24413,45.899656,46.042338,19349123.0
2019-03-13,46.130045,46.338834,45.914831,46.210439,16221171.0
2019-03-14,45.840397,46.118182,45.627698,45.705651,18503444.0
2019-03-15,45.718634,45.897813,45.138933,45.301494,47260719.0
2019-03-18,45.427032,45.682034,45.367481,45.413533,24006543.0
2019-03-19,45.540719,45.692203,45.338164,45.560349,14987950.0
2019-03-20,45.400812,45.895032,45.18232,45.536775,13375672.0
2019-03-21,45.535913,45.758255,45.441656,45.503375,20041078.0
2019-03-22,45.456255,46.112721,45.456255,45.932376,19054618.0
2019-03-25,45.861581,46.193489,45.787964,46.032974,11668643.0
2019-03-26,46.174614,46.790058,46.169067,46.638479,11431923.0
2019-03-27,46.651031,46.916239,46.330068,46.613698,11544608.0
2019-03-28,46.671389,46.921001,46.482486,46.573646,11119250.0
2019-03-29,46.673946,46.915729,46.477278,46.861506,16046826.0
2019-04-01,46.992655,47.162284,46.582398,46.712124,11521600.0
2019-04-02,46.750126,46.92097,46.563746,46.563894,8495383.0
2019-04-03,46.419891,46.588925,46.049603,46.183077,12854314.0
2019-04-04,46.346409,46.54496,46.111682,46.481294,7815520.0
2019-04-05,46.486657,46.578185,46.199363,46.467552,7678021.0
2019-04-08,46.539582,46.572055,46.268247,46.549661,9422493.0
2019-04-09,46.456303,46.720935,46.269524,46.669617,8642394.0
2019-04-10,46.846808,47.000651,46.560443,46.649766,8060558.0
2019-04-11,46.717577,46.746422,46.540581,46.713049,7352258.0
2019-04-12,46.666426,46.936452,46.570501,46.733863,10688931.0
2019-04-15,46.876572,47.033296,46.700188,46.992821,10261622.0
2019-04-16,47.053525,47.090373,46.693752,46.944904,10805516.0
2019-04-17,47.193459,47.542231,47.157648,47.279769,11848049.0
2019-04-18,47.328019,47.578752,47.280723,47.479951,12168458.0
2019-04-22,47.394984,47.611248,47.024419,47.399822,9834581.0
2019-04-23,48.085264,48.724121,47.555416,48.195489,25328661.0
2019-04-24,48.03458,48.239351,47.913932,47.981325,15994853.0
2019-04-25,47.739968,47.89368,47.473609,47.833224,11446580.0
2019-04-26,47.992418,48.449037,47.975785,48.257922,10156560.0
2019-04-29,48.161577,48.449883,48.113643,48.426641,9731317.0
2019-04-30,48.52539,49.175751,48.385291,49.055322,17911461.0
2019-05-01,48.944427,49.081126,48.550558,48.583725,10552273.0
2019-05-02,48.528296,48.765106,48.273746,48.404081,8723763.0
2019-05-03,48.600998,48.957912,48.519899,48.717792,7078182.0
2019-05-06,48.329886,48.602478,48.260935,48.471197,8657388.0
2019-05-07,48.217715,48.29627,47.767626,47.995803,12487870.0
2019-05-08,48.053895,48.233041,47.826788,47.840818,9281628.0
2019-05-09,47.806908,47.973294,47.070424,47.40401,11449725.0
2019-05-10,47.405146,48.298388,47.39351,48.189837,9654987.0
2019-05-13,47.913113,48.126294,47.730416,48.048916,11912569.0
2019-05-14,48.542838,49.326059,48.3487,48.690054,16843113.0
2019-05-15,48.667837,49.375996,48.596892,49.186167,11421970.0
2019-05-16,49.266843,49.648603,49.204613,49.570165,17771586.0
2019-05-17,49.267624,49.551966,49.17264,49.197985,11256753.0
2019-05-20,49.041103,49.140528,48.757509,48.853632,13849927.0
2019-05-21,49.003425,49.039763,48.44511,48.602301,10585518.0
2019-05-22,48.78716,49.711335,48.717025,49.65781,16047321.0
2019-05-23,49.491933,49.901083,49.463581,49.855356,12198758.0
2019-05-24,49.820388,49.879989,49.523112,49.613091,6887390.0
2019-05-28,49.597561,49.668568,49.02429,49.104716,18611958.0
2019-05-29,48.732972,49.035013,48.401815,48.607697,12534286.0
2019-05-30,48.710101,49.315743,48.675024,49.252639,9087187.0
2019-05-31,49.006686,49.317,48.779393,49.128115,11368142.0
2019-06-03,49.154983,49.985262,49.021841,49.985262,14167354.0
2019-06-04,49.992503,50.285838,49.622198,50.004235,12010375.0
2019-06-05,50.001506,51.143618,49.682154,50.787983,15838223.0
2019-06-06,50.897961,51.527636,50.587864,51.400334,15190175.0
2019-06-07,51.469501,52.191625,51.447007,51.491412,15292731.0
2019-06-10,51.537179,51.542443,51.088442,51.384385,9737582.0
2019-06-11,51.449205,51.598834,51.178387,51.331768,9915963.0
2019-06-12,51.507745,52.152633,51.464341,51.64153,11090440.0
2019-06-13,51.463033,51.698798,50.782307,51.137132,10354652.0
2019-06-14,51.050965,51.53427,51.044867,51.299365,8695551.0
2019-06-17,51.244769,51.480666,50.609743,50.85921,12325470.0
2019-06-18,51.24099,51.303617,50.526336,50.636145,9221685.0
2019-06-19,50.537436,51.236829,50.472313,51.130149,9414331.0
2019-06-20,51.504905,51.800584,51.347945,51.659818,10657200.0
2019-06-21,51.533068,51.887252,51.412011,51.552373,21264237.0
2019-06-24,51.744283,52.200884,51.696698,51.929119,10778874.0
2019-06-25,51.99616,52.0997,51.645645,51.757486,11521605.0
2019-06-26,51.52257,51.638792,51.088381,51.123206,12404714.0
2019-06-27,51.29419,51.399682,50.966468,51.068798,12374958.0
2019-06-28,51.264764,51.405852,50.516443,50.915721,16338092.0
2019-07-01,51.070515,51.633783,50.7735,51.602573,14975936.0
2019-07-02,51.778534,52.054016,51.555308,51.982248,8568026.0
2019-07-03,52.001383,52.337755,51.998642,52.094314,7253995.0
2019-07-05,51.890332,52.125476,51.473187,52.115537,8917553.0
2019-07-08,52.207095,52.335626,51.892175,52.001961,9495560.0
2019-07-09,51.720904,51.972444,51.432692,51.59078,10586987.0
2019-07-10,51.795701,51.968533,51.657674,51.818167,7621384.0
2019-07-11,51.995286,52.064401,51.653291,52.043039,10375722.0
2019-07-12,52.247836,52.287634,51.907895,52.130882,7347009.0
2019-07-15,52.272183,52.28821,51.875568,52.131015,5876781.0
2019-07-16,51.958453,52.47448,51.814135,52.146732,7131883.0
2019-07-17,52.227024,52.253121,52.013196,52.172258,8264580.0
2019-07-18,52.046287,52.172064,51.670942,52.029545,11911866.0
2019-07-19,52.138651,52.148624,51.368379,51.395041,10353887.0
2019-07-22,51.518525,51.518525,51.139023,51.226269,12091602.0
2019-07-23,53.252872,54.646409,52.760099,54.333694,33421346.0
2019-07-24,54.109626,54.822071,53.628855,53.780897,15633382.0
2019-07-25,53.643153,53.792655,52.724093,53.064947,19134284.0
2019-07-26,53.337694,54.307927,53.198317,54.163544,11451214.0
2019-07-29,54.178396,54.296831,53.904301,53.989201,12282535.0
2019-07-30,53.949211,54.308406,53.567979,53.727153,8126394.0
2019-07-31,53.506069,53.514597,52.045245,52.628895,16865968.0
2019-08-01,52.783182,53.196023,51.997788,52.027978,19527119.0
2019-08-02,51.912952,52.724859,51.907776,52.323671,13102642.0
2019-08-05,52.390075,52.663531,51.39331,51.63709,19982180.0
2019-08-06,51.868507,52.760192,51.602186,52.263194,19902492.0
2019-08-07,52.269037,53.391718,51.771168,53.167002,17937391.0
2019-08-08,53.211359,53.776371,52.852413,53.684937,10798860.0
2019-08-09,53.787626,53.913172,53.076843,53.423286,9260660.0
2019-08-12,53.277548,53.437729,52.985595,53.20366,6588978.0
2019-08-13,52.902047,53.607861,52.87522,53.500025,8582892.0
2019-08-14,53.342574,53.970249,52.963394,52.985434,17088598.0
2019-08-15,53.431002,54.0041,53.230748,53.866426,12392340.0
2019-08-16,53.975665,54.485408,53.954426,54.402278,14288897.0
2019-08-19,54.437457,54.770057,54.309591,54.693567,10934750.0
2019-08-20,54.62224,54.697486,53.844237,53.872319,8176933.0
2019-08-21,54.249026,54.412363,53.847124,54.099308,10886611.0
2019-08-22,54.123286,54.637666,54.095427,54.484153,7469641.0
2019-08-23,54.424972,54.709754,53.386753,53.744873,14158669.0
2019-08-26,53.998432,54.542914,53.721043,54.542914,9226694.0
2019-08-27,54.695319,54.942325,54.411011,54.717958,13536247.0
2019-08-28,54.663223,55.147729,54.426014,55.106991,10046045.0
2019-08-29,55.262099,55.34071,54.601189,55.054665,9262910.0
2019-08-30,55.158897,55.22374,54.808675,55.04279,8747003.0
2019-09-03,54.973043,55.332283,54.862502,55.292808,12989790.0
2019-09-04,55.350084,55.923293,55.299849,55.766239,10716717.0
2019-09-05,55.74474,55.767976,55.031944,55.115852,13677285.0
2019-09-06,55.434481,55.437627,54.760512,55.232126,9093369.0
2019-09-09,55.029274,55.074895,54.359151,54.510072,10814094.0
2019-09-10,54.230387,54.435751,53.84344,54.394279,12038518.0
2019-09-11,54.284277,54.793339,53.970052,54.773273,9738822.0
2019-09-12,55.103992,55.298686,54.975482,55.118336,12356186.0
2019-09-13,54.475154,54.792661,54.07643,54.257035,11484783.0
2019-09-16,54.104684,54.349549,53.626662,53.965387,11171793.0
2019-09-17,54.091321,54.706067,53.959967,54.249644,11346894.0
2019-09-18,54.198878,54.300909,53.818315,54.225051,9702483.0
2019-09-19,54.228314,54.604103,54.118798,54.515017,7561029.0
2019-09-20,54.699507,54.699507,53.895356,53.910429,19208685.0
2019-09-23,53.90418,54.352687,53.87956,54.138001,6484796.0
2019-09-24,54.247793,54.613566,54.037678,54.306689,10091453.0
2019-09-25,54.437124,54.475133,53.995449,54.168731,10247059.0
2019-09-26,54.472013,54.579431,54.132344,54.389265,10030884.0
2019-09-27,54.561971,54.646675,54.006101,54.307141,7938065.0
2019-09-30,54.157648,54.687038,54.147518,54.439524,9809115.0
2019-10-01,54.524616,54.775424,53.999972,54.647196,14261568.0
2019-10-02,54.203451,54.440346,52.898592,53.077111,14344699.0
2019-10-03,53.495432,53.979761,52.811595,53.842689,13819591.0
2019-10-04,54.001081,54.545537,53.882822,54.544762,9296297.0
2019-10-07,54.343926,54.360966,53.764322,53.877619,5964838.0
2019-10-08,53.883447,54.066787,53.451451,53.579531,13299417.0
2019-10-09,54.058878,54.065441,53.547609,53.82597,7135594.0
2019-10-10,53.54152,53.877636,53.354329,53.661198,8942016.0
2019-10-11,53.643442,53.699926,53.195276,53.306868,8982342.0
2019-10-14,53.488083,53.680782,53.222605,53.30525,7306242.0
2019-10-15,53.430498,53.683575,53.275986,53.510187,9566158.0
2019-10-16,53.453332,53.573873,53.135023,53.492161,10453462.0
2019-10-17,53.692283,54.118578,53.578257,53.793704,13188568.0
2019-10-18,54.989979,55.389755,54.451493,54.773684,18118494.0
2019-10-21,54.458804,54.561273,53.684063,54.231698,12777313.0
2019-10-22,54.223068,54.426083,53.735416,53.855263,9532911.0
2019-10-23,54.063352,54.658385,54.016968,54.639389,8557088.0
2019-10-24,54.566376,54.834124,54.499401,54.603003,11051127.0
2019-10-25,54.548244,54.561474,53.683294,53.758644,9780616.0
2019-10-28,53.734355,53.956593,53.369573,53.56671,8866440.0
2019-10-29,53.381809,53.647277,53.258351,53.398909,7998849.0
2019-10-30,53.521389,54.053994,53.164692,53.942707,8622322.0
2019-10-31,53.957513,54.47603,53.852342,54.432857,13984471.0
2019-11-01,54.629937,54.739881,53.861559,53.897796,9889118.0
2019-11-04,53.946182,53.99839,52.968193,53.125421,17513018.0
2019-11-05,52.894794,52.894794,52.123185,52.425829,19285811.0
2019-11-06,52.525877,52.801633,52.412922,52.801633,13287973.0
2019-11-07,52.885711,53.003977,51.952273,52.280097,11726832.0
2019-11-08,52.462686,52.596522,52.092815,52.208966,7141879.0
2019-11-11,52.328814,52.361023,51.784087,51.843023,8198100.0
2019-11-12,51.918367,51.918367,51.565873,51.706686,12655511.0
2019-11-13,52.183125,52.4397,51.962439,52.41023,12255985.0
2019-11-14,52.527585,52.672153,52.345969,52.626871,8659510.0
2019-11-15,52.63472,52.691719,52.386761,52.66507,8982704.0
2019-11-18,52.680264,53.439285,52.663624,53.031723,13780442.0
2019-11-19,53.150066,53.31367,52.866195,53.071547,12681081.0
2019-11-20,53.099704,53.404881,53.015626,53.218127,11969144.0
2019-11-21,53.107323,53.342018,52.780993,52.968881,7856656.0
2019-11-22,52.956358,53.191118,52.753925,53.035447,9112335.0
2019-11-25,53.274923,53.394021,52.766656,53.220599,10963952.0
2019-11-26,53.308133,53.937334,53.212252,53.893595,13220041.0
2019-11-27,53.93513,54.099759,53.599122,53.956191,9595227.0
2019-11-29,53.700129,53.736672,53.226721,53.400663,7222744.0
2019-12-02,53.311029,53.753485,52.8532,53.753485,13173427.0
2019-12-03,53.699633,53.840275,53.406363,53.799687,14498116.0
2019-12-04,53.796632,54.311723,53.726312,54.298179,13623150.0
2019-12-05,54.21464,54.287243,53.826576,54.186128,14068154.0
2019-12-06,54.313395,54.505308,54.164409,54.41911,7843324.0
2019-12-09,54.295001,54.512601,54.022012,54.072014,13888628.0
2019-12-10,54.042524,54.079591,53.7397,53.767487,8993818.0
2019-12-11,53.937996,54.143028,53.665199,53.955018,8880253.0
2019-12-12,54.011316,54.454068,53.949343,54.143845,11233266.0
2019-12-13,53.932543,54.554525,53.844444,54.425921,13072916.0
2019-12-16,54.684776,54.835819,54.363917,54.419615,9538469.0
2019-12-17,54.402816,54.592004,54.29419,54.414687,9229327.0
2019-12-18,54.520298,54.743817,53.89435,53.903716,15133474.0
2019-12-19,54.047932,54.342669,53.918837,54.320775,13387591.0
2019-12-20,54.946976,55.197435,54.465509,54.973262,23833929.0
2019-12-23,55.003803,55.232952,54.840495,54.911921,9300147.0
2019-12-24,54.798228,54.996682,54.636545,54.710351,3359432.0
2019-12-26,54.924758,55.023244,54.792401,55.022941,6228867.0
2019-12-27,55.008033,55.46264,54.994582,55.344474,6896461.0
2019-12-30,55.185557,55.376331,55.054808,55.274351,6432290.0
2019-12-31,55.206136,55.377045,54.973625,55.352159,7982253.0
2020-01-02,55.314475,55.43356,54.754166,54.998009,11868835.0
2020-01-03,54.31413,54.973755,54.08315,54.695405,11353929.0
2020-01-06,54.642293,54.899965,54.51658,54.673058,14701194.0
2020-01-07,54.446606,54.607181,54.144842,54.253685,9972522.0
2020-01-08,54.276863,54.642428,54.150833,54.356582,10675780.0
2020-01-09,54.995785,55.396682,54.838499,55.33926,15397597.0
2020-01-10,55.480563,55.921337,55.454586,55.521934,13042222.0
2020-01-13,55.527016,56.223107,55.421958,56.125072,14302277.0
2020-01-14,56.233104,56.299753,55.829117,56.000367,16346354.0
2020-01-15,56.004764,56.975364,55.99719,56.69978,17736358.0
2020-01-16,56.852042,56.952928,56.60606,56.824363,10233123.0
2020-01-17,56.868437,57.151649,56.801453,56.936737,14263469.0
2020-01-21,56.847131,57.250493,56.570047,57.172175,11968527.0
2020-01-22,57.243014,57.640562,57.18151,57.608922,12869545.0
2020-01-23,57.371128,57.856537,57.229913,57.82911,12859233.0
2020-01-24,57.844355,57.863258,57.468835,57.680249,8594523.0
2020-01-27,57.201264,57.850746,57.130696,57.477712,14359325.0
2020-01-28,57.454949,57.747358,56.967616,57.013372,15239120.0
2020-01-29,57.002043,57.258139,56.65779,56.994881,13163742.0
2020-01-30,57.928401,58.974227,57.754844,58.860344,20222967.0
2020-01-31,58.974015,59.081821,58.15297,58.394064,17685000.0
2020-02-03,58.745424,58.965137,58.514079,58.570277,12331958.0
2020-02-04,58.749882,59.45285,58.614786,58.836169,15417410.0
2020-02-05,58.901453,59.082448,58.542239,58.857217,11412260.0
2020-02-06,58.988115,59.349206,58.839647,58.991856,9345438.0
2020-02-07,58.881756,59.327093,58.848369,59.18808,8755590.0
2020-02-10,59.31944,59.848517,59.285733,59.746074,7984462.0
2020-02-11,59.721443,59.78704,59.328224,59.581288,7430521.0
2020-02-12,59.481541,59.774896,59.311541,59.40905,9178444.0
2020-02-13,59.384261,59.843542,59.201479,59.608713,8173201.0
2020-02-14,59.619324,60.066842,59.619324,59.957272,9963613.0
2020-02-18,59.817554,59.941962,59.452796,59.519968,10076007.0
2020-02-19,59.510159,59.992325,59.466901,59.774363,6266589.0
2020-02-20,59.678796,59.864148,59.101136,59.727032,7596438.0
2020-02-21,59.513307,60.13392,59.426465,60.13392,10842037.0
2020-02-24,59.120778,59.803016,58.569819,58.659417,14416761.0
2020-02-25,58.688936,59.200529,57.621065,57.818134,15914325.0
2020-02-26,57.993595,58.463371,57.471666,57.605323,15838457.0
2020-02-27,57.144265,57.887475,54.870408,54.938394,23752894.0
2020-02-28,53.831542,53.892614,51.577344,53.491048,40894929.0
2020-03-02,53.932808,55.961102,53.703096,55.91983,25696176.0
2020-03-03,56.762249,57.487298,55.633508,56.050332,27094632.0
2020-03-04,56.410418,59.001236,56.40835,58.920889,20527886.0
2020-03-05,57.798925,58.171642,56.183007,56.732623,17947703.0
2020-03-06,54.926821,55.916008,53.978125,55.260667,22352948.0
2020-03-09,52.047607,53.576211,51.474741,51.861505,27900108.0
2020-03-10,53.216621,53.803878,51.175338,53.659816,27457053.0
2020-03-11,52.348004,52.646354,51.135215,52.211621,22655878.0
2020-03-12,48.538054,49.927944,46.690665,47.162732,31908207.0
2020-03-13,49.512031,49.553176,46.61003,48.459423,33700355.0
2020-03-16,42.243071,47.879219,41.171259,45.255673,28682228.0
2020-03-17,45.871364,47.505139,45.371392,47.178996,32106137.0
2020-03-18,44.731025,45.154159,41.584096,44.843603,35406933.0
2020-03-19,44.359596,44.667775,41.036077,41.832399,41955691.0
2020-03-20,41.948906,42.071713,37.517514,38.299766,51504132.0
2020-03-23,38.760019,38.886853,36.266952,37.56972,44980225.0
2020-03-24,41.214518,41.392923,38.83272,39.45401,49095231.0
2020-03-25,40.634584,43.445563,39.902312,41.609204,42517310.0
2020-03-26,42.842947,45.259514,42.451263,44.295199,37824327.0
2020-03-27,43.666065,44.023584,42.404722,42.804043,23299371.0
2020-03-30,43.038033,45.564212,43.031513,44.999224,23450529.0
2020-03-31,45.06097,45.505069,44.057583,44.256213,25373381.0
2020-04-01,42.476162,43.654051,41.803727,42.114938,21933277.0
2020-04-02,42.220139,44.187973,41.863293,43.954063,17619812.0
2020-04-03,43.574784,44.341446,43.308502,43.830709,14208299.0
2020-04-06,45.384123,47.01182,44.691681,46.669358,22851261.0
2020-04-07,48.505819,48.590388,46.482181,46.505982,21275003.0
2020-04-08,46.645187,48.090394,46.329203,47.819659,18938919.0
2020-04-09,48.44273,49.727368,48.344068,48.99833,19164568.0
2020-04-13,48.352745,48.637181,46.493856,46.932316,19583338.0
2020-04-14,47.943461,49.25137,46.925322,48.925975,21800777.0
2020-04-15,47.713241,48.412499,47.407137,47.60897,12891286.0
2020-04-16,47.399517,47.852203,46.757612,47.090541,17606050.0
2020-04-17,48.300442,48.303212,47.366041,48.058599,19845304.0
2020-04-20,47.781332,48.001121,46.315705,46.524861,18959358.0
2020-04-21,45.878657,46.894487,44.266362,45.380657,26866125.0
2020-04-22,46.046045,46.140828,45.49764,45.680659,15812711.0
2020-04-23,45.950775,46.101881,44.968345,45.072297,17665793.0
2020-04-24,45.501591,45.750135,45.121343,45.431229,15172249.0
2020-04-27,45.997835,46.978165,45.707416,46.78198,19176377.0
2020-04-28,47.904914,47.994844,46.574131,46.737388,17245501.0
2020-04-29,47.272209,47.86106,46.875385,47.122714,15779996.0
2020-04-30,47.002214,47.002214,45.695278,45.886946,20802383.0
2020-05-01,45.625598,46.386154,45.204291,45.601763,14287785.0
2020-05-04,45.326546,45.485771,44.593062,45.131152,22543207.0
2020-05-05,45.36252,46.102109,45.146284,45.408619,13372815.0
2020-05-06,45.403455,45.620953,44.715252,44.747914,11892855.0
2020-05-07,45.147577,45.2363,44.496704,44.600045,16467150.0
2020-05-08,45.084895,46.21717,44.878614,46.113526,13984891.0
2020-05-11,45.692353,46.11217,45.519761,45.545736,10876814.0
2020-05-12,45.599728,45.858282,44.799585,44.819232,13425786.0
2020-05-13,44.70611,44.785902,43.519884,43.940128,15857263.0
2020-05-14,43.381045,44.061035,43.236122,43.70272,18003685.0
2020-05-15,43.963326,44.695766,43.200503,43.256212,31578611.0
2020-05-18,44.823528,45.384225,44.131481,44.971773,26119677.0
2020-05-19,45.006136,45.326327,44.253037,44.531053,17836520.0
2020-05-20,45.201004,46.164988,45.017065,45.887584,22294963.0
2020-05-21,46.085311,46.085326,45.033974,45.163484,13194287.0
2020-05-22,45.220482,45.314363,44.653879,45.024686,13005745.0
2020-05-26,46.921925,46.935356,45.930825,46.087428,22223823.0
2020-05-27,47.005863,47.091607,46.170832,46.732848,18446327.0
2020-05-28,47.31449,47.454362,46.81317,47.092606,16230266.0
2020-05-29,46.673644,47.186327,46.137235,46.678131,51122957.0
2020-06-01,46.662855,47.240525,46.595507,47.001199,17008099.0
2020-06-02,47.161294,47.275123,46.554972,46.890856,15255028.0
2020-06-03,47.269577,48.115629,47.114321,47.912203,15507906.0
2020-06-04,47.94419,48.271787,47.392368,47.919104,13604794.0
2020-06-05,48.540087,49.495307,48.454495,49.090796,20504370.0
2020-06-08,49.547828,49.971765,49.461671,49.851052,19897642.0
2020-06-09,49.594951,49.594951,48.683975,49.004476,16715873.0
2020-06-10,49.164993,49.273462,48.574951,48.617025,15717397.0
2020-06-11,47.812097,47.914092,45.466326,45.538787,26070098.0
2020-06-12,46.20637,46.252401,45.005393,45.596745,21826015.0
2020-06-15,44.561323,46.447339,44.467068,46.296813,15621102.0
2020-06-16,47.565095,47.689621,46.191521,46.771714,18804043.0
2020-06-17,46.774512,47.060281,46.435916,46.58283,12605097.0
2020-06-18,46.305977,47.046035,46.064432,46.98791,9380061.0
2020-06-19,47.772423,47.789022,46.009801,46.009801,30469921.0
2020-06-22,46.035337,46.154178,45.383951,45.743861,20877437.0
2020-06-23,46.000079,46.288374,45.581216,45.642625,14674743.0
2020-06-24,45.361216,45.446963,44.498237,44.643934,17627722.0
2020-06-25,44.465901,44.982653,44.029013,44.927386,13831011.0
2020-06-26,44.919386,45.009014,43.51261,43.571725,21956953.0
2020-06-29,43.998084,44.570171,43.554159,44.361401,17603841.0
2020-06-30,44.252457,44.827023,44.046011,44.676031,23677528.0
2020-07-01,44.933936,45.53522,44.707776,44.817493,14316379.0
2020-07-02,45.283934,45.434761,44.798588,44.882202,15112285.0
2020-07-06,45.136981,45.269141,44.605065,45.231832,15145252.0
2020-07-07,44.995191,45.500929,44.806806,45.212038,13043176.0
2020-07-08,45.147627,45.179837,44.474637,45.072641,13852788.0
2020-07-09,45.056447,45.056447,43.842291,43.912399,16087356.0
2020-07-10,43.876065,45.2599,43.85072,45.152381,15627987.0
2020-07-13,45.534599,45.676472,44.962852,45.253076,16705308.0
2020-07-14,44.903868,45.941691,44.670294,45.869843,17081174.0
2020-07-15,46.300714,47.192827,46.203081,46.406732,23734584.0
2020-07-16,46.258488,46.690249,45.938731,46.154839,13304894.0
2020-07-17,46.480049,46.908214,46.128435,46.819833,13899951.0
2020-07-20,46.720088,46.821137,45.839179,46.124369,16631668.0
2020-07-21,47.526511,47.987743,46.933296,47.188668,25680446.0
2020-07-22,47.929719,48.517879,47.034823,48.483079,29831068.0
2020-07-23,48.474757,48.566573,48.043292,48.278368,15935128.0
2020-07-24,48.401358,48.805818,48.07432,48.488829,16195403.0
2020-07-27,48.179897,48.496945,48.179897,48.476981,17346666.0
2020-07-28,48.339049,49.279776,48.097649,48.184716,13870319.0
2020-07-29,48.137195,48.496239,47.813958,48.02124,13757574.0
2020-07-30,47.671677,48.224403,47.209306,47.690513,17272343.0
2020-07-31,47.447771,47.764096,46.724873,47.247585,14847891.0
2020-08-03,47.130385,47.364879,46.231179,46.291061,14136722.0
2020-08-04,46.297919,46.858142,46.225855,46.684707,11717144.0
2020-08-05,46.899865,47.275306,46.811648,47.215651,10499074.0
2020-08-06,46.665053,47.528654,46.594778,47.481755,10746064.0
2020-08-07,47.469825,48.079178,47.202806,47.800716,11670034.0
2020-08-10,48.060481,48.275955,47.671277,47.719161,11885731.0
2020-08-11,48.452718,48.653144,47.694595,47.928568,16530329.0
2020-08-12,48.297433,48.685559,48.112986,48.43717,9563442.0
2020-08-13,48.257939,48.728664,48.060918,48.379498,9882634.0
2020-08-14,48.342708,48.689302,48.026453,48.448886,10074299.0
2020-08-17,48.316882,48.746765,48.202798,48.202798,9101351.0
2020-08-18,48.197594,48.49895,47.960032,48.426258,9828103.0
2020-08-19,48.121997,48.37678,47.21992,47.37274,17370848.0
2020-08-20,47.27203,47.598486,47.09227,47.349233,11307376.0
2020-08-21,47.335391,47.505504,46.964771,47.279126,14734495.0
2020-08-24,47.423866,47.974553,47.175752,47.971432,9257348.0
2020-08-25,48.002599,48.044277,47.641038,47.911037,7828491.0
2020-08-26,47.766372,48.17644,47.469042,48.158671,10123119.0
2020-08-27,48.253525,48.824124,48.205031,48.241088,10931696.0
2020-08-28,48.752511,49.851165,48.51889,49.824285,16420619.0
2020-08-31,49.804171,50.065714,49.354183,49.527032,18509838.0
2020-09-01,49.302029,49.346458,48.822568,49.117835,12590342.0
2020-09-02,49.361801,51.365758,49.358903,51.184308,26329468.0
2020-09-03,51.400125,52.137793,50.099728,50.479421,22289353.0
2020-09-04,50.942691,51.470895,50.287093,51.042104,21022543.0
2020-09-08,50.927328,51.0451,49.352061,49.813002,17778654.0
2020-09-09,49.595711,50.756633,49.552009,50.186823,15252652.0
2020-09-10,50.353152,50.673727,49.948611,50.006736,15441865.0
2020-09-11,50.398713,51.196261,50.09633,51.05239,18273368.0
2020-09-14,50.970977,51.226965,50.568147,50.711557,10911183.0
2020-09-15,51.006175,51.377004,50.844047,51.045222,12839343.0
2020-09-16,50.955746,51.456224,50.738001,50.795556,15352484.0
2020-09-17,50.225332,50.623597,49.939326,50.549178,13287225.0
2020-09-18,50.743159,51.165049,50.213332,50.453878,23819072.0
2020-09-21,49.756486,50.009921,48.607771,49.083691,17513632.0
2020-09-22,49.116302,50.040247,49.074709,49.674557,13034282.0
2020-09-23,49.741059,49.917146,48.176214,48.21633,17121413.0
2020-09-24,48.216919,49.10784,47.552358,48.697822,16787408.0
2020-09-25,48.192775,48.756183,47.981793,48.722466,12603792.0
2020-09-28,49.32543,49.701639,49.148073,49.27984,11213967.0
2020-09-29,49.395433,49.556265,48.914487,48.924141,12426901.0
2020-09-30,49.267832,49.616552,48.889075,49.368879,15757393.0
2020-10-01,49.435209,49.653061,48.584005,49.187896,17577145.0
2020-10-02,48.757178,49.582696,48.550836,49.369214,13610616.0
2020-10-05,49.425605,49.548854,49.114019,49.37932,10629330.0
2020-10-06,49.551202,49.736965,48.82603,48.933627,10077066.0
2020-10-07,49.022476,49.753803,48.950217,49.564645,10134953.0
2020-10-08,49.714097,50.541351,49.549223,50.453893,12143941.0
2020-10-09,50.679275,51.231283,50.598709,50.807069,11407419.0
2020-10-12,50.839905,51.51818,50.839518,51.09083,11386018.0
2020-10-13,50.993034,50.993034,49.905917,50.21549,14365327.0
2020-10-14,50.041295,50.502579,49.656154,50.116561,10583130.0
2020-10-15,49.400013,50.121412,49.287909,49.996796,9961732.0
2020-10-16,49.985981,50.350129,49.875162,50.032136,13569522.0
2020-10-19,50.033725,50.480759,49.466733,49.61898,9928618.0
2020-10-20,49.884696,50.615432,49.791473,50.24362,10971293.0
2020-10-21,49.956538,50.43412,49.779645,49.999995,12517528.0
2020-10-22,51.171556,51.199628,50.370945,50.682697,20190539.0
2020-10-23,51.002242,51.178744,50.467736,50.516638,13491595.0
2020-10-26,50.34555,50.499382,49.191968,49.80239,14696168.0
2020-10-27,49.811183,50.294365,49.550391,49.901007,13893737.0
2020-10-28,49.002298,49.141303,47.778949,47.959449,19886724.0
2020-10-29,47.733304,48.478397,47.297135,48.015483,15367998.0
2020-10-30,47.816268,48.122503,47.366164,48.063425,15806506.0
2020-11-02,48.758431,48.940596,48.241571,48.62134,15155841.0
2020-11-03,49.215395,49.961366,49.006641,49.350981,15286381.0
2020-11-04,49.430126,50.20663,49.079388,49.168139,12929753.0
2020-11-05,49.763582,50.208259,49.345435,49.435963,12452036.0
2020-11-06,49.647592,49.992265,49.248096,49.44588,9295200.0
2020-11-09,52.503197,53.257149,52.050225,52.571445,33441000.0
2020-11-10,52.569307,54.273774,52.447215,53.975687,29712901.0
2020-11-11,53.93102,54.309027,53.334267,53.594687,17396884.0
2020-11-12,53.061124,53.210488,52.609398,53.005766,15025793.0
2020-11-13,53.249668,53.507043,52.889898,53.456058,12449656.0
2020-11-16,54.505254,54.61339,53.276028,53.853822,14908570.0
2020-11-17,53.654116,53.750231,53.034125,53.677664,14249602.0
2020-11-18,53.750748,54.018633,52.5631,52.60671,15277557.0
2020-11-19,52.492233,53.227895,51.948599,53.128702,17189224.0
2020-11-20,53.192622,53.253813,52.590305,52.670563,15646524.0
2020-11-23,52.940638,53.170503,52.199167,52.67435,13192808.0
2020-11-24,53.149388,53.59198,53.025703,53.212881,13829973.0
2020-11-25,53.064432,53.2742,52.789446,52.932585,10194385.0
2020-11-27,53.105586,53.192749,52.615017,52.712118,8497189.0
2020-11-30,52.091747,52.185874,51.082197,51.594678,43198207.0
2020-12-01,52.144758,52.32887,51.786616,52.045852,18965355.0
2020-12-02,51.895043,52.126703,51.639526,52.112873,14913041.0
2020-12-03,51.901539,52.935036,51.901539,52.767448,17321103.0
2020-12-04,52.784452,53.867376,52.755038,53.84778,18122877.0
2020-12-07,53.762951,53.779307,52.70313,52.993568,16210458.0
2020-12-08,52.941693,53.484169,52.793517,53.183267,12486815.0
2020-12-09,53.383359,53.604266,53.00811,53.329987,11508025.0
2020-12-10,53.398622,53.51157,52.979513,53.045801,12095804.0
2020-12-11,52.802854,53.543365,52.779749,53.342981,10638363.0
2020-12-14,53.644653,53.840825,53.178825,53.261515,22288749.0
2020-12-15,53.785462,54.220212,53.608764,53.843971,16192777.0
2020-12-16,53.58918,53.801902,52.934687,53.06323,15679138.0
2020-12-17,53.302904,53.69888,53.147368,53.271331,12679205.0
2020-12-18,53.079351,53.850148,52.627114,53.742409,35477430.0
2020-12-21,52.6824,52.99738,51.983889,52.801398,14928411.0
2020-12-22,52.815012,53.184268,52.390655,52.76738,9691468.0
2020-12-23,52.948638,53.388591,52.933976,53.075912,7039810.0
2020-12-24,53.028225,53.542112,53.021879,53.442426,3265691.0
2020-12-28,53.853196,54.444325,53.722856,54.16289,9020026.0
2020-12-29,54.457738,54.495442,54.027121,54.126251,8320460.0
2020-12-30,54.052534,54.626559,54.019519,54.444487,8142691.0
2020-12-31,54.451014,54.934775,54.26939,54.845385,8494719.0
2021-01-04,54.277593,54.622113,52.024696,52.758564,25610585.0
2021-01-05,52.331769,52.619196,52.026091,52.180504,20322203.0
2021-01-06,51.970722,52.018805,50.185858,50.522549,38723327.0
2021-01-07,50.090706,50.263756,49.515815,49.96065,53227555.0
2021-01-08,50.030499,51.124207,49.839416,51.071908,29674002.0
2021-01-11,50.619096,50.863918,49.946428,50.200833,19307686.0
2021-01-12,50.041387,50.371873,49.759146,50.105428,18537642.0
2021-01-13,49.979489,50.367217,49.949909,50.157174,18863625.0
2021-01-14,50.169975,50.180341,49.219766,49.236968,34295819.0
2021-01-15,49.163274,49.176601,48.534022,48.697287,24366553.0
2021-01-19,48.740909,49.034933,48.244167,48.516256,29113388.0
2021-01-20,48.537001,48.82502,48.309089,48.680782,23115902.0
2021-01-21,48.78819,49.094123,48.450483,48.951866,19702657.0
2021-01-22,48.807233,48.938997,48.491822,48.493702,15401191.0
2021-01-25,48.418942,48.841457,48.242864,48.77835,16604680.0
2021-01-26,48.910345,49.405618,48.614237,49.291937,12922118.0
2021-01-27,48.889622,49.315101,48.226164,48.526207,21243345.0
2021-01-28,48.689262,49.486284,48.605794,49.15403,17500429.0
2021-01-29,49.024689,49.125127,48.103215,48.139293,18669996.0
2021-02-01,48.26645,48.679537,48.174995,48.481261,12183208.0
2021-02-02,48.804138,49.348993,48.627009,48.966542,13318461.0
2021-02-03,48.950986,49.09843,48.668858,48.761808,12275180.0
2021-02-04,48.955957,49.059725,48.647792,49.015082,20598591.0
2021-02-05,49.503614,49.778062,49.281134,49.649926,12740555.0
2021-02-08,49.957968,50.161634,49.477059,49.926997,17834135.0
2021-02-09,49.853439,50.019178,49.630741,49.705678,14591801.0
2021-02-10,50.408872,50.580761,49.52683,49.602852,22964556.0
2021-02-11,49.809492,50.580793,49.793753,50.303884,21927813.0
2021-02-12,50.570161,50.84691,50.386188,50.684194,13135830.0
2021-02-16,50.621362,50.72184,50.16357,50.27055,15095256.0
2021-02-17,50.000265,50.491895,49.885251,50.132142,12792594.0
2021-02-18,50.160596,50.855043,50.034319,50.772812,12746792.0
2021-02-19,50.795792,50.827222,49.964497,50.113301,15969527.0
2021-02-22,49.859772,50.88005,49.674798,50.626222,14373088.0
2021-02-23,50.999155,51.514595,50.422312,50.545013,16226574.0
2021-02-24,50.386363,50.899956,50.124044,50.712353,14440685.0
2021-02-25,50.473637,50.760805,49.977904,50.171522,14212930.0
2021-02-26,50.196297,50.207147,48.970458,48.990348,23640197.0
2021-03-01,49.442189,50.436756,49.393555,49.903256,13900307.0
2021-03-02,49.839606,50.559953,49.699485,50.094614,11755195.0
2021-03-03,49.72394,50.558418,49.706247,49.970131,15413086.0
2021-03-04,50.307153,51.079192,49.623994,49.936615,22037975.0
2021-03-05,50.051002,50.950038,49.901568,50.791139,21311629.0
2021-03-08,51.467609,52.492772,51.15898,51.638184,25084477.0
2021-03-09,51.720607,51.881387,50.817715,50.857149,23084638.0
2021-03-10,51.182463,51.636966,50.716815,51.441013,21331010.0
2021-03-11,51.412145,51.435442,50.8059,50.880209,17416418.0
2021-03-12,50.585585,50.668611,50.203082,50.365641,17601301.0
2021-03-15,50.499872,51.118414,50.470174,51.033634,13410987.0
2021-03-16,51.18453,51.514158,51.045165,51.220931,14213509.0
2021-03-17,51.246541,51.602916,51.144627,51.243041,17502317.0
2021-03-18,51.062982,51.187626,50.491121,50.561482,18006049.0
2021-03-19,50.454488,51.084425,50.173822,50.814451,67847289.0
2021-03-22,50.323117,51.074849,50.319067,51.002571,17908366.0
2021-03-23,50.987149,51.648499,50.83713,51.386187,16935763.0
2021-03-24,51.163223,51.889753,51.147728,51.516377,14996836.0
2021-03-25,51.700295,52.065808,51.171395,52.017452,17092631.0
2021-03-26,52.133247,53.111146,51.763143,53.039,17125888.0
2021-03-29,52.721642,53.942374,52.703359,53.849664,17514354.0
2021-03-30,53.746202,53.779683,52.922887,53.15409,14872993.0
2021-03-31,53.027172,53.178191,52.504873,52.708426,15824682.0
2021-04-01,52.959659,53.141915,52.451742,52.50956,15835153.0
2021-04-05,52.342658,53.215771,52.289617,52.805718,16369323.0
2021-04-06,53.041869,53.649935,52.898066,53.184942,15613713.0
2021-04-07,53.272202,53.491601,53.132259,53.282689,10062558.0
2021-04-08,53.170988,53.377411,52.972881,53.11835,9695261.0
2021-04-09,53.168268,53.274479,52.813487,53.178252,10827934.0
2021-04-12,53.327495,53.548547,53.103867,53.346192,8565502.0
2021-04-13,53.03634,53.282867,52.816855,53.087942,11071543.0
2021-04-14,52.98449,53.186876,52.648426,53.096368,9787871.0
2021-04-15,53.121705,53.662972,53.116058,53.32683,13077043.0
2021-04-16,53.743104,53.796978,53.384726,53.67479,17972119.0
2021-04-19,54.006987,54.361389,53.30576,54.00149,19351388.0
2021-04-20,53.837113,54.592768,53.814294,54.169254,14417053.0
2021-04-21,54.230414,54.742282,54.230414,54.612382,13868309.0
2021-04-22,54.467242,54.872626,54.324896,54.440495,12560699.0
2021-04-23,54.399244,54.604271,54.165534,54.468198,9021516.0
2021-04-26,54.469468,54.515239,53.590958,53.666649,11685350.0
2021-04-27,53.557926,53.689945,53.311238,53.57879,9852875.0
2021-04-28,53.975023,54.0586,53.447824,53.602211,10869258.0
2021-04-29,53.545839,54.36497,53.432905,54.263448,15391809.0
2021-04-30,54.255256,54.270937,53.684026,53.973896,14914895.0
2021-05-03,54.272903,54.802885,54.162894,54.475819,10418545.0
2021-05-04,54.57447,54.624328,53.941935,54.134448,14150761.0
2021-05-05,54.144276,54.241347,53.711256,53.992023,9666227.0
2021-05-06,54.118708,54.609063,54.049739,54.533029,11570486.0
2021-05-07,54.438072,54.772189,54.15734,54.502164,10637158.0
2021-05-10,54.885734,55.500836,54.833316,54.910217,15546216.0
2021-05-11,55.025588,55.140395,54.059322,54.319997,12986479.0
2021-05-12,54.34997,54.553646,53.880648,54.034611,15836515.0
2021-05-13,53.957919,54.777112,53.832262,54.51015,15472398.0
2021-05-14,54.90533,55.111874,54.679703,54.721694,11727176.0
2021-05-17,54.839597,55.023119,54.496539,54.644078,12120947.0
2021-05-18,54.383558,54.546703,54.095881,54.346763,13234645.0
2021-05-19,54.120762,54.189452,53.609103,54.179154,15125188.0
2021-05-20,54.111627,54.799567,54.111627,54.655413,10949170.0
2021-05-21,54.800532,55.121913,54.217054,54.618826,16034529.0
2021-05-24,54.625047,54.934414,54.485345,54.793995,10325328.0
2021-05-25,54.811442,54.821699,54.344355,54.791776,11915987.0
2021-05-26,54.977832,55.044131,54.592044,55.02623,16061102.0
2021-05-27,55.211449,55.570153,54.780101,55.495245,59123179.0
2021-05-28,55.341202,55.707013,55.202885,55.28703,17012271.0
2021-06-01,55.340349,55.646161,55.093183,55.278956,13303197.0
2021-06-02,55.507867,55.562927,55.259399,55.495133,11327742.0
2021-06-03,55.186686,55.729579,55.102005,55.639039,17362704.0
2021-06-04,55.898094,56.483782,55.782218,56.248355,18933246.0
2021-06-07,56.317919,56.343723,55.806785,56.034162,14010008.0
2021-06-08,56.254766,56.254766,55.549427,55.646273,10968035.0
2021-06-09,55.744839,55.919477,55.474451,55.474451,9837514.0
2021-06-10,55.90204,56.120803,55.761828,55.90557,12442424.0
2021-06-11,55.996461,56.212068,55.652144,56.161516,11826463.0
2021-06-14,55.686056,55.713576,55.19903,55.555834,9711218.0
2021-06-15,55.771232,55.788824,55.183127,55.409577,11154260.0
2021-06-16,55.441393,55.455525,54.643212,54.667924,15212153.0
2021-06-17,54.673738,55.152472,54.655648,54.950881,10659763.0
2021-06-18,54.511688,54.620896,53.725719,53.773026,31444637.0
2021-06-21,54.218758,54.428971,54.002427,54.363141,14406662.0
2021-06-22,54.341472,54.841077,54.265718,54.564203,13071758.0
2021-06-23,54.556002,54.598939,54.106606,54.119868,12337246.0
2021-06-24,54.256791,54.420754,53.996585,54.391209,11487779.0
2021-06-25,54.243372,54.472226,54.008787,54.324381,18882508.0
2021-06-28,54.253942,54.375999,54.00145,54.263426,10556624.0
2021-06-29,54.125879,54.337511,53.718711,53.862489,12301026.0
2021-06-30,53.807857,54.192925,53.756918,54.109443,14613440.0
2021-07-01,54.34192,54.481836,53.860536,53.948784,13214735.0
2021-07-02,54.003535,54.446228,53.986275,54.180409,10604580.0
2021-07-06,53.987692,54.101689,53.556525,53.878611,15278328.0
2021-07-07,53.716292,54.379288,53.716292,54.32218,14377971.0
2021-07-08,54.012355,54.165895,53.742278,54.140315,11943362.0
2021-07-09,54.258693,54.533483,54.185523,54.468954,10846948.0
2021-07-12,54.320161,54.601572,54.267983,54.479053,15106126.0
2021-07-13,54.94167,55.296205,54.751245,55.015052,15168272.0
2021-07-14,55.022642,56.357699,54.950669,56.26714,22002186.0
2021-07-15,56.236523,56.464381,55.906494,56.438479,15069545.0
2021-07-16,56.459416,56.670776,56.252731,56.397683,14861253.0
2021-07-19,56.086265,56.358335,55.164143,55.728853,19525642.0
2021-07-20,55.72633,56.328101,55.524569,55.839381,16256231.0
2021-07-21,57.32704,57.556851,56.431221,56.549567,20918411.0
2021-07-22,56.622324,56.746073,56.045859,56.4769,13402512.0
2021-07-23,56.59029,57.326368,56.445031,57.013744,12143267.0
2021-07-26,56.884428,57.128613,56.555609,57.053371,8683158.0
2021-07-27,57.099647,57.550034,56.919967,57.273478,12796097.0
2021-07-28,57.000461,57.160323,56.627714,56.743429,9856202.0
2021-07-29,57.06607,57.256895,56.859927,57.050699,9599373.0
2021-07-30,57.149472,57.242759,56.90476,57.035155,11726217.0
2021-08-02,57.200979,57.233542,56.708534,56.877024,9776083.0
2021-08-03,57.004136,57.008729,56.751558,56.917491,8825547.0
2021-08-04,56.746437,56.945698,56.00535,56.09987,11887638.0
2021-08-05,56.440591,56.576558,56.284918,56.501913,9805225.0
2021-08-06,56.59943,56.732236,56.440991,56.638684,10409124.0
2021-08-09,56.80196,56.866626,56.416457,56.652304,8860137.0
2021-08-10,56.84279,57.17285,56.662728,56.809031,10905888.0
2021-08-11,56.893134,57.18136,56.709775,56.739088,8370858.0
2021-08-12,56.729793,56.983752,56.714917,56.833606,6169385.0
2021-08-13,56.809147,57.301879,56.766573,57.239121,7713052.0
2021-08-16,57.204513,57.489106,57.021812,57.482057,7971231.0
2021-08-17,57.462145,57.558197,57.010331,57.279241,10346867.0
2021-08-18,57.199224,57.234399,56.416591,56.49803,13874576.0
2021-08-19,56.055685,56.986025,55.950997,56.858287,9223552.0
2021-08-20,56.85049,57.032513,56.581984,56.63962,10542394.0
2021-08-23,56.661092,56.757005,56.373243,56.440053,8912397.0
2021-08-24,56.633539,56.6412,55.89849,56.014223,12069100.0
2021-08-25,56.057887,56.168426,55.71919,56.064725,11270288.0
2021-08-26,55.954725,55.984062,55.497403,55.532815,10331333.0
2021-08-27,55.655532,55.80341,55.450641,55.650698,8845086.0
2021-08-30,55.699351,56.194949,55.637738,56.173441,10035535.0
2021-08-31,56.152258,56.525894,56.002586,56.317445,14186236.0
2021-09-01,56.370562,56.794333,56.268988,56.677466,9518767.0
2021-09-02,56.776725,57.032507,56.405102,56.758348,11654076.0
2021-09-03,56.443314,56.764515,56.239388,56.73452,13220095.0
2021-09-07,56.60015,56.682621,55.512619,55.667847,20034857.0
2021-09-08,55.612278,56.480088,55.612278,56.40805,12041275.0
2021-09-09,56.176462,56.42714,55.805323,55.851827,12544737.0
2021-09-10,56.016132,56.135087,55.525036,55.609191,10573871.0
2021-09-13,55.747769,56.394663,55.741566,56.070143,20273712.0
2021-09-14,55.916408,55.979887,55.560918,55.690191,13920287.0
2021-09-15,55.675518,55.994536,55.424345,55.886043,15742565.0
2021-09-16,55.725726,55.990375,54.828245,55.347693,17428993.0
2021-09-17,55.017995,55.196387,54.368482,54.440625,33365169.0
2021-09-20,54.104698,54.39786,53.733883,54.059584,27546776.0
2021-09-21,54.397841,54.815842,53.936619,54.045082,16418361.0
2021-09-22,54.513957,54.548602,54.061889,54.128082,12717471.0
2021-09-23,54.269403,54.624177,53.994,54.046487,13837757.0
2021-09-24,54.00416,54.232652,53.868342,53.890321,9682329.0
2021-09-27,53.850295,54.246586,53.574323,53.606504,12429301.0
2021-09-28,53.466256,53.466256,52.42959,52.636071,19923160.0
2021-09-29,52.647088,53.165224,52.557641,52.957388,13941286.0
2021-09-30,53.173105,53.327616,52.428793,52.458692,17671204.0
2021-10-01,52.789735,53.202568,52.581691,53.012561,16276125.0
2021-10-04,53.064876,53.534599,52.396119,52.996311,18973718.0
2021-10-05,53.021151,53.470543,52.932443,53.089916,17170681.0
2021-10-06,52.768641,53.767431,52.519216,53.708886,21283402.0
2021-10-07,54.001298,54.284068,53.803582,53.883364,13773458.0
2021-10-08,54.002291,54.384017,53.905497,54.116279,13783484.0
2021-10-11,54.207941,54.379963,54.006801,54.233376,12377977.0
2021-10-12,54.424118,54.837454,54.228831,54.234038,19473584.0
2021-10-13,54.168517,54.422689,53.792328,54.240143,12143969.0
2021-10-14,54.396102,54.809227,54.311479,54.599756,13702461.0
2021-10-15,54.640206,54.883356,54.281449,54.478205,17866525.0
2021-10-18,54.353338,54.393805,53.850254,53.944372,15861364.0
2021-10-19,54.042874,54.20815,53.77292,54.154598,11067380.0
2021-10-20,54.181939,54.761089,54.108818,54.633181,12473712.0
2021-10-21,54.607223,54.673789,54.204523,54.354526,14388365.0
2021-10-22,54.387263,54.521578,54.070209,54.451426,12827236.0
2021-10-25,54.382795,54.466807,54.027807,54.221879,11855771.0
2021-10-26,54.327642,54.575397,54.228859,54.471896,12086062.0
2021-10-27,55.967194,56.090165,55.264817,55.521697,24021800.0
2021-10-28,55.745733,56.110267,55.609673,56.040926,15928566.0
2021-10-29,55.872706,56.474112,55.774894,56.380504,24460328.0
2021-11-01,56.39116,56.393786,55.904455,56.169102,11648452.0
2021-11-02,56.453926,56.5075,55.978279,56.094889,11499333.0
2021-11-03,55.991936,56.332438,55.777343,56.289674,10788051.0
2021-11-04,56.102928,56.638519,56.027148,56.607581,10819224.0
2021-11-05,56.839371,57.156747,56.594402,56.842682,12885376.0
2021-11-08,56.751911,56.88909,56.139209,56.328326,12826077.0
2021-11-09,56.403962,56.529926,56.089518,56.488423,10155809.0
2021-11-10,56.533128,56.9254,56.293542,56.715056,8812965.0
2021-11-11,56.825115,56.89674,56.568608,56.747588,7258621.0
2021-11-12,56.744786,56.989728,56.549649,56.613879,10162957.0
2021-11-15,56.528152,56.678699,56.268625,56.617852,10290356.0
2021-11-16,56.612861,56.936541,56.190159,56.214625,13756102.0
2021-11-17,56.044395,56.046633,55.64384,55.91607,13288598.0
2021-11-18,55.837764,55.940783,55.137873,55.403112,15379787.0
2021-11-19,55.442646,55.495615,54.908042,55.121933,15813613.0
2021-11-22,55.086746,56.028783,55.078424,55.474064,16907985.0
2021-11-23,55.659159,56.11468,55.50177,55.879376,13833758.0
2021-11-24,55.717291,55.835985,55.035738,55.433217,12598607.0
2021-11-26,54.591298,54.752666,53.576895,53.724103,14754203.0
2021-11-29,54.056496,54.725535,53.934721,54.579005,22709834.0
2021-11-30,53.605525,53.629876,52.4413,52.450512,30485492.0
2021-12-01,52.974159,53.521254,52.278059,52.302011,18716096.0
2021-12-02,52.608917,53.336618,52.506615,53.063339,17074527.0
2021-12-03,53.330382,53.603176,52.981587,53.539062,21065493.0
2021-12-06,54.307458,55.244729,54.144069,54.910759,26624153.0
2021-12-07,55.019002,55.426737,54.854502,55.21829,23840817.0
2021-12-08,55.118992,55.352091,54.363151,55.001741,18025563.0
2021-12-09,54.7459,55.125388,54.588903,54.862253,13845535.0
2021-12-10,55.249384,56.320724,55.069067,56.279797,23154888.0
2021-12-13,56.989984,57.929742,56.967516,57.744681,31358864.0
2021-12-14,57.399125,58.169826,57.399125,57.793087,24803675.0
2021-12-15,57.93295,58.251518,57.647989,58.061645,24921413.0
2021-12-16,57.981266,58.870411,57.902315,58.641979,24695263.0
2021-12-17,58.485092,58.925637,57.699674,57.731496,51872114.0
2021-12-20,57.202729,57.786521,57.004801,57.541562,20879326.0
2021-12-21,57.604755,57.964337,57.530183,57.770378,15864803.0
2021-12-22,57.705325,58.194932,57.491082,58.185013,12446274.0
2021-12-23,58.522722,58.601947,57.949329,58.208301,11025442.0
2021-12-27,57.993591,58.684046,57.993591,58.646265,9862091.0
2021-12-28,58.394805,58.949294,58.301511,58.879678,8978741.0
2021-12-29,58.943377,59.094292,58.660403,58.951468,9996675.0
2021-12-30,59.055863,59.227084,58.747513,58.791757,7703943.0
2021-12-31,58.760045,59.343129,58.696112,59.206237,10021844.0
2022-01-03,58.817782,59.310013,58.38155,59.310013,20191023.0
2022-01-04,59.724682,60.543914,59.59537,60.287251,26144172.0
2022-01-05,60.088547,61.189631,60.046571,60.79137,22507597.0
2022-01-06,60.465186,61.111572,60.439043,60.469061,17904559.0
2022-01-07,60.274633,60.722035,60.057113,60.337716,12309766.0
2022-01-10,60.551716,60.817988,60.176025,60.428581,20952217.0
2022-01-11,60.421291,60.496088,59.843334,60.445515,19369650.0
2022-01-12,60.525076,60.685294,60.183423,60.544053,15757386.0
2022-01-13,60.542961,61.028008,60.391694,60.907473,14319107.0
2022-01-14,60.945414,61.448098,60.358613,61.39531,19731449.0
2022-01-18,61.056895,61.18076,60.448138,60.895309,21978488.0
2022-01-19,60.650914,61.175226,60.572404,60.999976,18654591.0
2022-01-20,61.002054,61.442934,60.723122,60.760107,23005844.0
2022-01-21,61.084019,61.285077,60.401654,60.446367,26640437.0
2022-01-24,59.898255,60.346889,58.569043,59.960212,30182892.0
2022-01-25,59.361055,60.053225,58.683059,59.826884,19028410.0
2022-01-26,59.792603,60.34951,59.220655,59.608265,19189282.0
2022-01-27,59.891729,60.92866,59.501618,59.648154,18894405.0
2022-01-28,59.38884,60.882942,58.926628,60.842157,19099959.0
2022-01-31,60.297451,61.141317,60.14172,61.021749,22043298.0
2022-02-01,60.904056,61.137311,60.157808,60.574037,20841439.0
2022-02-02,60.625188,61.266712,60.560503,61.177615,20222717.0
2022-02-03,60.936114,61.77429,60.585361,61.61219,19440405.0
2022-02-04,61.477644,61.675202,60.571285,60.962679,17405833.0
2022-02-07,61.375632,61.722976,60.869512,61.610908,17845704.0
2022-02-08,61.833477,62.338991,61.738005,61.999833,18771330.0
2022-02-09,62.159139,62.316563,60.898425,61.05243,23597739.0
2022-02-10,60.355531,62.299332,60.202702,61.378355,23559594.0
2022-02-11,61.775611,61.972884,60.153244,60.286752,22784671.0
2022-02-14,60.164036,60.791025,59.264129,60.673012,23637334.0
2022-02-15,60.961949,61.784614,60.626535,60.912899,13410360.0
2022-02-16,60.861007,61.401908,60.566271,60.904178,15484297.0
2022-02-17,60.553227,62.285827,60.415422,62.118412,21470354.0
2022-02-18,62.125694,62.825792,61.989075,62.540835,21977602.0
2022-02-22,62.422493,62.644876,61.7203,62.27638,21733633.0
2022-02-23,62.235914,62.337695,61.344074,61.601464,19248468.0
2022-02-24,59.969883,60.608815,59.208387,60.508757,27205699.0
2022-02-25,60.944046,62.896604,60.927556,62.851953,21488492.0
2022-02-28,61.639865,62.353473,61.408801,62.241945,25878601.0
2022-03-01,62.144852,62.755818,61.50324,61.971398,15869363.0
2022-03-02,62.234938,62.87079,61.777649,62.429602,17321180.0
2022-03-03,62.606468,63.020848,62.274792,62.469738,21265657.0
2022-03-04,61.446672,62.601161,61.208016,62.569981,17164184.0
2022-03-07,62.010545,62.066772,60.72581,61.083234,29152394.0
2022-03-08,61.455896,61.5371,58.594079,58.650301,30245889.0
2022-03-09,59.825019,59.847266,58.669347,58.953852,23020351.0
2022-03-10,58.490339,58.654954,57.497411,57.878738,20886659.0
2022-03-11,57.95681,58.853762,57.852973,57.922473,19853857.0
2022-03-14,57.970417,59.036457,57.964664,58.548838,17795093.0
2022-03-15,59.083563,59.894747,58.983949,59.62179,18607028.0
2022-03-16,59.778391,59.942853,58.608237,59.458171,17346943.0
2022-03-17,59.454687,60.148078,59.235036,60.096972,15584425.0
2022-03-18,60.300783,60.309884,59.716646,60.09296,30200807.0
2022-03-21,60.491178,61.097842,60.248437,60.576893,17436487.0
2022-03-22,60.929207,60.95538,60.064135,60.810196,17558782.0
2022-03-23,60.757508,60.966911,59.996211,60.395022,15528732.0
2022-03-24,60.643936,61.017426,60.463062,60.975488,13151814.0
2022-03-25,61.118963,61.61257,61.054931,61.532837,12260802.0
2022-03-28,61.5294,61.932019,61.214676,61.922637,11484898.0
2022-03-29,62.205666,62.535612,61.739578,62.157112,14720935.0
2022-03-30,62.01271,62.220022,61.558008,62.220022,13641412.0
2022-03-31,62.217931,62.65151,61.988107,61.993963,16820794.0
2022-04-01,62.333213,62.947109,62.092045,62.873326,12646815.0
2022-04-04,62.601213,62.787528,61.715329,62.541797,11505560.0
2022-04-05,62.4086,63.234742,62.367597,62.471493,15721228.0
2022-04-06,62.765015,63.254372,62.313793,63.102386,19270446.0
2022-04-07,63.133462,63.669958,62.708988,63.441662,13960413.0
2022-04-08,63.483352,64.048822,63.152777,63.832846,12705254.0
2022-04-11,63.918072,64.305871,63.648635,63.807301,12717716.0
2022-04-12,64.379204,64.808408,63.888761,64.559232,18088760.0
2022-04-13,64.437004,64.863702,64.241915,64.741689,11883635.0
2022-04-14,64.963685,65.571578,64.827221,65.037208,16389285.0
2022-04-18,64.757948,65.183809,64.177508,64.436724,11678938.0
2022-04-19,64.511474,65.261797,64.432649,65.075968,11993718.0
2022-04-20,65.437414,66.2363,65.394525,65.956912,14827219.0
2022-04-21,65.983223,67.012092,65.724891,66.209244,15118466.0
2022-04-22,66.087181,66.32627,65.172878,65.251556,14897740.0
2022-04-25,66.999044,67.206281,64.770541,65.939055,25080158.0
2022-04-26,65.517881,66.369972,65.047932,65.057637,21984312.0
2022-04-27,65.002475,66.279309,64.993434,65.553536,16974234.0
2022-04-28,64.653236,66.277329,64.50187,66.179476,22011992.0
2022-04-29,65.869311,66.027764,64.496141,64.603767,20135992.0
2022-05-02,65.284438,65.312294,62.576842,63.440081,24969361.0
2022-05-03,63.729069,63.94247,62.656433,63.088874,21685248.0
2022-05-04,63.004423,65.115099,62.94614,65.036501,19779047.0
2022-05-05,64.686089,65.035022,64.008432,64.507955,20154530.0
2022-05-06,64.203604,65.31103,64.073295,64.736095,18984533.0
2022-05-09,64.4718,65.362557,64.055277,64.617729,20056482.0
2022-05-10,64.517099,65.320575,63.849624,64.018278,21323967.0
2022-05-11,64.329341,65.205094,63.963863,64.312214,19649643.0
2022-05-12,64.154802,64.537466,63.206739,64.514545,22577846.0
2022-05-13,64.810065,65.794288,64.126797,65.721773,16167972.0
2022-05-16,65.438212,66.38504,65.438212,65.963747,13221664.0
2022-05-17,66.098496,66.102569,65.009951,65.78275,21304183.0
2022-05-18,65.427811,65.514609,60.958128,61.205963,31438464.0
2022-05-19,60.954084,60.954084,59.655897,59.99769,31496064.0
2022-05-20,60.491167,61.236773,59.654281,60.986532,29133818.0
2022-05-23,61.645119,63.098743,61.589411,62.862274,19405609.0
2022-05-24,62.889797,64.196591,62.745056,64.011792,16151641.0
2022-05-25,63.991535,64.475858,63.592572,64.061426,15363110.0
2022-05-26,64.072056,65.110633,63.956378,64.303949,16159003.0
2022-05-27,64.259076,64.831499,64.135045,64.671177,17711678.0
2022-05-31,64.082999,64.316929,63.04655,63.375881,43156511.0
2022-06-01,63.415846,63.683631,62.115941,63.071528,15406658.0
2022-06-02,63.185786,63.743724,62.118253,63.725075,14586187.0
2022-06-03,63.571475,63.613159,62.802079,62.971364,13540243.0
2022-06-06,63.332698,63.772843,62.657729,62.871013,15113821.0
2022-06-07,62.370411,63.361645,62.210487,63.23694,17883902.0
2022-06-08,62.995108,63.208588,62.56928,62.884605,10211609.0
2022-06-09,62.879171,63.342747,61.792327,61.808445,13382808.0
2022-06-10,61.007464,61.8972,60.454259,61.424439,14966933.0
2022-06-13,60.753154,62.293611,60.681295,61.336458,23062873.0
2022-06-14,60.723593,60.884019,58.658177,59.230856,24619746.0
2022-06-15,59.997489,60.640233,58.968258,59.665726,19687798.0
2022-06-16,58.63531,59.523969,58.258488,59.069393,15054201.0
2022-06-17,59.696982,60.131546,59.132278,59.426071,34782836.0
2022-06-21,59.486675,60.873518,59.005135,60.707491,17700832.0
2022-06-22,60.592839,61.450303,60.325894,61.14522,15204199.0
2022-06-23,61.295914,61.912238,61.231903,61.880706,17188736.0
2022-06-24,62.111487,63.066533,62.104642,63.024419,18146502.0
2022-06-27,62.982139,63.292156,62.620242,62.918024,12145441.0
2022-06-28,63.087809,63.760384,62.110023,62.283338,13147858.0
2022-06-29,62.535622,63.10552,62.41994,62.725119,11795754.0
2022-06-30,62.327333,63.113513,62.153087,62.912964,15514397.0
2022-07-01,63.120685,64.447925,62.816497,64.393385,15141458.0
2022-07-05,64.184713,64.184713,62.418219,63.28159,15923700.0
2022-07-06,63.59903,64.099087,63.200501,63.412829,13451980.0
2022-07-07,63.249726,63.567857,62.699561,62.913709,14828893.0
2022-07-08,63.033588,63.416539,62.875339,63.153954,11311015.0
2022-07-11,62.990077,63.465855,62.582345,62.942208,12701260.0
2022-07-12,62.999282,63.441722,62.454887,62.669881,14731133.0
2022-07-13,62.337015,62.995198,61.985713,62.374397,13146018.0
2022-07-14,61.332898,62.259487,61.29906,62.182351,14434311.0
2022-07-15,62.742807,62.972395,62.06828,62.493092,21968846.0
2022-07-18,62.507876,62.552878,61.499758,61.639038,10781446.0
2022-07-19,62.099148,62.64228,61.940661,62.530256,10998651.0
2022-07-20,62.406571,62.56867,61.150961,61.503575,11008856.0
2022-07-21,61.256834,61.872676,60.795284,61.364155,11960557.0
2022-07-22,61.388379,61.865388,61.317874,61.585282,11644780.0
2022-07-25,61.546289,62.30751,61.301875,62.181082,14942922.0
2022-07-26,62.742744,63.800718,62.529295,63.209088,20118381.0
2022-07-27,62.884894,63.185406,61.786817,63.02245,12143223.0
2022-07-28,62.929771,64.247068,62.891021,64.058796,10836030.0
2022-07-29,63.708338,64.294879,63.630262,64.16995,13734852.0
2022-08-01,64.088418,65.035401,64.033246,64.508156,12831253.0
2022-08-02,64.604895,64.604895,63.427309,63.64158,15243413.0
2022-08-03,63.552784,64.101182,63.311058,63.914527,11319189.0
2022-08-04,63.638674,63.741236,62.912274,63.670886,11793869.0
2022-08-05,63.626645,63.632588,62.659566,63.369462,10446929.0
2022-08-08,63.493504,63.814131,62.744673,62.960019,9165516.0
2022-08-09,63.180459,63.318969,62.849056,63.058465,7910829.0
2022-08-10,63.627332,63.793607,63.102544,63.65429,8856712.0
2022-08-11,63.694607,63.994136,63.066927,63.230726,8507791.0
2022-08-12,63.427645,63.760854,63.091961,63.694908,9490398.0
2022-08-15,63.645641,64.696109,63.580088,64.503871,9862217.0
2022-08-16,64.572267,65.231403,64.334542,65.03312,9571169.0
2022-08-17,64.829893,65.213609,64.756558,64.888507,8142526.0
2022-08-18,64.965289,65.346055,64.713568,65.23142,6531182.0
2022-08-19,65.210893,65.472458,64.954917,65.174095,8920006.0
2022-08-22,64.837538,64.927724,63.996611,64.184679,9086351.0
2022-08-23,63.820201,64.377274,63.677595,64.267947,8443685.0
2022-08-24,64.234934,64.58219,64.045405,64.356763,6845598.0
2022-08-25,64.366015,64.71293,63.902607,64.678701,7914397.0
2022-08-26,64.732554,64.795889,62.974741,63.106081,10093432.0
2022-08-29,62.691961,63.036532,62.412907,62.730787,9115551.0
2022-08-30,62.913134,62.913134,61.984215,62.13225,8456296.0
2022-08-31,62.376842,62.526151,61.692958,61.703416,14631423.0
2022-09-01,61.582504,62.033099,61.304282,62.004376,14938868.0
2022-09-02,62.391804,62.770394,60.907682,61.14112,11810505.0
2022-09-06,61.279827,61.96762,60.987046,61.175107,12182161.0
2022-09-07,61.321498,62.492739,61.321498,62.307721,13290175.0
2022-09-08,62.074093,62.310428,61.335867,62.116322,17195240.0
2022-09-09,62.176692,62.875883,61.855634,62.301078,11856155.0
2022-09-12,62.434625,62.807106,62.26907,62.490532,13025942.0
2022-09-13,62.187661,62.224501,60.286825,60.476577,18531314.0
2022-09-14,60.642329,61.077791,60.444314,60.792355,12882074.0
2022-09-15,60.394807,60.398683,59.363543,59.536617,11453577.0
2022-09-16,59.656698,59.803131,59.112806,59.532977,20494642.0
2022-09-19,59.394651,60.095193,59.225657,59.986512,12595778.0
2022-09-20,59.674374,60.025402,59.331419,59.906598,11984297.0
2022-09-21,60.134843,60.708641,59.38489,59.395732,14166608.0
2022-09-22,59.548458,59.73258,59.188508,59.255062,11658564.0
2022-09-23,58.960407,59.086782,57.999627,58.605544,14824377.0
2022-09-26,58.482637,58.564453,57.693558,57.863832,18669884.0
2022-09-27,58.092374,58.37496,56.311048,56.370938,23833020.0
2022-09-28,56.649975,57.253901,55.920889,56.982605,21477827.0
2022-09-29,57.090765,57.299765,55.999104,56.579256,14570910.0
2022-09-30,56.875097,57.132504,56.003598,56.021419,16124203.0
2022-10-03,56.356199,56.861985,56.054333,56.643235,16277842.0
2022-10-04,56.950959,57.810752,56.460974,56.779275,18860774.0
2022-10-05,56.504711,56.648708,55.509749,56.243724,14325251.0
2022-10-06,55.998936,56.094741,54.858415,55.026923,17194747.0
2022-10-07,54.981332,55.091469,54.245381,54.514119,11479971.0
2022-10-10,54.587305,54.962319,54.015022,54.396761,10240771.0
2022-10-11,54.450043,55.225182,54.243025,54.471023,14305014.0
2022-10-12,55.239069,56.042858,55.041873,55.133924,18376236.0
2022-10-13,54.489922,56.08963,54.254031,55.871413,16220408.0
2022-10-14,56.288561,56.465129,54.945847,54.983116,15997296.0
2022-10-17,55.625508,56.227292,55.574708,55.684651,13719349.0
2022-10-18,56.304116,56.780194,56.098093,56.439317,11821343.0
2022-10-19,56.304693,56.549412,55.730564,55.960602,10184034.0
2022-10-20,55.772919,55.924385,54.959683,55.080633,16905734.0
2022-10-21,55.002679,56.11608,54.991077,55.959548,15036902.0
2022-10-24,56.643542,57.734173,56.573881,57.557516,17414843.0
2022-10-25,59.045767,59.103027,57.751423,58.946978,28829807.0
2022-10-26,59.011016,59.772189,58.856665,59.412808,15832113.0
2022-10-27,59.778329,59.83365,59.37961,59.530296,16024637.0
2022-10-28,59.575576,60.908671,59.459731,60.747192,12885170.0
2022-10-31,60.509394,60.577072,59.668829,59.850903,14015420.0
2022-11-01,60.024093,60.280509,59.373336,59.638075,10659733.0
2022-11-02,59.644683,60.24143,58.766843,58.814401,14548530.0
2022-11-03,58.105862,58.99443,58.092566,58.77373,9193429.0
2022-11-04,59.295208,59.589049,58.561403,59.252379,9725444.0
2022-11-07,59.26779,59.776369,59.243559,59.483868,8849126.0
2022-11-08,59.748176,59.796038,58.941005,59.601873,10080900.0
2022-11-09,59.587224,59.636041,58.754363,58.772258,10115128.0
2022-11-10,60.244071,61.027863,59.682712,60.895725,16806242.0
2022-11-11,61.380596,61.457473,60.209352,61.321745,18972660.0
2022-11-14,61.317597,61.729754,60.708148,60.72376,16359342.0
2022-11-15,61.130553,61.437976,60.004413,60.631269,13296219.0
2022-11-16,60.795868,61.026981,60.297889,60.521444,14197052.0
2022-11-17,60.19638,60.740171,60.124801,60.713299,11211984.0
2022-11-18,60.989509,61.373157,60.799577,61.137009,10416598.0
2022-11-21,61.402492,62.218363,61.196921,62.093952,15401966.0
2022-11-22,62.463529,62.51491,62.049656,62.352711,12318987.0
2022-11-23,62.482459,62.794629,62.305496,62.629967,8991154.0
2022-11-25,62.733071,62.815929,62.377222,62.695957,5165197.0
2022-11-28,62.697019,63.093485,62.56084,62.699047,12267898.0
2022-11-29,62.510525,62.571426,61.981503,62.488416,10967251.0
2022-11-30,62.019103,63.688375,61.746951,63.611242,30434064.0
2022-12-01,63.615533,64.097582,63.43707,63.790913,12001577.0
2022-12-02,63.609061,64.521802,63.392524,64.355283,13643606.0
2022-12-05,63.411627,63.796206,63.255829,63.464308,9184663.0
2022-12-06,63.534502,63.879659,63.217241,63.421475,10099133.0
2022-12-07,63.446945,63.716821,63.236513,63.541289,12307756.0
2022-12-08,63.587172,63.851516,63.357121,63.799777,9946007.0
2022-12-09,63.611572,63.838932,63.088256,63.129933,13915923.0
2022-12-12,63.298603,64.010624,63.009941,63.969484,11647164.0
2022-12-13,64.583465,64.709013,63.808525,64.000017,17522785.0
2022-12-14,64.177891,64.651748,63.56675,63.99432,12826613.0
2022-12-15,63.590344,63.894811,62.485097,63.115211,12212357.0
2022-12-16,62.741442,63.135021,62.320618,62.746423,33633190.0
2022-12-19,62.828276,63.401908,62.477095,62.846901,10919921.0
2022-12-20,62.820241,63.150449,62.751295,62.777646,10285878.0
2022-12-21,63.069315,64.058233,63.067404,63.791474,10412445.0
2022-12-22,63.416793,63.592057,62.648163,63.33845,9667165.0
2022-12-23,63.497728,63.853217,63.205662,63.815921,6462450.0
2022-12-27,63.92383,64.294786,63.705363,64.213874,7320126.0
2022-12-28,64.460725,64.651095,63.480597,63.584036,7159789.0
2022-12-29,63.80434,64.136709,63.688,63.949589,7169375.0
2022-12-30,63.910431,63.9227,63.171017,63.609981,7651025.0
2023-01-03,63.558743,63.558743,62.176896,62.947326,12180386.0
2023-01-04,63.1537,63.337715,62.505182,62.921926,13388655.0
2023-01-05,62.600462,62.804617,62.07869,62.188313,9813441.0
2023-01-06,62.923165,63.670247,62.572451,63.38189,9988846.0
2023-01-09,63.300492,63.71823,62.567841,62.617754,9441916.0
2023-01-10,62.600456,62.732619,61.926515,62.129794,10134479.0
2023-01-11,62.38283,62.559037,61.400222,62.011985,10823935.0
2023-01-12,62.106996,62.180605,60.969106,61.217631,13908087.0
2023-01-13,60.699024,61.449178,60.589352,61.428576,13987324.0
2023-01-17,61.727831,62.390742,61.557871,61.678418,18328772.0
2023-01-18,61.502971,61.586107,59.669871,59.808356,19679170.0
2023-01-19,59.732076,60.632805,59.708606,59.708606,14892799.0
2023-01-20,59.717662,60.0854,59.396557,60.072878,14238173.0
2023-01-23,60.271407,60.561123,60.050452,60.234872,12612604.0
2023-01-24,60.086734,61.863745,59.796231,60.546271,10103953.0
2023-01-25,60.204291,60.933797,59.884449,60.930659,11264356.0
2023-01-26,60.815497,61.089683,60.56633,60.806774,11885250.0
2023-01-27,60.847922,60.958337,60.382085,60.491915,14085567.0
2023-01-30,60.542589,61.166928,60.452166,60.633044,15631526.0
2023-01-31,60.986413,61.351094,60.508502,61.317441,14343551.0
2023-02-01,61.143707,61.573413,60.617288,61.336097,12534609.0
2023-02-02,60.795964,61.015059,59.903436,60.272001,16948541.0
2023-02-03,60.343064,60.432783,59.237896,59.832802,15402384.0
2023-02-06,59.777886,60.340053,59.727386,60.160379,11331962.0
2023-02-07,59.668775,60.240839,59.536167,60.075617,14922614.0
2023-02-08,59.915345,59.921592,59.582122,59.719319,11014078.0
2023-02-09,60.158192,60.317528,59.591343,59.621332,12513356.0
2023-02-10,59.725766,59.89836,58.874352,59.608532,14422314.0
2023-02-13,59.904144,60.768756,59.730918,60.598012,16191730.0
2023-02-14,60.212287,60.893739,59.561002,59.592072,20507463.0
2023-02-15,59.8893,59.935184,59.236789,59.594248,13171580.0
2023-02-16,59.227493,59.821776,58.941922,59.223499,16538041.0
2023-02-17,59.496742,60.236175,59.379661,60.117125,16817167.0
2023-02-21,59.989798,60.230466,59.716426,59.810438,14277476.0
2023-02-22,59.846508,60.360755,59.735603,59.980105,12408924.0
2023-02-23,60.021327,60.413149,59.808923,60.101121,12220252.0
2023-02-24,59.688559,59.909202,59.38343,59.842428,9736602.0
2023-02-27,60.182309,60.304884,59.735369,59.82347,8849255.0
2023-02-28,59.709231,59.709231,59.149951,59.50741,16078569.0
2023-03-01,59.13197,59.166965,58.363441,58.858897,13279485.0
2023-03-02,58.849587,59.787473,58.804239,59.710996,11759874.0
2023-03-03,59.55495,59.677381,59.20784,59.439003,13100628.0
2023-03-06,59.2595,60.392655,59.223631,60.366318,16282930.0
2023-03-07,60.495127,60.586818,59.743232,60.016012,13959823.0
2023-03-08,60.033635,60.323434,59.7281,60.046801,10851952.0
2023-03-09,60.547472,60.547472,59.27993,59.455585,13897445.0
2023-03-10,59.708059,60.135982,58.98439,59.204409,13745078.0
2023-03-13,59.291742,60.875981,59.24438,59.802194,21955590.0
2023-03-14,59.997892,60.455816,59.339847,60.030646,19499702.0
2023-03-15,59.419522,60.486785,59.238845,60.420577,21087299.0
2023-03-16,60.07737,60.3356,59.706494,60.292044,15655194.0
2023-03-17,60.310279,60.345119,59.650478,60.01296,27353698.0
2023-03-20,60.153467,60.611101,59.962302,60.611101,12903951.0
2023-03-21,60.575317,60.745393,59.881024,60.321076,13715174.0
2023-03-22,60.400993,60.87171,60.030187,60.049836,10492815.0
2023-03-23,60.088422,60.391705,59.731951,59.917604,15479122.0
2023-03-24,60.263507,61.022189,59.918333,60.912963,12974939.0
2023-03-27,61.142638,61.478833,60.9507,61.346463,12779850.0
2023-03-28,61.396221,61.749306,61.261903,61.417438,10923880.0
2023-03-29,61.701964,61.940032,61.598286,61.854908,9439298.0
2023-03-30,61.869277,62.086898,61.663625,61.843977,9871388.0
2023-03-31,62.05275,62.247835,61.87329,62.028238,14439906.0
2023-04-03,62.290967,62.516567,61.861653,62.407667,12299763.0
2023-04-04,62.380066,62.752841,62.082161,62.20219,11434369.0
2023-04-05,62.522562,63.011834,62.49372,62.807441,12790253.0
2023-04-06,62.860307,63.048198,62.385391,62.845267,9643645.0
2023-04-10,62.49197,62.702093,62.021119,62.698104,7953248.0
2023-04-11,62.651672,62.720331,62.404748,62.578773,9912391.0
2023-04-12,62.486802,63.031572,62.313732,62.685037,9594026.0
2023-04-13,62.760201,63.160256,62.472974,63.153851,9870474.0
2023-04-14,63.049315,63.142256,62.777356,63.048685,8944733.0
2023-04-17,63.31124,63.534861,63.136191,63.452681,9452869.0
2023-04-18,63.507558,63.600032,63.183116,63.560397,9034678.0
2023-04-19,63.733869,63.823914,63.425249,63.674009,9768234.0
2023-04-20,63.631932,63.989556,63.451615,63.964329,10708622.0
2023-04-21,63.995203,64.270234,63.788771,64.046893,12931626.0
2023-04-24,64.749697,64.986186,63.614151,63.956929,15531907.0
2023-04-25,64.165082,64.174098,63.627641,63.852976,12817405.0
2023-04-26,63.568418,63.772428,63.389496,63.55979,13178647.0
2023-04-27,63.539182,63.759678,63.114496,63.687558,13795946.0
2023-04-28,63.599,64.155147,63.480626,64.138838,13683933.0
2023-05-01,64.153684,64.701182,64.057512,64.291129,9091826.0
2023-05-02,64.147665,64.147665,63.270075,64.009372,10947144.0
2023-05-03,64.021936,64.179449,63.576664,63.658451,11083695.0
2023-05-04,63.739072,63.928639,63.507978,63.704737,11937711.0
2023-05-05,63.635076,64.218396,63.62687,64.011721,9040775.0
2023-05-08,63.81323,64.065758,63.600807,63.921338,7240465.0
2023-05-09,63.631246,63.743832,63.288051,63.378376,9067196.0
2023-05-10,63.32292,63.649358,62.993223,63.492795,10133794.0
2023-05-11,63.575488,63.934385,63.003654,63.862741,9582063.0
2023-05-12,63.857106,64.188871,63.703768,64.102647,8742108.0
2023-05-15,64.219502,64.263289,63.705554,63.935869,8151109.0
2023-05-16,63.899045,63.902344,63.163294,63.215644,9130694.0
2023-05-17,63.399049,63.415897,62.727994,63.1524,11584019.0
2023-05-18,63.015755,63.029062,62.576897,62.788054,13594016.0
2023-05-19,63.032385,63.110585,62.611994,62.825634,14249716.0
2023-05-22,62.786186,62.877443,61.444121,61.51276,15055288.0
2023-05-23,61.51195,61.663864,61.163062,61.392305,13931852.0
2023-05-24,61.377566,61.434593,60.725264,60.887732,11091686.0
2023-05-25,60.46745,60.734724,60.155409,60.397226,14463421.0
2023-05-26,60.45294,60.642849,60.105094,60.266897,12570308.0
2023-05-30,60.087149,60.198219,59.519626,59.780465,15633789.0
2023-05-31,59.918699,60.287904,59.370042,59.670581,59434204.0
2023-06-01,59.944529,60.172129,59.775764,59.998554,13402539.0
2023-06-02,60.267126,61.325243,60.083262,61.162382,15260153.0
2023-06-05,60.994546,61.443113,60.556135,60.748933,12915042.0
2023-06-06,60.933444,60.98362,60.117835,60.309797,10943331.0
2023-06-07,60.011414,60.357895,59.826589,60.219229,16817343.0
2023-06-08,60.126767,60.4055,59.98873,60.361561,15585917.0
2023-06-09,60.265798,60.672892,60.168468,60.467189,12581517.0
2023-06-12,60.584818,60.650496,60.010507,60.215907,14206737.0
2023-06-13,60.213996,60.676186,60.039546,60.450929,13394701.0
2023-06-14,60.733386,61.086177,60.601557,60.848309,14098222.0
2023-06-15,60.61625,61.305664,60.342508,61.213198,15272345.0
2023-06-16,61.599757,62.168566,61.477332,61.67758,26735847.0
2023-06-20,61.596965,61.959854,61.238573,61.260444,13973341.0
2023-06-21,61.316554,61.717565,60.982197,61.432706,13948465.0
2023-06-22,61.803096,62.106851,61.592658,61.851915,15191447.0
2023-06-23,61.951018,61.971642,61.184087,61.203181,25109503.0
2023-06-26,61.221555,61.289827,60.391903,61.216237,12856858.0
2023-06-27,61.216915,61.352731,60.988031,61.088283,9068230.0
2023-06-28,60.881787,61.038016,60.403215,60.523695,11172647.0
2023-06-29,60.225747,60.344712,59.771095,60.013049,17142743.0
2023-06-30,59.992806,60.353134,59.874648,60.221016,19739813.0
2023-07-03,60.206815,60.63655,60.032734,60.582303,9694024.0
2023-07-05,60.269702,61.101725,60.166571,61.044856,14719202.0
2023-07-06,60.724714,61.018231,60.498316,60.561756,12604114.0
2023-07-07,60.309623,60.508716,59.74204,59.756844,14574329.0
2023-07-10,59.967032,60.150538,59.143237,59.3052,15477691.0
2023-07-11,59.459769,59.562884,58.835855,59.507566,15967182.0
2023-07-12,59.749683,60.051052,59.466795,59.838636,14243826.0
2023-07-13,60.118146,60.457201,59.978358,60.352375,11268792.0
2023-07-14,60.141159,61.035643,60.086121,60.896776,11633796.0
2023-07-17,60.763442,61.103415,60.495739,60.807625,10015273.0
2023-07-18,60.96077,61.24892,60.405051,60.561723,11151381.0
2023-07-19,60.769671,61.784967,60.684252,61.636303,12935839.0
2023-07-20,61.680357,62.402382,61.66392,62.392022,11562323.0
2023-07-21,62.46228,62.694553,62.238493,62.446937,12812975.0
2023-07-24,62.420218,62.79918,62.397168,62.457102,10251201.0
2023-07-25,62.300192,62.385335,62.050415,62.25425,13421715.0
2023-07-26,61.854336,63.173031,61.379692,63.048913,17142690.0
2023-07-27,63.045619,63.281989,62.388199,62.434092,11517680.0
2023-07-28,62.584219,62.773232,62.221579,62.483978,9721196.0
2023-07-31,62.457103,62.457103,61.74048,61.932514,15579825.0
2023-08-01,62.098321,62.366427,61.624553,61.772771,9280703.0
2023-08-02,61.563936,62.590653,61.550805,61.956338,11059819.0
2023-08-03,61.867043,62.127708,61.526861,61.638764,8035065.0
2023-08-04,61.678051,61.893887,60.623799,60.697246,9357837.0
2023-08-07,60.792421,61.32102,60.730653,61.194904,6983717.0
2023-08-08,61.188821,61.349555,60.619523,60.921632,7955408.0
2023-08-09,60.915928,61.638284,60.747902,61.061459,7904842.0
2023-08-10,61.343467,61.726078,60.805225,60.921538,7869727.0
2023-08-11,60.845315,61.202922,60.689844,61.171963,8482838.0
2023-08-14,61.320995,61.480271,60.754786,60.883388,7176217.0
2023-08-15,60.689899,60.895993,60.376082,60.477479,7185985.0
2023-08-16,60.541645,60.814283,60.395204,60.472963,8374020.0
2023-08-17,60.573861,61.016886,60.450169,60.601884,12875203.0
2023-08-18,60.535808,61.086791,60.369809,60.945866,11084985.0
2023-08-21,60.849001,60.923821,60.319247,60.419188,8648048.0
2023-08-22,60.347435,60.580689,59.981898,60.061343,9412888.0
2023-08-23,60.19352,60.436154,60.168518,60.2673,7749660.0
2023-08-24,60.276846,60.882673,60.091916,60.118786,8955508.0
2023-08-25,60.405328,60.573849,60.014381,60.394717,7628872.0
2023-08-28,60.554189,60.724898,60.365524,60.555599,6254207.0
2023-08-29,60.567211,60.630891,60.148595,60.508223,8190513.0
2023-08-30,60.633504,60.74674,60.29364,60.471933,9448053.0
2023-08-31,60.299978,60.479891,59.80156,59.832507,14663612.0
2023-09-01,60.007753,60.137139,59.124369,59.311002,11262212.0
2023-09-05,59.245105,59.321778,58.665503,58.829958,12473765.0
2023-09-06,58.625797,58.834111,58.410479,58.784127,13924632.0
2023-09-07,58.93667,59.162191,58.299952,58.331415,17625548.0
2023-09-08,58.30917,58.401571,58.000414,58.333943,14314001.0
2023-09-11,58.405287,58.986948,58.233124,58.873183,14767325.0
2023-09-12,58.980878,59.000259,58.190209,58.29749,12291328.0
2023-09-13,58.395245,58.684552,58.334968,58.448533,12640946.0
2023-09-14,58.244205,58.595035,58.185794,58.465079,12311069.0
2023-09-15,58.402507,58.636596,57.758967,57.94184,55729319.0
2023-09-18,57.989205,58.348547,57.62061,58.296466,13616093.0
2023-09-19,58.268206,58.385944,57.927405,58.178142,11998308.0
2023-09-20,58.291147,58.826984,58.081095,58.436497,14764286.0
2023-09-21,58.373922,58.419927,57.410623,57.533693,15941040.0
2023-09-22,57.849962,57.983534,57.49691,57.599268,14646700.0
2023-09-25,57.40169,57.497334,56.741263,57.007282,12360102.0
2023-09-26,56.72888,56.902082,56.402876,56.526754,11194287.0
2023-09-27,56.415915,56.536363,55.687262,55.949755,13766880.0
2023-09-28,56.232298,56.319326,55.693489,55.804746,12482044.0
2023-09-29,56.141599,56.270769,55.624813,55.981873,12272202.0
2023-10-02,55.915328,56.005874,55.084925,55.473111,11793588.0
2023-10-03,55.15774,55.425419,54.772677,54.878259,13604039.0
2023-10-04,54.888449,55.280347,54.697651,55.033446,12101808.0
2023-10-05,54.735218,54.952933,52.232597,52.377584,29875783.0
2023-10-06,52.049993,53.289617,51.54559,53.142361,30298787.0
2023-10-09,52.963661,53.152891,52.108949,52.883219,15705296.0
2023-10-10,54.132503,54.330545,53.567262,54.021626,20908887.0
2023-10-11,54.21843,54.27221,53.018667,53.697329,21140625.0
2023-10-12,53.761528,53.834062,52.429753,52.805753,19333748.0
2023-10-13,52.734517,53.425564,52.643976,52.888043,14494576.0
2023-10-16,53.023747,53.556948,52.833135,53.422958,12814556.0
2023-10-17,53.304376,54.102896,53.214535,54.077633,16455885.0
2023-10-18,54.101688,54.53243,53.922055,54.049433,12810585.0
2023-10-19,54.156058,54.770701,53.867732,54.343853,16200380.0
2023-10-20,54.528178,55.016567,54.437422,54.572104,15685262.0
2023-10-23,54.383092,54.88104,54.045835,54.088621,21213900.0
2023-10-24,55.648707,56.174404,55.302626,55.638805,25292380.0
2023-10-25,55.754955,56.213478,55.554631,56.118754,16700778.0
2023-10-26,56.372413,56.629329,55.723109,55.7868,16227358.0
2023-10-27,55.559534,56.130125,55.099092,55.242023,13629015.0
2023-10-30,55.427403,56.270368,55.42046,56.144259,15012817.0
2023-10-31,56.569919,56.718678,56.156767,56.489413,16641293.0
2023-11-01,56.804305,56.885532,56.253677,56.436108,14110640.0
2023-11-02,56.499232,57.16414,56.359679,57.088501,13086980.0
2023-11-03,57.391928,57.589259,56.697075,56.740571,13955245.0
2023-11-06,56.782424,57.276422,56.728704,56.981216,12672876.0
2023-11-07,56.919464,57.400287,56.738175,57.188538,10449635.0
2023-11-08,57.31748,57.466107,56.918205,57.092778,13742547.0
2023-11-09,57.024951,57.142254,56.375424,56.67047,12020001.0
2023-11-10,56.867252,56.929362,56.067333,56.726019,11679427.0
2023-11-13,56.625097,57.105241,56.608518,56.930113,12799017.0
2023-11-14,57.018345,57.23749,56.801294,57.112916,12695035.0
2023-11-15,57.302535,57.340855,56.738401,57.216096,10200993.0
2023-11-16,57.237935,57.53135,56.817934,57.154799,16009494.0
2023-11-17,57.1876,57.337581,56.709082,57.266665,14476516.0
2023-11-20,57.044863,57.582781,56.96364,57.402353,13052409.0
2023-11-21,57.445888,58.03814,57.330963,58.030373,13891141.0
2023-11-22,58.256025,58.532905,58.132359,58.412449,11321178.0
2023-11-24,58.462256,58.756894,58.340227,58.577505,4816464.0
2023-11-27,58.548811,58.677766,58.271152,58.457672,16245674.0
2023-11-28,58.406922,58.828094,58.361278,58.576225,13742355.0
2023-11-29,58.580948,58.668021,58.092451,58.237874,11263048.0
2023-11-30,57.961791,58.468448,57.594909,58.435084,22726245.0
2023-12-01,58.277028,58.696279,58.240867,58.635088,15370496.0
2023-12-04,58.583023,58.963746,58.436451,58.567514,14943351.0
2023-12-05,58.54052,58.827048,58.418492,58.651689,11889887.0
2023-12-06,58.554926,58.719345,58.206978,58.600107,14870341.0
2023-12-07,58.677212,58.886279,58.393086,58.737723,11589424.0
2023-12-08,58.740104,58.749476,58.378047,58.614497,11178232.0
2023-12-11,58.821079,59.080082,58.495821,59.045707,14525459.0
2023-12-12,59.199429,59.432059,58.902287,59.432059,12899774.0
2023-12-13,59.444999,60.015547,59.260485,59.919714,16196844.0
2023-12-14,59.96483,60.044675,58.765279,59.042117,22479937.0
2023-12-15,58.834141,59.171181,57.792576,58.60919,65181459.0
2023-12-18,58.810294,59.491305,58.616594,59.015612,16718698.0
2023-12-19,59.00162,59.205284,58.65113,58.83496,14611183.0
2023-12-20,58.499743,58.670565,57.564823,57.608283,17701759.0
2023-12-21,57.846624,58.072172,57.456718,57.983281,11724854.0
2023-12-22,58.110515,58.461997,58.013412,58.313187,9030283.0
2023-12-26,58.068065,58.712865,58.067461,58.569705,6420803.0
2023-12-27,58.638428,58.758689,58.404665,58.708347,8561248.0
2023-12-28,58.647516,58.87791,58.532216,58.750912,8400540.0
2023-12-29,58.74536,58.986313,58.623135,58.927557,9243402.0
2024-01-02,58.812339,59.876784,58.673924,59.825263,16323781.0
2024-01-03,59.930325,60.201541,59.770998,59.962092,14832176.0
2024-01-04,60.047938,60.263078,59.662906,59.76968,12913953.0
2024-01-05,59.800754,59.953374,59.092151,59.676881,10411355.0
2024-01-08,59.676452,60.180929,59.429168,60.119872,11552768.0
2024-01-09,59.989839,60.138937,59.611088,60.005855,10493324.0
2024-01-10,60.212966,60.408696,59.975688,60.211674,12256103.0
2024-01-11,60.23762,60.253057,59.691111,59.815097,13755310.0
2024-01-12,60.078301,60.456502,59.867322,60.394049,13218265.0
2024-01-16,60.375573,60.426655,59.852725,59.994065,11826343.0
2024-01-17,59.855886,60.21856,59.821233,59.992845,8983667.0
2024-01-18,59.673422,60.234119,59.528571,60.155321,10398807.0
2024-01-19,60.249794,60.274139,59.632903,59.839764,14390860.0
2024-01-22,59.764103,60.075711,59.440274,59.56903,14313863.0
2024-01-23,59.532386,60.014015,59.459713,59.848461,14483639.0
2024-01-24,59.810302,59.810302,58.899194,58.905113,16369195.0
2024-01-25,59.002841,59.179614,58.662075,59.156696,14899508.0
2024-01-26,59.257084,59.487218,59.134954,59.372371,13026539.0
2024-01-29,59.338372,59.794633,59.175188,59.729376,14548031.0
2024-01-30,59.857143,60.021051,59.437626,59.894501,22061833.0
2024-01-31,60.09277,60.447535,59.295175,59.487501,22837844.0
2024-02-01,59.570163,61.010874,59.352984,60.970302,15869536.0
2024-02-02,60.82052,60.865266,60.230059,60.541764,17545250.0
2024-02-05,60.37988,60.37988,59.881746,60.045396,12758682.0
2024-02-06,59.946645,60.050823,59.687571,59.941127,12774349.0
2024-02-07,60.068361,60.214092,59.936675,59.98541,10260872.0
2024-02-08,59.896863,59.973379,59.408687,59.823555,12875086.0
2024-02-09,59.460516,59.575002,59.026804,59.557453,15235175.0
2024-02-12,59.669501,59.748292,58.95412,59.705339,13516025.0
2024-02-13,59.494994,60.657279,58.7795,59.344079,24192778.0
2024-02-14,59.169508,59.590886,59.041399,59.29244,15875573.0
2024-02-15,59.407251,59.594235,59.135355,59.396895,13695239.0
2024-02-16,59.347027,59.627363,58.952875,59.387925,13946490.0
2024-02-20,59.596503,60.844734,59.504873,60.704857,18338831.0
2024-02-21,60.993805,61.288946,60.829925,61.245426,14374814.0
2024-02-22,60.989451,61.259429,60.504466,61.153587,12982168.0
2024-02-23,61.087798,61.620873,61.00755,61.205841,13614006.0
2024-02-26,61.244833,61.270883,60.654012,60.699121,10335118.0
2024-02-27,60.531244,60.776594,60.128937,60.331649,9932269.0
2024-02-28,60.364414,60.492204,60.06623,60.394151,8076576.0
2024-02-29,60.346881,60.640149,59.89715,60.020538,18154916.0
2024-03-01,59.903059,59.903273,59.332772,59.524074,10926281.0
2024-03-04,59.239395,59.940506,59.229535,59.809416,10151165.0
2024-03-05,59.913975,60.114256,59.419267,59.524422,12309767.0
2024-03-06,59.514796,60.00029,59.376731,59.560026,12378394.0
2024-03-07,59.688086,59.762524,59.239714,59.442331,13685901.0
2024-03-08,59.288389,59.800056,58.978682,59.519185,13239562.0
2024-03-11,59.78041,60.290556,59.583379,60.24437,14113291.0
2024-03-12,60.312439,60.745807,60.203546,60.501557,12683463.0
2024-03-13,60.880353,61.213116,60.803995,61.125088,13909910.0
2024-03-14,60.584447,60.791842,60.404252,60.500531,13997596.0
2024-03-15,60.029457,60.45174,59.632296,59.874515,36845027.0
2024-03-18,59.890705,60.389871,59.796705,60.132993,15858329.0
2024-03-19,60.245758,60.344352,60.055357,60.240987,15031171.0
2024-03-20,60.175485,60.801963,60.162429,60.745261,15257143.0
2024-03-21,60.552561,60.994974,60.3228,60.463342,13069554.0
2024-03-22,60.520712,60.772608,60.432251,60.493283,11503020.0
2024-03-25,60.470031,60.708885,60.124037,60.397826,13145931.0
2024-03-26,60.502271,60.710358,60.379961,60.536818,13278450.0
2024-03-27,60.792996,61.439827,60.703361,61.0341,12550135.0
2024-03-28,61.144587,61.260765,60.993944,61.188628,13684714.0
2024-04-01,61.184582,61.303664,60.635837,60.680548,11670075.0
2024-04-02,60.448503,60.735462,60.105251,60.145648,13017807.0
2024-04-03,60.053428,60.385709,59.788149,59.836789,13673665.0
2024-04-04,60.09059,60.153439,59.165094,59.298919,14320299.0
2024-04-05,59.254446,59.678088,58.91337,59.508338,10158461.0
2024-04-08,59.404339,59.460377,59.07634,59.269003,10284022.0
2024-04-09,59.477122,59.740597,59.129811,59.718724,10779469.0
2024-04-10,59.316217,59.39825,58.695383,58.912516,11861264.0
2024-04-11,59.148622,59.374414,58.782733,59.049816,11111553.0
2024-04-12,58.944772,59.017214,58.13541,58.277527,12251094.0
2024-04-15,58.606648,58.810965,58.038513,58.13783,12425992.0
2024-04-16,58.248143,58.376879,57.930415,58.062132,11237197.0
2024-04-17,58.282396,58.560135,58.095278,58.502259,13806071.0
2024-04-18,58.616412,58.982023,58.543496,58.905478,11125742.0
2024-04-19,59.09069,60.364331,59.000736,60.176134,21207640.0
2024-04-22,60.130199,60.631214,59.722735,60.550655,15625852.0
2024-04-23,60.533171,60.677539,60.129413,60.634082,13690529.0
2024-04-24,60.319762,61.65294,59.849147,61.561323,19546640.0
2024-04-25,61.865401,62.585122,61.372205,61.735488,19048727.0
2024-04-26,61.544787,61.942292,61.348373,61.748388,10992257.0
2024-04-29,61.924618,62.04286,61.523877,62.041476,13409663.0
2024-04-30,62.132736,62.822329,61.456368,61.774025,19345044.0
2024-05-01,61.797004,62.563546,61.208615,61.92667,16726447.0
2024-05-02,62.168433,62.399396,61.711531,61.995989,10990302.0
2024-05-03,61.988205,62.322054,61.639347,62.162414,11629192.0
2024-05-06,62.30684,62.383764,61.893788,62.352004,9310824.0
2024-05-07,62.761428,62.820225,62.248419,62.614979,9805067.0
2024-05-08,62.838688,62.966991,62.497234,62.835009,10484641.0
2024-05-09,62.816952,63.147909,62.751281,62.87473,9112804.0
2024-05-10,62.916461,63.37174,62.797213,63.248872,8371383.0
2024-05-13,63.245234,63.622865,63.159695,63.57996,10137584.0
2024-05-14,63.590015,63.764651,62.808915,63.104921,10852355.0
2024-05-15,63.047806,63.387294,62.995493,63.132273,9837743.0
2024-05-16,63.24357,63.72258,63.074644,63.322241,10228141.0
2024-05-17,63.336981,63.367258,62.938418,63.018213,11538338.0
2024-05-20,62.937118,63.020212,62.453141,62.57347,11000279.0
2024-05-21,62.810344,62.97745,62.4352,62.918826,9794604.0
2024-05-22,62.706059,63.010712,62.659382,62.999052,7418828.0
2024-05-23,62.4834,62.872128,62.048372,62.100634,9836446.0
2024-05-24,62.225191,62.422165,61.961728,62.00705,8201913.0
2024-05-28,61.791078,62.134511,61.403342,61.823127,12345225.0
2024-05-29,61.476194,61.885271,61.067774,61.69568,11861107.0
2024-05-30,61.856719,62.075664,61.601316,61.973451,9433135.0
2024-05-31,61.98955,63.016713,61.702107,62.933457,19813995.0
2024-06-03,62.713922,63.072657,62.452485,62.927224,9369459.0
2024-06-04,63.200094,63.972251,62.9332,63.953288,11896048.0
2024-06-05,63.99082,64.062035,63.343004,63.918023,9632260.0
2024-06-06,63.92763,64.351544,63.829432,64.147765,8658362.0
2024-06-07,64.086135,64.215191,63.81371,63.914225,9522432.0
2024-06-10,63.936563,63.999399,63.368579,63.585746,15686478.0
2024-06-11,63.604207,63.645462,63.068319,63.545516,8397163.0
2024-06-12,63.683705,63.694872,62.697718,62.872217,9568839.0
2024-06-13,62.852669,63.046756,62.459225,62.983239,9669821.0
2024-06-14,62.373702,62.692795,62.08961,62.555694,8179400.0
2024-06-17,62.376657,62.888676,62.170763,62.608993,10534388.0
2024-06-18,62.540979,62.827295,62.446465,62.629184,10652999.0
2024-06-20,62.397091,62.74247,61.954586,62.181435,13306767.0
2024-06-21,62.191624,63.106189,62.18953,62.771675,28280456.0
2024-06-24,62.99883,64.066461,62.901864,63.972385,13212537.0
2024-06-25,63.940221,64.073158,63.500271,63.825951,10234306.0
2024-06-26,63.403169,64.105748,63.232821,64.053589,9402261.0
2024-06-27,64.059162,64.275859,63.618695,63.907102,8494714.0
2024-06-28,63.90141,64.066357,63.532842,63.654093,17361399.0
2024-07-01,64.025833,64.299819,63.126838,63.273363,10033849.0
2024-07-02,63.260679,63.383267,62.856136,63.158575,8878229.0
2024-07-03,63.184117,63.67154,62.931381,63.328764,9154723.0
2024-07-05,63.334666,63.793884,62.996992,63.770372,11734971.0
2024-07-08,63.583957,63.585353,62.831837,62.961419,11235232.0
2024-07-09,63.060365,63.231854,62.59602,62.69848,11658900.0
2024-07-10,62.719339,62.857713,62.290303,62.831621,11931364.0
2024-07-11,62.624533,63.459771,62.393534,63.097913,11431167.0
2024-07-12,63.469752,64.097276,63.378779,63.695793,9201125.0
2024-07-15,63.794344,63.943695,63.351401,63.400808,8208158.0
2024-07-16,63.421645,64.314081,63.379891,64.267657,9024633.0
2024-07-17,64.463727,65.394235,64.409649,65.209991,12509197.0
2024-07-18,64.798263,65.810742,64.724072,65.186996,11127013.0
2024-07-19,65.639316,65.641716,64.828273,65.29316,13778988.0
2024-07-22,65.252859,65.295704,64.331856,64.760688,11796261.0
2024-07-23,65.422974,66.0468,64.847822,64.96349,11810380.0
2024-07-24,65.092894,65.976386,64.824957,65.806046,13244681.0
2024-07-25,66.053615,66.897785,65.863239,66.063446,16327979.0
2024-07-26,66.060327,67.105229,66.002688,67.043887,13531340.0
2024-07-29,66.873709,67.029656,66.398217,66.832175,12139938.0
2024-07-30,66.479242,67.831071,66.363913,67.680152,13256570.0
2024-07-31,67.497062,67.616204,66.60935,66.73162,15578489.0
2024-08-01,67.000869,68.105903,66.699945,67.970902,16495090.0
2024-08-02,68.520407,69.654472,67.704112,69.325169,22512392.0
2024-08-05,68.992005,69.541118,67.722993,68.097737,25483804.0
2024-08-06,68.135935,68.84582,67.768665,68.052391,12968248.0
2024-08-07,68.056216,69.190308,67.823368,68.467808,13365024.0
2024-08-08,67.986513,68.866915,67.848148,68.729765,15241581.0
2024-08-09,68.698119,68.793687,68.254974,68.683151,12080453.0
2024-08-12,68.434181,68.544987,67.833219,68.160309,11011537.0
2024-08-13,68.076739,68.608862,68.000325,68.456597,9875834.0
2024-08-14,68.239351,68.903415,68.128014,68.565628,14327355.0
2024-08-15,68.621892,68.899843,68.493946,68.649472,11284222.0
2024-08-16,68.831383,69.293047,68.644986,69.176731,12650441.0
2024-08-19,69.342938,69.423066,68.850272,68.974234,9844276.0
2024-08-20,68.993037,69.39036,68.772074,69.39036,11958379.0
2024-08-21,69.477742,70.131842,69.322661,69.563921,8793705.0
2024-08-22,69.908954,69.916882,68.789828,69.325667,12510496.0
2024-08-23,69.401826,69.852433,68.943257,69.78265,11832322.0
2024-08-26,69.822102,70.91638,69.738791,70.838701,12911332.0
2024-08-27,71.32715,71.535029,71.048977,71.497485,16990550.0
2024-08-28,71.61919,71.809995,71.302218,71.73928,13272978.0
2024-08-29,71.898271,72.211913,71.234309,72.042558,17201722.0
2024-08-30,72.197001,72.579151,71.778564,72.475454,18623983.0
2024-09-03,72.449805,73.291583,72.258395,73.021885,14756829.0
2024-09-04,73.300978,73.52895,71.910735,72.561212,18140168.0
2024-09-05,72.623318,72.683194,70.968978,71.15829,23865155.0
2024-09-06,70.991189,71.673543,70.896412,71.146791,17484982.0
2024-09-09,71.226446,72.308008,70.958048,71.857607,12938074.0
2024-09-10,71.980011,72.425548,71.528168,71.555957,10277731.0
2024-09-11,71.364041,71.376512,70.569647,71.076196,11419132.0
2024-09-12,70.996564,71.365164,70.653062,71.217877,12337029.0
2024-09-13,70.83926,71.472184,70.483868,71.41634,11073225.0
2024-09-16,71.781663,72.244751,71.637829,72.10476,10787551.0
2024-09-17,71.888509,72.340403,71.722571,71.81032,12976745.0
2024-09-18,71.87296,72.378729,71.27008,71.744248,10719293.0
2024-09-19,71.557333,71.94359,70.59652,70.636153,13634326.0
2024-09-20,70.414219,71.79793,70.373334,71.640181,48580519.0
2024-09-23,71.558552,72.193101,71.177608,71.732963,11613551.0
2024-09-24,71.216357,71.825885,70.595044,71.336503,13333034.0
2024-09-25,71.705239,71.918702,71.303848,71.453928,12327713.0
2024-09-26,70.862442,71.598759,70.841173,71.403473,10814176.0
2024-09-27,71.537539,72.200387,71.46152,71.795466,11176976.0
2024-09-30,72.005105,72.198109,71.688534,71.862624,18017824.0
2024-10-01,72.101792,72.769058,71.63989,71.707292,13296105.0
2024-10-02,71.382279,71.443392,70.404936,71.01558,11156190.0
2024-10-03,70.864325,70.992972,70.192953,70.525527,9375913.0
2024-10-04,69.970021,70.278183,69.722386,70.163945,12684560.0
2024-10-07,70.051482,70.116141,68.881657,69.006943,14512115.0
2024-10-08,69.042631,69.440403,68.860706,69.174604,13549946.0
2024-10-09,69.186686,69.737216,69.072341,69.567902,9037944.0
2024-10-10,69.831566,69.913229,68.984184,69.251318,8634073.0
2024-10-11,69.468876,69.579335,68.996178,69.563501,8785978.0
2024-10-14,69.570811,70.476879,69.46319,70.337848,7659186.0
2024-10-15,70.462479,71.202661,70.168168,70.343921,10358650.0
2024-10-16,70.104806,70.70668,69.978458,70.587569,7937793.0
2024-10-17,70.632219,70.682392,69.571984,69.898711,14671979.0
2024-10-18,69.858763,70.54476,69.607816,70.443317,15086402.0
2024-10-21,69.992502,70.331242,69.320448,69.441956,11979325.0
2024-10-22,68.990337,69.748702,68.672669,69.455262,18604732.0
2024-10-23,66.993562,68.703046,66.596898,68.011572,24654742.0
2024-10-24,67.666388,68.053485,66.950892,67.306481,17571257.0
2024-10-25,67.053145,67.710525,66.795444,66.924547,11136454.0
2024-10-28,66.966451,67.407513,66.600599,66.662557,10762703.0
2024-10-29,66.290465,66.343769,65.524683,65.551032,16527632.0
2024-10-30,65.509825,66.534879,65.323101,65.917994,14176410.0
2024-10-31,65.807302,65.986243,65.260835,65.298355,13381961.0
2024-11-01,65.472114,65.665402,64.887858,65.006947,12163509.0
2024-11-04,65.076149,65.424062,64.642114,65.106653,10983381.0
2024-11-05,64.655313,65.478683,64.650179,65.367877,8780537.0
2024-11-06,64.416838,64.85341,63.176826,63.696424,22896309.0
2024-11-07,64.296073,64.385095,63.611425,63.675439,14856996.0
2024-11-08,63.889477,64.232591,63.742603,63.914918,14720604.0
2024-11-11,63.991609,64.12108,63.252523,63.353087,13979311.0
2024-11-12,63.674932,63.755754,63.12633,63.206981,15021512.0
2024-11-13,63.056431,63.263006,62.49756,63.003894,13178044.0
2024-11-14,63.109182,63.109182,62.436195,62.545093,15908630.0
2024-11-15,62.48444,62.62754,61.399202,61.734819,26284712.0
2024-11-18,61.863962,62.143077,61.561463,61.851924,16064758.0
2024-11-19,61.892644,62.609165,61.626901,62.588677,16255059.0
2024-11-20,62.696574,63.010604,62.019142,62.989838,18906551.0
2024-11-21,63.147869,63.814041,62.954773,63.756315,17293940.0
2024-11-22,64.247754,64.484507,63.64307,63.92347,19562513.0
2024-11-25,64.327683,64.712477,63.845953,64.387879,36801377.0
2024-11-26,64.318884,64.645531,64.058187,64.543705,14474279.0
2024-11-27,64.955681,65.100574,64.254334,64.417489,13261346.0
2024-11-29,64.026717,64.236231,63.76452,64.087233,10649961.0
2024-12-02,64.048216,64.175744,63.342964,63.649057,16496613.0
2024-12-03,63.726423,64.082266,63.029057,63.523009,24873706.0
2024-12-04,63.274685,63.359126,61.911696,62.210479,28135764.0
2024-12-05,62.477007,63.114246,62.094174,62.926164,21040664.0
2024-12-06,62.822258,63.360065,62.511201,62.524177,15582702.0
2024-12-09,62.69027,62.929082,61.899877,62.607843,22344971.0
2024-12-10,62.703424,63.037908,61.780983,62.902207,14951814.0
2024-12-11,63.005887,63.631254,62.397074,62.644372,32820545.0
2024-12-12,63.545031,63.92689,63.218353,63.834907,17545727.0
2024-12-13,63.572184,63.846531,63.115005,63.115005,13428493.0
2024-12-16,63.230743,63.860227,62.354106,62.554141,24563123.0
2024-12-17,62.462632,63.549359,62.326001,63.404766,21903631.0
2024-12-18,62.809058,63.631161,62.799825,62.852886,20945312.0
2024-12-19,62.710176,63.172006,62.406666,62.43879,21299606.0
2024-12-20,62.464775,63.0569,62.278333,62.555726,42449229.0
2024-12-23,62.485682,62.760681,61.517938,62.385491,13011567.0
2024-12-24,62.203215,62.83962,62.013427,62.83962,5019449.0
2024-12-26,62.617195,62.751316,62.398764,62.576078,7943249.0
2024-12-27,62.458038,62.94857,62.206042,62.446575,8541390.0
2024-12-30,62.339564,62.339564,61.682064,62.034036,8973610.0
2024-12-31,62.012133,62.423253,61.791509,62.26087,9257575.0
2025-01-02,62.356904,62.757228,61.622178,61.833646,12991986.0
2025-01-03,61.898597,62.080453,61.621269,61.75093,10404804.0
2025-01-06,61.510448,61.567086,60.663563,60.813622,17925887.0
2025-01-07,61.108897,61.71415,60.617408,60.840456,17799153.0
2025-01-08,60.983489,61.763725,60.929591,61.700582,14413081.0
2025-01-10,61.578584,61.655262,60.728692,61.076867,22420483.0
2025-01-13,61.131209,61.849606,60.707238,61.646693,18015692.0
2025-01-14,61.661032,62.061411,61.293058,62.036787,16661114.0
2025-01-15,62.335686,62.621976,61.686206,61.765777,16187773.0
2025-01-16,61.419556,62.298288,61.315584,62.242677,12584281.0
2025-01-17,62.312374,62.766493,62.180776,62.714224,17950325.0
2025-01-21,62.894067,63.232412,62.302559,62.421504,19815806.0
2025-01-22,62.132147,62.288644,61.657223,61.779337,18193772.0
2025-01-23,61.787316,61.984067,61.370855,61.536418,16526648.0
2025-01-24,61.715654,61.994393,61.452335,61.916036,19244240.0
2025-01-27,62.870752,64.184776,62.479399,63.854776,20741272.0
2025-01-28,63.511391,64.047101,62.295143,62.361,14954280.0
2025-01-29,62.550611,63.358586,62.550611,62.831273,11326068.0
2025-01-30,63.846036,64.300118,63.226156,64.052247,13200701.0
2025-01-31,63.706688,63.932542,63.391589,63.484231,12095794.0
2025-02-03,63.188032,63.637664,62.432311,63.34241,12069501.0
2025-02-04,63.597705,63.625032,62.340146,62.662044,15679431.0
2025-02-05,62.722578,63.292885,62.597274,63.11933,10686140.0
2025-02-06,63.624705,63.736852,62.914518,63.347378,13422372.0
2025-02-07,63.447489,63.920931,63.269591,63.848614,13185298.0
2025-02-10,64.111763,64.650463,63.655499,64.551705,16153542.0
2025-02-11,67.503895,67.667629,66.406135,67.594586,30587512.0
2025-02-12,66.868746,68.812378,66.868746,68.70372,26035101.0
2025-02-13,69.000202,69.608306,68.767903,69.501967,24396237.0
2025-02-14,69.35674,70.034523,68.757626,68.852976,20781198.0
2025-02-18,68.551622,69.36965,68.414419,69.048637,15569316.0
2025-02-19,69.213421,70.131896,69.162996,70.057231,16033359.0
2025-02-20,69.713976,70.057759,69.425812,70.039933,13398473.0
2025-02-21,70.313194,71.597891,70.130852,71.354646,21662841.0
2025-02-24,70.840109,71.737906,70.333123,70.584293,21416098.0
2025-02-25,70.856412,71.753792,70.735311,71.496312,21553340.0
2025-02-26,71.268439,71.279221,70.518871,70.808823,14531569.0
2025-02-27,70.71616,71.531472,70.421402,70.860689,16789930.0
2025-02-28,71.443792,71.563462,70.568329,71.209546,22164185.0
2025-03-03,70.242765,72.351923,69.717101,72.313634,21715911.0
2025-03-04,72.065014,72.648104,69.871903,70.19124,25418068.0
2025-03-05,69.897432,70.733658,69.841077,70.08809,23934962.0
2025-03-06,70.406445,70.533015,69.444325,70.464838,21689766.0
2025-03-07,69.652997,71.816292,69.637742,71.426564,28393074.0
2025-03-10,71.961115,73.226357,71.320317,71.460882,25248985.0
2025-03-11,71.875353,72.048742,70.603375,71.032788,28075078.0
2025-03-12,70.369216,70.739007,69.73884,69.944989,18923502.0
2025-03-13,70.252212,70.252212,69.276381,69.617031,15746020.0
2025-03-14,68.502496,69.260932,68.389386,69.159512,14205263.0
2025-03-17,69.237105,70.174317,69.095425,70.126412,15635197.0
2025-03-18,70.105224,70.187243,69.295142,69.382849,12656982.0
2025-03-19,68.54489,69.367616,68.54489,69.285305,14780543.0
2025-03-20,69.309128,69.800039,69.090965,69.702749,16296051.0
2025-03-21,69.71961,69.972829,68.196304,68.680139,47481816.0
2025-03-24,68.789692,69.079162,68.33746,68.947272,12575692.0
2025-03-25,68.947393,69.078323,68.595003,68.80748,12515807.0
2025-03-26,68.929539,70.341272,68.897267,70.009113,14479388.0
2025-03-27,70.178083,70.988227,70.068266,70.733687,11661555.0
2025-03-28,70.809967,71.314573,69.534649,70.365732,17412352.0
2025-03-31,70.732679,71.952332,70.502851,71.616843,24016425.0
2025-04-01,71.68497,71.898453,71.20648,71.871685,15308353.0
2025-04-02,71.957902,72.352708,71.051879,71.337564,14606830.0
2025-04-03,72.4764,73.938431,72.32957,73.168781,24965176.0
2025-04-04,72.420963,73.00589,69.796529,69.931425,26516891.0
2025-04-07,66.235579,69.38202,66.041697,68.369483,34253816.0
2025-04-08,68.965928,69.988207,67.753853,68.415603,22774938.0
2025-04-09,67.903455,70.477542,67.286977,69.948223,27913822.0
2025-04-10,70.19356,71.203895,68.970845,70.74631,22448468.0
2025-04-11,70.909785,71.850973,70.522651,71.426479,19984078.0
2025-04-14,71.294637,72.666043,70.922272,72.458523,13927787.0
2025-04-15,72.616982,72.63201,71.729388,71.858247,14966374.0
2025-04-16,72.359216,72.674964,71.388487,71.703255,15277176.0
2025-04-17,71.89445,73.426122,71.714613,72.995711,20752815.0
2025-04-21,73.380927,73.459517,71.824019,72.766099,16039163.0
2025-04-22,72.999266,74.379672,72.926983,73.890052,15613809.0
2025-04-23,73.294426,73.942198,72.393549,73.311767,16355683.0
2025-04-24,73.015651,73.433062,72.293839,72.520865,16894862.0
2025-04-25,72.649174,72.921158,71.126092,71.916291,16317780.0
2025-04-28,72.075662,72.251525,71.30985,71.786485,15998836.0
2025-04-29,71.187045,72.720242,70.274628,72.362604,16244634.0
2025-04-30,73.347709,73.470757,71.685277,72.538485,21076095.0
2025-05-01,71.98308,72.0393,71.22356,71.288158,18033279.0
2025-05-02,71.503685,71.82035,71.094771,71.643727,12629214.0
2025-05-05,71.673458,71.79945,71.023835,71.706444,11931837.0
2025-05-06,71.676617,71.900054,71.149309,71.724094,12706737.0
2025-05-07,71.732996,72.688627,71.669183,72.404287,15019474.0
2025-05-08,72.19721,72.469183,71.127784,71.1716,14370352.0
2025-05-09,70.976005,71.155516,70.453771,70.514314,11227885.0
2025-05-12,70.144969,70.325758,68.700738,69.533767,21540871.0
2025-05-13,69.599731,69.680633,68.868889,68.975462,14388501.0
2025-05-14,68.877105,69.346453,68.574036,69.157744,16286570.0
2025-05-15,69.687948,71.730246,69.601381,71.610555,19818147.0
2025-05-16,71.866445,72.255082,71.407173,71.999219,18439045.0
2025-05-19,72.021356,72.175974,71.631734,71.927897,13282637.0
2025-05-20,71.805081,72.146599,71.429111,71.696848,12138283.0
2025-05-21,71.690875,72.081144,71.585061,71.848434,12095314.0
2025-05-22,71.837929,71.99079,70.955118,71.132867,11103225.0
2025-05-23,71.556117,71.973681,70.692763,71.776114,12823461.0
2025-05-27,71.742148,72.22561,71.56057,71.778202,10665614.0
2025-05-28,71.710425,71.902198,71.060494,71.152393,8710752.0
2025-05-29,70.999103,71.660511,70.45748,71.491063,10291816.0
2025-05-30,71.600552,72.468656,71.600552,72.112311,28017190.0
2025-06-02,72.037218,72.046582,71.362594,71.993373,10204959.0
2025-06-03,71.703377,71.779071,70.465927,71.156853,20140172.0
2025-06-04,71.274205,71.863069,70.664434,71.383098,13568082.0
2025-06-05,71.367961,71.446165,70.836993,70.907479,13532139.0
2025-06-06,71.066203,71.471976,70.946694,71.355868,9524567.0
2025-06-09,71.349978,71.840569,71.095338,71.773742,12277543.0
2025-06-10,71.897537,72.681742,71.757138,72.356708,12264791.0
2025-06-11,72.264802,72.359032,71.762878,72.06626,12717360.0
2025-06-12,72.248154,72.413578,71.589808,72.244884,12806051.0
2025-06-13,71.764847,71.87796,70.729941,71.021285,17465710.0
2025-06-16,71.201297,71.631587,70.236096,70.526544,15047392.0
2025-06-17,70.373079,70.463129,69.568619,69.619742,15436486.0
2025-06-18,69.999564,70.002135,69.084741,69.212122,16226860.0
2025-06-20,69.091569,69.561059,68.78409,68.84954,40857457.0
2025-06-23,69.136832,69.812268,68.961211,69.738084,21823372.0
2025-06-24,69.937998,70.349067,69.690527,70.213229,15215799.0
2025-06-25,69.927284,70.025699,69.429248,69.633977,12540125.0
2025-06-26,69.701233,69.931515,69.140623,69.472325,14454445.0
2025-06-27,69.596005,70.566516,69.463377,70.328262,23469391.0
2025-06-30,70.118905,70.794884,70.087441,70.74549,15428512.0
2025-07-01,70.997918,72.461413,70.883258,71.666341,21728000.0
2025-07-02,71.688178,71.841154,70.735134,70.914632,13052765.0
2025-07-03,71.041495,71.39118,70.457826,71.352171,9440188.0
2025-07-07,71.372141,71.382605,70.793971,71.009172,16982516.0
2025-07-08,70.677918,70.680025,69.874494,70.241831,17114093.0
2025-07-09,70.158265,70.235515,68.963196,69.474664,33706083.0
2025-07-10,69.288305,69.850297,69.149875,69.769196,14609473.0
2025-07-11,69.572076,70.164049,69.25329,69.878132,12916285.0
2025-07-14,69.809191,70.087792,69.263757,69.475163,13982029.0
2025-07-15,69.503426,69.556116,69.161224,69.369107,12638878.0
2025-07-16,69.343985,69.500375,68.798573,69.283277,13179087.0
2025-07-17,69.804953,70.685394,69.520782,70.583933,20466349.0
2025-07-18,70.437991,70.711501,69.826226,69.848745,14928634.0
2025-07-21,70.184089,70.618028,69.934822,70.065412,17813626.0
2025-07-22,69.456172,70.261118,68.687564,69.665648,22342641.0
2025-07-23,69.659217,69.739601,68.605572,69.164135,21031080.0
2025-07-24,69.253828,69.551944,68.987129,69.089763,12511484.0
2025-07-25,69.124732,69.223733,68.740521,69.176454,12573635.0
2025-07-28,68.73204,68.902546,68.056912,68.091149,13668256.0
2025-07-29,68.339357,69.422315,68.153233,69.382233,16221037.0
2025-07-30,69.100115,69.340973,68.536087,68.754288,10448707.0
2025-07-31,68.140581,68.650128,67.754515,67.899016,17195643.0
2025-08-01,68.59911,69.032633,68.2812,68.867356,16104560.0
2025-08-04,68.703585,69.078779,68.316838,68.956099,10701050.0
2025-08-05,68.903362,69.493787,68.740377,69.046791,11994114.0
2025-08-06,69.125728,69.795985,68.629774,69.515051,10783099.0
2025-08-07,69.457737,70.715636,69.327838,70.430663,15789390.0
2025-08-08,70.365437,70.87288,70.080307,70.33939,9233964.0
2025-08-11,70.304117,70.856188,69.966557,70.759802,10907763.0
2025-08-12,70.813411,71.071616,70.221664,70.707138,11061967.0
2025-08-13,70.699771,70.772169,70.234612,70.480877,10355743.0
2025-08-14,70.383404,70.459353,69.407104,69.539477,10720812.0
2025-08-15,69.751485,70.387502,69.567536,69.915315,12382034.0
2025-08-18,69.975993,70.04484,69.049378,69.138479,14095757.0
2025-08-19,69.289964,70.222539,69.243488,70.119943,13863440.0
2025-08-20,70.759338,71.710689,70.406507,70.702132,17527306.0
2025-08-21,70.605455,70.910365,70.328906,70.665635,8839804.0
2025-08-22,70.955222,71.027512,69.915789,70.142489,12999432.0
2025-08-25,70.104846,70.231309,68.721316,68.938313,13633699.0
2025-08-26,69.037616,69.076018,68.57578,68.734746,17964793.0
2025-08-27,68.81972,68.868421,68.469398,68.827319,11561455.0
2025-08-28,68.874976,68.892911,68.279205,68.359798,16209130.0
2025-08-29,68.660807,69.137471,68.428338,68.986609,14602055.0
2025-09-02,68.968811,69.338055,68.254305,69.056272,24768728.0
2025-09-03,68.65665,69.098238,67.368789,68.981744,33584110.0
2025-09-04,69.111697,69.456091,68.11033,68.239632,16733199.0
2025-09-05,68.015479,68.586101,67.882839,67.958913,23975901.0
2025-09-08,67.860449,67.877598,67.151783,67.432999,21673755.0
2025-09-09,67.270559,68.113277,67.270559,67.854043,14122322.0
2025-09-10,67.794186,68.091815,67.21116,67.818528,16043505.0
2025-09-11,67.916891,68.168089,67.56936,67.613457,15128496.0
2025-09-12,67.589404,67.716648,66.949707,67.007466,18712374.0
2025-09-15,66.675937,66.778794,66.094485,66.207731,15986083.0
2025-09-16,66.355293,66.505399,66.069683,66.245131,18554752.0
2025-09-17,66.40596,67.121481,66.396503,67.040674,17376880.0
2025-09-18,66.795029,67.033132,66.350926,66.475251,17724391.0
2025-09-19,66.501549,66.741842,66.044253,66.433855,31192714.0
2025-09-22,66.168608,66.593002,66.084307,66.209359,13298198.0
2025-09-23,66.350334,66.760289,65.898922,66.709801,15072901.0
2025-09-24,66.409776,66.778508,65.963509,66.459636,14760589.0
2025-09-25,66.756375,66.91895,65.958631,65.967203,14394957.0
2025-09-26,66.065373,66.340134,65.504324,65.669045,17822459.0
2025-09-29,65.675779,66.106454,65.357292,66.025287,14818311.0
2025-09-30,66.065936,66.631749,65.949535,66.319724,13814747.0
2025-10-01,66.520328,66.829375,66.294175,66.787174,14878973.0
2025-10-02,66.536094,66.642828,65.862289,66.101807,14352533.0
2025-10-03,66.1123,66.986003,66.044732,66.646325,12248907.0
2025-10-06,66.483013,66.488281,65.841868,66.097905,14334829.0
2025-10-07,66.220149,67.257377,65.866627,66.791919,13329200.0
2025-10-08,66.680981,66.872488,66.063924,66.131689,12607193.0
2025-10-09,66.287065,66.801805,66.107768,66.372399,12703897.0
2025-10-10,66.525124,67.389545,66.377591,67.038655,17995906.0
2025-10-13,66.24555,66.804079,65.993825,66.80014,13689377.0
2025-10-14,66.853607,67.58014,66.752456,67.497301,14245250.0
2025-10-15,67.266534,67.719621,66.913212,67.083059,11193879.0
2025-10-16,67.189326,68.102716,67.153737,67.58178,15706624.0
2025-10-17,68.007086,68.507007,67.810976,68.445026,15539574.0
2025-10-20,68.421186,68.639172,67.910751,68.448421,17786868.0
2025-10-21,70.55736,71.392341,70.224746,71.219629,33647174.0
2025-10-22,71.360033,71.616675,70.519868,70.8113,18292939.0
2025-10-23,70.824284,70.949033,69.725378,69.932199,13986338.0
2025-10-24,69.912999,70.044409,69.638267,69.709103,15686761.0
2025-10-27,69.778836,70.10918,69.244414,70.04782,13799270.0
2025-10-28,70.061163,70.887503,69.947238,70.165605,12730578.0
2025-10-29,69.926686,70.024568,68.151938,68.344596,19790564.0
2025-10-30,68.452562,69.283341,68.399539,68.988023,14752889.0
2025-10-31,68.548086,69.070922,67.904626,68.899183,16744422.0
2025-11-03,68.803849,68.881407,67.656708,67.974897,15661902.0
2025-11-04,68.466562,68.726991,68.155582,68.663969,12741708.0
2025-11-05,68.650425,68.826867,68.177277,68.508985,12849683.0
2025-11-06,68.300601,69.134137,67.922432,69.057394,15907320.0
2025-11-07,69.802436,70.876789,69.414645,70.546902,25105911.0
2025-11-10,70.000498,70.655375,69.438409,70.520768,15317855.0
2025-11-11,70.972089,71.746032,70.663317,71.605383,16160920.0
2025-11-12,71.491297,71.884195,71.330357,71.503056,13612836.0
2025-11-13,71.42296,71.668725,70.994365,71.069773,14001815.0
2025-11-14,71.401689,71.657103,70.597302,71.151171,13170111.0
2025-11-17,71.207,71.522498,70.619981,70.678166,14771750.0
2025-11-18,70.985585,71.336272,70.577989,71.219876,12841568.0
2025-11-19,71.189221,71.4431,70.800361,71.110963,12399551.0
2025-11-20,70.945321,71.478054,70.607991,71.202662,15398836.0
2025-11-21,71.686779,73.195032,71.492988,72.952654,26489494.0
2025-11-24,73.150059,73.150508,71.570898,72.580376,39817311.0
2025-11-25,72.796425,72.939402,72.138055,72.617486,17451805.0
2025-11-26,72.592312,73.09084,72.382171,72.883915,11795842.0
2025-11-28,73.000788,73.227777,72.762383,73.112132,7422328.0
2025-12-01,72.593116,72.916078,71.936543,71.952564,14385933.0
2025-12-02,71.81577,71.81577,70.422762,70.668943,19872415.0
2025-12-03,70.865727,71.404211,70.605658,70.801617,17000870.0
2025-12-04,70.842717,71.337096,70.366699,70.453757,17710345.0
2025-12-05,70.318858,70.686448,69.86649,69.997254,13977548.0
2025-12-08,69.838182,70.382755,69.514975,70.258882,17774998.0
2025-12-09,70.364556,70.652314,69.827385,70.082296,13010052.0
2025-12-10,70.38493,70.526996,69.778031,70.222875,29789289.0
2025-12-11,70.551632,70.685162,68.790946,69.114266,23123719.0
2025-12-12,69.10007,70.618717,69.035004,70.504328,18446809.0
2025-12-15,70.43393,71.326566,70.319949,70.970553,18657359.0
2025-12-16,71.30378,71.308283,70.3235,70.36579,17369787.0
2025-12-17,70.576612,70.940907,70.313736,70.673101,13673700.0
2025-12-18,70.266873,70.804162,70.169832,70.35125,15524119.0
2025-12-19,70.054932,70.772832,70.026943,70.060448,36908688.0
2025-12-22,69.919924,70.212288,69.664939,70.204007,12828662.0
2025-12-23,70.204983,70.260039,69.698356,69.871079,9471908.0
2025-12-24,69.90333,70.150424,69.740607,70.124338,4514854.0
2025-12-26,69.954678,70.157814,69.722604,69.872895,5710844.0
2025-12-29,69.995913,70.414009,69.862887,70.151434,9685827.0
2025-12-30,69.989037,70.246236,69.797757,70.076093,8611359.0
2025-12-31,70.076535,70.176856,69.878603,69.900459,8127418.0
2026-01-02,69.837108,69.876027,68.984455,69.118498,12151579.0
2026-01-05,68.913379,68.936272,67.913193,67.941658,21187717.0
2026-01-06,67.999932,68.249261,67.600442,67.850276,21019673.0
2026-01-07,67.985547,68.060361,67.261419,67.53465,20222091.0
2026-01-08,67.546645,69.457597,67.449784,69.368355,19238812.0
2026-01-09,69.432457,70.670008,69.112523,70.505945,19642576.0
2026-01-12,70.899692,70.967519,70.250813,70.503702,20584064.0
2026-01-13,70.414734,71.249631,70.275269,71.249631,18323546.0
2026-01-14,71.156934,71.71489,70.819321,71.447332,16739561.0
2026-01-15,71.587375,71.606388,70.370062,70.473184,15464214.0
2026-01-16,70.27748,70.731939,70.03564,70.452424,20027748.0
2026-01-20,70.006012,71.773069,69.790138,71.750602,22150857.0
2026-01-21,71.981886,72.231423,70.829871,72.019285,21659536.0
2026-01-22,71.832552,72.05358,71.429261,71.882804,13963585.0
2026-01-23,72.013729,73.059637,71.78377,72.872251,18306653.0
2026-01-26,72.862683,73.300838,72.550841,72.571644,14017155.0
2026-01-27,72.437691,73.553226,72.265267,73.553226,13240580.0
2026-01-28,73.204525,73.623609,72.577828,73.06396,14632620.0
2026-01-29,73.182143,74.075041,73.124495,73.435882,20864340.0
2026-01-30,73.704967,74.893728,73.539901,74.809532,26422102.0
2026-02-02,74.995577,75.700173,74.404572,75.327937,19301803.0
2026-02-03,75.269614,77.509574,75.130245,76.884739,27008021.0
2026-02-04,77.269957,78.109958,77.085179,77.350867,28607257.0
2026-02-05,77.812615,78.866031,77.586515,78.512001,21631935.0
2026-02-06,78.487401,79.200323,78.250404,79.031538,18511327.0
2026-02-09,78.655102,79.106491,77.525375,77.961643,23416824.0
2026-02-10,76.634666,77.508612,76.010276,76.814353,28845954.0
2026-02-11,76.875255,79.054565,76.584581,78.617738,22645269.0
2026-02-12,78.970488,80.404423,78.785741,78.99228,26049315.0
2026-02-13,78.45176,79.392169,78.118018,78.681025,16712187.0
2026-02-17,78.99334,79.636502,78.757508,79.547864,16260303.0
2026-02-18,79.497874,79.859543,78.924039,79.484569,16306914.0
2026-02-19,79.448357,79.672762,78.582341,78.901526,14924831.0
2026-02-20,79.340655,79.845215,78.885097,79.845215,17175631.0
2026-02-23,79.524936,80.856664,79.515701,80.560997,17156750.0
2026-02-24,80.543498,81.093135,79.864196,80.720312,16449685.0
2026-02-25,80.403399,80.690856,79.571278,80.466467,18085224.0
2026-02-26,80.734222,80.878879,80.021078,80.494984,12841406.0
2026-02-27,80.928368,82.000694,80.812603,81.562056,28482916.0
2026-03-02,81.264541,81.383595,80.145448,80.23547,18139367.0
2026-03-03,79.858301,80.088034,78.563082,79.332032,20547675.0
2026-03-04,79.289063,79.47409,77.741083,78.09399,21014671.0
2026-03-05,77.681315,77.718864,76.508387,77.026276,23165291.0
2026-03-06,76.807015,77.194205,76.351452,77.042527,15515561.0
2026-03-09,76.615974,78.080587,76.534536,77.787637,18554507.0
2026-03-10,77.476831,78.425325,77.090458,77.88004,17242703.0
2026-03-11,77.71154,77.71154,76.585248,77.625542,11546763.0
2026-03-12,77.419995,78.16667,76.899852,77.609307,16839240.0
2026-03-13,77.459168,78.052469,77.182514,77.360194,11973734.0
2026-03-16,77.995361,78.424548,77.751484,77.808703,11761455.0
2026-03-17,78.008402,78.299907,77.449641,77.577014,14900893.0
2026-03-18,77.076895,77.138566,75.857302,75.984902,13135697.0
2026-03-19,76.011505,76.443901,75.523244,75.542743,13024087.0
2026-03-20,75.578279,76.054285,74.380415,74.75823,33304223.0
2026-03-23,75.345548,75.456167,74.554554,75.11777,15056246.0
2026-03-24,74.853834,75.687394,74.619988,74.685634,15653951.0
2026-03-25,74.588609,75.637012,74.07914,75.246903,14788691.0
2026-03-26,75.202683,75.749366,74.648024,74.676641,11202543.0
2026-03-27,74.818946,76.045233,74.692477,75.702346,17461869.0
2026-03-30,75.935001,77.009818,75.723275,76.260182,18502645.0
2026-03-31,76.540918,77.021086,75.51962,76.049441,18299365.0
2026-04-01,76.152537,76.361534,75.255871,76.082884,15835343.0
2026-04-02,76.572748,76.956404,76.126923,76.713887,14573434.0
2026-04-06,76.628538,77.287844,76.223163,77.217543,8261755.0
2026-04-07,77.201026,77.614107,75.631181,75.90895,12767212.0
2026-04-08,75.809512,77.373953,75.323512,77.296529,12332092.0
2026-04-09,76.641579,78.296575,76.374948,78.177293,14311843.0
2026-04-10,77.974495,78.175513,77.314688,77.470884,11080437.0
2026-04-13,77.320494,77.453942,75.832159,76.408436,12696271.0
2026-04-14,75.968822,76.614962,75.802564,75.890771,12398947.0
2026-04-15,75.750755,75.750755,74.717307,75.308721,16213149.0
2026-04-16,75.033862,75.827448,74.908024,75.189969,11500950.0
2026-04-17,74.945721,76.075365,74.805612,75.749642,15033409.0
2026-04-20,75.823008,76.226663,75.375134,75.474454,10144068.0
2026-04-21,75.485404,75.520227,74.619857,74.711579,11809583.0
2026-04-22,74.908311,75.382843,74.555356,74.62777,9352846.0
2026-04-23,75.43824,76.665209,75.171785,76.283235,12060479.0
2026-04-24,76.707137,77.014253,76.174366,76.638596,12010274.0
2026-04-27,76.709339,76.712307,75.402182,75.437463,15811713.0
2026-04-28,79.525703,80.333223,78.070861,78.363997,30715140.0
2026-04-29,78.36866,79.26419,78.185655,78.868864,18295843.0
2026-04-30,78.787576,79.118644,78.328402,78.755507,15140595.0
2026-05-01,79.286782,79.650918,78.034177,78.585692,12608521.0
2026-05-04,78.068608,78.773325,77.71394,78.189182,12671424.0
2026-05-05,78.192204,78.788713,77.731319,78.484259,11635874.0
2026-05-06,78.791064,79.341837,78.568426,79.229175,14058879.0
2026-05-07,78.78185,79.153188,78.104608,78.43795,16532987.0
2026-05-08,78.557148,79.193469,78.11935,78.417381,12448155.0
2026-05-11,78.156467,78.724489,77.840207,78.660292,10968133.0
2026-05-12,78.996739,80.33315,78.27701,80.029244,19880407.0
2026-05-13,79.874128,81.029784,79.837573,80.255121,12357415.0
2026-05-14,80.712811,80.907541,79.917218,80.45585,10640452.0
2026-05-15,81.351219,81.355483,80.458338,80.822821,17527831.0
2026-05-18,80.864004,81.401166,80.396649,81.208535,12376875.0
2026-05-19,81.394475,82.653473,81.258879,81.914763,16592941.0
2026-05-20,82.164481,82.394609,81.52885,81.562786,16998334.0
2026-05-21,81.794798,81.794798,80.7158,81.170791,15710792.0
2026-05-22,81.189736,81.678804,80.92522,81.47689,8239003.0
2026-05-26,80.837779,81.603976,80.223281,80.459225,13004887.0
2026-05-27,81.098862,82.521067,80.805048,81.610412,13210311.0
2026-05-28,81.326254,81.760159,80.333262,80.403439,14690723.0
2026-05-29,80.035743,80.337341,78.907798,78.997119,32478592.0
2026-06-01,78.585415,79.196972,78.430996,78.641548,12778648.0
2026-06-02,78.878211,79.19638,78.248987,78.404698,12531863.0
2026-06-03,78.293024,79.030785,78.10092,78.763526,14962121.0
2026-06-04,79.77815,80.03229,76.80666,76.825766,19358528.0
2026-06-05,77.520389,80.742454,77.492321,79.472725,25707695.0
2026-06-08,79.302575,79.931785,79.100291,79.544499,12828197.0
2026-06-09,79.550678,81.757513,79.389573,81.341893,20592579.0
2026-06-10,82.674881,83.833641,82.103011,83.595791,20881990.0
2026-06-11,83.905037,84.04101,82.475917,82.533887,14266880.0
2026-06-12,82.706545,82.882422,81.871917,82.641764,11756765.0
2026-06-15,81.085466,81.206405,80.249237,80.902567,20058236.0
2026-06-16,81.161638,81.383104,79.836137,80.278461,17564250.0
2026-06-17,79.94443,80.329904,78.976784,79.917584,17056005.0
2026-06-18,79.869015,80.008058,78.746896,79.391558,46857065.0
2026-06-22,79.254995,80.058708,79.060591,79.520579,21206654.0
2026-06-23,81.336805,81.336805,79.838549,80.296229,16857106.0
2026-06-24,80.884653,81.578796,80.555606,80.594149,20629559.0
2026-06-25,80.528552,81.373646,79.95613,80.428947,16021855.0
2026-06-26,80.963404,82.802822,80.704484,82.611632,53360608.0
2026-06-29,82.83435,83.608564,82.217112,82.637778,15014716.0
2026-06-30,82.51447,82.53887,81.014276,81.260241,16421535.0
2026-07-01,81.705777,81.980506,80.954358,81.282824,21737647.0
2026-07-02,81.624108,84.13854,81.411304,84.13854,18305804.0
2026-07-06,84.097517,84.565843,82.311898,82.954447,18990948.0
2026-07-07,84.610437,85.671622,83.670383,84.040512,17834513.0
2026-07-08,84.168019,84.832373,83.273422,83.393121,14159593.0
2026-07-09,82.084233,82.818876,81.716966,82.63001,15784146.0
2026-07-10,82.72994,83.739354,82.417678,83.483291,10695920.0
2026-07-13,83.894791,84.682299,83.675476,84.248672,12085718.0
2026-07-14,84.166411,84.637597,83.087689,83.096982,13777817.0
2026-07-15,82.944053,83.238324,82.221163,82.448093,18383027.0
2026-07-16,83.496105,84.959436,83.279678,84.909776,17889956.0
2026-07-17,85.374189,85.540909,80.830804,81.575547,32901466.0
2026-07-20,81.54704,82.367935,81.29867,82.132127,14967896.0
2026-07-21,81.988703,82.41189,81.301429,81.983824,12950531.0
2026-07-22,82.84129,82.91724,81.952142,82.207728,11700936.0
2026-07-23,81.679429,81.864777,80.875389,81.161284,13755681.0
2026-07-24,81.568262,82.325959,80.91377,82.267899,11978850.0
2026-07-27,83.074133,84.148545,82.502871,84.066364,19938033.0
2026-07-28,88.301449,90.214279,86.26889,88.277193,34984105.0
2026-07-29,88.65638,90.917661,88.63461,89.085843,21711858.0
2026-07-30,87.629993,88.651015,87.229949,88.486208,17616188.0
2026-07-31,87.660722,88.001145,86.816015,87.593506,14723526.0
2026-08-03,88.494006,88.494006,86.635155,86.85438,23196516.0
2026-08-04,85.776166,86.664733,85.149435,86.563644,17088736.0
2026-08-05,87.054948,87.168346,86.206632,86.817406,15870872.0
2026-08-06,87.850185,87.977197,86.420796,86.851607,13568892.0
2026-08-07,86.495775,87.165732,86.175799,87.052627,11223392.0
2026-08-10,87.104537,87.536675,86.435872,86.859302,13712066.0
2026-08-11,86.626117,87.051704,86.114667,86.476665,16015907.0
2026-08-12,85.789119,87.289498,85.670386,86.704682,12652302.0
2026-08-13,87.13935,87.751439,86.907942,87.433207,10139517.0
2026-08-14,87.308883,87.970405,87.205263,87.724343,9166169.0
2026-08-17,87.290164,88.023837,86.852055,86.977993,12057872.0
2026-08-18,88.402699,88.949024,87.887966,88.832821,12523855.0
2026-08-19,88.578831,90.761692,88.578831,90.348726,15992637.0
2026-08-20,90.166516,91.869729,89.726205,90.512007,14926256.0
2026-08-21,90.851115,91.203903,90.314615,91.093789,15595260.0
2026-08-24,92.113567,92.475708,91.445188,91.990544,14785016.0
2026-08-25,91.558464,92.076837,91.298096,91.650043,11939594.0
2026-08-26,92.209787,92.209787,90.00305,90.084465,17136659.0
2026-08-27,89.405006,90.036749,88.966553,89.056488,13452845.0
2026-08-28,89.206365,90.041367,89.078948,89.662041,9886781.0
2026-08-31,89.508609,89.518729,88.60383,88.672314,23770422.0
2026-09-01,89.593995,89.787559,87.801355,88.005603,14823815.0
2026-09-02,87.899775,88.943206,87.742061,88.237631,18495478.0
2026-09-03,88.112996,89.226841,88.014843,88.801772,13760859.0
2026-09-04,88.585893,88.902675,87.843311,88.068827,17289866.0
2026-09-08,87.541031,88.557479,87.533542,88.375347,19428227.0
2026-09-09,88.320798,88.39915,87.413667,87.563644,12336848.0
2026-09-10,88.585496,88.967845,87.79295,87.82923,12020004.0
2026-09-11,88.425938,88.64555,87.811024,88.30678,9988137.0
2026-09-14,89.989523,90.36971,88.873229,89.362562,14065067.0
2026-09-15,88.53772,88.893602,87.810407,88.693985,13149147.0
2026-09-16,88.487202,88.663341,87.741302,87.870389,17076988.0
2026-09-17,88.071005,88.326122,87.523605,88.067168,16565876.0
2026-09-18,87.801164,88.290556,87.503234,88.252897,28051910.0
2026-09-21,88.333543,88.502654,87.112338,87.113687,18100865.0
2026-09-22,87.61724,88.962415,87.464681,88.617497,17265877.0
2026-09-23,88.95128,88.995215,87.613437,88.076372,13016896.0
2026-09-24,88.812052,89.355702,88.08645,88.095483,13162545.0
2026-09-25,88.152152,88.312307,87.584032,87.801786,12162103.0
2026-09-28,87.617478,87.698462,86.875196,87.183035,14492906.0
