Date,Open,High,Low,Close,Volume
2016-01-04,4485.169597,4498.025132,4439.301681,4497.343601,2218675755.0
2016-01-05,4512.346036,4522.40556,4465.444536,4484.685322,1927637374.0
2016-01-06,4409.52158,4467.438054,4409.030196,4444.26943,2168725695.0
2016-01-07,4348.744942,4403.735097,4303.085438,4305.268295,2552608891.0
2016-01-08,4335.256432,4362.109096,4266.021424,4270.758614,2288735485.0
2016-01-11,4301.388107,4311.069627,4217.20663,4283.129756,2391086732.0
2016-01-12,4322.77722,4352.460788,4273.452178,4334.013517,2147495905.0
2016-01-13,4352.729684,4359.109561,4177.250271,4182.845752,2533271176.0
2016-01-14,4200.900774,4308.352721,4132.937835,4272.987902,2565348921.0
2016-01-15,4124.375909,4185.271936,4085.622392,4140.940401,2818508692.0
2016-01-19,4199.956161,4202.253695,4100.847793,4147.843186,2394708833.0
2016-01-20,4078.180298,4178.823155,3992.658131,4136.421424,3204419930.0
2016-01-21,4146.219709,4200.673975,4099.286047,4143.059215,2447677928.0
2016-01-22,4226.289188,4260.197715,4208.675982,4259.722992,2153257706.0
2016-01-25,4245.131161,4267.983107,4192.97571,4196.660148,2028918831.0
2016-01-26,4211.93111,4250.786583,4177.574651,4234.20868,1981088444.0
2016-01-27,4214.68023,4225.344647,4112.443553,4128.682091,2115730324.0
2016-01-28,4197.445959,4197.445959,4115.920852,4185.889942,2321939068.0
2016-01-29,4186.199612,4280.157039,4184.844164,4280.157039,2607663400.0
2016-02-01,4254.259568,4302.130911,4238.480771,4286.286878,1983139810.0
2016-02-02,4263.105442,4265.182079,4180.52848,4192.347831,2185138447.0
2016-02-03,4213.364128,4217.684009,4098.610837,4171.796518,2465792021.0
2016-02-04,4157.397857,4201.399497,4120.169945,4167.449575,2200727665.0
2016-02-05,4150.50209,4152.511758,4008.526014,4024.750042,2479458638.0
2016-02-08,3947.16965,3978.548752,3888.9058,3960.499189,2701967716.0
2016-02-09,3904.033143,4008.310901,3902.444551,3947.15193,2466142112.0
2016-02-10,3997.15238,4045.758843,3962.397803,3965.28868,2448317043.0
2016-02-11,3910.597487,3989.433128,3901.870097,3962.81119,2812442419.0
2016-02-12,3996.643599,4021.95674,3965.467911,4019.298172,1983222215.0
2016-02-16,4076.493977,4104.863258,4050.250722,4104.623617,2117881093.0
2016-02-17,4138.659984,4204.543707,4125.478881,4199.07388,2296135629.0
2016-02-18,4212.387142,4212.811791,4146.559094,4152.967917,1955364705.0
2016-02-19,4129.265994,4175.765189,4121.867786,4164.205526,1903958072.0
2016-02-22,4204.404318,4235.298879,4200.401273,4231.312259,1793694972.0
2016-02-23,4208.804597,4218.367101,4159.05617,4162.70668,1777820448.0
2016-02-24,4115.32882,4206.520601,4087.963963,4200.647836,1978245572.0
2016-02-25,4211.717076,4241.76896,4172.387588,4241.244488,1668004463.0
2016-02-26,4273.600943,4275.58658,4227.334564,4235.996932,1814961160.0
2016-02-29,4228.712695,4263.995007,4199.900683,4200.568581,2065262257.0
2016-03-01,4238.266966,4333.55487,4226.157103,4333.382914,2080108546.0
2016-03-02,4328.574181,4335.151986,4300.401887,4333.674263,1912378531.0
2016-03-03,4330.047982,4331.515708,4297.193294,4325.56597,1936364187.0
2016-03-04,4334.395042,4357.157098,4300.343393,4328.784869,2171440676.0
2016-03-07,4303.423755,4330.017788,4271.870454,4303.761507,2084397996.0
2016-03-08,4272.203284,4309.219377,4258.952394,4266.553546,1993222207.0
2016-03-09,4281.700015,4293.112476,4258.123073,4293.043877,1789336467.0
2016-03-10,4307.946613,4336.323704,4231.624038,4287.023406,1936429957.0
2016-03-11,4337.324521,4362.473876,4320.026657,4362.473876,1801713828.0
2016-03-14,4348.212053,4377.760156,4347.044385,4367.412421,1615019073.0
2016-03-15,4354.130901,4370.643678,4340.076496,4367.275863,1692602584.0
2016-03-16,4359.437611,4416.015915,4358.013974,4404.023874,1781110455.0
2016-03-17,4390.341278,4413.247647,4376.22688,4399.645093,1907434384.0
2016-03-18,4408.547733,4420.271619,4387.828924,4410.342531,2829140351.0
2016-03-21,4403.237797,4429.520942,4400.482139,4426.088928,1609254489.0
2016-03-22,4403.430822,4450.524915,4400.975563,4437.4568,1596275743.0
2016-03-23,4431.290545,4435.274819,4394.389878,4402.170846,1732407132.0
2016-03-24,4380.653282,4405.858111,4374.222712,4405.858111,1591017568.0
2016-03-28,4414.470781,4417.161075,4392.942943,4398.33011,1380963037.0
2016-03-29,4391.29224,4472.207085,4383.232887,4467.762523,1806335875.0
2016-03-30,4494.730303,4518.076123,4481.694447,4490.728082,1717843416.0
2016-03-31,4491.578602,4504.268425,4477.285653,4484.501005,1774127516.0
2016-04-01,4461.270469,4533.686313,4452.58859,4533.605353,1812438098.0
2016-04-04,4526.144265,4533.560987,4503.982494,4511.878014,1705514336.0
2016-04-05,4479.064935,4494.847324,4465.206118,4470.072685,1726350343.0
2016-04-06,4476.431051,4544.977533,4475.985264,4543.382198,1761695789.0
2016-04-07,4519.412477,4526.069484,4459.849231,4475.754973,1909211118.0
2016-04-08,4507.110426,4515.860435,4459.803366,4475.01689,1589002012.0
2016-04-11,4496.270944,4516.392289,4458.629373,4458.629373,1545779724.0
2016-04-12,4464.528881,4503.317099,4435.203536,4495.989388,1759271787.0
2016-04-13,4527.868793,4559.897307,4525.036155,4555.137689,1936485475.0
2016-04-14,4554.042761,4570.052852,4541.743799,4554.333203,1646019821.0
2016-04-15,4550.307444,4558.073842,4530.928311,4543.710854,1684905180.0
2016-04-18,4535.554474,4570.001521,4531.12405,4569.350692,1672290317.0
2016-04-19,4573.619293,4574.064499,4516.124795,4536.653446,1824306780.0
2016-04-20,4539.851406,4562.585096,4523.595646,4541.219041,1781516530.0
2016-04-21,4540.558223,4558.857847,4522.641065,4540.558558,1758398317.0
2016-04-22,4477.996079,4501.896654,4440.515246,4473.357811,2019045530.0
2016-04-25,4460.058141,4474.83124,4453.400693,4474.080658,1582292513.0
2016-04-26,4479.357672,4490.617728,4439.270336,4453.816134,1824912836.0
2016-04-27,4412.60988,4426.840833,4380.808513,4416.240087,1938449734.0
2016-04-28,4420.165716,4446.396375,4354.997801,4363.653811,2161709797.0
2016-04-29,4367.601306,4372.770113,4307.121355,4341.469984,2376553499.0
2016-05-02,4350.985735,4387.400892,4333.903329,4380.97802,1880296538.0
2016-05-03,4348.666217,4369.264105,4328.858193,4341.734361,1984223563.0
2016-05-04,4314.489996,4328.051652,4301.475228,4311.639135,1950595277.0
2016-05-05,4326.848628,4332.978087,4299.484298,4309.196393,1888507015.0
2016-05-06,4291.157156,4330.590528,4281.678648,4329.969579,1860898988.0
2016-05-09,4331.222623,4362.572312,4330.017944,4341.447441,1625047300.0
2016-05-10,4359.52565,4403.879442,4350.511745,4403.536622,1760291205.0
2016-05-11,4396.058642,4407.269942,4360.717087,4360.717087,1859221244.0
2016-05-12,4376.768145,4377.691952,4312.601121,4342.497311,1930419860.0
2016-05-13,4337.531347,4364.573583,4318.022599,4326.659414,1698032495.0
2016-05-16,4334.539518,4394.643727,4330.149588,4380.370782,1741523874.0
2016-05-17,4376.080279,4384.620681,4311.262894,4322.940509,1925241689.0
2016-05-18,4314.5269,4361.07868,4305.875792,4338.232046,1934187902.0
2016-05-19,4319.616975,4331.219995,4284.214157,4315.200375,1805818871.0
2016-05-20,4330.088174,4379.851794,4329.489028,4362.409596,1970783666.0
2016-05-23,4363.700988,4382.497617,4353.073391,4354.696613,1865169813.0
2016-05-24,4381.111855,4449.197246,4380.884058,4444.820107,1942642678.0
2016-05-25,4459.611274,4488.381903,4452.858512,4477.142462,1784424395.0
2016-05-26,4478.451294,4493.729166,4469.612877,4488.028254,1606210671.0
2016-05-27,4490.500068,4513.017266,4489.518805,4511.817617,1504922423.0
2016-05-31,4514.324923,4527.404358,4498.070883,4523.275034,2284833442.0
2016-06-01,4507.625025,4530.937698,4502.423747,4520.044815,1797155080.0
2016-06-02,4510.600123,4532.014714,4488.170334,4532.014714,1729449570.0
2016-06-03,4520.644599,4523.851574,4480.604479,4509.042132,1697850611.0
2016-06-06,4518.457296,4536.204396,4511.167607,4523.902307,1663716736.0
2016-06-07,4527.610863,4532.284495,4511.199477,4513.1468,1747805267.0
2016-06-08,4521.02624,4529.987057,4505.094947,4521.800036,1692832049.0
2016-06-09,4501.960545,4517.896321,4494.151343,4512.913984,1632449366.0
2016-06-10,4473.163662,4480.064299,4447.139699,4460.2578,1821977268.0
2016-06-13,4435.900343,4461.207247,4420.238504,4422.293309,1888169876.0
2016-06-14,4412.83763,4439.473005,4392.326242,4425.270979,1919483793.0
2016-06-15,4433.695874,4440.148132,4404.799755,4409.737068,1802424384.0
2016-06-16,4387.861907,4428.081778,4361.385194,4423.872912,1851916157.0
2016-06-17,4409.474902,4409.474902,4363.645089,4374.789574,2638383546.0
2016-06-20,4424.519335,4443.627737,4397.43669,4400.221899,1779516697.0
2016-06-21,4407.460526,4422.564245,4399.980156,4413.752596,1697760887.0
2016-06-22,4414.761048,4441.829852,4401.099302,4404.787324,1682463954.0
2016-06-23,4437.260107,4467.732834,4420.78417,4467.732834,1738691081.0
2016-06-24,4294.776436,4373.0798,4274.381865,4286.053765,4411482887.0
2016-06-27,4247.060087,4248.965094,4179.568363,4201.477333,2659426370.0
2016-06-28,4244.806705,4291.622005,4244.806705,4290.405156,2074026936.0
2016-06-29,4322.950441,4373.777578,4322.254904,4365.940826,2116829704.0
2016-06-30,4378.710072,4418.605066,4359.966488,4417.043678,2171096217.0
2016-07-01,4411.430239,4453.50905,4411.430239,4437.84891,1745350898.0
2016-07-05,4414.750239,4418.475457,4386.848318,4410.750071,1690233181.0
2016-07-06,4387.425979,4447.441858,4375.841487,4444.71137,1876093549.0
2016-07-07,4451.292604,4468.320876,4438.40866,4459.239577,1672918977.0
2016-07-08,4484.613729,4529.527633,4476.711386,4529.090743,1947296266.0
2016-07-11,4544.499653,4569.821368,4544.030419,4554.494177,1718438594.0
2016-07-12,4580.712683,4588.284259,4570.705254,4578.053227,1866132304.0
2016-07-13,4589.054985,4590.747083,4565.069323,4565.138245,1650937804.0
2016-07-14,4597.237339,4605.353621,4585.385309,4596.463571,1641215652.0
2016-07-15,4602.341453,4606.674306,4579.033559,4590.146599,1610343616.0
2016-07-18,4594.407193,4627.96185,4591.93502,4619.162011,1585679214.0
2016-07-19,4601.941717,4617.269863,4596.664444,4603.56043,1694760177.0
2016-07-20,4631.18461,4665.685779,4623.662228,4657.992282,1876752809.0
2016-07-21,4662.843618,4670.076153,4633.359353,4646.10836,1879872243.0
2016-07-22,4651.241026,4670.392388,4635.581753,4665.525181,1639072995.0
2016-07-25,4662.917115,4667.29569,4650.408708,4665.853729,1770702172.0
2016-07-26,4663.701516,4688.276084,4649.22445,4672.328598,2037997405.0
2016-07-27,4710.447556,4715.895537,4684.322466,4702.215555,2122209371.0
2016-07-28,4710.649165,4725.309752,4696.462353,4721.036445,1950935619.0
2016-07-29,4735.500179,4743.365857,4716.262372,4729.279433,2072967163.0
2016-08-01,4734.024816,4767.191078,4728.179649,4756.377901,1866222432.0
2016-08-02,4748.552084,4751.798376,4689.719862,4718.74951,2142021009.0
2016-08-03,4715.965413,4735.047016,4711.295224,4734.471169,1909403959.0
2016-08-04,4731.275569,4750.060017,4719.772494,4743.132099,1929731388.0
2016-08-05,4768.891638,4800.308913,4762.917876,4791.922795,2017530125.0
2016-08-08,4790.512464,4793.554562,4769.560284,4784.534517,1624402111.0
2016-08-09,4787.84288,4811.669563,4786.267967,4795.306508,1664525430.0
2016-08-10,4800.264998,4800.264998,4772.243168,4783.633774,1651426838.0
2016-08-11,4800.818135,4813.027019,4790.245803,4803.602461,1512012107.0
2016-08-12,4794.062167,4807.716855,4790.94548,4807.716855,1501890654.0
2016-08-15,4815.415066,4837.939765,4813.050426,4826.948428,1533144211.0
2016-08-16,4814.276017,4815.518851,4795.973066,4797.898506,1698559974.0
2016-08-17,4799.855944,4806.941766,4773.056966,4805.21591,1747921873.0
2016-08-18,4801.664674,4815.365984,4793.970558,4808.420281,1658978790.0
2016-08-19,4801.611236,4815.309036,4786.979913,4805.451432,1632686719.0
2016-08-22,4797.828521,4816.706897,4791.687759,4808.07162,1560477056.0
2016-08-23,4828.182139,4836.423855,4816.349521,4817.676042,1546959232.0
2016-08-24,4811.940452,4821.96403,4770.031086,4782.702896,1715111101.0
2016-08-25,4774.08964,4792.38966,4768.232188,4775.348034,1511914168.0
2016-08-26,4782.857197,4815.344222,4758.433202,4784.189047,1591079306.0
2016-08-29,4788.283742,4804.631507,4784.24785,4790.780457,1416600424.0
2016-08-30,4788.026248,4797.892871,4759.748209,4776.476759,1560663543.0
2016-08-31,4769.657361,4774.789343,4752.01197,4771.447207,1761712264.0
2016-09-01,4774.706764,4787.496068,4750.359788,4784.81376,1592515511.0
2016-09-02,4804.994034,4816.540187,4781.520167,4799.073193,1474015305.0
2016-09-06,4806.205636,4829.880833,4797.19377,4829.573,1778143826.0
2016-09-07,4830.200002,4839.198299,4813.796936,4831.787189,1878515484.0
2016-09-08,4815.542005,4816.787188,4790.872949,4804.307307,1839704579.0
2016-09-09,4764.139445,4773.984458,4681.209911,4681.440441,2208739402.0
2016-09-12,4657.14932,4773.003954,4656.327759,4764.43471,2007509597.0
2016-09-13,4739.42683,4756.112084,4702.365575,4722.861097,2071191765.0
2016-09-14,4727.063371,4770.693877,4727.063371,4745.47919,1902680971.0
2016-09-15,4749.945313,4825.838468,4749.330561,4819.254438,1950875677.0
2016-09-16,4811.694753,4821.418665,4794.727227,4818.025919,3013617308.0
2016-09-19,4834.096691,4843.681579,4787.481562,4796.193323,1792288464.0
2016-09-20,4813.623683,4825.180693,4797.535649,4806.019129,1697919084.0
2016-09-21,4826.543688,4857.901495,4798.79119,4854.087382,2001777359.0
2016-09-22,4879.521358,4895.401833,4877.306654,4891.164687,1914419410.0
2016-09-23,4881.65992,4882.449344,4854.01901,4859.203408,1762902184.0
2016-09-26,4830.310714,4837.470468,4812.822628,4816.984551,1672004863.0
2016-09-27,4814.040626,4868.975703,4812.000292,4867.15638,1754571117.0
2016-09-28,4872.296828,4877.396415,4849.561143,4874.574212,1788327684.0
2016-09-29,4868.831497,4875.561647,4819.396263,4838.802755,1946096236.0
2016-09-30,4855.514301,4889.460612,4846.827736,4875.587998,2062965043.0
2016-10-03,4864.253225,4872.205904,4847.63248,4865.491202,1606687017.0
2016-10-04,4881.276553,4891.907347,4841.700884,4859.288071,1711755440.0
2016-10-05,4873.735859,4891.643005,4870.523806,4877.81703,1755814887.0
2016-10-06,4872.216941,4883.96903,4850.610305,4873.24908,1655673009.0
2016-10-07,4883.802153,4885.263566,4840.593507,4864.30411,1647376516.0
2016-10-10,4888.128399,4905.773955,4886.639563,4894.298659,1365534537.0
2016-10-11,4890.501243,4890.501243,4804.091251,4822.387349,1822842509.0
2016-10-12,4823.522199,4836.413727,4807.23664,4819.627691,1567775477.0
2016-10-13,4785.621452,4816.156616,4759.943179,4804.188501,1737907377.0
2016-10-14,4828.22302,4845.241169,4806.503631,4808.745466,1593729594.0
2016-10-17,4808.248809,4815.132591,4789.85147,4796.205842,1427352836.0
2016-10-18,4849.925467,4860.293913,4836.842767,4840.646179,1477041685.0
2016-10-19,4834.641651,4844.908917,4830.619431,4836.855022,1549093452.0
2016-10-20,4830.287514,4841.593019,4805.660784,4833.362321,1745179858.0
2016-10-21,4836.367661,4852.817385,4822.177727,4851.469069,1651756382.0
2016-10-24,4884.493494,4910.783384,4881.247735,4909.923454,1533440332.0
2016-10-25,4908.507732,4911.729502,4886.509425,4891.656887,1580777534.0
2016-10-26,4863.933902,4887.436352,4846.071229,4860.347158,1732445660.0
2016-10-27,4882.584611,4885.954528,4831.678579,4836.548002,1926797569.0
2016-10-28,4820.437708,4848.480807,4794.832455,4806.15787,1912160803.0
2016-10-31,4821.087043,4823.678825,4801.552599,4801.850591,1708756740.0
2016-11-01,4810.930083,4811.001134,4725.955552,4766.977112,1880696319.0
2016-11-02,4764.764423,4773.483809,4717.284076,4728.218202,2125210444.0
2016-11-03,4718.538308,4732.745465,4672.706873,4679.184003,2113206095.0
2016-11-04,4647.678634,4698.289802,4647.678634,4659.638693,2020230515.0
2016-11-07,4737.359566,4777.408149,4732.406087,4773.456996,1916505388.0
2016-11-08,4766.726693,4825.412621,4756.572275,4804.995274,1739447329.0
2016-11-09,4748.385219,4832.110664,4748.385219,4824.706101,2827664794.0
2016-11-10,4849.798786,4855.574617,4685.206355,4746.637679,2986096596.0
2016-11-11,4728.797049,4760.301102,4711.672104,4751.550632,2290507821.0
2016-11-14,4753.179361,4753.179361,4676.526705,4702.010793,2371585641.0
2016-11-15,4733.587764,4778.144772,4727.552448,4763.548065,2159666911.0
2016-11-16,4745.946025,4794.433424,4742.763616,4792.367938,2066216375.0
2016-11-17,4788.719999,4826.673656,4782.057024,4826.673656,2084941481.0
2016-11-18,4833.473284,4841.246115,4803.876594,4807.643594,1865606264.0
2016-11-21,4822.444476,4862.480729,4819.400158,4858.861955,1748065630.0
2016-11-22,4877.062588,4884.665834,4860.283055,4873.502161,1890412506.0
2016-11-23,4857.792196,4859.457696,4832.723895,4853.041624,1617702389.0
2016-11-25,4860.775967,4871.357268,4852.714312,4870.358937,768121494.0
2016-11-28,4861.833332,4878.861949,4852.614432,4856.709649,1630274603.0
2016-11-29,4860.456226,4896.473217,4848.85476,4873.405267,1791811518.0
2016-11-30,4876.595892,4880.762884,4810.694051,4810.694051,2056377644.0
2016-12-01,4806.588068,4810.124048,4723.052104,4734.003483,2269814386.0
2016-12-02,4734.686648,4759.414085,4721.61192,4739.501541,1850708345.0
2016-12-05,4762.142101,4795.690183,4742.368401,4777.883966,1800667486.0
2016-12-06,4785.896975,4796.0953,4769.598642,4788.40305,1977096765.0
2016-12-07,4778.543493,4854.80658,4765.760376,4851.858797,2125561066.0
2016-12-08,4850.26129,4869.794748,4842.851681,4859.362149,2236306485.0
2016-12-09,4878.692319,4897.358705,4876.854132,4895.47798,2042313993.0
2016-12-12,4879.267567,4883.097157,4853.369796,4874.53235,1931733988.0
2016-12-13,4894.064368,4960.229639,4890.471013,4935.981988,2094917451.0
2016-12-14,4942.90679,4955.280371,4910.364577,4921.491405,1976691221.0
2016-12-15,4926.045217,4959.295543,4920.508006,4933.366011,2101404359.0
2016-12-16,4944.501621,4952.223795,4904.279568,4915.078964,3282226123.0
2016-12-19,4919.024303,4963.047787,4911.354598,4935.004863,1688766309.0
2016-12-20,4948.409682,4961.133903,4944.535197,4954.294542,1679716554.0
2016-12-21,4951.52986,4957.419852,4937.427206,4950.074831,1496916385.0
2016-12-22,4948.109769,4948.109769,4916.696168,4935.050672,1585178615.0
2016-12-23,4927.197748,4940.219216,4922.312252,4940.219216,1144732209.0
2016-12-27,4948.989659,4992.197588,4947.108522,4966.037081,1218926963.0
2016-12-28,4976.383337,4979.118972,4922.258617,4926.616968,1326494789.0
2016-12-29,4923.878879,4934.135321,4903.17376,4918.702804,1266517116.0
2016-12-30,4926.200288,4927.147872,4854.65181,4863.881307,1551593192.0
2017-01-03,4901.115945,4927.784782,4884.960212,4911.088405,1887738243.0
2017-01-04,4921.003102,4945.719405,4919.600028,4937.847481,1885465678.0
2017-01-05,4936.891763,4968.503337,4935.8627,4964.669541,1799330814.0
2017-01-06,4974.796392,5020.569502,4958.981298,5007.145415,1712078874.0
2017-01-09,5014.520879,5033.213631,5008.32635,5023.735358,1887829811.0
2017-01-10,5026.969576,5049.304183,5016.247373,5035.580397,1798287923.0
2017-01-11,5034.145737,5049.905341,5011.351216,5049.905341,1960641695.0
2017-01-12,5029.66897,5043.820559,4995.417479,5041.463586,1806039741.0
2017-01-13,5048.046489,5066.448625,5045.582362,5059.456382,1611206398.0
2017-01-17,5042.998666,5052.237617,5029.366183,5044.755614,1759475303.0
2017-01-18,5050.296123,5058.574596,5039.088376,5055.743424,1686230491.0
2017-01-19,5060.651609,5078.828414,5042.25292,5051.737831,1810123105.0
2017-01-20,5069.963043,5086.097556,5049.702052,5064.028173,1750707814.0
2017-01-23,5055.380482,5073.188465,5034.964923,5064.935799,1652227629.0
2017-01-24,5080.257009,5107.600009,5069.20986,5100.323806,1808599244.0
2017-01-25,5132.60348,5153.701027,5128.938697,5151.355532,1964247026.0
2017-01-26,5163.638468,5168.886804,5149.012335,5157.482947,1837264581.0
2017-01-27,5169.642909,5171.721785,5150.605815,5168.568351,1669282968.0
2017-01-30,5146.46511,5146.46511,5097.158896,5129.526214,1782160655.0
2017-01-31,5107.119711,5117.180221,5085.077185,5117.180221,2047202228.0
2017-02-01,5158.024344,5162.302059,5129.677212,5152.774254,2239771886.0
2017-02-02,5140.948078,5161.865111,5128.046159,5148.003545,2076780990.0
2017-02-03,5153.872681,5166.150826,5148.475916,5160.792986,1792319591.0
2017-02-06,5154.166256,5167.658932,5148.352529,5167.103186,1736320652.0
2017-02-07,5178.962686,5195.897154,5174.148709,5185.900763,1922135514.0
2017-02-08,5176.302745,5202.255199,5168.969335,5196.570168,1947299234.0
2017-02-09,5199.821798,5221.154785,5195.760649,5213.08109,1948203516.0
2017-02-10,5219.943199,5234.632484,5213.030866,5227.493834,1867169032.0
2017-02-13,5241.666552,5262.116651,5241.293977,5256.596115,1843726454.0
2017-02-14,5252.08704,5270.938552,5239.489852,5270.378379,1952208024.0
2017-02-15,5265.880145,5303.248743,5264.491897,5302.824834,2094296972.0
2017-02-16,5307.481847,5316.431471,5287.035991,5300.493397,1945612525.0
2017-02-17,5295.845984,5325.095168,5291.032118,5324.959863,1878856365.0
2017-02-21,5334.520225,5353.477435,5329.719016,5350.795684,1940314998.0
2017-02-22,5344.857918,5354.746396,5336.139106,5352.279317,1874873636.0
2017-02-23,5358.30798,5358.91234,5309.985122,5332.557971,1881701346.0
2017-02-24,5305.475493,5343.987472,5302.811165,5343.441185,1684341908.0
2017-02-27,5330.789876,5347.589338,5321.904629,5347.125411,1882574676.0
2017-02-28,5344.628878,5348.345073,5316.617296,5330.358541,2303503127.0
2017-03-01,5368.714733,5398.046826,5355.13661,5391.304564,2220097082.0
2017-03-02,5386.9566,5386.9566,5356.446519,5363.397075,2043548419.0
2017-03-03,5354.799134,5373.634828,5344.138708,5373.634828,1853700381.0
2017-03-06,5352.500971,5368.063231,5339.085448,5361.206901,1774319994.0
2017-03-07,5348.531525,5373.212006,5341.454583,5350.940042,1825176018.0
2017-03-08,5350.932676,5375.982213,5348.869696,5360.013807,1812809738.0
2017-03-09,5355.803029,5370.789642,5336.267594,5363.507112,1886795420.0
2017-03-10,5391.287393,5393.675025,5363.809431,5385.954442,1999778689.0
2017-03-13,5387.786931,5396.364334,5382.497278,5395.501263,1812337315.0
2017-03-14,5382.537307,5384.124844,5360.469856,5381.736091,1664964503.0
2017-03-15,5393.088995,5427.06207,5375.441058,5416.809648,1955342189.0
2017-03-16,5420.844096,5423.819884,5397.997619,5412.315446,1770437262.0
2017-03-17,5413.290714,5423.986485,5407.178612,5408.841156,3189955213.0
2017-03-20,5406.596222,5425.738775,5399.397312,5413.704399,1736936439.0
2017-03-21,5432.86139,5440.617743,5328.460833,5332.473103,2200079876.0
2017-03-22,5332.777604,5372.587433,5327.628575,5367.935826,1860659594.0
2017-03-23,5356.672547,5374.723059,5345.825109,5355.101475,1746731207.0
2017-03-24,5377.582964,5392.290046,5345.695986,5362.904135,1855122500.0
2017-03-27,5320.203381,5383.583093,5315.845926,5373.777776,1673356207.0
2017-03-28,5371.609035,5422.916694,5363.226262,5407.334675,1823883469.0
2017-03-29,5409.964335,5433.736226,5406.039609,5430.319284,1722243479.0
2017-03-30,5430.513028,5446.448611,5425.677996,5439.143254,1732031261.0
2017-03-31,5431.289993,5452.604723,5426.479689,5435.589925,1904639708.0
2017-04-03,5440.430551,5453.406541,5402.182736,5432.240269,1852966925.0
2017-04-04,5416.298324,5440.410025,5415.590257,5440.104017,1795073189.0
2017-04-05,5447.636062,5479.545247,5408.273802,5417.695079,2208830610.0
2017-04-06,5422.955187,5435.633657,5407.706525,5420.985507,1849815042.0
2017-04-07,5420.156574,5434.304496,5399.945416,5418.642909,1703867973.0
2017-04-10,5423.278317,5442.627055,5406.474596,5423.094134,1633551488.0
2017-04-11,5413.625588,5422.422501,5359.518732,5398.148022,1830787405.0
2017-04-12,5394.374241,5399.670782,5370.649224,5376.235236,1666224264.0
2017-04-13,5371.253167,5398.862985,5353.493506,5354.053357,1587149425.0
2017-04-17,5368.87105,5399.449863,5367.030481,5399.449863,1383472948.0
2017-04-18,5384.337344,5405.171067,5376.755953,5390.733447,1610228113.0
2017-04-19,5416.921974,5431.010244,5391.788005,5399.391441,1754114273.0
2017-04-20,5422.48712,5456.479319,5414.060933,5444.20924,1751387616.0
2017-04-21,5446.995866,5451.313892,5429.946549,5441.765522,1736410605.0
2017-04-24,5503.97888,5513.994004,5493.900205,5508.764889,1842686364.0
2017-04-25,5523.012857,5558.169615,5521.483993,5548.618877,1898385911.0
2017-04-26,5553.866074,5563.849355,5538.25226,5542.101523,1899861330.0
2017-04-27,5555.421432,5573.77724,5551.609635,5571.888418,1883425995.0
2017-04-28,5599.196615,5599.62002,5575.176566,5583.723167,2005830143.0
2017-05-01,5602.640988,5639.880474,5599.00393,5629.465292,1763144796.0
2017-05-02,5642.42209,5644.907814,5625.32627,5643.952764,2162623666.0
2017-05-03,5625.473403,5630.417448,5608.637161,5625.776474,2153256241.0
2017-05-04,5623.356078,5632.976038,5606.993428,5626.576116,2059933005.0
2017-05-05,5641.097024,5645.745001,5618.671905,5645.593488,1903028440.0
2017-05-08,5649.255161,5659.820409,5637.046165,5658.688178,1911639458.0
2017-05-09,5667.99974,5691.432802,5663.472529,5677.21011,2005661610.0
2017-05-10,5680.487858,5684.030802,5662.225057,5681.854287,2111598740.0
2017-05-11,5662.587481,5675.369351,5637.704773,5674.687411,1952917634.0
2017-05-12,5683.005559,5688.481936,5671.55991,5686.741322,1748877729.0
2017-05-15,5688.271677,5706.840205,5682.885983,5704.517241,1865573294.0
2017-05-16,5716.504251,5725.325875,5699.136647,5724.773835,2007096721.0
2017-05-17,5673.49185,5688.690406,5577.461168,5579.69271,2355528134.0
2017-05-18,5570.320484,5644.642342,5567.755521,5625.987972,2134349997.0
2017-05-19,5641.278941,5673.474243,5641.11262,5651.867003,1908204913.0
2017-05-22,5662.297838,5700.957845,5661.576567,5699.595071,1728199938.0
2017-05-23,5715.344628,5716.743604,5689.912704,5703.077931,1708932557.0
2017-05-24,5720.649761,5731.719547,5705.587343,5729.747692,1672266434.0
2017-05-25,5748.037209,5792.409373,5738.971573,5778.348559,1775668499.0
2017-05-26,5782.644322,5790.971168,5771.021823,5788.118922,1573210278.0
2017-05-30,5785.058263,5799.756549,5781.368064,5794.114431,1690836085.0
2017-05-31,5812.674589,5812.869255,5762.426275,5788.551578,2211985941.0
2017-06-01,5804.60988,5816.292234,5780.707206,5816.292234,1945995052.0
2017-06-02,5835.162698,5882.278216,5826.731624,5881.030893,1825604238.0
2017-06-05,5881.259343,5889.208748,5871.069439,5877.958705,1741994436.0
2017-06-06,5869.871633,5890.795312,5847.301295,5856.359405,1893032449.0
2017-06-07,5870.937123,5883.282981,5845.070802,5877.220826,1827282770.0
2017-06-08,5894.690158,5896.569761,5852.416803,5885.803734,2134255953.0
2017-06-09,5891.933235,5897.844082,5658.075037,5741.816593,3155250021.0
2017-06-12,5676.681543,5715.392352,5633.474751,5707.782825,2588919500.0
2017-06-13,5740.579943,5760.346201,5709.397586,5751.054937,2063885175.0
2017-06-14,5774.283022,5774.585225,5681.162606,5727.127626,1948971126.0
2017-06-15,5661.521712,5707.620745,5634.231353,5701.355225,1870139658.0
2017-06-16,5694.884735,5694.884735,5656.218303,5680.936659,3133035801.0
2017-06-19,5730.265116,5776.579066,5724.435373,5772.034578,1989374146.0
2017-06-20,5762.299596,5772.03197,5724.468233,5726.647934,2580149718.0
2017-06-21,5740.203926,5784.592085,5737.311823,5782.707173,2408928552.0
2017-06-22,5787.751506,5802.334308,5767.254565,5779.569015,2177379796.0
2017-06-23,5774.855913,5810.251764,5759.10932,5802.22593,4163962608.0
2017-06-26,5833.470769,5844.684363,5766.124091,5776.561999,2154808533.0
2017-06-27,5753.356385,5760.609936,5671.910677,5671.910677,2188888450.0
2017-06-28,5693.01274,5757.679634,5660.457323,5752.746244,2077384495.0
2017-06-29,5722.877365,5723.593354,5599.117262,5653.115886,2410870545.0
2017-06-30,5675.681586,5682.144452,5638.029478,5647.80266,2011601709.0
2017-07-03,5680.570837,5684.88844,5591.827048,5597.836588,1091082849.0
2017-07-05,5610.660381,5662.212172,5594.250645,5648.502896,1873980785.0
2017-07-06,5606.041007,5629.390932,5579.964293,5597.548141,1993409858.0
2017-07-07,5618.139121,5672.868242,5618.139121,5656.919173,1712280352.0
2017-07-10,5663.213781,5708.428178,5649.591618,5694.798811,1680973870.0
2017-07-11,5686.604989,5718.176555,5668.279562,5709.292167,1812292856.0
2017-07-12,5756.678691,5784.527273,5748.694681,5778.922925,1827672631.0
2017-07-13,5784.228438,5806.127456,5776.410926,5793.994009,1805780096.0
2017-07-14,5815.275406,5844.655917,5799.176164,5838.7046,1615202206.0
2017-07-17,5845.954533,5860.915,5830.834093,5840.120788,1563700064.0
2017-07-18,5833.346446,5880.613808,5818.826645,5880.613808,1773374829.0
2017-07-19,5899.246623,5921.931349,5894.797735,5915.749996,1867423811.0
2017-07-20,5929.7029,5933.254551,5897.387901,5921.717945,1849854186.0
2017-07-21,5905.396739,5923.498589,5890.609652,5922.436994,1807158353.0
2017-07-24,5919.980587,5949.631058,5913.059538,5941.934186,1748278134.0
2017-07-25,5927.163907,5943.598978,5915.605953,5930.842771,1930706103.0
2017-07-26,5944.369707,5955.568686,5939.788309,5949.831032,1996296371.0
2017-07-27,5994.17408,5995.532277,5847.412556,5917.349496,2501326498.0
2017-07-28,5882.554442,5918.11006,5868.026429,5909.063722,1877136606.0
2017-07-31,5929.412639,5932.616976,5873.130393,5880.268033,1898803519.0
2017-08-01,5901.006664,5905.834418,5880.267286,5895.070567,1821965517.0
2017-08-02,5933.83846,5935.592407,5859.788044,5915.529807,2116049764.0
2017-08-03,5915.561886,5916.57554,5879.223008,5889.99252,2124339612.0
2017-08-04,5898.557055,5911.683525,5877.75578,5899.785293,1909044938.0
2017-08-07,5909.641143,5936.309573,5904.313723,5935.587232,1704040951.0
2017-08-08,5922.436698,5972.356818,5909.669966,5926.069211,1931570839.0
2017-08-09,5878.885173,5920.683669,5865.924465,5919.136191,2037565859.0
2017-08-10,5881.301013,5887.113427,5783.187876,5789.373011,2214966361.0
2017-08-11,5793.214665,5844.845171,5785.548196,5831.410388,1799569253.0
2017-08-14,5879.065677,5916.40079,5878.533601,5908.901703,1702387834.0
2017-08-15,5917.27755,5919.049616,5892.865167,5907.426665,1582683480.0
2017-08-16,5919.945256,5945.212411,5899.810468,5917.679378,1808986270.0
2017-08-17,5896.308504,5903.134637,5796.675564,5796.7627,2052887030.0
2017-08-18,5804.172607,5831.55925,5769.871627,5790.271309,1968578310.0
2017-08-21,5790.97731,5805.084531,5750.303084,5786.997319,1582793762.0
2017-08-22,5817.269525,5880.43992,5817.269525,5873.510027,1599761072.0
2017-08-23,5842.269227,5865.352652,5839.774582,5852.403593,1535369533.0
2017-08-24,5863.319607,5872.740336,5803.202055,5834.506455,1619041754.0
2017-08-25,5854.790493,5870.985518,5816.101313,5822.646821,1445381652.0
2017-08-28,5839.858089,5853.331702,5822.389184,5838.785565,1564721653.0
2017-08-29,5785.041166,5872.253834,5784.924101,5862.321171,1639924290.0
2017-08-30,5870.472236,5940.154706,5865.194606,5932.33083,1717218835.0
2017-08-31,5950.001862,5995.055019,5946.143439,5988.076983,1889315508.0
2017-09-01,6002.504785,6008.716843,5971.47513,5987.268122,1489233034.0
2017-09-05,5965.255905,5980.53303,5889.669564,5933.083331,1889626644.0
2017-09-06,5949.479278,5964.762731,5909.988414,5952.032675,1902464462.0
2017-09-07,5959.831986,5981.634608,5943.790735,5964.382516,2001065103.0
2017-09-08,5956.646785,5959.265514,5907.453938,5913.58571,1786170931.0
2017-09-11,5961.938779,5991.187768,5960.853839,5980.144562,1819228160.0
2017-09-12,5998.775743,6003.084956,5968.297573,5994.515503,1747611576.0
2017-09-13,5982.771183,6005.293119,5973.641581,6005.293119,1944793218.0
2017-09-14,5981.075564,5997.230575,5965.371508,5969.783983,1818060140.0
2017-09-15,5965.012125,6009.226201,5957.583608,5987.226925,2827644083.0
2017-09-18,5996.27417,6012.807241,5964.467082,5981.170161,1882003127.0
2017-09-19,5991.87603,5997.663976,5971.344377,5991.437957,1816087773.0
2017-09-20,5987.880924,5994.463258,5927.658238,5973.407526,2083481444.0
2017-09-21,5966.113818,5966.113818,5916.10743,5934.849388,1779625506.0
2017-09-22,5912.780264,5937.820342,5911.859462,5932.551042,1648691198.0
2017-09-25,5904.118201,5908.654647,5839.810508,5867.068788,2061386278.0
2017-09-26,5892.942175,5908.206483,5862.632926,5881.706206,1935992461.0
2017-09-27,5914.225472,5957.72421,5900.736756,5937.680442,2068444983.0
2017-09-28,5920.101293,5939.477422,5908.638796,5933.604367,1882546933.0
2017-09-29,5940.973605,5979.957316,5931.27231,5978.118538,1970578947.0
2017-10-02,5988.683468,6004.654399,5955.799092,5981.599655,1984260995.0
2017-10-03,5986.966579,5999.352797,5976.824692,5995.674991,1972452833.0
2017-10-04,5984.117837,6010.452583,5976.054335,5998.866083,1941495321.0
2017-10-05,6017.985365,6059.352439,6014.644542,6056.979325,1889101268.0
2017-10-06,6036.4615,6065.479675,6036.292708,6063.759972,1752202297.0
2017-10-09,6072.405168,6078.765016,6050.768494,6059.258851,1494116167.0
2017-10-10,6077.995444,6084.824453,6036.912969,6064.011996,1802503881.0
2017-10-11,6062.081861,6083.305996,6052.828711,6081.665599,1837633510.0
2017-10-12,6071.655722,6093.550272,6062.932304,6068.719953,2019980651.0
2017-10-13,6094.800027,6099.81803,6087.130679,6092.601869,1761549833.0
2017-10-16,6107.580363,6115.632081,6096.472124,6113.753471,1632221169.0
2017-10-17,6112.220919,6122.482735,6103.069792,6122.482735,1652958630.0
2017-10-18,6128.806213,6128.806213,6106.608042,6114.931653,1738001823.0
2017-10-19,6074.306548,6093.565953,6051.824857,6092.264346,1846976225.0
2017-10-20,6115.099792,6122.541527,6102.581753,6108.147835,1812272581.0
2017-10-23,6121.78066,6123.017266,6061.096838,6068.082177,1813051150.0
2017-10-24,6078.055625,6090.296942,6057.161608,6079.133562,1852710795.0
2017-10-25,6069.296252,6086.686909,6010.960397,6055.037368,2205675062.0
2017-10-26,6056.338672,6067.173482,6035.950911,6038.065993,2125757044.0
2017-10-27,6139.729152,6224.052564,6130.914327,6213.612766,2414316549.0
2017-10-30,6209.115634,6250.242396,6202.92669,6227.866651,2016178603.0
2017-10-31,6241.834712,6258.717742,6229.083706,6247.828823,2054393914.0
2017-11-01,6275.58532,6277.21235,6225.107875,6248.106478,2074483560.0
2017-11-02,6237.726479,6244.219435,6193.516628,6237.005703,2282421630.0
2017-11-03,6267.199994,6297.567255,6238.58343,6296.079567,2203777936.0
2017-11-06,6292.198514,6318.435617,6292.198514,6313.450568,2173323440.0
2017-11-07,6315.339229,6327.841987,6299.29464,6320.489215,2209244357.0
2017-11-08,6319.383464,6347.283151,6308.235844,6346.242913,2120949783.0
2017-11-09,6295.489606,6315.46468,6247.575273,6311.853783,2243436878.0
2017-11-10,6296.587921,6312.681764,6283.623738,6309.310703,1979330532.0
2017-11-13,6285.915985,6325.377492,6285.915985,6315.371433,1976350541.0
2017-11-14,6293.760388,6299.930285,6262.20687,6293.113407,1987980503.0
2017-11-15,6261.028115,6276.567331,6229.343366,6259.08084,1923947778.0
2017-11-16,6292.776072,6353.580244,6292.776072,6339.443535,2020325267.0
2017-11-17,6343.016975,6345.094714,6310.06193,6314.147162,2009094010.0
2017-11-20,6320.463032,6324.463395,6301.847331,6308.066387,1811583665.0
2017-11-21,6337.921263,6380.37429,6337.050782,6378.925118,1892216487.0
2017-11-22,6383.670597,6390.655794,6371.848193,6385.770844,1589081537.0
2017-11-24,6393.31589,6411.29753,6389.395535,6408.739329,872285383.0
2017-11-27,6410.315598,6419.258545,6391.888416,6405.788234,1781383382.0
2017-11-28,6419.667581,6425.806523,6384.691107,6421.597913,2004298940.0
2017-11-29,6412.732269,6413.114526,6279.924871,6311.573042,2457023900.0
2017-11-30,6337.730926,6374.946028,6321.81867,6365.686902,2468517988.0
2017-12-01,6324.908495,6366.262417,6245.335382,6338.595269,2302306695.0
2017-12-04,6380.243149,6381.048687,6256.902521,6263.651894,2427548496.0
2017-12-05,6242.947782,6337.307214,6235.8587,6263.910241,2085573530.0
2017-12-06,6243.845894,6304.8682,6233.962283,6292.858327,1901505225.0
2017-12-07,6300.931403,6333.562484,6291.627691,6315.51454,1953841907.0
2017-12-08,6364.658318,6378.509128,6334.931972,6344.263409,1825628145.0
2017-12-11,6350.42043,6394.204325,6347.40666,6394.204325,1836929442.0
2017-12-12,6389.741031,6402.802984,6372.185259,6383.159096,1872696943.0
2017-12-13,6406.242074,6416.483517,6388.440488,6393.669755,1931188104.0
2017-12-14,6407.590762,6424.167365,6386.017354,6389.816937,1989698015.0
2017-12-15,6405.619559,6470.323308,6405.021607,6466.214331,3529538182.0
2017-12-18,6504.280026,6522.53454,6494.954488,6513.438454,2150458224.0
2017-12-19,6505.197659,6510.964142,6463.257316,6480.776389,2084636774.0
2017-12-20,6504.254611,6504.254611,6447.203294,6472.25245,1888222227.0
2017-12-21,6480.752759,6500.683363,6467.631138,6472.383807,1827506502.0
2017-12-22,6462.149807,6466.97335,6449.094119,6464.993234,1541920760.0
2017-12-26,6427.701065,6438.342804,6408.628224,6433.081773,1301063683.0
2017-12-27,6437.41637,6448.554978,6424.593521,6436.131166,1411096414.0
2017-12-28,6450.07549,6452.149588,6432.720872,6441.818136,1319951302.0
2017-12-29,6441.071554,6442.145454,6395.972078,6395.972078,1575084332.0
2018-01-02,6431.702894,6513.169322,6416.864044,6511.03784,1929586395.0
2018-01-03,6520.335751,6579.193767,6519.211457,6575.170653,2172964782.0
2018-01-04,6595.86988,6603.594583,6576.786585,6583.959944,2103345826.0
2018-01-05,6612.06366,6656.020753,6603.981406,6652.455917,2024441645.0
2018-01-08,6650.976421,6679.708505,6648.92786,6677.186235,2055092933.0
2018-01-09,6693.185154,6695.315351,6658.264827,6677.928855,2155515938.0
2018-01-10,6640.369865,6664.04514,6619.246034,6660.973813,2132230023.0
2018-01-11,6675.657151,6708.946968,6664.970224,6708.946968,2015376030.0
2018-01-12,6698.366799,6765.372369,6695.324194,6757.684791,1986714203.0
2018-01-16,6808.047162,6834.858485,6717.904493,6737.478347,2399494128.0
2018-01-17,6767.65053,6819.114254,6737.89949,6811.079507,2246204005.0
2018-01-18,6804.718049,6827.542382,6784.791362,6811.102466,2037295009.0
2018-01-19,6829.172439,6843.227606,6801.372382,6833.72078,2005406261.0
2018-01-22,6828.441049,6906.427015,6822.806074,6906.241488,2118232580.0
2018-01-23,6929.034693,6968.910203,6925.953067,6964.085873,2135396670.0
2018-01-24,6974.497815,6992.536922,6880.053218,6919.31511,2287633852.0
2018-01-25,6964.802502,6967.856815,6894.945617,6917.505558,2081295584.0
2018-01-26,6956.339615,7023.235957,6942.209695,7021.992514,2080786113.0
2018-01-29,7001.404141,7020.731128,6974.074305,6987.556832,2114132515.0
2018-01-30,6910.466168,6959.572512,6894.545492,6930.80244,2183643957.0
2018-01-31,6973.482325,6983.238286,6915.602796,6949.439957,2429608352.0
2018-02-01,6910.712282,6970.920257,6879.403911,6900.696244,2310647554.0
2018-02-02,6866.365026,6889.423434,6755.913803,6760.607979,2606687953.0
2018-02-05,6686.93259,6807.67866,6495.846017,6495.846017,3143204494.0
2018-02-06,6378.301178,6672.396889,6370.187103,6665.72426,3147957867.0
2018-02-07,6633.006396,6716.960686,6580.799885,6582.486969,2380359031.0
2018-02-08,6595.981469,6607.427231,6303.840125,6306.335394,2730285056.0
2018-02-09,6394.750741,6455.176088,6164.763424,6412.57692,3165733395.0
2018-02-12,6477.953781,6565.541374,6424.802686,6523.224362,2250810125.0
2018-02-13,6482.967431,6567.240487,6479.737122,6553.677431,1830088930.0
2018-02-14,6522.538095,6684.663408,6521.076876,6674.801421,2217523667.0
2018-02-15,6735.343434,6796.964507,6666.113961,6795.561165,2124060494.0
2018-02-16,6777.139681,6840.554548,6758.001209,6770.957289,2038026717.0
2018-02-20,6742.418155,6838.252816,6739.945256,6780.436686,1922077050.0
2018-02-21,6808.231662,6878.960647,6759.532969,6759.532969,1956103240.0
2018-02-22,6794.151086,6826.754451,6743.702875,6762.218451,1927599065.0
2018-02-23,6817.001747,6897.658125,6788.885742,6897.658125,1887473223.0
2018-02-26,6933.013821,6990.363965,6926.977458,6990.363965,1876709716.0
2018-02-27,6985.534722,7003.679059,6898.809512,6898.809512,2162689977.0
2018-02-28,6943.80083,6964.332168,6853.224916,6853.224916,2384898484.0
2018-03-01,6863.515302,6893.122435,6687.260817,6751.483598,2498759066.0
2018-03-02,6661.88207,6820.213862,6644.881367,6811.219519,2291350042.0
2018-03-05,6777.015192,6901.958601,6753.391496,6882.562817,2076938527.0
2018-03-06,6920.471682,6937.062005,6872.764045,6913.228574,2132709892.0
2018-03-07,6856.10408,6935.04193,6851.245456,6929.902322,2198471731.0
2018-03-08,6955.987269,6970.356166,6929.94648,6967.195549,2278311549.0
2018-03-09,7015.04355,7101.548003,7006.44795,7101.548003,2309789875.0
2018-03-12,7122.760579,7155.911147,7106.159996,7131.875393,2314808937.0
2018-03-13,7171.999052,7185.698384,7026.596077,7046.545868,2459206225.0
2018-03-14,7078.249737,7084.451796,7013.070907,7040.975745,2112997225.0
2018-03-15,7049.350251,7074.523618,7009.832542,7031.497025,2008393670.0
2018-03-16,7055.735668,7062.076944,7011.785257,7020.080173,3090148954.0
2018-03-19,6946.295036,6948.664997,6806.093652,6864.541304,2352782631.0
2018-03-20,6871.359328,6903.949469,6844.798208,6885.300655,1975933780.0
2018-03-21,6862.833913,6931.468117,6829.305005,6853.97312,1999280194.0
2018-03-22,6763.211305,6810.529034,6679.945017,6683.693012,2371001748.0
2018-03-23,6684.073929,6708.625139,6507.946579,6508.812529,2455539542.0
2018-03-26,6644.059963,6760.090813,6539.165838,6754.437444,2341514280.0
2018-03-27,6790.980971,6793.423304,6479.864917,6529.386192,2347383413.0
2018-03-28,6487.392604,6560.098246,6411.048526,6460.074549,2551799185.0
2018-03-29,6494.028892,6641.409185,6434.704211,6581.556282,2593103214.0
2018-04-02,6526.787045,6561.091216,6321.40672,6391.297332,2402189692.0
2018-04-03,6447.928312,6485.063359,6344.183322,6458.060308,2330248767.0
2018-04-04,6326.08786,6578.287612,6326.08786,6559.512197,2261182912.0
2018-04-05,6619.125065,6632.244221,6549.5164,6594.589585,2153099575.0
2018-04-06,6514.915556,6586.721494,6402.431953,6432.788464,2359843893.0
2018-04-09,6488.164271,6604.089952,6466.562477,6473.415313,2089379073.0
2018-04-10,6585.348057,6640.799844,6533.72821,6616.205331,2251682181.0
2018-04-11,6577.610027,6650.049344,6574.499991,6583.525866,1882142062.0
2018-04-12,6626.956569,6683.092571,6618.28793,6655.295488,2027211431.0
2018-04-13,6695.312692,6702.865156,6598.466641,6629.384185,1767914929.0
2018-04-16,6676.074076,6701.045358,6633.129534,6674.992097,1800361281.0
2018-04-17,6738.490934,6834.053501,6730.767116,6815.879292,1935545093.0
2018-04-18,6824.279049,6856.822521,6787.866419,6832.416053,1908447376.0
2018-04-19,6793.186142,6814.660707,6749.67551,6775.550731,1982004417.0
2018-04-20,6754.072041,6756.896455,6643.379305,6667.56119,1934896130.0
2018-04-23,6698.399323,6722.884824,6613.252069,6648.881771,1744218301.0
2018-04-24,6679.148282,6687.989023,6465.599723,6508.520156,2154134087.0
2018-04-25,6514.279939,6541.824554,6426.641905,6513.800019,2055310561.0
2018-04-26,6606.604256,6673.400627,6578.59942,6649.911628,2141037127.0
2018-04-27,6748.547011,6750.778403,6619.741984,6656.553783,2050115591.0
2018-04-30,6669.046097,6713.470482,6592.68389,6604.871147,1998726584.0
2018-05-01,6593.612896,6685.562706,6578.434454,6682.469336,1932699869.0
2018-05-02,6694.013248,6714.904119,6637.096535,6644.087146,2157242495.0
2018-05-03,6609.873089,6667.386258,6540.286733,6642.723812,2355933715.0
2018-05-04,6618.502693,6783.778961,6612.250174,6769.584888,2040698976.0
2018-05-07,6802.882456,6845.87511,6795.399982,6822.11457,1950325465.0
2018-05-08,6813.632178,6830.345915,6769.798421,6816.76391,2071025418.0
2018-05-09,6830.48915,6895.45242,6808.085103,6893.590787,2249919161.0
2018-05-10,6909.431825,6966.156194,6905.379607,6963.245933,2250727169.0
2018-05-11,6950.162047,6968.643792,6924.756667,6953.145884,2085419963.0
2018-05-14,6977.435199,7008.989622,6954.119507,6963.82402,2085820322.0
2018-05-15,6909.800556,6911.60208,6852.459512,6888.442259,2120324697.0
2018-05-16,6893.512034,6945.778403,6892.421835,6929.479617,2102796676.0
2018-05-17,6906.041699,6953.060965,6870.098559,6901.424798,1958775325.0
2018-05-18,6877.958309,6898.311901,6857.134429,6866.938349,1982183760.0
2018-05-21,6920.077385,6947.696226,6876.365656,6904.984376,1996835646.0
2018-05-22,6934.255983,6946.742756,6884.111256,6893.580022,1927257936.0
2018-05-23,6846.425129,6954.597865,6846.425129,6954.597865,1997174290.0
2018-05-24,6951.319139,6963.349306,6881.793506,6949.728926,2035335394.0
2018-05-25,6949.997363,6983.358862,6941.844421,6960.48047,1771783354.0
2018-05-29,6928.919348,6964.999464,6886.071403,6926.429531,2095211199.0
2018-05-30,6955.092844,6988.531002,6937.373525,6975.673306,2058354252.0
2018-05-31,6970.369055,7016.509793,6956.278133,6967.816088,2533289515.0
2018-06-01,7010.318786,7084.294063,7007.106241,7082.762873,2212542178.0
2018-06-04,7098.636117,7147.121247,7098.609086,7143.73713,2152416113.0
2018-06-05,7163.902073,7180.136806,7138.104438,7166.973019,2063014109.0
2018-06-06,7179.676733,7212.339219,7141.31636,7209.710762,2197966646.0
2018-06-07,7211.80679,7212.460475,7115.501931,7152.272249,2339547821.0
2018-06-08,7121.454813,7162.573127,7100.651949,7152.266139,1949668803.0
2018-06-11,7149.978072,7189.110742,7146.466581,7168.633844,1959449448.0
2018-06-12,7180.885906,7213.48794,7174.687556,7208.293034,2019712574.0
2018-06-13,7220.14951,7261.330855,7192.34121,7205.698376,2197364268.0
2018-06-14,7233.788753,7289.986691,7233.517163,7279.815284,2193407342.0
2018-06-15,7245.016188,7269.356611,7221.085147,7256.18152,3050564043.0
2018-06-18,7200.415086,7257.768065,7186.724313,7251.631433,2102883576.0
2018-06-19,7158.86171,7229.653713,7137.785836,7228.480441,2282917599.0
2018-06-20,7264.642838,7310.261512,7257.844899,7281.024229,2316867475.0
2018-06-21,7302.556382,7308.422142,7203.928063,7217.007564,2349903531.0
2018-06-22,7239.932536,7239.932536,7177.067376,7196.828967,3956000080.0
2018-06-25,7130.368806,7143.968268,6978.008312,7037.152563,2423112048.0
2018-06-26,7060.99224,7108.015093,7041.921317,7068.341739,2069276908.0
2018-06-27,7095.961365,7128.477018,6966.987437,6969.490158,2319609267.0
2018-06-28,6963.109868,7054.241622,6951.207847,7031.431502,2208910891.0
2018-06-29,7071.14895,7102.182024,7031.443908,7040.128016,2208820943.0
2018-07-02,6979.257993,7099.302371,6969.695291,7097.084298,1777921309.0
2018-07-03,7121.368434,7123.024522,7010.113117,7015.35525,1171184416.0
2018-07-05,7063.502824,7106.486786,7025.305742,7100.806922,1754826551.0
2018-07-06,7114.868075,7217.480984,7107.965989,7206.750984,1718683915.0
2018-07-09,7251.48134,7276.630682,7221.319678,7276.630682,1844203627.0
2018-07-10,7287.416085,7298.162039,7257.685281,7281.978817,1735291370.0
2018-07-11,7222.583832,7272.049237,7220.596058,7243.566966,1768805672.0
2018-07-12,7275.962161,7370.040772,7275.919457,7365.484574,1930638735.0
2018-07-13,7372.573786,7388.248745,7349.405104,7374.489427,1727473027.0
2018-07-16,7380.603412,7390.681173,7346.515416,7359.084154,1739444095.0
2018-07-17,7290.833739,7417.12233,7287.147656,7404.985639,1752260129.0
2018-07-18,7408.191992,7412.070635,7368.391469,7389.99807,1880642266.0
2018-07-19,7363.998778,7389.226085,7345.086441,7352.131552,1886471324.0
2018-07-20,7380.927959,7397.352216,7343.939177,7350.215733,1796871132.0
2018-07-23,7337.135984,7375.936885,7301.89408,7371.640735,1668066603.0
2018-07-24,7453.870276,7475.234221,7373.961348,7406.996429,2022008643.0
2018-07-25,7406.75238,7511.762477,7405.996493,7506.619842,1944031990.0
2018-07-26,7403.908862,7429.335307,7384.867711,7400.938544,2289567064.0
2018-07-27,7443.637595,7443.637595,7254.741471,7296.956254,2193287721.0
2018-07-30,7292.833973,7299.291749,7158.657357,7192.726966,2153967182.0
2018-07-31,7217.813525,7273.213798,7179.56593,7229.744667,2208384613.0
2018-08-01,7269.257081,7294.884856,7234.521906,7271.387237,2229041128.0
2018-08-02,7222.281562,7380.167621,7221.653266,7372.534297,2115698692.0
2018-08-03,7389.52387,7396.082801,7356.639069,7394.480467,2035894635.0
2018-08-06,7392.197477,7440.097375,7381.756321,7440.097375,2245644995.0
2018-08-07,7458.7641,7478.730185,7442.934315,7463.951517,2206218322.0
2018-08-08,7455.823153,7485.389715,7436.186104,7468.977925,2098374042.0
2018-08-09,7467.484866,7499.264349,7459.774516,7466.98896,2048189935.0
2018-08-10,7408.063991,7435.785436,7382.82725,7407.549333,2107567767.0
2018-08-13,7420.577745,7469.69587,7397.827547,7400.967939,1934181161.0
2018-08-14,7431.713899,7456.172569,7389.915783,7446.096119,1938735923.0
2018-08-15,7385.800932,7410.021076,7308.81349,7354.698923,2293900170.0
2018-08-16,7409.772665,7422.905587,7363.135171,7373.622085,1991334200.0
2018-08-17,7352.706113,7395.086009,7311.516761,7376.136742,1851186257.0
2018-08-20,7391.960667,7395.285984,7342.967344,7371.21283,1709665875.0
2018-08-21,7394.961631,7439.840403,7387.928493,7398.288439,1788865620.0
2018-08-22,7381.244512,7435.022503,7374.619899,7425.214764,1669117078.0
2018-08-23,7421.422029,7466.568832,7404.715249,7413.309159,1888758924.0
2018-08-24,7444.03087,7489.671996,7442.477412,7485.288396,1893243311.0
2018-08-27,7527.44684,7560.558256,7512.529502,7559.723025,2333315487.0
2018-08-28,7580.611108,7587.21918,7555.981872,7570.501779,1980291092.0
2018-08-29,7586.331926,7662.726009,7583.544262,7660.16011,1909706079.0
2018-08-30,7645.741936,7690.376847,7620.277651,7642.622769,2022617431.0
2018-08-31,7633.556295,7676.549145,7628.637172,7654.992363,1907131333.0
2018-09-04,7628.986879,7642.950633,7582.905083,7622.469631,2238903750.0
2018-09-05,7601.22062,7606.595447,7498.245029,7522.846594,2603064027.0
2018-09-06,7526.807562,7533.231484,7406.120359,7454.108905,2375266555.0
2018-09-07,7402.712137,7489.089748,7401.078223,7429.462461,2158786395.0
2018-09-10,7468.268584,7473.949641,7411.346255,7447.743259,2055417751.0
2018-09-11,7416.578072,7519.869512,7401.890167,7507.665619,2345006523.0
2018-09-12,7493.907196,7500.209808,7423.329715,7488.914629,2372677611.0
2018-09-13,7534.561835,7578.355022,7530.645363,7562.579252,2333176597.0
2018-09-14,7576.128087,7581.364976,7514.362208,7546.896697,2069757312.0
2018-09-17,7521.673718,7533.623338,7427.899357,7435.207508,2303715277.0
2018-09-18,7440.500816,7530.759609,7437.148929,7494.27902,2328181823.0
2018-09-19,7497.732084,7512.503729,7441.759927,7488.261531,2167596390.0
2018-09-20,7533.85314,7582.131163,7524.953425,7568.755845,2306434610.0
2018-09-21,7587.643326,7603.541602,7521.88669,7531.354928,3729972237.0
2018-09-24,7478.265037,7555.219271,7446.730419,7547.791146,2433126865.0
2018-09-25,7552.264684,7569.097064,7525.564644,7561.764383,2328570508.0
2018-09-26,7562.723163,7638.740384,7553.991252,7563.53989,2342407583.0
2018-09-27,7600.832862,7660.29016,7596.67458,7630.119545,2074367701.0
2018-09-28,7613.271172,7650.465289,7598.468308,7626.604475,2342290248.0
2018-10-01,7673.654157,7700.533355,7627.136695,7646.207931,2299506106.0
2018-10-02,7631.863848,7686.423296,7610.343408,7627.356095,2416849888.0
2018-10-03,7662.96816,7678.163124,7625.366202,7637.393436,3095315597.0
2018-10-04,7602.6807,7608.785988,7436.33562,7489.773128,3302264331.0
2018-10-05,7482.701787,7509.852685,7327.023736,7399.336657,2699035520.0
2018-10-08,7355.171168,7416.220752,7267.524814,7353.231408,2259515568.0
2018-10-09,7352.098446,7430.434654,7340.450513,7371.756283,2466205889.0
2018-10-10,7320.80617,7327.318476,7042.29774,7043.649385,3111788051.0
2018-10-11,7013.151946,7120.406413,6892.371894,6963.547161,3154295781.0
2018-10-12,7151.187854,7179.421266,7019.025939,7156.584599,2674454545.0
2018-10-15,7129.898903,7144.289813,7047.351595,7069.116448,2167119785.0
2018-10-16,7140.318199,7291.41038,7133.664219,7277.307147,2639499763.0
2018-10-17,7309.364798,7311.917805,7205.645214,7279.663862,2384903942.0
2018-10-18,7252.324351,7252.324351,7080.80463,7116.526373,2568043604.0
2018-10-19,7168.219301,7229.415204,7080.478145,7107.124635,2547617505.0
2018-10-22,7145.594103,7192.556293,7088.438557,7141.998271,2300850789.0
2018-10-23,7002.763429,7149.320432,6934.426039,7117.241572,2751712344.0
2018-10-24,7102.036696,7117.554487,6778.748803,6788.76998,2960008272.0
2018-10-25,6892.406101,7064.02294,6866.461041,7016.230379,2787518189.0
2018-10-26,6804.01973,6977.432927,6744.002377,6851.163477,2971505488.0
2018-10-29,6954.778373,6973.630083,6575.282959,6713.885855,2711543554.0
2018-10-30,6674.350045,6815.751182,6651.035187,6809.80381,2699053222.0
2018-10-31,6932.890476,7029.932648,6924.91534,6967.451404,2918445871.0
2018-11-01,6980.155111,7071.762169,6931.975194,7069.158853,2728957099.0
2018-11-02,7041.970236,7084.956003,6909.355921,6964.154912,2899989185.0
2018-11-05,6945.300443,6953.499692,6858.601622,6937.265481,2186291999.0
2018-11-06,6939.116715,7024.286531,6927.421526,6988.260497,2301026287.0
2018-11-07,7069.26593,7205.706381,7057.802623,7202.827133,2687384432.0
2018-11-08,7175.813634,7192.279916,7125.404965,7157.716131,2474914950.0
2018-11-09,7095.922705,7104.391932,6982.222257,7039.145633,2426746518.0
2018-11-12,6988.948605,6999.274846,6818.821358,6828.622459,2305461531.0
2018-11-13,6857.300837,6950.441762,6811.691418,6829.923597,2360897119.0
2018-11-14,6897.056952,6915.913161,6736.451412,6769.415399,2565608574.0
2018-11-15,6750.504233,6908.014112,6703.034639,6889.854589,2523575878.0
2018-11-16,6823.315899,6898.778981,6797.291134,6867.218939,2467204699.0
2018-11-19,6831.222546,6840.876999,6623.565509,6643.026815,2381265726.0
2018-11-20,6475.051658,6614.539703,6442.134658,6527.632596,2671612196.0
2018-11-21,6608.891798,6639.33487,6565.875799,6574.257734,1867788187.0
2018-11-23,6524.981185,6592.141868,6524.605957,6526.622341,958710791.0
2018-11-26,6617.205034,6679.889995,6589.394323,6678.690722,2036916531.0
2018-11-27,6639.397109,6715.960906,6609.102572,6700.452226,2076612683.0
2018-11-28,6756.913607,6915.262433,6713.578354,6913.362116,2413031453.0
2018-11-29,6890.445597,6937.775407,6840.04495,6892.490715,2018694809.0
2018-11-30,6900.635688,6951.083129,6872.409109,6949.068742,2547546014.0
2018-12-03,7106.144602,7106.943101,7014.027979,7062.531637,2643040011.0
2018-12-04,7027.186854,7046.64079,6785.197894,6795.415718,2655111923.0
2018-12-06,6652.294965,6841.71166,6631.296767,6837.08914,2857423815.0
2018-12-07,6806.436745,6849.796376,6595.252344,6613.733442,2504258145.0
2018-12-10,6604.131425,6710.545727,6534.398126,6681.81725,2380377266.0
2018-12-11,6781.986959,6787.99029,6650.232401,6704.322516,2286266855.0
2018-12-12,6799.742163,6867.062855,6760.971607,6764.23921,2426992326.0
2018-12-13,6806.285633,6833.822289,6723.011957,6767.980941,2162145749.0
2018-12-14,6679.433296,6711.265849,6584.323497,6594.772678,2218813495.0
2018-12-17,6571.144272,6620.447973,6400.466905,6447.480787,2697250710.0
2018-12-18,6502.160278,6551.669403,6434.834329,6492.650547,2622996087.0
2018-12-19,6479.328265,6575.924551,6284.933882,6342.850544,2919053706.0
2018-12-20,6312.291832,6381.283718,6161.166693,6243.00075,3282900859.0
2018-12-21,6294.441099,6308.082081,6014.143217,6046.539208,4570970282.0
2018-12-24,5994.356264,6074.92247,5895.468188,5900.00357,1647447918.0
2018-12-26,5968.904948,6263.643725,5921.101891,6263.643725,2573000378.0
2018-12-27,6168.337988,6290.172282,6043.936024,6287.457149,2449185970.0
2018-12-28,6326.761785,6388.513896,6234.650703,6285.004849,2216163697.0
2018-12-31,6354.931878,6366.43477,6273.515231,6331.352391,2109144255.0
2019-01-02,6199.12179,6394.948205,6198.839064,6361.060278,2261440399.0
2019-01-03,6276.038648,6292.129025,6139.446008,6146.831897,2631295761.0
2019-01-04,6249.840786,6445.205145,6234.83802,6422.297822,2596377281.0
2019-01-07,6436.258017,6522.437586,6412.889315,6488.755267,2523865919.0
2019-01-08,6554.640628,6574.007588,6457.586873,6552.017804,2407466923.0
2019-01-09,6576.68516,6630.52556,6549.385534,6600.479127,2434359507.0
2019-01-10,6550.568497,6625.367213,6517.722577,6620.394328,2190031479.0
2019-01-11,6580.234897,6605.033823,6561.634163,6601.016588,2074507089.0
2019-01-14,6535.489942,6566.977891,6512.12923,6541.563479,1960830362.0
2019-01-15,6570.601907,6673.610456,6567.13923,6670.084952,2066116621.0
2019-01-16,6677.399934,6720.035557,6664.395867,6668.735682,2163744397.0
2019-01-17,6645.273108,6746.789483,6637.116911,6717.629357,2149099994.0
2019-01-18,6773.651573,6815.368936,6726.929392,6785.429264,2459323351.0
2019-01-22,6737.437141,6737.451386,6604.759687,6646.674467,2397674337.0
2019-01-23,6689.634057,6712.533843,6585.261973,6658.723346,2287955698.0
2019-01-24,6680.603689,6710.158009,6657.124848,6703.144013,2419513404.0
2019-01-25,6756.013633,6800.566601,6732.923423,6787.495758,2446593958.0
2019-01-28,6691.741665,6698.487409,6642.846694,6698.487409,2448776386.0
2019-01-29,6695.878334,6701.537921,6612.612267,6633.113114,2106300357.0
2019-01-30,6708.400278,6826.937318,6687.951854,6807.913891,2569408382.0
2019-01-31,6840.206101,6935.586643,6836.532592,6906.649839,2947170011.0
2019-02-01,6872.60013,6921.62087,6856.798311,6875.987626,2398720397.0
2019-02-04,6877.564309,6960.562472,6872.486254,6960.259999,2106061531.0
2019-02-05,6969.600225,7030.717926,6967.977828,7023.299603,2285046952.0
2019-02-06,7025.044793,7035.167006,6970.064205,6997.941036,2179708433.0
2019-02-07,6935.03859,6955.320842,6854.050769,6903.530675,2310834412.0
2019-02-08,6844.900284,6915.212081,6836.838904,6913.847535,2102475223.0
2019-02-11,6941.421865,6959.010312,6893.985677,6910.299538,1908699662.0
2019-02-12,6960.673584,7022.057105,6949.597731,7016.25006,2140055879.0
2019-02-13,7038.033157,7060.777735,7009.309861,7016.955286,2103775207.0
2019-02-14,6987.374342,7047.889213,6969.945908,7021.97076,2117569058.0
2019-02-15,7066.083416,7074.198651,7023.097457,7055.920901,2263462045.0
2019-02-19,7033.836609,7088.467056,7032.287571,7066.634175,2124365897.0
2019-02-20,7069.033812,7096.817913,7027.0965,7062.331388,2202525834.0
2019-02-21,7046.758287,7062.914646,7003.653899,7035.095712,2144679709.0
2019-02-22,7056.228542,7094.034868,7049.876791,7090.611154,2428459728.0
2019-02-25,7144.722308,7163.284292,7111.583442,7115.221436,2399695263.0
2019-02-26,7099.943727,7144.435899,7086.062236,7122.495576,2305801889.0
2019-02-27,7095.390441,7126.228783,7046.249034,7116.378796,2430773172.0
2019-02-28,7093.049047,7127.530009,7081.026729,7096.997735,2677308141.0
2019-03-01,7150.875471,7160.642574,7100.508315,7151.424889,2491181169.0
2019-03-04,7193.880602,7205.333507,7073.147925,7150.835492,2581933690.0
2019-03-05,7157.262011,7177.131105,7120.78187,7157.626354,2166755577.0
2019-03-06,7156.083893,7160.998636,7103.8273,7112.40369,2256304990.0
2019-03-07,7089.704617,7098.229438,7001.585907,7026.063587,2462588013.0
2019-03-08,6940.242129,7019.241875,6940.012741,7015.173525,2260678201.0
2019-03-11,7049.451776,7166.649643,7049.451776,7163.78619,2248308975.0
2019-03-12,7176.241812,7219.568325,7166.040179,7201.180658,2171380767.0
2019-03-13,7231.620883,7292.75079,7230.02506,7258.129209,2379239412.0
2019-03-14,7257.050426,7267.875984,7241.488123,7242.28473,2199100064.0
2019-03-15,7274.661586,7332.343475,7264.379588,7307.522558,3451694839.0
2019-03-18,7312.486577,7348.243165,7293.529627,7326.815411,2302220609.0
2019-03-19,7357.231999,7389.510805,7322.898185,7349.018656,2457849762.0
2019-03-20,7348.141942,7422.974915,7319.318522,7379.57627,2464429894.0
2019-03-21,7355.282969,7506.944174,7355.282969,7493.652747,2502797895.0
2019-03-22,7458.627468,7481.732453,7323.609871,7326.541017,2505077746.0
2019-03-25,7299.397241,7342.383859,7264.548838,7316.297486,2162224339.0
2019-03-26,7378.2972,7416.935153,7315.322826,7350.842193,2080505752.0
2019-03-27,7363.976043,7377.316253,7252.831862,7307.591447,2243997998.0
2019-03-28,7324.878579,7345.948537,7276.918899,7321.550198,1922144876.0
2019-03-29,7378.055227,7381.948343,7334.422747,7378.409327,2311638054.0
2019-04-01,7450.539275,7481.213522,7422.407525,7477.949377,2229837153.0
2019-04-02,7474.278667,7506.939665,7460.903843,7500.519691,2123284628.0
2019-04-03,7537.574352,7588.420661,7520.773265,7544.302142,2509920982.0
2019-04-04,7541.67998,7569.552141,7497.115215,7538.835544,2152787301.0
2019-04-05,7563.960338,7581.612057,7554.896296,7579.079077,2156947822.0
2019-04-08,7565.387961,7602.257314,7538.397683,7599.613644,2075528278.0
2019-04-09,7571.048427,7596.178674,7553.82113,7569.380002,2078605557.0
2019-04-10,7582.263646,7614.368921,7573.666612,7612.259538,2012170329.0
2019-04-11,7620.033544,7621.222452,7581.386222,7595.951703,1969454958.0
2019-04-12,7624.016371,7630.130953,7595.144666,7627.563508,1969002013.0
2019-04-15,7630.864585,7637.221716,7577.890452,7629.262947,1827663928.0
2019-04-16,7650.035162,7670.564294,7631.359016,7654.517522,2102576812.0
2019-04-17,7705.60205,7714.286866,7658.127109,7681.625021,2317419274.0
2019-04-18,7689.567545,7693.283117,7645.021444,7689.77242,2124720363.0
2019-04-22,7658.549293,7717.754801,7654.38244,7713.806529,1790867201.0
2019-04-23,7724.116946,7820.205382,7718.661437,7811.327031,2099239070.0
2019-04-24,7812.949856,7826.802948,7784.622748,7785.333108,2043510344.0
2019-04-25,7850.693695,7852.538925,7777.528725,7818.54109,2073313415.0
2019-04-26,7791.89308,7827.193632,7743.968235,7827.193632,1982568942.0
2019-04-29,7825.433685,7853.291037,7813.11525,7838.748005,1781798695.0
2019-04-30,7768.916741,7792.494373,7728.009664,7781.703833,2131716197.0
2019-05-01,7828.821231,7851.316225,7749.668095,7751.991314,2273634752.0
2019-05-02,7752.099852,7793.011415,7671.985442,7723.32908,2211513276.0
2019-05-03,7785.111104,7846.451728,7772.93577,7846.297636,2081180679.0
2019-05-06,7662.048125,7805.541098,7662.048125,7793.292542,1979396176.0
2019-05-07,7714.351912,7741.852708,7573.157157,7638.883374,2397203899.0
2019-05-08,7623.187994,7679.664779,7594.928249,7617.368514,2214653077.0
2019-05-09,7525.112655,7603.639495,7472.408618,7580.993719,2549806217.0
2019-05-10,7556.620242,7622.745859,7427.409834,7587.748838,2421434360.0
2019-05-13,7385.795815,7433.828665,7305.110534,7324.74109,2484755655.0
2019-05-14,7365.841711,7449.275159,7337.293611,7402.453205,2103019790.0
2019-05-15,7354.646734,7524.304658,7353.913643,7502.9121,2014008982.0
2019-05-16,7510.390127,7626.76869,7503.229246,7580.172032,2168916660.0
2019-05-17,7511.818258,7604.095882,7497.629012,7502.728928,2176280461.0
2019-05-20,7392.133174,7425.714347,7352.859175,7376.579709,2130796884.0
2019-05-21,7442.154313,7472.490167,7417.526272,7450.429649,1999981095.0
2019-05-22,7414.221661,7458.195577,7411.479491,7420.13811,1884542740.0
2019-05-23,7330.037003,7336.708281,7260.780478,7308.886929,2270609815.0
2019-05-24,7355.145562,7371.936764,7293.530627,7301.485701,1685143330.0
2019-05-28,7320.82149,7361.340485,7274.76779,7277.915949,2378469244.0
2019-05-29,7222.127561,7254.040541,7175.900127,7218.516218,2281985439.0
2019-05-30,7234.656429,7262.053913,7204.834851,7243.998069,1875045587.0
2019-05-31,7149.102545,7183.537672,7125.573977,7129.197243,2239298972.0
2019-06-03,7110.238629,7126.310216,6936.602969,6977.710568,2580379639.0
2019-06-04,7057.27684,7170.177627,7023.354171,7165.581456,2373938988.0
2019-06-05,7230.639784,7235.102921,7148.005108,7220.574792,2139101832.0
2019-06-06,7231.048978,7292.393777,7201.614782,7276.368448,2093364468.0
2019-06-07,7315.18143,7447.188622,7309.435405,7418.173138,2074009310.0
2019-06-10,7472.60488,7572.898927,7468.457004,7501.973183,2042137108.0
2019-06-11,7583.542549,7595.835471,7490.372777,7513.450192,2120961916.0
2019-06-12,7492.946435,7507.478099,7458.952442,7473.619902,1979162274.0
2019-06-13,7501.071235,7530.126836,7486.80939,7510.110437,1848328233.0
2019-06-14,7475.383421,7501.423113,7454.217814,7478.785738,1808378534.0
2019-06-17,7501.54703,7546.495799,7491.423266,7526.697994,1950608594.0
2019-06-18,7606.773252,7689.593148,7595.696358,7635.604346,2250249047.0
2019-06-19,7652.246842,7681.671745,7606.410356,7666.984159,2027472544.0
2019-06-20,7770.100402,7770.867447,7680.766503,7739.204202,2108819281.0
2019-06-21,7720.712345,7771.962227,7709.301341,7729.175909,2909144975.0
2019-06-24,7737.604972,7744.982471,7720.503987,7722.984161,2073207466.0
2019-06-25,7719.443209,7723.245505,7583.743617,7590.966585,2132437356.0
2019-06-26,7642.599968,7688.445239,7616.238979,7626.22994,2122926281.0
2019-06-27,7657.383534,7672.169864,7637.095791,7657.156922,2083887063.0
2019-06-28,7673.866792,7681.982975,7639.544555,7672.472838,4101683859.0
2019-07-01,7816.839547,7822.23575,7736.324856,7767.879439,2219257876.0
2019-07-02,7761.265174,7801.182561,7745.529558,7801.182561,1956288390.0
2019-07-03,7818.599767,7858.382675,7810.443121,7858.382675,1548523783.0
2019-07-05,7806.155906,7854.922349,7774.951222,7840.719266,1690715999.0
2019-07-08,7791.025645,7841.141755,7756.309614,7785.967614,1956592424.0
2019-07-09,7747.915913,7833.663149,7747.915913,7827.645271,1871499411.0
2019-07-10,7870.45924,7923.938356,7857.39928,7903.267255,2066635443.0
2019-07-11,7917.470743,7933.542563,7874.750624,7896.411879,1970897861.0
2019-07-12,7908.432259,7944.350483,7901.647572,7943.967573,1835944450.0
2019-07-15,7961.216571,7969.788847,7940.083911,7966.552831,1790515728.0
2019-07-16,7957.188647,7965.693651,7904.649261,7926.168067,1946974765.0
2019-07-17,7928.934958,7940.488372,7887.751335,7887.751335,1887031191.0
2019-07-18,7850.349147,7913.248536,7827.703076,7905.610551,2063848671.0
2019-07-19,7943.979978,7951.040818,7832.329276,7836.060084,1893076993.0
2019-07-22,7862.814913,7919.215682,7862.3901,7905.230829,1860165465.0
2019-07-23,7945.384495,7955.311799,7894.909436,7954.585036,1845250192.0
2019-07-24,7928.262818,8010.520671,7927.640818,8010.247975,1953718472.0
2019-07-25,7978.045786,7983.529974,7922.266723,7928.11084,2058225898.0
2019-07-26,7991.840779,8027.714226,7987.146449,8014.534735,1974966477.0
2019-07-29,8008.288302,8011.032412,7939.71245,7988.974842,1882771511.0
2019-07-30,7927.731011,7982.942832,7923.607136,7952.631022,1893692584.0
2019-07-31,7974.236447,7978.169638,7776.318322,7848.213436,2678993806.0
2019-08-01,7866.248999,8001.303978,7768.846905,7799.911822,2815211414.0
2019-08-02,7739.125429,7755.325463,7645.937916,7692.869407,2262197592.0
2019-08-05,7509.659366,7528.979093,7356.149641,7414.922001,2662234838.0
2019-08-06,7491.967706,7540.634284,7431.505275,7521.369209,2218017762.0
2019-08-07,7436.253036,7569.829328,7386.84482,7550.955673,2469955690.0
2019-08-08,7607.979372,7727.330412,7577.568299,7723.987774,2443017035.0
2019-08-09,7685.729717,7709.179381,7592.550436,7646.33985,2221099565.0
2019-08-12,7597.046527,7623.197414,7530.179896,7561.774414,2068960659.0
2019-08-13,7553.130348,7778.131668,7553.130348,7728.271622,2353279036.0
2019-08-14,7594.905049,7621.755852,7482.028154,7490.151637,2543903450.0
2019-08-15,7503.473675,7522.765731,7429.700602,7484.414504,2190854578.0
2019-08-16,7548.73842,7622.165731,7548.73842,7603.847568,2018722944.0
2019-08-19,7715.221736,7740.662754,7603.901548,7718.448031,1946521530.0
2019-08-20,7707.80772,7732.169209,7663.738531,7664.633384,1750557545.0
2019-08-21,7732.313711,7755.616137,7707.806437,7734.388832,1721467758.0
2019-08-22,7749.774492,7764.597082,7648.596616,7707.641443,1780617450.0
2019-08-23,7658.569347,7721.384639,7442.382128,7464.488259,2214341700.0
2019-08-26,7541.359222,7576.757229,7506.573314,7574.059701,1691971463.0
2019-08-27,7630.416667,7640.436463,7532.593077,7566.392206,1915069319.0
2019-08-28,7535.386836,7596.840097,7498.704691,7589.112182,1663720249.0
2019-08-29,7678.563347,7724.294104,7654.344996,7702.274608,1703679793.0
2019-08-30,7743.792831,7747.654017,7642.104676,7691.072533,1668096219.0
2019-09-03,7634.20326,7670.544773,7585.140912,7609.46905,1938953068.0
2019-09-04,7682.946581,7724.616776,7663.209241,7718.406902,1894019006.0
2019-09-05,7805.233641,7879.706476,7804.122034,7862.959232,2108753531.0
2019-09-06,7869.602437,7876.057233,7835.333738,7850.503239,1878866422.0
2019-09-09,7876.520002,7878.207095,7796.72064,7832.067047,2186937728.0
2019-09-10,7795.440761,7817.672361,7744.401996,7814.702295,2366043419.0
2019-09-11,7820.481086,7888.503374,7812.283425,7886.371146,2322318986.0
2019-09-12,7930.760458,7975.114537,7906.096713,7915.955424,2228076492.0
2019-09-13,7903.597853,7923.162874,7878.317458,7892.667723,1984378832.0
2019-09-16,7833.782848,7867.376119,7831.023089,7853.255688,1876614695.0
2019-09-17,7848.644773,7890.309826,7840.564073,7888.913996,1857437112.0
2019-09-18,7878.124781,7891.603054,7790.593388,7888.632813,2045466714.0
2019-09-19,7905.168951,7948.856941,7889.922226,7903.808687,1818360788.0
2019-09-20,7900.33529,7921.369877,7794.205281,7823.243288,3363667018.0
2019-09-23,7814.720805,7844.985943,7789.385166,7819.125571,1781673762.0
2019-09-24,7855.007167,7873.717426,7684.642924,7710.213046,2310414754.0
2019-09-25,7705.493809,7822.611473,7647.801298,7804.462269,2022317058.0
2019-09-26,7794.622932,7798.869761,7718.570749,7771.228518,1886210145.0
2019-09-27,7786.100013,7789.814544,7625.770081,7680.679523,2041011603.0
2019-09-30,7705.799599,7762.905634,7692.997649,7749.797408,1808856032.0
2019-10-01,7783.059601,7821.252914,7674.57552,7683.560195,2250397284.0
2019-10-02,7627.293322,7631.372806,7513.358014,7551.113274,2503766436.0
2019-10-03,7556.696614,7640.051279,7462.813235,7638.336616,2157422374.0
2019-10-04,7677.02307,7758.798599,7671.175613,7754.916653,1748129918.0
2019-10-07,7725.487258,7783.532414,7711.883329,7724.877905,1759637012.0
2019-10-08,7671.393605,7706.827066,7603.453607,7603.453607,1943643969.0
2019-10-09,7679.052575,7718.012625,7655.511549,7689.19794,1563758767.0
2019-10-10,7687.85573,7772.076635,7684.400928,7740.534428,1793308839.0
2019-10-11,7835.699999,7903.534691,7832.39964,7842.237199,2184712678.0
2019-10-14,7834.288197,7865.895561,7827.568445,7843.056676,1423572323.0
2019-10-15,7867.466818,7959.036409,7864.691171,7941.753561,1841525255.0
2019-10-16,7912.615204,7941.509855,7899.647838,7919.711999,1899729053.0
2019-10-17,7976.07406,7982.184386,7913.824075,7942.094724,1863991305.0
2019-10-18,7938.176187,7946.160901,7829.571484,7868.261067,2020027812.0
2019-10-21,7910.771041,7942.904463,7887.299731,7941.181006,1756468104.0
2019-10-22,7968.81031,7975.88346,7871.761496,7874.108104,1850936260.0
2019-10-23,7859.345255,7890.264507,7845.28786,7890.264507,1822135256.0
2019-10-24,7956.364947,7970.035924,7911.736474,7966.424599,1893712477.0
2019-10-25,7928.135167,8033.515334,7926.631265,8029.503131,1911748593.0
2019-10-28,8069.688033,8121.212861,8069.688033,8111.311362,1960103045.0
2019-10-29,8100.987369,8107.125709,8045.100995,8047.068858,1842773054.0
2019-10-30,8057.427863,8096.122162,8016.668995,8082.69849,1936082552.0
2019-10-31,8099.357237,8110.254533,8041.945998,8083.312093,2276368983.0
2019-11-01,8121.81321,8163.32489,8111.460321,8162.556713,2071326486.0
2019-11-04,8218.98831,8229.137003,8196.768771,8211.785944,2166574514.0
2019-11-05,8225.144647,8228.624189,8189.552642,8209.98491,2327330650.0
2019-11-06,8204.302485,8205.757287,8156.859841,8196.456679,2342195814.0
2019-11-07,8238.379408,8271.249925,8198.743819,8219.417295,2403512302.0
2019-11-08,8209.259208,8257.717935,8186.541493,8257.717935,1982099474.0
2019-11-11,8211.210923,8245.832148,8202.829605,8240.954133,1719258461.0
2019-11-12,8248.529021,8292.739887,8237.525728,8262.980786,2001051087.0
2019-11-13,8236.045326,8274.377342,8233.055828,8259.02437,2179949649.0
2019-11-14,8237.879924,8264.777319,8211.97673,8258.597007,2113796941.0
2019-11-15,8305.426398,8315.120154,8284.285194,8315.070371,2199464274.0
2019-11-18,8303.134025,8340.022012,8274.160796,8329.760273,2053443050.0
2019-11-19,8357.622324,8358.9976,8308.183802,8339.372775,2094194806.0
2019-11-20,8315.402992,8338.705568,8225.481026,8284.383866,2608633424.0
2019-11-21,8273.645869,8282.448083,8242.606856,8264.056989,2073707246.0
2019-11-22,8286.642995,8292.932909,8231.236626,8271.249528,1885778379.0
2019-11-25,8310.952477,8372.920315,8309.0046,8372.920315,2263292435.0
2019-11-26,8374.565136,8398.7459,8362.254167,8387.202727,2439423711.0
2019-11-27,8405.534291,8446.379383,8399.202974,8444.619737,1748740871.0
2019-11-29,8421.483347,8435.75624,8402.146374,8404.452563,1099151931.0
2019-12-02,8410.316308,8410.785025,8273.851679,8308.725927,2240424515.0
2019-12-03,8201.974102,8259.247854,8167.067482,8255.424474,2319007590.0
2019-12-04,8292.878808,8316.978023,8286.348812,8295.720054,2158685394.0
2019-12-05,8321.414067,8321.990917,8272.37483,8308.016256,2133653674.0
2019-12-06,8370.017466,8405.688879,8364.684699,8396.498783,2057169809.0
2019-12-09,8388.603305,8426.654258,8361.180522,8364.025046,2123982904.0
2019-12-10,8364.793629,8394.521529,8339.454074,8354.104862,2058605042.0
2019-12-11,8372.10581,8407.812227,8359.872087,8401.197431,1982395201.0
2019-12-12,8391.382827,8493.700513,8379.890829,8465.145115,2396701687.0
2019-12-13,8461.144165,8517.732761,8441.366102,8488.561577,2220034587.0
2019-12-16,8544.756223,8583.518491,8543.524009,8570.015257,2368105098.0
2019-12-17,8586.453587,8593.757731,8563.258626,8574.868634,2382485147.0
2019-12-18,8587.110073,8607.316136,8579.096541,8580.590998,2743180669.0
2019-12-19,8593.40088,8644.674239,8593.40088,8641.493614,2446332451.0
2019-12-20,8665.927951,8686.116381,8656.295238,8678.510383,3830476425.0
2019-12-23,8703.585765,8711.01376,8690.491,8696.391388,2028202520.0
2019-12-24,8706.364846,8709.412929,8684.589105,8700.909474,1014663575.0
2019-12-26,8717.9439,8778.783691,8716.840973,8777.877305,1640047523.0
2019-12-27,8805.780926,8811.141567,8749.666462,8771.621321,1833818744.0
2019-12-30,8765.46291,8769.021167,8671.832489,8708.987453,2051468816.0
2019-12-31,8681.011599,8736.020727,8672.775019,8733.8162,2186929519.0
2020-01-02,8801.63745,8872.467564,8787.339814,8871.20699,2862133150.0
2020-01-03,8756.045294,8841.132822,8755.489953,8792.545196,2586220152.0
2020-01-06,8713.662749,8850.346735,8711.96389,8848.392046,2810675273.0
2020-01-07,8856.887513,8872.325231,8821.629553,8846.080613,2381751406.0
2020-01-08,8846.406261,8953.427527,8835.331059,8912.101486,2472532112.0
2020-01-09,8989.970763,9005.157134,8937.134925,8989.077271,2541205349.0
2020-01-10,9022.377665,9026.287192,8952.118456,8966.781531,2382774530.0
2020-01-13,9007.616731,9072.281061,8992.352193,9069.423346,2536651160.0
2020-01-14,9068.37024,9079.084908,9022.46629,9034.379516,2553418495.0
2020-01-15,9039.150531,9079.024867,9009.196915,9035.909897,2443202807.0
2020-01-16,9089.248863,9126.446947,9066.697431,9126.354939,2311468036.0
2020-01-17,9159.692835,9176.44696,9119.443933,9173.054126,2543140239.0
2020-01-21,9144.355839,9186.413581,9143.38912,9166.910991,2686469411.0
2020-01-22,9211.90088,9243.28674,9181.931957,9189.617683,2454194303.0
2020-01-23,9184.978981,9220.593323,9144.524605,9216.747899,2466199737.0
2020-01-24,9266.849442,9271.975516,9099.895409,9142.521612,2623220022.0
2020-01-27,8913.861041,9001.806206,8909.248391,8953.496254,2593799401.0
2020-01-28,9013.46228,9112.105246,8993.934784,9092.588142,2169139468.0
2020-01-29,9141.057689,9152.672771,9068.479358,9100.231904,2234621659.0
2020-01-30,9037.890538,9141.015602,9019.134314,9135.9566,2345081621.0
2020-01-31,9169.867749,9170.344754,8961.773234,8990.854395,2696430188.0
2020-02-03,9032.917338,9149.267807,9030.447093,9127.630739,2427188964.0
2020-02-04,9257.801284,9352.001321,9224.542408,9333.526082,2447430774.0
2020-02-05,9440.97163,9441.513337,9311.67938,9368.339108,2470205766.0
2020-02-06,9396.119761,9447.989587,9358.094388,9446.725787,2314395689.0
2020-02-07,9397.318652,9453.158519,9376.214487,9402.050394,2243636133.0
2020-02-10,9374.225466,9517.584989,9374.028901,9517.514785,2187690100.0
2020-02-11,9566.837651,9598.856659,9493.636417,9517.517723,2449739669.0
2020-02-12,9569.480705,9616.880472,9553.418526,9613.848036,2366913581.0
2020-02-13,9541.223388,9634.830335,9531.800186,9595.737734,2254899214.0
2020-02-14,9615.49134,9633.38291,9581.882657,9622.846694,2226514653.0
2020-02-18,9565.910884,9646.676467,9565.910884,9631.477794,2279759481.0
2020-02-19,9682.70923,9737.316054,9676.68624,9719.932212,2470808010.0
2020-02-20,9697.116134,9713.198884,9514.000588,9627.924672,2745335297.0
2020-02-21,9584.053619,9593.826448,9407.463808,9446.842481,2750074941.0
2020-02-24,9056.060556,9193.375568,9030.164925,9080.518318,3188611687.0
2020-02-25,9167.986863,9183.825523,8806.537104,8833.099111,3595245780.0
2020-02-26,8882.061993,9031.764966,8812.874194,8873.956324,3587814352.0
2020-02-27,8632.766167,8787.674637,8430.222143,8436.471589,4560667055.0
2020-02-28,8134.265779,8491.333963,8133.727444,8462.807649,5320929083.0
2020-03-02,8570.092479,8880.975318,8447.227095,8878.270383,4248690521.0
2020-03-03,8892.950341,9000.259874,8515.519692,8596.204169,4336811472.0
2020-03-04,8746.298957,8951.232772,8668.985811,8948.611307,3634793245.0
2020-03-05,8711.068714,8862.996137,8613.581082,8671.502928,3763757587.0
2020-03-06,8394.239761,8573.492762,8319.311108,8531.160005,4292549943.0
2020-03-09,7911.198872,8242.30463,7911.198872,7949.540166,4554088497.0
2020-03-10,8214.0407,8375.597212,7941.005618,8371.489963,4447689783.0
2020-03-11,8165.941778,8224.409941,7901.814671,8005.945222,4302892916.0
2020-03-12,7451.765909,7808.581607,7256.017092,7262.594791,5099436648.0
2020-03-13,7684.284693,7998.168307,7302.604484,7994.459631,4700816367.0
2020-03-16,7502.103979,7564.503018,6993.463949,7020.945382,4618095188.0
2020-03-17,7198.67117,7551.172018,6959.798432,7474.833259,4920784114.0
2020-03-18,7024.515902,7335.658715,6836.595712,7175.02448,4934883788.0
2020-03-19,7191.741452,7515.270902,7037.967629,7287.568464,4777984633.0
2020-03-20,7391.176331,7488.395537,6969.535438,6994.44609,5260243870.0
2020-03-23,6952.838851,7144.640175,6771.86958,7006.135431,4348336590.0
2020-03-24,7348.084835,7555.683101,7304.683845,7554.149941,4441144840.0
2020-03-25,7543.923938,7776.468935,7391.762603,7469.950392,4682789828.0
2020-03-26,7548.878305,7913.058178,7548.209858,7897.726148,4014953016.0
2020-03-27,7657.092714,7817.038932,7580.33758,7589.308288,3988129311.0
2020-03-30,7679.415232,7901.622893,7652.755061,7890.273098,3871101863.0
2020-03-31,7856.021259,8011.240812,7765.878178,7812.594212,4079588876.0
2020-04-01,7583.498142,7701.111787,7424.865728,7485.855649,3699745042.0
2020-04-02,7446.06698,7642.355974,7431.708964,7635.333046,3622201624.0
2020-04-03,7632.45931,7672.111445,7439.57818,7527.746643,3293780148.0
2020-04-06,7818.291988,8111.260729,7764.355114,8080.15456,3849560211.0
2020-04-07,8288.488695,8305.681182,8042.557495,8049.277989,4086957281.0
2020-04-08,8133.834521,8253.951964,8059.736826,8230.627592,3487656106.0
2020-04-09,8283.996851,8333.122918,8167.932623,8238.570745,4145766944.0
2020-04-13,8209.422702,8335.862652,8159.476242,8332.936697,3184443646.0
2020-04-14,8490.82462,8709.690948,8470.934212,8692.304907,3768099996.0
2020-04-15,8547.824047,8664.878926,8500.312581,8592.698106,3347567668.0
2020-04-16,8689.507996,8793.821288,8605.583668,8757.28002,4058133004.0
2020-04-17,8877.031588,8878.326038,8704.642706,8832.132554,4347770088.0
2020-04-20,8742.624947,8855.393106,8726.113311,8726.47716,3826649887.0
2020-04-21,8639.057187,8661.777044,8359.822577,8402.395532,3788042613.0
2020-04-22,8574.587401,8708.853577,8550.606128,8664.317014,3041814261.0
2020-04-23,8692.728795,8795.36083,8625.856028,8641.554602,3760736322.0
2020-04-24,8667.512463,8791.993947,8599.326284,8786.682299,3695034189.0
2020-04-27,8864.878615,8887.92843,8804.143447,8838.978952,3694927705.0
2020-04-28,8912.199474,8915.634243,8669.850796,8678.172018,3730514874.0
2020-04-29,8871.886303,9024.808332,8831.984579,8982.978278,4406806037.0
2020-04-30,9005.792293,9025.40965,8919.87861,8999.957158,4335658102.0
2020-05-01,8791.846824,8888.255258,8689.599716,8719.350569,3741337314.0
2020-05-04,8683.477781,8841.615274,8666.159639,8834.882571,3443177292.0
2020-05-05,8919.943846,9030.493383,8901.120477,8931.237348,3933578998.0
2020-05-06,8996.310952,9064.372384,8950.909413,8982.965557,3656215184.0
2020-05-07,9104.505043,9134.920738,9044.656211,9101.641173,3787262475.0
2020-05-08,9164.706238,9224.105861,9127.488638,9219.575149,3813044504.0
2020-05-11,9154.218436,9345.565247,9154.218436,9299.883568,3925798404.0
2020-05-12,9327.96637,9354.568052,9108.69947,9111.955478,4335817635.0
2020-05-13,9122.123021,9208.323476,8890.166421,8999.518431,4272712236.0
2020-05-14,8946.701865,9098.133384,8860.618796,9093.938638,3965752417.0
2020-05-15,8975.556587,9156.011356,8957.648688,9155.089638,4240231580.0
2020-05-18,9281.520885,9366.588309,9247.71634,9332.413717,4341564052.0
2020-05-19,9325.12864,9423.26532,9296.13322,9297.955671,4194559417.0
2020-05-20,9416.357078,9499.449444,9412.975738,9484.129474,4315494406.0
2020-05-21,9487.290111,9516.204798,9360.622455,9379.445381,3745221352.0
2020-05-22,9365.249173,9422.105757,9325.135482,9413.584909,3668087282.0
2020-05-26,9571.817635,9571.817635,9379.681926,9389.947992,4449044143.0
2020-05-27,9365.754951,9443.637817,9182.416708,9441.575271,4488562279.0
2020-05-28,9403.859068,9569.688608,9390.993713,9419.019674,4112842323.0
2020-05-29,9439.379232,9574.036244,9379.29654,9555.928285,4742142627.0
2020-06-01,9525.458073,9609.06631,9516.625507,9599.440775,3847577503.0
2020-06-02,9604.339767,9660.964163,9511.005388,9657.200358,3990627596.0
2020-06-03,9691.276735,9729.943779,9648.464044,9703.503684,4678596875.0
2020-06-04,9671.574678,9741.965515,9578.785713,9629.894612,6141318366.0
2020-06-05,9674.125488,9846.402275,9658.548156,9824.700927,6607078332.0
2020-06-08,9805.620086,9904.37325,9753.234592,9901.460935,6197967744.0
2020-06-09,9860.890488,10007.120312,9859.640763,9967.382069,5319131041.0
2020-06-10,10037.812961,10152.958478,10023.215476,10094.111919,5170471488.0
2020-06-11,9908.326717,9978.788779,9585.751914,9586.89879,5301187557.0
2020-06-12,9783.591468,9850.212845,9499.201168,9662.238774,4388328728.0
2020-06-15,9516.771812,9808.149027,9490.452459,9776.899904,4475723892.0
2020-06-16,9983.017548,10009.708855,9801.492777,9948.788048,4669681363.0
2020-06-17,9999.663947,10058.542185,9950.684677,9982.068622,4280470765.0
2020-06-18,9973.081598,10019.929544,9942.448187,10011.552403,4334683345.0
2020-06-19,10105.642557,10121.528075,9938.746341,10008.362413,6093382752.0
2020-06-22,10009.633308,10134.062102,9989.87553,10132.287822,4506989019.0
2020-06-23,10192.776668,10305.947935,10171.705116,10208.633948,5755894130.0
2020-06-24,10182.925558,10234.929269,9943.262882,10002.449843,5589052235.0
2020-06-25,10003.756704,10111.627271,9900.863917,10102.905065,4779665959.0
2020-06-26,10086.700446,10093.517498,9837.406718,9852.042558,7310325728.0
2020-06-29,9850.027144,9967.2911,9742.993527,9961.074619,4336490555.0
2020-06-30,9967.981924,10185.633607,9957.092808,10157.446112,4510156597.0
2020-07-01,10161.508394,10320.148965,10141.738801,10278.617816,4624121382.0
2020-07-02,10385.363625,10431.49748,10328.881066,10341.227911,4038947691.0
2020-07-06,10487.661817,10625.052875,10485.817647,10604.471629,4570588112.0
2020-07-07,10597.952375,10703.060465,10515.57583,10523.183821,4336927520.0
2020-07-08,10595.371896,10667.645255,10530.393836,10667.644336,4030467243.0
2020-07-09,10745.361225,10785.727062,10575.057553,10754.414074,4013005408.0
2020-07-10,10754.471356,10843.140438,10640.402304,10835.268028,3537527390.0
2020-07-13,10952.690883,11068.876556,10574.562184,10602.29247,4851515743.0
2020-07-14,10501.966905,10703.316791,10372.284436,10690.443887,4462637320.0
2020-07-15,10751.620394,10779.824238,10571.648019,10701.35351,4646516994.0
2020-07-16,10590.973069,10658.621152,10496.333615,10626.27603,4278138469.0
2020-07-17,10652.50649,10680.503967,10558.754334,10644.676759,4360998882.0
2020-07-20,10673.403727,10970.350006,10622.871695,10952.477799,4315992035.0
2020-07-21,11014.211888,11017.812897,10799.822307,10833.244025,5350966106.0
2020-07-22,10850.822662,10909.877047,10776.593986,10871.649115,4128694491.0
2020-07-23,10854.094006,10886.455317,10530.078588,10578.772351,4501605852.0
2020-07-24,10391.530868,10541.892896,10314.557022,10481.484292,4233780862.0
2020-07-27,10547.292652,10689.032252,10528.636694,10674.031121,4244580042.0
2020-07-28,10644.138771,10660.391717,10529.568176,10532.894277,3894445266.0
2020-07-29,10602.178507,10693.436372,10587.469418,10663.234041,4009085933.0
2020-07-30,10579.183272,10736.543118,10532.891154,10713.843558,4186064984.0
2020-07-31,10884.388171,10907.351859,10705.846179,10906.411568,4439165077.0
2020-08-03,11017.580555,11086.581905,10997.702265,11054.808099,4203785543.0
2020-08-04,11048.36914,11099.279385,11002.757883,11097.617161,4016331652.0
2020-08-05,11107.64759,11140.839033,11076.633865,11124.899574,4160982648.0
2020-08-06,11116.422511,11282.026709,11089.698229,11267.482077,4119691185.0
2020-08-07,11234.968639,11276.353234,11045.319353,11139.158918,4263739418.0
2020-08-10,11152.955276,11159.481604,10942.434703,11083.70876,4047987396.0
2020-08-11,11039.76951,11090.52738,10856.222758,10876.595134,4331576466.0
2020-08-12,10972.656806,11192.020447,10971.493842,11157.345845,3745520168.0
2020-08-13,11175.077672,11270.722736,11140.455801,11177.070711,3480693955.0
2020-08-14,11188.938701,11213.929821,11107.774631,11166.850271,3514090032.0
2020-08-17,11231.504514,11305.729952,11229.876186,11289.708875,3214751023.0
2020-08-18,11340.465706,11421.446431,11280.61352,11399.411588,3228813711.0
2020-08-19,11395.498131,11441.285567,11304.032876,11319.57563,3496609557.0
2020-08-20,11276.687122,11496.942576,11267.437667,11477.356994,4215071259.0
2020-08-21,11478.497337,11576.166026,11460.940152,11555.757548,3930630986.0
2020-08-24,11702.309385,11727.754986,11536.763527,11625.318059,3906856694.0
2020-08-25,11611.411059,11724.159892,11580.122909,11723.270184,3475501682.0
2020-08-26,11778.617343,11979.770591,11768.012719,11970.421576,3471237905.0
2020-08-27,11998.056631,12049.26999,11842.757256,11924.813922,3547645675.0
2020-08-28,11990.8434,12016.885525,11927.830945,11996.715669,3012630126.0
2020-08-31,12019.594755,12166.451739,12001.313807,12110.574959,3611706975.0
2020-09-01,12205.222072,12299.325694,12132.84733,12293.432612,3511343810.0
2020-09-02,12416.572297,12438.544986,12176.498188,12420.594268,3982134419.0
2020-09-03,12194.51887,12234.033018,11661.542795,11771.172511,4464923304.0
2020-09-04,11684.368274,11844.713061,11146.268668,11623.302582,4283767073.0
2020-09-08,11144.183253,11400.017703,11054.516081,11066.859809,3905666414.0
2020-09-09,11308.507044,11481.280517,11195.690036,11396.196665,3550480064.0
2020-09-10,11502.123027,11566.650452,11095.474911,11153.776266,3840152205.0
2020-09-11,11251.716971,11282.47304,10945.868409,11088.900419,3630501823.0
2020-09-14,11249.723125,11362.339884,11194.394327,11277.883189,3738453193.0
2020-09-15,11434.20524,11493.833848,11365.481121,11439.553439,3786293482.0
2020-09-16,11469.733602,11485.019481,11241.09647,11247.221536,3678114526.0
2020-09-17,10965.433002,11159.307621,10936.011051,11081.766106,3740443727.0
2020-09-18,11147.177124,11153.725021,10769.393786,10937.32749,5758194732.0
2020-09-21,10767.803998,10984.803746,10677.992642,10978.1642,3901156016.0
2020-09-22,11081.690822,11206.254486,10942.065112,11187.201619,3515177845.0
2020-09-23,11168.229551,11182.132368,10806.202404,10832.778365,4096400676.0
2020-09-24,10747.356511,11027.844218,10726.054704,10895.280495,4086336848.0
2020-09-25,10911.2108,11177.461726,10851.976448,11152.865818,3784939455.0
2020-09-28,11332.002833,11368.371126,11244.558702,11366.202101,3591611276.0
2020-09-29,11354.789152,11395.560213,11303.833546,11323.368539,3388878131.0
2020-09-30,11329.739092,11535.988065,11327.925173,11419.172684,4260635158.0
2020-10-01,11555.719709,11607.052416,11487.898396,11582.867265,4006284060.0
2020-10-02,11329.124885,11477.843614,11226.670041,11257.101387,3730637038.0
2020-10-05,11345.669601,11511.24704,11336.252756,11509.284541,3623996712.0
2020-10-06,11478.029331,11535.191257,11255.254001,11289.38669,4390181957.0
2020-10-07,11412.26336,11520.121783,11382.710063,11501.278593,3910725540.0
2020-10-08,11575.29249,11584.623061,11511.449761,11550.721111,3507552603.0
2020-10-09,11615.199893,11729.090211,11601.167787,11724.142996,3504149298.0
2020-10-12,11902.412363,12204.124362,11879.103419,12086.746655,3885206695.0
2020-10-13,12130.139172,12188.136935,12033.493215,12085.027177,3634048356.0
2020-10-14,12106.617619,12158.034637,11914.375347,11984.964201,3410126635.0
2020-10-15,11766.00899,11929.091621,11765.295789,11899.243969,3325625333.0
2020-10-16,11952.195118,12034.832964,11823.745415,11852.246426,3166588320.0
2020-10-19,11913.840445,11959.85946,11607.710764,11635.03881,3477488987.0
2020-10-20,11678.674611,11800.938136,11612.939033,11677.892574,3510388796.0
2020-10-21,11685.481316,11788.732693,11646.969112,11662.418733,3466732632.0
2020-10-22,11713.157206,11738.231496,11529.718267,11664.277919,3434628985.0
2020-10-23,11679.55028,11691.982538,11568.965997,11691.269537,3144888506.0
2020-10-26,11585.463989,11710.655808,11362.408554,11504.044119,3205157626.0
2020-10-27,11560.212295,11633.648316,11503.632747,11597.609204,3105406056.0
2020-10-28,11401.072186,11425.503383,11136.807064,11144.864699,3930684410.0
2020-10-29,11213.702774,11466.472101,11187.588549,11347.361198,3244065378.0
2020-10-30,11265.595973,11293.220454,10959.406782,11054.466272,3671196941.0
2020-11-02,11152.354635,11221.527827,10957.225474,11085.499474,3209188370.0
2020-11-03,11156.976268,11356.088067,11116.899662,11279.457076,3216579242.0
2020-11-04,11628.473787,11844.927092,11564.789494,11776.529672,3620848684.0
2020-11-05,12020.416183,12116.417402,11976.8859,12079.800175,3847462004.0
2020-11-06,12042.582211,12117.695153,11894.534457,12094.137368,4184076991.0
2020-11-09,12193.302595,12269.632803,11815.825529,11829.631061,5864725134.0
2020-11-10,11703.506823,11759.507164,11511.000097,11627.061522,4737364702.0
2020-11-11,11736.066963,11904.870824,11714.017313,11892.826774,3854480499.0
2020-11-12,11924.367302,11976.01469,11787.101955,11826.374857,3887013391.0
2020-11-13,11911.948395,11958.405868,11810.084857,11940.18323,3653669955.0
2020-11-16,11924.440261,12034.165222,11892.499929,12013.922095,4172894198.0
2020-11-17,12029.951628,12046.698732,11963.613276,11977.006064,4144737380.0
2020-11-18,11962.848818,12027.244087,11890.332802,11895.569831,4731493647.0
2020-11-19,11861.303723,12001.26211,11842.596839,11984.741478,5384518167.0
2020-11-20,11977.461173,12018.420568,11902.95088,11908.144911,5350947210.0
2020-11-23,11958.605976,12000.852793,11815.747426,11906.170246,5473509572.0
2020-11-24,11951.230341,12093.183481,11878.03517,12079.344023,6338767089.0
2020-11-25,12112.483953,12176.291158,12083.229834,12154.098732,4448574793.0
2020-11-27,12221.645167,12305.925374,12214.447557,12259.046366,3402016791.0
2020-11-30,12279.783866,12301.735862,12090.702837,12267.033675,7760381532.0
2020-12-01,12388.269122,12510.795956,12339.758148,12453.944123,6513034185.0
2020-12-02,12392.480816,12470.845877,12318.929771,12455.878518,5196313661.0
2020-12-03,12468.428092,12540.02122,12443.676396,12467.677798,5210039913.0
2020-12-04,12477.826053,12531.569801,12449.182792,12529.846114,5087338567.0
2020-12-07,12524.272378,12609.803139,12524.272378,12595.260503,4771301881.0
2020-12-08,12574.409838,12650.842186,12503.07803,12636.812056,4809873460.0
2020-12-09,12627.777629,12644.201778,12311.842695,12363.549249,5168280919.0
2020-12-10,12270.829664,12446.802106,12225.876441,12403.691987,4517529672.0
2020-12-11,12328.407886,12377.651805,12236.795912,12374.032734,4292234553.0
2020-12-14,12428.29956,12543.511219,12427.611794,12462.326635,4492049599.0
2020-12-15,12564.600503,12598.898277,12467.201452,12598.898277,4423021944.0
2020-12-16,12609.289951,12698.342225,12569.476171,12665.850459,4592648030.0
2020-12-17,12743.029233,12761.331179,12684.536237,12750.166294,5030808623.0
2020-12-18,12787.990335,12794.417052,12610.303549,12739.235454,7125169483.0
2020-12-21,12575.963572,12709.093498,12475.652978,12690.109863,5193222722.0
2020-12-22,12714.373916,12762.111199,12605.797094,12718.287746,5812276233.0
2020-12-23,12734.142238,12737.011591,12652.140723,12653.291962,7101282791.0
2020-12-24,12669.857533,12732.79233,12664.982845,12709.65641,3306449182.0
2020-12-28,12813.127023,12861.883006,12744.128806,12838.307313,5109308153.0
2020-12-29,12910.72896,12923.879407,12814.815307,12843.409973,4726863231.0
2020-12-30,12902.678725,12917.864716,12828.04787,12845.43622,5341905809.0
2020-12-31,12853.89344,12902.571029,12804.678069,12889.421546,4815480724.0
2021-01-04,12951.074993,12951.074993,12534.759903,12694.657733,6636584608.0
2021-01-05,12663.411025,12809.287546,12663.411025,12801.014444,6971630892.0
2021-01-06,12602.272751,12801.315289,12569.297082,12622.733027,7689454039.0
2021-01-07,12749.416805,12967.651696,12744.099749,12938.971911,6841882595.0
2021-01-08,13036.35786,13113.772285,12942.104675,13104.555729,7289413736.0
2021-01-11,12960.685914,13024.60247,12883.75961,12902.76087,6960148301.0
2021-01-12,12916.588885,12956.387229,12783.655541,12891.236823,7264394982.0
2021-01-13,12910.651971,13008.673068,12875.278817,12975.886324,7103519665.0
2021-01-14,13009.943747,13037.712513,12888.653825,12899.047034,6734689974.0
2021-01-15,12896.888677,12944.169334,12757.519718,12802.663721,6458107664.0
2021-01-19,12921.681447,13012.1229,12861.839311,12995.750666,6298302884.0
2021-01-20,13152.490319,13331.655409,13138.101017,13297.382741,6820677752.0
2021-01-21,13355.816905,13432.622621,13297.503327,13405.087367,7259174970.0
2021-01-22,13354.670923,13406.609099,13337.55253,13364.192152,5972390650.0
2021-01-25,13515.092637,13565.28477,13203.781052,13480.645545,7193510856.0
2021-01-26,13508.105823,13535.952487,13442.280801,13490.7077,6849281118.0
2021-01-27,13371.78412,13393.967521,13035.035877,13111.50686,11623144110.0
2021-01-28,13163.458068,13403.97761,13150.369396,13200.095659,9959024568.0
2021-01-29,13125.429918,13168.631987,12847.467763,12925.01654,7873671571.0
2021-02-01,13067.263726,13279.285507,12981.610153,13247.709056,7092781874.0
2021-02-02,13371.267567,13500.86581,13363.648248,13457.745934,7325839818.0
2021-02-03,13554.003629,13561.808076,13401.459334,13401.861218,7547127547.0
2021-02-04,13455.054089,13565.770798,13407.329062,13561.39948,7295602228.0
2021-02-05,13592.312062,13640.76481,13528.796811,13604.905447,6792333202.0
2021-02-08,13670.050035,13699.095027,13606.149638,13694.459511,8563856519.0
2021-02-09,13667.17255,13741.877879,13662.156319,13684.813268,8765521267.0
2021-02-10,13754.511168,13773.659848,13532.455671,13655.046936,10787620609.0
2021-02-11,13721.480363,13748.243039,13637.205607,13732.760881,10917961363.0
2021-02-12,13695.989471,13816.136791,13655.838449,13807.821162,7415931446.0
2021-02-16,13838.552289,13879.703838,13727.913285,13774.203323,7723035232.0
2021-02-17,13638.27628,13712.996835,13551.942609,13699.641703,7279787738.0
2021-02-18,13558.544082,13670.538178,13477.273192,13638.961365,6499272781.0
2021-02-19,13687.70437,13702.585952,13546.141694,13580.740664,6737131836.0
2021-02-22,13416.03167,13446.090518,13222.752636,13224.507925,6484247640.0
2021-02-23,12982.12734,13259.116653,12759.214216,13192.743177,7517401940.0
2021-02-24,13094.950411,13312.891446,12972.622157,13300.682728,5886781817.0
2021-02-25,13195.954589,13294.810034,12773.323778,12831.331706,6391572677.0
2021-02-26,12958.882432,13089.818181,12765.700675,12910.360921,5905327501.0
2021-03-01,13107.192887,13291.182421,13048.553381,13281.656505,5080456507.0
2021-03-02,13298.344161,13300.467876,13050.667146,13061.303116,4947790829.0
2021-03-03,13019.792336,13056.800648,12679.829916,12682.844736,5529673942.0
2021-03-04,12658.05469,12798.5091,12314.493778,12466.081629,7865640608.0
2021-03-05,12592.539477,12702.356708,12207.696221,12666.88094,7724729834.0
2021-03-08,12628.505182,12718.006231,12289.223294,12298.064091,6009756382.0
2021-03-09,12636.632847,12867.825561,12593.250854,12795.412716,6346446941.0
2021-03-10,12947.777866,12980.422188,12727.533924,12752.799312,6023294584.0
2021-03-11,12958.859713,13118.855772,12919.940569,13055.003914,6008753377.0
2021-03-12,12873.211958,12941.92477,12780.578845,12938.435662,5497145734.0
2021-03-15,12936.907974,13086.375698,12886.801119,13081.927955,5971588393.0
2021-03-16,13157.449886,13298.622135,13092.15632,13152.393927,5493187087.0
2021-03-17,13026.375791,13279.44663,12953.931591,13204.114317,5535834709.0
2021-03-18,13006.975422,13038.74712,12780.991896,12789.346785,5739692780.0
2021-03-19,12791.453927,12906.959405,12704.584461,12866.093413,7630667240.0
2021-03-22,12942.612505,13167.164904,12942.104712,13085.941219,5322008672.0
2021-03-23,13126.55817,13179.771546,12991.549405,13018.319876,5675479705.0
2021-03-24,13073.876825,13077.05535,12797.489221,12800.646869,6248804442.0
2021-03-25,12708.465846,12843.861671,12628.933194,12779.212057,5634923043.0
2021-03-26,12776.694526,12992.570066,12719.505114,12981.30218,5224535946.0
2021-03-29,12948.331483,13014.46476,12837.219984,12967.914824,4964657024.0
2021-03-30,12904.239108,12929.744464,12796.682651,12894.813684,4721858131.0
2021-03-31,12968.368859,13167.529913,12967.147936,13093.118589,5004207192.0
2021-04-01,13267.444785,13332.910964,13254.125628,13329.214533,4576292409.0
2021-04-05,13434.235713,13624.104587,13421.467416,13595.062715,4459748609.0
2021-04-06,13567.525165,13661.634584,13548.885676,13576.975773,4074215712.0
2021-04-07,13552.855361,13646.956503,13533.636901,13616.970042,4098855193.0
2021-04-08,13730.731039,13761.348066,13703.409445,13756.866315,4153079850.0
2021-04-09,13710.114432,13849.509279,13673.387632,13846.679903,3926634584.0
2021-04-12,13795.132447,13839.076175,13746.806259,13819.806578,4250546349.0
2021-04-13,13875.586615,14001.214584,13875.408728,13986.368491,4219604270.0
2021-04-14,13987.806942,13991.774205,13782.2056,13801.975673,4121206764.0
2021-04-15,13934.21008,14040.536364,13928.92221,14026.947149,4407313293.0
2021-04-16,14036.369353,14049.620461,13966.65486,14041.305712,4427203666.0
2021-04-19,13971.952886,14027.454365,13834.782747,13907.129267,4379547278.0
2021-04-20,13891.912403,13933.561222,13728.964609,13809.22803,4244281621.0
2021-04-21,13768.746911,13936.946854,13718.18946,13936.582023,3999895305.0
2021-04-22,13922.85009,13952.206091,13717.213292,13762.328825,4420418577.0
2021-04-23,13794.51408,13988.645737,13786.244195,13941.220738,4354638002.0
2021-04-26,13952.146168,14039.573084,13922.345737,14025.874953,4505796894.0
2021-04-27,14051.971168,14051.971168,13931.987299,13958.598036,4691689441.0
2021-04-28,13953.120539,13991.152182,13895.330145,13902.730575,4559974337.0
2021-04-29,14063.256876,14074.39162,13834.577147,13968.023347,4927856946.0
2021-04-30,13858.26772,13969.909672,13838.688956,13860.030946,4791995776.0
2021-05-03,13923.178594,13953.952712,13784.239499,13801.374377,4761569549.0
2021-05-04,13681.74952,13707.797195,13397.387924,13545.364391,5880234723.0
2021-05-05,13649.229379,13679.004604,13480.294098,13503.408197,4535855228.0
2021-05-06,13491.822129,13617.173763,13405.41644,13612.488881,5022734221.0
2021-05-07,13714.483652,13815.794606,13671.910706,13718.017563,4391224545.0
2021-05-10,13644.533188,13648.100595,13357.550884,13357.550884,4818590930.0
2021-05-11,13103.118523,13381.536676,13094.782064,13351.13518,4738680825.0
2021-05-12,13153.678614,13236.301154,12966.171196,12999.250338,4752862670.0
2021-05-13,13131.649919,13227.080498,13005.695827,13111.713246,4698060909.0
2021-05-14,13239.176868,13428.204495,13217.598473,13392.853225,4022890069.0
2021-05-17,13330.013733,13350.805735,13195.948713,13310.801357,3997438459.0
2021-05-18,13352.890877,13400.635529,13212.099589,13219.962639,4301668390.0
2021-05-19,12999.892552,13245.127659,12993.210208,13235.596365,4333097369.0
2021-05-20,13294.326244,13527.499924,13291.548387,13495.227627,3990998822.0
2021-05-21,13571.013016,13574.198965,13401.715291,13413.913014,3734167301.0
2021-05-24,13505.421667,13688.007915,13500.888866,13640.673626,3509354346.0
2021-05-25,13702.119999,13733.573974,13615.246782,13656.547765,4129231315.0
2021-05-26,13686.230612,13724.069971,13662.91552,13701.894156,4264617632.0
2021-05-27,13689.423326,13725.185054,13649.711186,13657.656414,5086060376.0
2021-05-28,13715.867705,13767.209973,13686.05132,13686.05132,4447162639.0
2021-06-01,13765.643389,13774.452684,13603.619332,13655.018366,4185989205.0
2021-06-02,13656.653047,13712.277841,13610.32801,13673.982991,5098477698.0
2021-06-03,13567.531417,13607.234071,13469.235017,13527.845299,5397365139.0
2021-06-04,13619.11998,13784.640691,13610.797119,13769.250972,4361123914.0
2021-06-07,13744.976023,13809.140042,13710.309658,13804.697089,4639091946.0
2021-06-08,13874.900657,13913.028911,13746.959287,13809.948319,5957463969.0
2021-06-09,13864.528202,13901.687606,13810.091201,13814.000584,5640122436.0
2021-06-10,13833.354119,13963.581391,13817.891487,13961.795643,4919683790.0
2021-06-11,13957.676195,13997.94336,13933.926221,13997.94336,4157933274.0
2021-06-14,14003.931298,14128.251653,13962.89962,14127.603063,4414937257.0
2021-06-15,14122.059727,14125.916704,14011.833517,14030.874517,4554868792.0
2021-06-16,14052.947612,14102.786182,13839.834732,13982.88209,4682648507.0
2021-06-17,13944.895113,14205.936352,13944.577245,14162.783247,4558385793.0
2021-06-18,14124.866857,14142.07941,14025.911517,14049.223159,6125754993.0
2021-06-21,14055.021804,14149.974867,13968.602886,14135.276471,4562486275.0
2021-06-22,14140.964005,14286.951243,14126.809737,14273.51577,4433469246.0
2021-06-23,14272.493231,14324.458474,14250.949884,14273.537722,4417265359.0
2021-06-24,14359.304996,14429.746264,14336.059773,14365.12144,4324759839.0
2021-06-25,14396.216543,14402.254629,14324.591231,14341.764317,7467593956.0
2021-06-28,14403.028573,14529.799386,14399.275178,14525.258023,4282580205.0
2021-06-29,14524.425051,14577.035556,14481.448875,14573.483039,4901932736.0
2021-06-30,14558.568662,14583.057146,14531.250555,14556.49119,5293599269.0
2021-07-01,14530.616391,14575.673023,14482.361522,14560.365619,4411129956.0
2021-07-02,14632.782443,14741.749651,14626.552219,14727.099084,3750992942.0
2021-07-06,14755.4119,14798.566073,14635.695634,14786.783423,4489955975.0
2021-07-07,14888.520472,14890.926496,14736.773797,14811.52323,4605457144.0
2021-07-08,14576.983607,14763.959423,14550.813856,14723.696116,4575200745.0
2021-07-09,14708.589241,14838.905475,14685.467254,14825.063782,3826293904.0
2021-07-12,14876.014752,14896.724101,14816.341757,14878.166095,3897748567.0
2021-07-13,14871.705869,15001.438227,14847.212101,14873.730942,4583190828.0
2021-07-14,14987.658319,15001.991916,14868.190554,14901.397475,4496176368.0
2021-07-15,14902.851128,14908.053858,14716.545993,14793.920744,4512489080.0
2021-07-16,14842.701595,14876.903675,14667.475647,14681.448998,4069712696.0
2021-07-19,14517.360982,14579.390895,14455.430382,14550.700708,4536852242.0
2021-07-20,14597.713189,14793.816619,14527.98626,14728.531253,4652514051.0
2021-07-21,14722.223761,14844.926438,14708.898384,14844.926438,4098682517.0
2021-07-22,14867.854807,14940.987256,14866.535154,14939.648454,3597080456.0
2021-07-23,15007.715716,15125.429153,14952.921689,15112.900718,3996446483.0
2021-07-26,15088.263507,15141.673161,15049.847127,15127.715064,4436575241.0
2021-07-27,15101.739549,15112.286892,14789.267093,14956.333446,4329346315.0
2021-07-28,15006.358249,15078.543346,14912.685026,15017.490879,4268031600.0
2021-07-29,15013.889973,15091.968315,15003.023104,15050.158927,3928202895.0
2021-07-30,14882.809456,14992.791142,14882.634901,14961.455495,3645043555.0
2021-08-02,15046.111948,15059.177288,14947.40083,14961.255553,3746055361.0
2021-08-03,14996.031813,15066.49635,14862.93573,15060.976583,4141338400.0
2021-08-04,15060.051431,15118.013693,15016.585255,15084.719467,4336875009.0
2021-08-05,15105.302194,15183.744514,15083.109099,15183.257983,4106864331.0
2021-08-06,15128.374559,15163.077427,15062.680148,15111.256464,4173102702.0
2021-08-09,15137.844006,15155.032997,15082.446971,15134.501087,4112532179.0
2021-08-10,15157.48676,15170.547756,15010.22264,15052.441361,3992368017.0
2021-08-11,15099.866344,15126.889072,14971.098671,15028.966784,4002157952.0
2021-08-12,15011.120528,15097.398614,14955.093551,15090.55655,4049255235.0
2021-08-13,15103.435208,15153.622028,15079.053718,15134.2697,4061264932.0
2021-08-16,15091.256076,15142.750958,14930.347699,15140.07611,3974069531.0
2021-08-17,15017.243255,15061.834712,14906.967651,15002.906906,4169154836.0
2021-08-18,14975.095452,15039.467021,14848.013918,14856.885641,3842087116.0
2021-08-19,14772.050116,15000.958416,14772.050116,14934.537385,4191016585.0
2021-08-20,14972.349442,15102.822601,14969.618661,15094.950064,3886521942.0
2021-08-23,15137.546099,15342.593952,15137.546099,15314.007394,3906994046.0
2021-08-24,15338.70372,15384.892441,15321.227724,15358.917861,3809304899.0
2021-08-25,15384.7446,15401.848734,15340.099893,15369.521557,3653730665.0
2021-08-26,15348.364507,15368.115898,15264.257485,15281.265281,3631240364.0
2021-08-27,15303.828338,15447.047093,15293.977689,15433.07701,4048478425.0
2021-08-30,15461.360007,15620.035099,15459.398924,15606.203053,4061009664.0
2021-08-31,15600.440424,15604.606932,15522.141813,15584.305775,4188819851.0
2021-09-01,15638.195067,15694.648226,15600.213825,15610.832842,4271604253.0
2021-09-02,15656.612853,15680.63733,15553.528695,15603.816067,4050769094.0
2021-09-03,15578.246948,15669.579553,15554.273021,15653.358659,3706423914.0
2021-09-07,15663.70964,15700.660836,15609.091826,15676.805811,4013994555.0
2021-09-08,15667.831778,15667.831778,15527.844642,15619.170471,4131610357.0
2021-09-09,15638.343835,15674.411797,15554.893249,15559.140448,4031159341.0
2021-09-10,15648.131182,15673.475432,15431.242556,15441.871093,4587192257.0
2021-09-13,15546.800132,15562.447189,15350.536352,15435.534799,4723212449.0
2021-09-14,15505.486528,15525.80488,15352.77275,15384.125777,4593636906.0
2021-09-15,15420.122433,15518.27182,15313.182245,15502.335504,4465508224.0
2021-09-16,15453.080384,15540.003332,15371.82651,15516.600587,3700837299.0
2021-09-17,15480.925914,15486.022752,15291.930711,15331.986109,6710536495.0
2021-09-20,15069.033497,15155.181049,14822.779935,15011.376294,4878741451.0
2021-09-21,15097.298744,15143.504716,14986.105975,15026.771243,4082817768.0
2021-09-22,15071.433137,15231.939967,15029.824085,15175.42228,4252687302.0
2021-09-23,15233.179859,15356.924894,15201.263029,15312.356292,4196164083.0
2021-09-24,15225.173585,15345.992361,15207.866343,15327.776504,3992168277.0
2021-09-27,15205.461099,15240.850144,15103.887393,15204.96717,4650843518.0
2021-09-28,15003.534716,15042.360842,14758.958661,14771.035204,4990696658.0
2021-09-29,14835.723896,14914.564026,14726.676698,14753.928682,5293776457.0
2021-09-30,14831.483381,14887.378227,14684.750375,14689.564138,5951338281.0
2021-10-01,14732.864319,14830.845312,14553.700197,14790.00615,4710703854.0
2021-10-04,14713.009867,14725.419856,14384.188564,14472.608642,4556632093.0
2021-10-05,14534.127885,14758.773894,14520.757834,14675.30213,4176851807.0
2021-10-06,14531.916295,14775.558201,14499.600595,14769.032743,4466411234.0
2021-10-07,14900.716855,15011.565118,14878.00192,14897.623076,3984676963.0
2021-10-08,14944.677337,14945.443861,14802.195266,14820.226137,3571918121.0
2021-10-11,14767.8708,14906.127445,14707.558006,14712.891641,3540140342.0
2021-10-12,14773.214642,14783.704774,14634.576504,14660.943876,4063559928.0
2021-10-13,14750.46636,14801.461933,14680.531212,14773.68511,4053624504.0
2021-10-14,14926.5435,15061.417696,14901.182071,15051.896207,4262566724.0
2021-10-15,15108.409194,15150.754052,15063.496876,15147.574059,4494720191.0
2021-10-18,15092.927316,15307.261859,15075.3706,15302.204238,4167707385.0
2021-10-19,15348.611421,15415.358148,15318.040774,15408.248514,4483323982.0
2021-10-20,15449.217832,15458.435875,15333.864149,15387.749665,4116505029.0
2021-10-21,15365.021714,15498.361843,15352.565762,15488.678932,4961960756.0
2021-10-22,15423.25133,15473.508183,15293.436332,15352.417352,5777076322.0
2021-10-25,15420.279606,15553.054926,15337.412001,15514.936066,5749852398.0
2021-10-26,15613.935802,15713.708005,15521.404694,15560.189129,7174559939.0
2021-10-27,15602.591599,15726.446807,15581.348976,15597.894848,6129715406.0
2021-10-28,15674.555213,15786.697623,15646.923554,15778.456192,5714666673.0
2021-10-29,15640.815601,15856.908994,15638.742862,15850.084272,5337824494.0
2021-11-01,15884.868816,15911.346307,15784.395793,15904.845085,5273827938.0
2021-11-02,15886.162255,15989.099529,15875.903942,15974.152205,5129093692.0
2021-11-03,16000.823308,16158.148114,15949.565815,16145.523886,5327390819.0
2021-11-04,16193.018769,16388.834291,16168.08447,16346.176814,5297878674.0
2021-11-05,16394.589893,16453.313768,16304.071952,16358.585235,5565765751.0
2021-11-08,16351.525406,16402.647613,16314.126316,16337.039069,5724466511.0
2021-11-09,16390.277159,16399.042235,16168.84689,16219.635196,5574601576.0
2021-11-10,16089.268345,16226.190355,15907.527609,15983.896244,5369460182.0
2021-11-11,16110.74277,16113.422069,16018.837685,16030.47401,4570374280.0
2021-11-12,16078.028229,16217.357161,16013.147988,16197.268074,5446160772.0
2021-11-15,16227.39304,16257.719187,16094.798034,16187.500837,5020416191.0
2021-11-16,16168.299382,16332.256037,16157.092812,16309.170195,5533621881.0
2021-11-17,16331.113391,16399.893413,16280.34607,16306.796915,5049860213.0
2021-11-18,16399.053005,16498.388595,16310.443355,16482.479448,5391597019.0
2021-11-19,16559.573047,16626.312673,16522.93808,16575.453793,4874841044.0
2021-11-22,16644.526722,16763.897278,16374.016684,16380.19145,5567400082.0
2021-11-23,16329.643112,16417.596166,16121.320612,16305.10772,5434520677.0
2021-11-24,16199.642579,16373.535906,16107.165824,16367.051974,4197136357.0
2021-11-26,16238.555213,16303.263965,15987.796177,16026.17992,3502537003.0
2021-11-29,16265.12369,16436.748415,16214.854199,16398.80676,4836903803.0
2021-11-30,16334.941239,16451.98758,16073.776598,16136.244554,6630553465.0
2021-12-01,16346.637236,16425.009804,15865.554288,15879.274566,6320429195.0
2021-12-02,15790.279298,16066.075175,15770.204818,15991.267401,5417528811.0
2021-12-03,16037.386217,16090.485018,15545.859478,15711.22562,5900559106.0
2021-12-06,15744.555294,15898.797074,15558.575385,15845.104299,5115159509.0
2021-12-07,16141.831512,16342.195061,16126.772677,16326.011296,5116506768.0
2021-12-08,16314.951088,16402.446047,16248.571554,16397.106679,4614840979.0
2021-12-09,16336.668716,16411.59153,16140.193817,16149.046503,4515669888.0
2021-12-10,16275.901094,16338.83813,16137.955044,16333.129008,4426206613.0
2021-12-13,16318.316956,16334.77726,16074.084062,16080.122672,4573511426.0
2021-12-14,15878.382753,15993.743279,15744.244439,15913.633304,4865834487.0
2021-12-15,15908.081694,16300.881158,15748.213643,16290.962475,5343986784.0
2021-12-16,16334.444481,16341.172898,15802.402689,15862.073012,4906468331.0
2021-12-17,15713.693064,15956.94296,15664.696825,15802.101181,7668062434.0
2021-12-20,15566.467666,15662.817024,15508.739909,15626.604568,4603462380.0
2021-12-21,15792.835606,15997.894451,15618.932952,15990.644855,4581697196.0
2021-12-22,15963.912967,16183.350713,15947.528152,16177.297394,4108087394.0
2021-12-23,16204.428578,16361.151726,16186.513704,16309.775218,3934819624.0
2021-12-27,16361.487579,16568.093738,16361.487579,16568.093738,3744598540.0
2021-12-28,16603.122216,16609.633314,16458.8896,16488.919325,3648548713.0
2021-12-29,16512.772516,16549.088255,16397.843283,16492.299376,3713865320.0
2021-12-30,16484.944699,16567.556153,16412.736416,16428.393325,3750873971.0
2021-12-31,16411.28755,16461.316571,16318.313148,16322.719696,3392776134.0
2022-01-03,16398.399988,16507.192972,16308.962346,16500.234346,4429711727.0
2022-01-04,16511.522574,16513.967311,16150.301974,16282.909513,5130662692.0
2022-01-05,16187.270175,16252.062132,15764.084124,15770.005947,5032871431.0
2022-01-06,15676.008768,15897.949458,15607.718506,15764.595492,4791427389.0
2022-01-07,15773.777704,15835.477343,15529.085638,15592.763438,4237504700.0
2022-01-10,15386.114951,15628.725881,15163.720338,15614.090255,5317386940.0
2022-01-11,15584.219658,15848.08192,15495.371977,15843.543882,4390562564.0
2022-01-12,15956.686582,16015.311665,15816.371546,15905.129481,4338681334.0
2022-01-13,15971.386514,15990.517384,15466.575023,15494.343954,4302121597.0
2022-01-14,15394.893859,15616.709522,15394.893859,15612.594105,4373504103.0
2022-01-18,15378.210706,15448.229167,15184.769152,15209.554243,5060888975.0
2022-01-19,15290.384379,15381.357615,15036.031382,15048.287667,4664836040.0
2022-01-20,15174.479745,15347.53704,14832.080946,14847.793425,5102494709.0
2022-01-21,14728.598062,14868.635975,14435.361879,14437.65742,5871490059.0
2022-01-24,14159.433556,14534.742862,13726.308341,14510.585859,7000713967.0
2022-01-25,14238.455191,14411.339665,14031.887311,14147.788433,5019452863.0
2022-01-26,14493.843254,14647.562877,14006.918622,14173.173095,5771140535.0
2022-01-27,14345.120029,14417.614756,13973.512103,14002.746881,5177738385.0
2022-01-28,14091.289986,14460.752657,13881.821463,14453.922709,4971638365.0
2022-01-31,14507.026837,14932.494908,14443.226594,14929.479085,5125012788.0
2022-02-01,14966.721148,15034.601619,14749.204004,15019.561483,4672002777.0
2022-02-02,15171.448005,15194.356963,14960.39576,15141.233412,4673038850.0
2022-02-03,14694.511231,14858.059246,14472.495838,14498.230059,4325680274.0
2022-02-04,14569.126193,14830.800741,14450.358981,14694.504284,4120900324.0
2022-02-07,14714.395427,14811.591775,14525.236617,14572.003977,4268928033.0
2022-02-08,14532.599098,14784.664905,14482.581027,14747.130808,4293679919.0
2022-02-09,14930.549665,15058.862673,14869.146853,15058.177902,4730338165.0
2022-02-10,14771.422192,15038.160601,14636.806584,14706.71744,5212576374.0
2022-02-11,14739.888147,14766.419977,14196.563082,14255.43261,5237763535.0
2022-02-14,14234.226182,14398.342557,14117.471673,14269.148435,4347251500.0
2022-02-15,14484.795843,14624.586698,14444.497769,14621.189783,4416817920.0
2022-02-16,14514.765903,14649.881132,14399.482226,14605.790005,4238817439.0
2022-02-17,14483.860012,14498.445058,14155.642144,14172.408781,4277736258.0
2022-02-18,14207.670129,14223.849279,13918.31521,14009.928113,4502127546.0
2022-02-22,13894.896302,14106.817105,13722.402229,13872.03497,4849375259.0
2022-02-23,14016.69,14035.018225,13501.77178,13511.653184,4639073634.0
2022-02-24,13066.317191,13987.774598,13066.317191,13976.687788,6180821576.0
2022-02-25,13974.095458,14194.399828,13849.772621,14188.927945,4628671025.0
2022-02-28,14058.348594,14297.405816,14008.801937,14239.419301,5927937899.0
2022-03-01,14197.076055,14269.272115,13908.130009,14004.403295,6132476345.0
2022-03-02,14076.383533,14292.349451,13963.174888,14243.935465,5245275534.0
2022-03-03,14338.967863,14341.839125,13964.906978,14034.08344,5092925901.0
2022-03-04,13957.313111,13992.106258,13740.035412,13840.395017,5343693472.0
2022-03-07,13851.184382,13880.694932,13314.597446,13318.24983,6195421322.0
2022-03-08,13274.925694,13663.688905,13128.089332,13267.445705,6683473970.0
2022-03-09,13610.213157,13794.561602,13503.117712,13742.803626,5395917682.0
2022-03-10,13578.006457,13633.33188,13399.160226,13589.972838,5071393841.0
2022-03-11,13701.038027,13716.415361,13285.887931,13301.660012,5287755959.0
2022-03-14,13246.344902,13383.42967,13018.388959,13047.089514,5877057818.0
2022-03-15,13175.399126,13486.381173,13092.289614,13462.426993,5438979096.0
2022-03-16,13633.846116,13959.093733,13475.131577,13958.720714,6552674945.0
2022-03-17,13877.99124,14124.71451,13827.194284,14120.095557,5611941518.0
2022-03-18,14061.567724,14426.898616,14016.101736,14419.285,8150386470.0
2022-03-21,14376.425748,14471.368816,14188.933667,14374.788363,5673985310.0
2022-03-22,14395.705348,14689.407061,14387.806261,14652.476998,5445423538.0
2022-03-23,14525.349513,14682.628788,14446.933036,14448.233744,5023691374.0
2022-03-24,14528.852188,14767.39107,14441.027915,14764.299113,5149424099.0
2022-03-25,14765.339051,14805.034226,14579.299418,14756.990428,5584728255.0
2022-03-28,14765.904768,14989.324324,14704.913567,14989.324324,5130335032.0
2022-03-29,15142.606327,15266.536438,15038.784349,15239.011356,6060871218.0
2022-03-30,15177.413899,15230.390011,15009.828393,15069.672702,5479036102.0
2022-03-31,15076.130366,15089.616975,14832.837993,14840.22321,5454681153.0
2022-04-01,14888.498844,14923.644155,14723.352019,14861.464553,5003084940.0
2022-04-04,14901.876307,15162.340546,14883.822237,15161.223686,4629787278.0
2022-04-05,15108.463641,15121.342368,14781.509815,14818.682884,4727410599.0
2022-04-06,14604.533389,14640.303074,14392.850134,14498.223904,5360172534.0
2022-04-07,14469.580563,14623.827676,14314.871891,14533.343953,4856294959.0
2022-04-08,14451.680802,14491.964087,14306.879466,14324.881659,4574469656.0
2022-04-11,14149.982391,14188.677238,13978.499142,13988.010277,4946711915.0
2022-04-12,14175.30555,14264.986972,13882.577447,13939.076704,4992033606.0
2022-04-13,13939.650405,14257.647778,13918.468417,14218.982056,4909133705.0
2022-04-14,14225.82219,14231.308626,13884.29316,13893.342633,4642804538.0
2022-04-18,13859.910006,13999.630711,13788.933146,13912.2058,4365747936.0
2022-04-19,13879.111287,14236.424674,13845.253063,14208.840147,4563185899.0
2022-04-20,14245.430603,14264.216286,13964.940672,13999.437923,4678659439.0
2022-04-21,14173.766351,14277.908293,13683.66156,13722.033148,5233460430.0
2022-04-22,13712.053061,13769.430166,13344.177906,13357.067363,4475437941.0
2022-04-25,13274.164317,13542.140539,13241.498279,13534.318558,4845472271.0
2022-04-26,13444.649917,13446.781142,13007.577729,13007.577729,5168141820.0
2022-04-27,13011.679053,13243.76559,12934.965427,13002.675989,4810608358.0
2022-04-28,13254.253542,13545.140135,13036.736217,13456.210865,5066502167.0
2022-04-29,13274.224855,13429.663119,12836.213303,12854.705168,4732396454.0
2022-05-02,12865.742195,13082.636889,12717.317397,13075.545136,4918125043.0
2022-05-03,13044.988922,13176.074681,12984.469891,13090.522565,4547069795.0
2022-05-04,13111.110422,13558.273642,12887.569966,13536.325418,5498012464.0
2022-05-05,13344.28248,13344.301358,12708.602551,12850.082041,5309345459.0
2022-05-06,12776.696196,12925.168875,12523.266735,12693.830218,5324833208.0
2022-05-09,12465.424439,12542.519526,12136.260324,12190.562996,5938433672.0
2022-05-10,12497.882289,12539.15594,12173.861416,12344.652308,6217483305.0
2022-05-11,12239.485279,12471.470699,11939.391129,11968.197534,6152331753.0
2022-05-12,11787.121884,12129.367642,11691.874702,11944.059772,6679323147.0
2022-05-13,12125.956648,12431.697173,12069.94923,12386.239521,5894253321.0
2022-05-16,12298.221187,12395.653037,12196.184926,12244.100795,4930659051.0
2022-05-17,12495.674153,12572.905416,12334.634169,12564.36443,5093944887.0
2022-05-18,12351.552142,12390.519356,11886.186003,11928.037362,5064490180.0
2022-05-19,11871.782336,12066.307179,11793.953992,11875.441493,5154498233.0
2022-05-20,12034.176805,12045.335558,11493.319109,11833.319095,5435856528.0
2022-05-23,11865.797086,12050.369978,11783.991854,12033.178155,4552651612.0
2022-05-24,11806.828854,11843.077445,11577.06438,11766.937856,4724805061.0
2022-05-25,11733.221563,12029.385468,11713.278298,11943.927,4519621490.0
2022-05-26,11906.216697,12336.626318,11901.810754,12277.934026,4671150716.0
2022-05-27,12422.636827,12682.323947,12403.472785,12682.323947,4793342056.0
2022-05-31,12687.170035,12763.848076,12480.363872,12642.105573,6044355428.0
2022-06-01,12753.41615,12818.147921,12457.651371,12550.490705,4720162151.0
2022-06-02,12497.483067,12898.810135,12447.838862,12893.069054,4446281183.0
2022-06-03,12649.00431,12725.178107,12503.505843,12549.264138,4129737049.0
2022-06-06,12747.509388,12805.842328,12534.032428,12600.149028,4647129722.0
2022-06-07,12455.040226,12734.740959,12412.161393,12711.550633,4410724341.0
2022-06-08,12683.103185,12777.711567,12575.073823,12616.72221,4709259917.0
2022-06-09,12546.860837,12668.119343,12264.800501,12269.294812,5408505148.0
2022-06-10,12051.898265,12082.305817,11824.98207,11833.362119,5152333666.0
2022-06-13,11469.919046,11568.200134,11254.494286,11288.936549,5937098944.0
2022-06-14,11385.180461,11417.483107,11204.79923,11312.444224,4819180134.0
2022-06-15,11467.301652,11752.355819,11345.594842,11592.552577,5368700162.0
2022-06-16,11285.761692,11313.858495,11038.192623,11126.731988,5696268388.0
2022-06-17,11173.171621,11357.891198,11091.900006,11265.9312,7453869531.0
2022-06-21,11448.090693,11639.400084,11444.927181,11545.774756,5226494678.0
2022-06-22,11428.157884,11707.79194,11423.899321,11526.498374,5238742315.0
2022-06-23,11622.440636,11728.358665,11515.6636,11697.532352,5257962726.0
2022-06-24,11825.099326,12112.756646,11813.253021,12106.465298,9468822482.0
2022-06-27,12157.223159,12175.162921,11964.96988,12007.587364,5047780870.0
2022-06-28,12022.250448,12133.229301,11633.675093,11638.324051,5433542259.0
2022-06-29,11617.650384,11709.179056,11537.18151,11658.064917,5651810946.0
2022-06-30,11532.778611,11651.530399,11322.731985,11502.567185,5654630390.0
2022-07-01,11471.510313,11593.782661,11378.630243,11586.656371,4865764118.0
2022-07-05,11420.30411,11781.440891,11366.074184,11779.700135,5052669196.0
2022-07-06,11805.936472,11944.496626,11726.806281,11852.538225,4851506629.0
2022-07-07,11914.583885,12136.660422,11895.963668,12107.603534,4685103866.0
2022-07-08,11978.805729,12177.12001,11957.041527,12126.707368,4527191030.0
2022-07-11,12008.733772,12025.640095,11832.410868,11858.235956,4362678520.0
2022-07-12,11926.563832,11990.072378,11682.581327,11743.695983,4317473573.0
2022-07-13,11522.397374,11818.309913,11497.462263,11730.444951,4433571174.0
2022-07-14,11635.530309,11803.198004,11490.422203,11768.90473,4480525605.0
2022-07-15,11898.611928,11988.000541,11826.589247,11981.930187,4368712453.0
2022-07-18,12088.594434,12157.198174,11836.773514,11880.251053,5057586283.0
2022-07-19,12044.292812,12256.300513,11966.308538,12247.752735,5302829542.0
2022-07-20,12269.35611,12490.49072,12233.987652,12439.662741,5467189010.0
2022-07-21,12465.399864,12620.070166,12351.798334,12620.070166,4680604849.0
2022-07-22,12575.801289,12663.553708,12321.179532,12396.304736,4721520464.0
2022-07-25,12391.103518,12414.430658,12246.048418,12330.143848,4347148160.0
2022-07-26,12246.635894,12259.589892,12053.160403,12086.455463,4349520019.0
2022-07-27,12296.74106,12660.956912,12257.181682,12604.141411,4588297781.0
2022-07-28,12580.45128,12743.488576,12434.985089,12719.634339,4925597616.0
2022-07-29,12785.623186,12986.385928,12726.219395,12946.70629,4908146749.0
2022-08-01,12876.454768,13083.691817,12832.494783,12941.437787,4395825292.0
2022-08-02,12853.238072,13072.962665,12807.979362,12903.048924,4792148152.0
2022-08-03,12984.469295,13287.762665,12974.413694,13251.697266,5668062343.0
2022-08-04,13252.881506,13328.024715,13173.233021,13308.82117,5451003463.0
2022-08-05,13106.323493,13285.948554,13070.257655,13205.142803,4911770473.0
2022-08-08,13226.23161,13395.425651,13106.613722,13159.698419,5238598713.0
2022-08-09,13065.279406,13097.321229,12942.021194,13008.302544,5307970000.0
2022-08-10,13331.219475,13385.12442,13219.502585,13376.761591,5196441937.0
2022-08-11,13471.280273,13556.350088,13267.557452,13292.26272,5814799432.0
2022-08-12,13382.860622,13565.475538,13340.127586,13565.475538,4782414531.0
2022-08-15,13532.1213,13685.130474,13526.351345,13667.04377,4475748730.0
2022-08-16,13617.648474,13720.984978,13508.926351,13635.115426,5028364192.0
2022-08-17,13498.802953,13590.12848,13389.9321,13471.100929,5230221690.0
2022-08-18,13475.051629,13551.191391,13405.930329,13505.208681,4725335465.0
2022-08-19,13371.055201,13402.399919,13210.06624,13245.068295,4627371685.0
2022-08-22,13056.152897,13072.979513,12858.367335,12892.075824,4271240884.0
2022-08-23,12886.0457,13002.009537,12854.493343,12881.01606,3835673594.0
2022-08-24,12878.658477,12994.558557,12843.765873,12917.939514,3917026731.0
2022-08-25,12985.414123,13145.488642,12949.424416,13142.923549,4323860876.0
2022-08-26,13129.536006,13175.218801,12602.215778,12605.222415,4530447786.0
2022-08-29,12487.059619,12593.082263,12439.158874,12484.943966,4210248496.0
2022-08-30,12560.974703,12574.45844,12241.706997,12343.497279,4680947577.0
2022-08-31,12447.005353,12501.964158,12268.759508,12269.788122,4951395968.0
2022-09-01,12158.052711,12290.975691,12013.262971,12275.0372,4792190809.0
2022-09-02,12390.838955,12450.58684,12035.302854,12098.250039,4257922188.0
2022-09-06,12106.13893,12152.69591,11927.836734,12011.648779,4623246082.0
2022-09-07,12037.922348,12298.497448,12025.969189,12261.414174,4445775771.0
2022-09-08,12138.223622,12374.126824,12120.004371,12321.174837,4329855139.0
2022-09-09,12421.931454,12611.325196,12421.931454,12588.491175,4401953058.0
2022-09-12,12650.307079,12752.979449,12639.615376,12740.308966,4146742460.0
2022-09-13,12365.663041,12420.066065,12004.500595,12032.50462,5188269526.0
2022-09-14,12091.560668,12170.719995,12015.605679,12133.520209,4862019401.0
2022-09-15,12034.396466,12151.90936,11868.436032,11927.445311,4806254128.0
2022-09-16,11776.03859,11876.271844,11711.158129,11859.963406,7451844290.0
2022-09-19,11754.364835,11956.129012,11750.687087,11953.708944,4169157158.0
2022-09-20,11856.432806,11951.529742,11762.333005,11853.573899,4028682251.0
2022-09-21,11892.484459,12063.450908,11636.054369,11636.054369,4470340738.0
2022-09-22,11573.733039,11619.594231,11446.61719,11504.202713,4916847020.0
2022-09-23,11397.812599,11402.742876,11167.762775,11309.330112,5134271998.0
2022-09-26,11283.676789,11474.445511,11236.529145,11254.330084,4697198297.0
2022-09-27,11413.322698,11502.028052,11175.603593,11274.006887,4445686602.0
2022-09-28,11258.786093,11547.147474,11211.640429,11493.27676,4555386500.0
2022-09-29,11335.408963,11340.248134,11039.348668,11163.95255,4517382687.0
2022-09-30,11124.317707,11297.643974,10966.196863,10972.668032,4649957666.0
2022-10-03,11059.060954,11297.580342,10984.307008,11229.026528,4414988510.0
2022-10-04,11475.670897,11610.897689,11460.806141,11582.718826,5004361210.0
2022-10-05,11428.663035,11647.865456,11312.653835,11574.029777,4091390887.0
2022-10-06,11557.519209,11657.654166,11472.627873,11485.166804,4423718112.0
2022-10-07,11272.201092,11291.261941,10993.151557,11040.411097,4633504316.0
2022-10-10,11049.705104,11062.05392,10822.746168,10927.18839,3989847164.0
2022-10-11,10864.348091,10982.063949,10716.900385,10790.533816,4738503945.0
2022-10-12,10810.854477,10884.510127,10756.02839,10784.679799,4091223893.0
2022-10-13,10480.756816,11088.068528,10440.113191,11032.326239,5300286765.0
2022-10-14,11129.264409,11154.562817,10677.071108,10694.64549,4392419393.0
2022-10-17,10967.956105,11089.87311,10958.778745,11062.82044,4439604909.0
2022-10-18,11369.441211,11373.522225,11034.802423,11147.263617,5046753671.0
2022-10-19,11080.256994,11231.469009,11008.327831,11103.833696,4955157948.0
2022-10-20,11082.005803,11279.410509,10998.28065,11044.936095,4627487508.0
2022-10-21,10998.239502,11328.083856,10959.984513,11307.604268,4705667269.0
2022-10-24,11321.855837,11469.624234,11168.8647,11430.53556,4808345228.0
2022-10-25,11483.718311,11680.696372,11479.354296,11669.59106,5142437287.0
2022-10-26,11410.026642,11658.492509,11387.363329,11406.594214,5224259432.0
2022-10-27,11388.835908,11418.557043,11178.724068,11189.425985,4773224626.0
2022-10-28,11176.491848,11563.125821,11176.491848,11546.468184,4731726504.0
2022-10-31,11466.263996,11484.603907,11330.912932,11404.623031,4754062392.0
2022-11-01,11569.00276,11572.671597,11279.43176,11289.374557,4676594587.0
2022-11-02,11300.086337,11411.331687,10904.737102,10906.287651,5436999432.0
2022-11-03,10768.744578,10850.700792,10678.43494,10689.216138,5102077729.0
2022-11-04,10912.023738,10934.385198,10632.468255,10855.102735,5454575820.0
2022-11-07,10902.362477,11000.919171,10817.153844,10976.141767,4457092060.0
2022-11-08,11041.094238,11192.41869,10896.5819,11059.170815,5134727065.0
2022-11-09,10972.540823,11013.654263,10790.532533,10798.381914,4976188799.0
2022-11-10,11350.550795,11611.824294,11235.655473,11607.533283,6431802763.0
2022-11-11,11602.193097,11840.578394,11536.15635,11818.085526,5867370980.0
2022-11-14,11728.477726,11863.789138,11666.661949,11701.188763,5005266761.0
2022-11-15,12006.726755,12025.632295,11735.742557,11873.562799,5617696556.0
2022-11-16,11766.829274,11797.111596,11674.077332,11699.334567,4584624098.0
2022-11-17,11521.059344,11737.629683,11519.357764,11678.707467,4353883718.0
2022-11-18,11793.856609,11797.497324,11578.453631,11678.27393,4175304004.0
2022-11-21,11624.685054,11664.342274,11524.509767,11552.672985,3977046113.0
2022-11-22,11590.304838,11731.92596,11504.053131,11723.692868,4186542576.0
2022-11-23,11726.07442,11864.761161,11723.597434,11837.413628,4431248419.0
2022-11-25,11777.900037,11803.724556,11747.627024,11754.851138,2183775302.0
2022-11-28,11683.973475,11762.684485,11555.076773,11586.518641,4271904728.0
2022-11-29,11589.465234,11616.055074,11450.059811,11502.942597,4592543106.0
2022-11-30,11505.859857,12032.805082,11481.298081,12029.605127,6652863190.0
2022-12-01,12029.978009,12113.244254,11928.072611,12041.624745,5157739889.0
2022-12-02,11843.302474,12028.561587,11826.209208,11994.451995,4522907375.0
2022-12-05,11899.474045,11958.430999,11734.323344,11788.170662,4510052695.0
2022-12-06,11777.158091,11789.890508,11487.830461,11547.594174,4713130331.0
2022-12-07,11489.598383,11578.650962,11432.038088,11498.304257,4343247214.0
2022-12-08,11544.310713,11671.520609,11470.625838,11638.377532,4281705071.0
2022-12-09,11595.313378,11706.087732,11550.015146,11563.152524,4337748481.0
2022-12-12,11571.621722,11706.97277,11527.199707,11705.840401,4829775479.0
2022-12-13,12142.03338,12168.588467,11723.544603,11833.180219,6127189287.0
2022-12-14,11826.977092,11941.740261,11617.195057,11742.277578,5484392969.0
2022-12-15,11573.880125,11592.842884,11301.130169,11343.264761,5535935931.0
2022-12-16,11313.821069,11384.297433,11176.39116,11244.848691,7969130307.0
2022-12-19,11243.032624,11251.120792,11029.215914,11083.407513,4632301067.0
2022-12-20,11024.6111,11142.035408,10969.456876,11071.697802,4707141039.0
2022-12-21,11111.149561,11285.072402,11082.677742,11236.671181,4401809337.0
2022-12-22,11100.00397,11114.039194,10784.899367,10954.405718,5124903320.0
2022-12-23,10910.371877,11006.60659,10829.938173,10984.863199,3544262137.0
2022-12-27,10943.835214,10956.492351,10807.591074,10821.80553,3826971482.0
2022-12-28,10808.088692,10897.81715,10670.537926,10679.482418,3843340967.0
2022-12-29,10803.22337,10980.150578,10777.453108,10951.385439,4154858163.0
2022-12-30,10836.953011,10942.819334,10779.105978,10937.715279,3958637120.0
2023-01-03,11039.305773,11094.527756,10770.525862,10864.487879,4781078126.0
2023-01-04,10948.487063,10981.612319,10787.005715,10913.367683,5084564121.0
2023-01-05,10837.869049,10842.433533,10728.801321,10739.558399,4764450067.0
2023-01-06,10806.841368,11082.185785,10696.454331,11039.346869,5199642198.0
2023-01-09,11134.509941,11305.366574,11087.044477,11109.057722,5131811748.0
2023-01-10,11068.535475,11208.270924,11050.302079,11204.785948,4710453037.0
2023-01-11,11256.786291,11404.517253,11222.811358,11404.517253,5283516604.0
2023-01-12,11444.434553,11500.939032,11244.675932,11460.724555,5680389245.0
2023-01-13,11362.608012,11549.279434,11347.773731,11543.509588,5077564719.0
2023-01-17,11531.334757,11616.26836,11485.322177,11557.769788,5138851596.0
2023-01-18,11637.196363,11690.322245,11401.956863,11407.884531,5288479090.0
2023-01-19,11343.302917,11388.922357,11253.273431,11295.48156,4660750542.0
2023-01-20,11363.450255,11623.971907,11327.496134,11620.456632,5979239309.0
2023-01-23,11650.893043,11918.885091,11618.429218,11872.378246,5997844762.0
2023-01-24,11801.838949,11888.721758,11780.778688,11845.821424,5669893698.0
2023-01-25,11635.10841,11841.670351,11550.668894,11814.798158,5485844834.0
2023-01-26,11973.474874,12057.09245,11853.185534,12050.580829,5734544580.0
2023-01-27,12000.427307,12248.482125,11999.923351,12166.718101,6242783150.0
2023-01-30,12047.107941,12085.507384,11905.847529,11911.841806,5122305022.0
2023-01-31,11915.184279,12105.145289,11913.923642,12101.355469,5694401033.0
2023-02-01,12087.365587,12458.513045,12011.33836,12365.006608,6335165275.0
2023-02-02,12654.56462,12880.23881,12601.43758,12802.626499,7039389486.0
2023-02-03,12521.359598,12830.016929,12520.941014,12572.331669,5953098180.0
2023-02-06,12469.59368,12560.004041,12411.263536,12464.607942,5537713512.0
2023-02-07,12475.050456,12771.174869,12420.972416,12727.965068,5719780721.0
2023-02-08,12679.918679,12707.626922,12472.192137,12494.928444,5052763973.0
2023-02-09,12678.583066,12678.583066,12329.772999,12381.7917,5535156524.0
2023-02-10,12307.74164,12375.049762,12203.585374,12303.320157,4885629035.0
2023-02-13,12356.04777,12522.036515,12311.530948,12504.326377,4753043106.0
2023-02-14,12412.819784,12625.472624,12355.516552,12589.859477,5033407182.0
2023-02-15,12532.527416,12691.071406,12486.349408,12687.231191,5056892991.0
2023-02-16,12496.860556,12652.653089,12440.554724,12442.631161,5159582005.0
2023-02-17,12353.473568,12386.673982,12233.135727,12358.277775,4925533687.0
2023-02-21,12205.991825,12254.948611,12058.105692,12061.069084,5002131935.0
2023-02-22,12086.155598,12155.802392,12007.486145,12067.454537,4670646854.0
2023-02-23,12223.125637,12227.69816,12002.384637,12181.447303,4714497845.0
2023-02-24,11978.756541,12017.986021,11900.772593,11970.210744,4431991615.0
2023-02-27,12107.044365,12159.165577,12035.509204,12061.541784,4493575595.0
2023-02-28,12041.382542,12150.199428,12022.23434,12041.105336,5340036628.0
2023-03-01,12027.29264,12056.228309,11906.915001,11939.763589,4927251244.0
2023-03-02,11830.583438,12076.942774,11829.359159,12045.196109,5313378566.0
2023-03-03,12111.812848,12299.646802,12096.393293,12290.185879,5102270040.0
2023-03-06,12343.515507,12467.957846,12297.179331,12303.060274,4982913665.0
2023-03-07,12303.462471,12343.35566,12128.468697,12152.019502,5422028799.0
2023-03-08,12179.082708,12238.86519,12102.237445,12215.187541,5087151844.0
2023-03-09,12230.422826,12337.708818,11968.214744,11994.069519,5061215147.0
2023-03-10,12002.91664,12069.076822,11791.856737,11829.264176,6194010527.0
2023-03-13,11751.002064,12073.132337,11695.490652,11921.769851,6200345744.0
2023-03-14,12078.253624,12215.735797,12038.332091,12199.808349,5533300639.0
2023-03-15,12081.859828,12268.368402,12025.255901,12249.897401,5911964250.0
2023-03-16,12212.175448,12596.546826,12188.631625,12581.941148,5498620862.0
2023-03-17,12572.748609,12675.266229,12443.709462,12520.099627,7903131114.0
2023-03-20,12486.193374,12579.65356,12408.442939,12562.41035,4970305831.0
2023-03-21,12642.877861,12761.841808,12584.218681,12741.655973,4831377369.0
2023-03-22,12743.229315,12943.392423,12563.314579,12567.47535,4982300240.0
2023-03-23,12736.996747,12901.97206,12611.040661,12729.087033,4917128780.0
2023-03-24,12701.060164,12768.791345,12609.263855,12768.791345,4363308980.0
2023-03-27,12799.002221,12840.002296,12646.965265,12672.842824,4330527571.0
2023-03-28,12653.842637,12655.022346,12518.068237,12607.694349,4036391516.0
2023-03-29,12768.380852,12869.827568,12734.092603,12845.981094,4493281546.0
2023-03-30,12934.670451,12987.898641,12894.958629,12962.417719,4738512473.0
2023-03-31,12967.752673,13187.792921,12967.752673,13180.37169,5520779900.0
2023-04-03,13083.940319,13157.692057,13037.186586,13148.0771,4816962312.0
2023-04-04,13164.299002,13202.955982,13049.733166,13102.54538,4298437576.0
2023-04-05,13055.430174,13066.177876,12891.691332,12966.300811,4378923663.0
2023-04-06,12893.131858,13078.994098,12846.364916,13063.218026,3862680280.0
2023-04-10,12938.990236,13050.614716,12861.669883,13050.139524,4333471541.0
2023-04-11,13038.798961,13048.181184,12948.997251,12964.982106,4675606123.0
2023-04-12,13042.41999,13072.498984,12834.374408,12847.212155,4909497046.0
2023-04-13,12923.231295,13124.205614,12920.164057,13107.07637,4943362692.0
2023-04-14,13042.637105,13153.42066,12962.6729,13080.823944,4655737976.0
2023-04-17,13052.245548,13106.567665,12983.132476,13085.786647,4823510177.0
2023-04-18,13180.976552,13197.623646,13045.124013,13092.020732,4851964141.0
2023-04-19,12991.68772,13128.904682,12988.252832,13089.707239,4971885287.0
2023-04-20,12962.248834,13108.245968,12934.797412,12985.787806,4590579670.0
2023-04-21,12972.43198,13030.25188,12899.657264,13000.953114,4868473481.0
2023-04-24,12982.488428,13044.764255,12883.578607,12969.430286,4854170446.0
2023-04-25,12903.274232,12933.967162,12725.009947,12725.360136,4806871187.0
2023-04-26,12865.861858,12927.025679,12783.779478,12808.970865,5281890031.0
2023-04-27,12965.460925,13175.15407,12940.897487,13159.695163,5253132270.0
2023-04-28,13139.219676,13248.791591,13095.675679,13246.136743,5331887222.0
2023-05-01,13227.345076,13288.782087,13184.421403,13230.877952,5168220198.0
2023-05-02,13226.140115,13244.030028,13048.101049,13112.357925,5501262328.0
2023-05-03,13123.781968,13229.461809,13025.493822,13029.536236,5781696236.0
2023-05-04,13016.467775,13064.554494,12938.405274,12983.347193,4746890611.0
2023-05-05,13071.28215,13291.133036,13059.658988,13258.929302,4574735197.0
2023-05-08,13248.19752,13303.385309,13193.103973,13293.401931,4216022625.0
2023-05-09,13230.38025,13254.849491,13191.980503,13198.722664,4127099417.0
2023-05-10,13306.30256,13385.042599,13204.316579,13348.780677,4947493484.0
2023-05-11,13376.687967,13411.165458,13306.19286,13389.653664,4490040837.0
2023-05-12,13406.696491,13427.596796,13257.031452,13337.375343,4170118779.0
2023-05-15,13352.12923,13421.433964,13298.144515,13413.062031,3979264667.0
2023-05-16,13385.121699,13495.761571,13385.121699,13426.552692,4067274745.0
2023-05-17,13473.920802,13608.245276,13420.080737,13590.169806,4501709685.0
2023-05-18,13610.194937,13842.315085,13604.923061,13835.506892,4532895474.0
2023-05-19,13842.017056,13875.608298,13765.662094,13803.248638,3936294669.0
2023-05-22,13807.170871,13891.580177,13790.151959,13850.084613,4279007810.0
2023-05-23,13772.335943,13828.366916,13663.486796,13673.515825,4347241609.0
2023-05-24,13588.175978,13657.335487,13519.441633,13603.383732,4089033441.0
2023-05-25,13917.787885,13985.875475,13811.83647,13937.987217,4651561409.0
2023-05-26,13988.425018,14327.788242,13980.54472,14300.844335,4433752631.0
2023-05-30,14468.358192,14520.696492,14301.816961,14355.856383,4843653823.0
2023-05-31,14291.81091,14375.150154,14214.573418,14252.502671,5904906454.0
2023-06-01,14269.224472,14494.708974,14219.128832,14441.631407,4610460422.0
2023-06-02,14518.065309,14595.813711,14443.142074,14548.68263,4426926656.0
2023-06-05,14550.735112,14662.801253,14514.678163,14558.09605,4343784497.0
2023-06-06,14528.139355,14593.170477,14477.76114,14557.493589,4810621496.0
2023-06-07,14576.730651,14646.922807,14283.381467,14303.04545,5269864813.0
2023-06-08,14318.917029,14503.099878,14313.981957,14486.923865,4279232950.0
2023-06-09,14573.789483,14670.357774,14485.81688,14530.714539,4412853786.0
2023-06-12,14618.886231,14789.390172,14572.742404,14783.983349,4722558637.0
2023-06-13,14910.261109,14935.479491,14771.665482,14899.20663,5522393105.0
2023-06-14,14891.608513,15015.255056,14785.319423,15006.125651,5772247215.0
2023-06-15,14950.166673,15245.321707,14927.529867,15186.068289,5667290701.0
2023-06-16,15271.611272,15283.428621,15073.769036,15083.824266,8076839856.0
2023-06-20,15035.757607,15128.763138,14946.096734,15069.980251,5237228800.0
2023-06-21,15018.02899,15041.08025,14825.073508,14871.345974,5194976109.0
2023-06-22,14797.500867,15045.830659,14796.38712,15042.651537,4500132461.0
2023-06-23,14879.621545,14980.645385,14820.87201,14891.641991,7733416375.0
2023-06-26,14865.251597,14983.759355,14687.005202,14690.390489,4431257582.0
2023-06-27,14756.01479,14973.781115,14726.827447,14947.027501,5053757559.0
2023-06-28,14872.819456,15050.974467,14865.506913,14966.212468,4532755170.0
2023-06-29,14967.534795,14986.29068,14879.178984,14940.874696,4388488767.0
2023-06-30,15084.767952,15213.299853,15081.689971,15175.169111,4661408410.0
2023-07-03,15189.428138,15234.195312,15155.48899,15207.015989,2901993382.0
2023-07-05,15164.996167,15275.911782,15159.198646,15203.88444,5339297580.0
2023-07-06,15055.580211,15106.601306,14967.321345,15089.603037,6114116338.0
2023-07-07,15069.903464,15207.94494,15031.718121,15035.699388,5098387408.0
2023-07-10,15031.747152,15067.272991,14926.04427,15045.49937,5275949516.0
2023-07-11,15067.750544,15135.623413,14974.683423,15119.017376,4841409259.0
2023-07-12,15278.005905,15362.586993,15210.428452,15310.340309,5231661540.0
2023-07-13,15434.177654,15602.706883,15422.392746,15571.422077,5184139201.0
2023-07-14,15611.016867,15720.772468,15530.02791,15566.573096,5366701731.0
2023-07-17,15608.588169,15741.99851,15578.934467,15710.237367,4593483857.0
2023-07-18,15673.310585,15896.290515,15606.583596,15843.409197,4823993677.0
2023-07-19,15889.639246,15932.575802,15784.230911,15824.179974,5112108640.0
2023-07-20,15718.142063,15773.774998,15432.492774,15468.836999,5128031261.0
2023-07-21,15554.582619,15601.19898,15410.766021,15428.069079,5254562901.0
2023-07-24,15475.128115,15505.560214,15373.132628,15448.472132,4082786494.0
2023-07-25,15483.905351,15622.500773,15482.792397,15561.463187,3812695124.0
2023-07-26,15515.899774,15571.089445,15408.97451,15499.208219,4321314517.0
2023-07-27,15734.052484,15794.05064,15414.466359,15465.318732,5115696930.0
2023-07-28,15631.296623,15786.925908,15619.824568,15750.040296,4452939311.0
2023-07-31,15775.276589,15803.322868,15703.363775,15757.50184,4934071511.0
2023-08-01,15694.633011,15747.408504,15635.847243,15718.496658,4633315912.0
2023-08-02,15559.107056,15560.763721,15320.939822,15370.755139,5480883209.0
2023-08-03,15289.87455,15436.950703,15271.095773,15354.02513,6037294581.0
2023-08-04,15420.195041,15522.640499,15257.046674,15276.620398,5348181025.0
2023-08-07,15354.234038,15412.087526,15259.353694,15411.90935,4891942725.0
2023-08-08,15281.661819,15296.008364,15148.960081,15270.944646,5284147521.0
2023-08-09,15284.888732,15290.365483,15077.667689,15102.024816,5591597062.0
2023-08-10,15219.173925,15362.698575,15070.777789,15129.682333,5299381945.0
2023-08-11,15011.542922,15103.509009,14970.716848,15028.506014,4639255722.0
2023-08-14,14988.834164,15208.945463,14972.776071,15206.47852,4271672636.0
2023-08-15,15170.678253,15191.547028,15014.78312,15035.279349,4472866184.0
2023-08-16,15022.772159,15074.897382,14874.616959,14874.616959,6242875921.0
2023-08-17,14942.198514,14950.122732,14698.930414,14715.830454,5279969875.0
2023-08-18,14590.49987,14743.667944,14557.816585,14694.731976,4801709781.0
2023-08-21,14762.295615,14959.74397,14738.399932,14939.271606,4362274940.0
2023-08-22,15035.394579,15035.394579,14882.297398,14908.259994,4282141700.0
2023-08-23,14946.164925,15189.196333,14946.164925,15147.942193,4127694310.0
2023-08-24,15276.913235,15279.026177,14814.217606,14818.304019,4384023681.0
2023-08-25,14858.560308,15002.643649,14713.566532,14939.873529,3969763490.0
2023-08-28,15036.361522,15085.257013,14949.996475,15053.654622,3666432419.0
2023-08-29,15042.444357,15389.738117,15035.48005,15374.193247,4748897565.0
2023-08-30,15384.391585,15485.375346,15343.602726,15462.454216,4363550080.0
2023-08-31,15476.055587,15574.605065,15466.861874,15501.378428,4568913266.0
2023-09-01,15601.114115,15618.013441,15429.038839,15489.172722,4034078426.0
2023-09-05,15460.617471,15556.986938,15420.641918,15510.580777,4379626657.0
2023-09-06,15467.179581,15488.720233,15289.70534,15372.022272,4215053697.0
2023-09-07,15172.255306,15290.51309,15139.573048,15257.904086,4321389094.0
2023-09-08,15264.478295,15375.659296,15243.463686,15280.428157,4159594974.0
2023-09-11,15409.549388,15482.30983,15327.140288,15463.531542,4538809974.0
2023-09-12,15391.770715,15449.552136,15278.832177,15286.774123,4596223788.0
2023-09-13,15293.632548,15416.252062,15254.88522,15349.900638,4839293596.0
2023-09-14,15433.278628,15511.335149,15337.889101,15473.719567,4649583323.0
2023-09-15,15429.202766,15433.880581,15175.279707,15203.083854,8162038136.0
2023-09-18,15161.616421,15269.740138,15156.07891,15225.907498,4856034265.0
2023-09-19,15151.346407,15218.649791,15068.853842,15188.181961,4453108590.0
2023-09-20,15225.64998,15246.322348,14968.090298,14971.1271,4783061963.0
2023-09-21,14809.595215,14845.660864,14690.027806,14694.631387,5014804307.0
2023-09-22,14756.522331,14853.939867,14687.499333,14705.031753,4301834108.0
2023-09-25,14662.390301,14770.552669,14616.576812,14770.552669,4099653009.0
2023-09-26,14666.145027,14679.701747,14505.922022,14546.609836,4694152594.0
2023-09-27,14597.878204,14656.969597,14434.353678,14580.715015,4841251975.0
2023-09-28,14532.021549,14788.728549,14510.126967,14702.905909,4648714503.0
2023-09-29,14852.913897,14902.959333,14662.411254,14715.817489,5139083721.0
2023-10-02,14717.084225,14893.033733,14699.995765,14838.588135,4554938796.0
2023-10-03,14744.893294,14818.112554,14504.497647,14563.237712,4684972445.0
2023-10-04,14613.631175,14803.960466,14592.92367,14774.287135,4308638566.0
2023-10-05,14770.66223,14785.158351,14584.714392,14724.093963,4167506516.0
2023-10-06,14621.370992,15022.933701,14577.456429,14972.687108,4309577916.0
2023-10-09,14871.751385,15069.602716,14816.76708,15045.724462,3835786218.0
2023-10-10,15077.150871,15241.104218,15050.084587,15130.824533,4301690297.0
2023-10-11,15195.154119,15244.3291,15120.20384,15241.706421,4160688678.0
2023-10-12,15263.621736,15336.613479,15091.402,15181.923406,4859205727.0
2023-10-13,15226.93628,15230.916278,14944.092899,14996.229653,4252179272.0
2023-10-16,15055.47052,15210.577106,15047.055162,15172.011486,4308956714.0
2023-10-17,15012.160488,15188.700546,14933.500585,15122.660993,4417299242.0
2023-10-18,15021.997446,15103.044021,14866.443433,14909.654273,4616981532.0
2023-10-19,14981.536637,15023.9966,14750.677194,14784.365379,5014325536.0
2023-10-20,14753.926426,14781.033023,14553.587536,14561.444315,4621936300.0
2023-10-23,14514.759962,14746.174652,14418.587029,14605.564759,4668672985.0
2023-10-24,14677.938846,14774.709846,14609.107979,14746.507413,4603792062.0
2023-10-25,14643.9667,14643.9667,14362.870085,14380.178505,4599895697.0
2023-10-26,14311.058654,14371.802318,14058.237504,14109.590347,4895650605.0
2023-10-27,14245.890921,14322.601528,14128.698886,14180.86042,4172397717.0
2023-10-30,14284.437115,14386.403883,14227.215914,14337.428205,4149810512.0
2023-10-31,14339.066065,14420.542277,14232.293949,14409.953254,4315399873.0
2023-11-01,14454.300987,14676.795953,14442.817982,14667.676498,4545247573.0
2023-11-02,14856.476327,14930.047133,14795.777132,14920.028252,4963121505.0
2023-11-03,14984.008929,15150.955341,14965.932056,15098.968212,4918256178.0
2023-11-06,15136.547355,15181.002297,15064.9452,15155.182372,4345411931.0
2023-11-07,15204.45243,15335.262477,15153.738585,15293.652857,4355226682.0
2023-11-08,15314.719667,15340.175672,15219.093408,15311.201104,4685565218.0
2023-11-09,15347.875436,15382.027449,15171.351982,15187.530175,5314285357.0
2023-11-10,15253.006659,15533.278935,15236.729939,15531.291687,4722310609.0
2023-11-13,15469.341383,15524.784317,15404.909997,15481.216317,4349296474.0
2023-11-14,15743.530581,15849.430243,15724.166824,15817.210671,5333120886.0
2023-11-15,15881.461507,15901.725751,15765.321296,15816.607893,5064631510.0
2023-11-16,15763.716151,15842.207859,15738.871911,15835.707829,4545035183.0
2023-11-17,15804.604119,15877.425924,15764.671648,15838.52092,4408310785.0
2023-11-20,15844.299519,16060.848122,15843.942578,16027.686108,4561709118.0
2023-11-21,15951.085052,15965.01174,15867.010828,15933.36712,4128540442.0
2023-11-22,16024.082784,16121.757743,15962.710844,16002.233984,3855030241.0
2023-11-24,15977.214606,16006.46882,15941.471185,15983.14622,2541740331.0
2023-11-27,15965.847912,16046.281813,15933.501733,15961.750193,4206138310.0
2023-11-28,15939.763985,16032.150453,15920.127572,16009.714866,4474864722.0
2023-11-29,16106.412948,16165.285803,15974.898523,15987.10235,4889705622.0
2023-11-30,15988.024456,16015.564342,15825.820754,15948.553184,5677884777.0
2023-12-01,15890.831754,16013.460998,15833.901377,15998.902107,5605488461.0
2023-12-04,15837.726995,15851.15103,15694.484554,15837.121303,6269904796.0
2023-12-05,15762.464183,15931.26229,15761.126205,15881.159566,6179621582.0
2023-12-06,15993.214305,15993.214305,15778.002149,15786.161512,5167032644.0
2023-12-07,15890.736066,16043.42915,15879.939792,16021.368043,5695215312.0
2023-12-08,15951.602134,16100.571823,15939.284782,16082.796734,5430514557.0
2023-12-11,16071.629607,16230.844069,16060.650156,16220.835085,5607125110.0
2023-12-12,16210.575538,16358.518393,16175.332986,16358.518393,4950955077.0
2023-12-13,16392.605484,16580.030678,16357.515483,16558.498974,6732996976.0
2023-12-14,16602.028015,16663.078942,16420.108241,16537.040432,8033011283.0
2023-12-15,16586.534684,16670.299273,16558.381996,16622.793925,8376962381.0
2023-12-18,16631.707908,16762.357898,16628.449754,16728.593148,5865579505.0
2023-12-19,16736.280992,16814.588046,16734.321581,16814.588046,5756819438.0
2023-12-20,16762.124948,16860.078343,16550.418323,16554.399303,6295318803.0
2023-12-21,16719.963878,16768.498434,16624.063089,16756.982126,5464798068.0
2023-12-22,16796.651847,16835.957326,16705.720278,16776.101152,4796693620.0
2023-12-26,16818.152643,16908.659319,16813.530544,16880.02764,6120849102.0
2023-12-27,16896.977312,16922.430113,16860.314243,16906.156695,7479496681.0
2023-12-28,16964.102998,16968.798568,16892.551859,16900.667556,5091374842.0
2023-12-29,16903.019235,16915.42953,16759.615981,16824.879451,5441992803.0
2024-01-02,16666.384831,16684.929626,16456.582546,16544.687153,5792403119.0
2024-01-03,16414.138583,16473.215877,16351.387414,16368.283781,5449616855.0
2024-01-04,16291.325828,16418.035289,16275.817418,16283.391123,5289320318.0
2024-01-05,16280.986361,16415.538721,16251.096091,16305.301607,5234104832.0
2024-01-08,16353.214475,16654.220892,16346.530782,16653.940604,6337370979.0
2024-01-09,16533.725311,16712.891889,16514.270214,16679.257817,5068605211.0
2024-01-10,16701.662759,16828.173541,16653.086917,16793.158356,4404414372.0
2024-01-11,16853.206961,16896.59477,16621.615487,16822.030869,5044478769.0
2024-01-12,16853.859124,16898.687372,16776.909807,16834.686757,4959062751.0
2024-01-16,16774.055629,16895.397367,16724.6641,16830.489854,6386305636.0
2024-01-17,16706.62221,16749.28024,16559.151703,16735.036908,5181671657.0
2024-01-18,16897.5974,16994.990847,16815.797294,16982.50284,5587597151.0
2024-01-19,17060.52543,17316.533306,17040.154727,17313.130497,5604625127.0
2024-01-22,17403.61849,17450.265628,17309.880882,17330.828149,5456093420.0
2024-01-23,17348.15862,17410.841657,17286.361978,17405.053727,5207485787.0
2024-01-24,17560.87263,17667.677049,17481.761744,17498.762873,4983382521.0
2024-01-25,17589.607791,17630.918598,17431.523239,17517.032054,5281394450.0
2024-01-26,17432.020723,17513.804191,17394.08437,17424.737395,4510047263.0
2024-01-29,17435.486245,17608.002797,17413.940381,17598.680751,4978988024.0
2024-01-30,17559.457326,17575.829116,17443.149314,17475.232925,4718673549.0
2024-01-31,17269.407473,17375.696393,17127.928602,17138.640104,5877002060.0
2024-02-01,17215.823511,17357.832998,17175.627846,17344.955938,5047028132.0
2024-02-02,17415.270164,17678.934134,17378.699804,17642.853106,4800843346.0
2024-02-05,17632.974074,17654.933328,17465.970767,17611.180844,4831043425.0
2024-02-06,17663.901303,17679.478422,17475.86697,17573.139358,4759616797.0
2024-02-07,17669.720829,17786.014686,17637.373979,17755.320021,4567750768.0
2024-02-08,17758.092816,17813.358203,17726.299995,17786.105692,5675285936.0
2024-02-09,17818.005837,17987.523855,17800.628204,17960.356649,5797682268.0
2024-02-12,17938.767409,18039.973254,17859.060887,17885.717717,5457730634.0
2024-02-13,17522.013603,17715.564668,17477.654052,17596.855246,5599595813.0
2024-02-14,17730.035034,17816.160515,17618.910092,17810.751955,5092201937.0
2024-02-15,17812.976204,17863.005806,17722.444235,17844.723588,6048855426.0
2024-02-16,17855.622783,17863.23432,17663.469015,17685.746379,5223505729.0
2024-02-20,17591.967589,17656.136585,17399.256537,17541.884335,5595828707.0
2024-02-21,17412.583299,17481.170205,17321.09301,17481.170205,4845752091.0
2024-02-22,17857.51318,18033.492003,17808.077892,18005.550804,5654030768.0
2024-02-23,18050.812363,18090.853278,17899.289985,17938.83826,5077547301.0
2024-02-26,17969.416232,18016.43577,17925.867221,17934.42176,5417174212.0
2024-02-27,17966.606882,17989.830784,17868.890827,17969.224489,5423037321.0
2024-02-28,17894.819196,17930.795452,17839.999426,17873.342182,5581371006.0
2024-02-29,17990.363692,18070.618671,17869.593824,18040.785614,6265311982.0
2024-03-01,18070.215086,18333.549127,18062.496802,18302.864774,5458015776.0
2024-03-04,18290.543248,18314.021167,18218.173075,18225.727217,5725604745.0
2024-03-05,18086.849795,18095.894255,17803.098575,17897.913751,6357518919.0
2024-03-06,18082.815957,18143.139108,17941.017947,18016.097104,5511515247.0
2024-03-07,18159.627881,18336.745029,18101.893755,18297.564187,5072795463.0
2024-03-08,18316.106635,18416.536931,17996.617202,18017.120325,5411612467.0
2024-03-11,17960.625507,18003.964734,17872.907016,17951.507726,4917637644.0
2024-03-12,18061.195014,18228.620592,17919.556793,18218.911725,5100300931.0
2024-03-13,18151.758169,18163.989582,18031.770336,18068.248526,4839090313.0
2024-03-14,18117.397196,18142.226207,17913.410545,18012.159851,5451216658.0
2024-03-15,17927.445657,17928.164308,17768.425296,17808.238254,8261965642.0
2024-03-18,18024.274731,18125.092976,17975.868148,17985.328003,5025624702.0
2024-03-19,17903.077713,18041.562098,17811.716428,18033.753965,4759372812.0
2024-03-20,18065.815205,18250.946606,18003.667378,18241.632173,5299082128.0
2024-03-21,18439.19493,18464.146784,18319.075862,18320.903953,5135137249.0
2024-03-22,18290.870165,18386.457869,18267.956298,18338.570984,4339801158.0
2024-03-25,18216.223836,18335.538048,18190.852542,18278.630467,4636559554.0
2024-03-26,18331.909727,18376.772861,18210.580754,18210.580754,5143711038.0
2024-03-27,18337.930192,18345.69641,18167.229332,18276.5211,4769196727.0
2024-03-28,18264.490272,18310.361658,18230.309745,18252.827636,5174528006.0
2024-04-01,18279.634838,18391.01994,18212.961837,18292.160464,4798559359.0
2024-04-02,18077.131697,18132.640106,18004.817664,18122.023328,4710537633.0
2024-04-03,18052.63349,18240.476301,18041.818436,18161.069933,5151799524.0
2024-04-04,18326.404399,18362.86859,17875.828498,17880.640773,5368354910.0
2024-04-05,17940.536368,18204.667796,17911.264616,18109.652509,4579195002.0
2024-04-08,18131.576341,18178.434826,18050.190198,18100.588769,4386986007.0
2024-04-09,18188.247595,18209.479059,17969.8848,18168.963042,4868906426.0
2024-04-10,17956.68754,18040.526819,17933.183813,18012.231543,5308744623.0
2024-04-11,18084.892827,18336.675388,18000.383663,18307.453229,4715208691.0
2024-04-12,18118.508614,18167.474954,17954.735239,18000.536266,4552597947.0
2024-04-15,18145.957948,18152.649194,17676.782197,17707.599904,4909976195.0
2024-04-16,17693.066288,17818.923657,17661.669041,17712.197252,5002435287.0
2024-04-17,17786.950393,17787.639716,17457.344626,17496.511911,4990817098.0
2024-04-18,17513.340796,17588.985418,17378.934346,17392.024872,4932844921.0
2024-04-19,17333.636967,17363.840297,16976.020382,17037.775578,5315547896.0
2024-04-22,17156.800709,17301.78666,17009.322608,17212.762321,4617469058.0
2024-04-23,17296.947667,17512.69349,17274.721949,17472.554022,4950896918.0
2024-04-24,17614.019752,17654.791533,17436.958591,17526.935578,4736688198.0
2024-04-25,17208.265346,17474.184603,17172.570972,17428.807504,4743275108.0
2024-04-26,17561.027918,17771.588414,17532.628729,17718.258174,4694337402.0
2024-04-29,17800.506684,17819.715361,17672.944789,17780.338218,4973169677.0
2024-04-30,17717.813895,17769.6093,17439.589917,17440.238633,5228150396.0
2024-05-01,17382.533337,17664.923269,17284.474404,17318.065667,5277833675.0
2024-05-02,17473.616257,17575.866482,17292.59163,17540.423745,4901382304.0
2024-05-03,17852.716598,17927.744826,17785.134303,17890.933392,4888046854.0
2024-05-06,17953.392045,18095.267956,17938.878545,18092.099542,4460325375.0
2024-05-07,18106.675225,18155.748192,18063.14189,18088.763837,5042002882.0
2024-05-08,17987.894497,18132.949895,17987.894497,18082.915731,4530296212.0
2024-05-09,18091.574795,18135.944922,18013.398707,18115.28185,4505518980.0
2024-05-10,18171.176113,18247.841704,18100.523017,18161.705879,4402416444.0
2024-05-13,18227.618207,18236.182907,18147.936043,18201.217189,4452234317.0
2024-05-14,18188.780585,18339.448793,18173.051513,18324.34501,7269033054.0
2024-05-15,18411.44808,18609.442097,18363.552367,18593.444718,8538681087.0
2024-05-16,18587.91581,18668.22925,18556.931401,18560.471065,11929244097.0
2024-05-17,18573.910699,18589.673675,18459.807657,18546.943784,9588040656.0
2024-05-20,18557.949923,18701.907096,18550.240492,18671.756652,6861724296.0
2024-05-21,18604.389516,18722.624367,18589.413255,18714.215621,6244801772.0
2024-05-22,18734.645827,18756.235426,18602.922869,18702.159915,7276980025.0
2024-05-23,18910.822447,18910.822447,18554.106283,18625.15168,7752763951.0
2024-05-24,18669.434699,18849.894356,18660.517575,18810.349905,5836244416.0
2024-05-28,18855.676909,18879.045553,18760.957022,18868.494901,6294392770.0
2024-05-29,18709.815721,18813.956787,18707.907493,18735.845376,6651909336.0
2024-05-30,18685.516538,18706.265756,18488.028863,18539.894418,6659178110.0
2024-05-31,18549.099259,18573.872406,18190.219793,18536.797962,6675084879.0
2024-06-03,18667.007184,18708.729962,18394.597069,18600.729683,5421832546.0
2024-06-04,18600.639129,18698.410551,18523.495571,18655.680295,4917530041.0
2024-06-05,18788.499362,19035.786275,18768.694753,19035.786275,5325094920.0
2024-06-06,19054.162658,19068.584525,18980.937691,19018.639446,4959902933.0
2024-06-07,18986.175397,19116.950062,18955.179599,19001.839829,4755438933.0
2024-06-10,18945.195915,19087.920796,18936.082177,19072.082571,5207059106.0
2024-06-11,19030.388124,19216.271598,18966.175181,19205.625961,5009013455.0
2024-06-12,19359.275139,19558.434599,19346.181205,19464.055708,5560450798.0
2024-06-13,19609.552491,19642.22357,19472.625126,19577.749755,4916143735.0
2024-06-14,19557.060423,19665.439971,19536.139598,19660.325516,4974125793.0
2024-06-17,19683.691961,19975.814865,19622.45546,19901.157242,6060777327.0
2024-06-18,19903.233664,19939.572129,19838.452989,19909.06066,5795464757.0
2024-06-20,19960.844459,19979.344788,19686.792259,19749.591245,6288971153.0
2024-06-21,19719.057464,19801.052898,19644.159185,19697.666254,8589568235.0
2024-06-24,19648.428714,19722.266369,19473.238886,19475.627349,5503340926.0
2024-06-25,19560.092712,19711.405003,19525.287755,19705.465234,4847941238.0
2024-06-26,19672.379252,19768.671043,19654.124151,19752.454549,5294621007.0
2024-06-27,19740.843384,19853.111914,19698.881766,19790.673349,5381954634.0
2024-06-28,19812.932581,20017.624749,19664.563587,19683.682284,8961059685.0
2024-07-01,19722.211453,19825.723532,19580.377971,19817.098233,5189455120.0
2024-07-02,19749.063496,20014.383084,19743.421967,20009.253031,4526216500.0
2024-07-03,19994.140626,20190.935052,19994.140626,20190.935052,3714230387.0
2024-07-05,20221.826319,20409.507686,20203.735453,20394.233505,4850799380.0
2024-07-08,20390.746092,20454.388655,20365.825091,20438.540551,5286492932.0
2024-07-09,20500.908866,20543.000471,20398.182948,20452.571493,4838814956.0
2024-07-10,20533.840499,20693.441459,20481.84871,20671.409472,5227860544.0
2024-07-11,20663.339558,20672.19788,20165.608031,20212.218763,6366448085.0
2024-07-12,20226.912406,20528.530961,20215.817962,20333.618635,5845560337.0
2024-07-15,20404.224831,20585.496913,20307.237414,20387.180726,5450313542.0
2024-07-16,20441.462577,20477.339023,20266.754008,20400.78994,5812882904.0
2024-07-17,20040.619053,20081.086791,19793.925677,19799.549767,6006927672.0
2024-07-18,19935.543922,19950.206611,19573.783999,19705.411615,5977171152.0
2024-07-19,19687.595965,19784.305124,19483.289646,19522.4693,4992433672.0
2024-07-22,19755.370591,19864.069525,19637.425708,19822.267828,5093913102.0
2024-07-23,19784.517414,19903.49001,19733.737103,19758.122627,4936958121.0
2024-07-24,19477.205407,19482.766612,19007.116554,19032.284238,6736610662.0
2024-07-25,19044.120637,19225.478666,18722.926246,18826.366086,6115087944.0
2024-07-26,18988.724331,19145.021835,18898.267767,19023.036075,5282290325.0
2024-07-29,19126.858334,19222.872611,18976.661131,19061.765297,4897273784.0
2024-07-30,19127.730766,19165.302833,18664.88117,18797.332819,5564392337.0
2024-07-31,19224.345776,19427.549168,19162.210176,19361.297231,6292437664.0
2024-08-01,19378.855146,19540.124611,18735.360095,18889.185886,6663407925.0
2024-08-02,18494.627332,18629.344896,18264.967957,18440.743146,6314338382.0
2024-08-05,17445.407193,18171.07429,17432.920815,17894.552074,6851066806.0
2024-08-06,17960.74957,18371.287795,17861.054484,18081.140544,5907767475.0
2024-08-07,18344.590173,18443.660783,17852.552978,17868.678836,5913953331.0
2024-08-08,18102.455478,18446.497969,17962.523441,18414.830956,5815811002.0
2024-08-09,18373.345817,18568.222388,18317.152385,18514.029962,5783102319.0
2024-08-12,18548.061786,18664.990034,18433.407226,18539.94769,4891579425.0
2024-08-13,18725.390397,19013.255016,18722.247025,19007.051228,5468449216.0
2024-08-14,19045.008759,19100.156337,18837.358539,19019.350754,4985835708.0
2024-08-15,19252.182104,19499.874638,19241.178499,19494.674383,5478321846.0
2024-08-16,19391.543683,19562.349584,19375.468523,19512.680484,5138033176.0
2024-08-19,19521.695004,19770.352682,19447.885941,19770.352682,5564437552.0
2024-08-20,19734.975465,19835.533339,19650.310094,19717.653701,5304998645.0
2024-08-21,19759.057216,19882.597312,19688.090808,19822.545578,4765814650.0
2024-08-22,19912.662843,19941.272172,19459.164693,19493.186819,5064414841.0
2024-08-23,19670.742625,19819.29265,19526.659491,19723.348578,5380766098.0
2024-08-26,19679.563898,19725.364049,19438.151384,19513.974442,5111325017.0
2024-08-27,19451.406416,19616.097417,19368.614007,19579.590347,4362605823.0
2024-08-28,19566.192684,19584.119065,19223.732689,19349.999019,5212581360.0
2024-08-29,19428.386201,19622.579855,19277.720973,19324.87592,5727869580.0
2024-08-30,19508.521893,19581.736168,19327.146088,19576.969209,5531446068.0
2024-09-03,19436.683835,19436.683835,18868.22959,18961.071645,5813856916.0
2024-09-04,18832.369027,19069.688173,18805.592415,18920.259868,5011487146.0
2024-09-05,18865.271922,19104.868024,18809.410787,18928.883412,4983400971.0
2024-09-06,18903.846805,18927.368078,18399.108495,18422.088532,5548218520.0
2024-09-09,18579.827806,18693.9508,18470.021627,18662.767501,5132641001.0
2024-09-10,18720.056459,18845.033767,18568.209609,18828.228779,4963003246.0
2024-09-11,18867.957406,19267.449345,18532.956765,19233.225586,6086761663.0
2024-09-12,19237.367099,19452.581144,19164.196742,19422.867832,4983086576.0
2024-09-13,19395.539789,19555.801955,19386.719978,19516.969076,4802630600.0
2024-09-16,19412.058759,19447.328067,19293.480311,19420.233877,4675382102.0
2024-09-17,19537.798479,19599.447218,19338.513436,19430.318185,4959519007.0
2024-09-18,19475.364569,19642.80504,19330.439439,19346.289479,5612498433.0
2024-09-19,19798.872054,19949.477248,19724.753285,19838.935813,5575321937.0
2024-09-20,19819.390401,19845.845528,19634.390898,19790.943747,9915345950.0
2024-09-23,19850.631479,19890.542973,19798.442129,19854.206945,5237253452.0
2024-09-24,19918.019024,19986.765019,19737.451195,19945.968158,5348072333.0
2024-09-25,19924.208041,20044.410385,19915.851985,19973.446662,4859055654.0
2024-09-26,20273.322809,20273.322809,19965.051068,20113.45701,5669467143.0
2024-09-27,20144.333357,20153.780544,19965.590429,20008.389926,5367767194.0
2024-09-30,19955.274197,20068.043203,19852.423329,20056.28308,5846734575.0
2024-10-01,20048.213591,20054.497852,19621.588157,19772.838763,5879476688.0
2024-10-02,19723.835698,19877.807112,19629.184225,19805.320775,5489498681.0
2024-10-03,19713.900454,19901.83906,19693.0813,19792.147908,5209851260.0
2024-10-04,20024.967419,20045.402284,19830.495782,20036.491979,5136427501.0
2024-10-07,19955.55757,19993.744452,19762.01825,19798.807829,5239936663.0
2024-10-08,19902.088632,20132.54565,19877.689652,20105.036303,5565653088.0
2024-10-09,20100.773852,20285.484215,20049.467142,20271.443219,5228497430.0
2024-10-10,20165.580187,20311.600379,20115.965326,20244.548182,5855971503.0
2024-10-11,20154.281766,20313.364969,20142.921561,20269.842792,5140834564.0
2024-10-14,20367.879384,20496.952076,20352.047182,20435.242078,4894521715.0
2024-10-15,20445.102817,20483.8716,20077.584916,20160.101531,6522566131.0
2024-10-16,20173.514467,20200.764003,20037.159503,20175.173817,5257480482.0
2024-10-17,20374.169374,20377.185192,20188.388117,20191.21141,5806814510.0
2024-10-18,20284.478708,20358.892323,20273.404832,20323.39934,5089033005.0
2024-10-21,20281.363643,20386.804026,20192.645291,20360.130986,6093057275.0
2024-10-22,20255.894322,20440.941656,20218.888716,20392.008908,6406709217.0
2024-10-23,20302.750381,20311.895149,19933.46013,20063.98454,6245606994.0
2024-10-24,20198.523518,20257.652577,20116.619122,20233.856575,5761323536.0
2024-10-25,20355.799811,20553.809355,20324.058987,20348.664122,6100099406.0
2024-10-28,20458.910094,20473.540813,20344.073934,20351.709869,5641371138.0
2024-10-29,20368.982656,20598.717707,20294.743592,20549.017477,6880328872.0
2024-10-30,20508.554383,20555.557722,20379.480407,20388.670274,6514766181.0
2024-10-31,20228.99436,20230.463918,19879.798814,19887.016288,6412385550.0
2024-11-01,19959.042578,20163.952569,19947.792055,20034.217562,5896567888.0
2024-11-04,20011.959978,20107.087346,19900.238288,19963.783442,5762240068.0
2024-11-05,20039.374406,20249.314375,20039.374406,20225.762839,7061124037.0
2024-11-06,20569.248842,20808.274491,20526.362469,20779.482144,8137426606.0
2024-11-07,20897.168585,21133.149425,20896.2377,21099.189957,9233087084.0
2024-11-08,21087.942905,21157.908016,21051.370632,21116.826824,7316372602.0
2024-11-11,21173.106383,21182.04624,20993.215899,21103.695147,8087884085.0
2024-11-12,21107.560421,21143.378845,20945.863392,21072.237788,7817245073.0
2024-11-13,21050.300079,21155.600971,20953.868374,21034.360498,9623498408.0
2024-11-14,21047.660209,21069.063029,20866.905989,20896.057865,8680579305.0
2024-11-15,20680.425874,20680.579728,20315.80241,20394.217457,8000619240.0
2024-11-18,20449.542009,20620.892722,20399.353129,20539.853032,8455513865.0
2024-11-19,20431.901578,20694.935993,20423.715105,20683.34493,7247096425.0
2024-11-20,20661.80261,20676.757365,20405.031938,20668.667967,7122091037.0
2024-11-21,20775.992034,20814.452507,20442.904695,20737.877998,7493026844.0
2024-11-22,20736.969795,20801.096915,20653.174069,20775.450224,6575073190.0
2024-11-25,20918.889095,20998.244039,20708.254229,20802.631388,7933393530.0
2024-11-26,20873.562786,20942.893723,20834.470254,20923.857581,6410737419.0
2024-11-27,20848.91617,20850.962457,20615.853806,20744.381925,5619183677.0
2024-11-29,20770.774544,20956.709492,20749.17809,20930.297061,4042912178.0
2024-12-02,20969.164065,21202.141029,20969.164065,21165.014378,6370392275.0
2024-12-03,21107.710704,21237.337592,21081.407663,21228.830151,6005555005.0
2024-12-04,21357.709509,21500.078113,21343.198269,21491.101788,7870442532.0
2024-12-05,21489.391221,21517.634702,21413.384057,21426.138484,7230213730.0
2024-12-06,21457.905021,21625.533971,21451.130501,21618.496155,6787271134.0
2024-12-09,21572.432071,21611.613382,21399.263927,21440.005005,7885956715.0
2024-12-10,21494.291399,21566.480567,21312.460701,21371.398174,6843098404.0
2024-12-11,21542.991903,21787.204732,21539.748951,21762.181655,6640113548.0
2024-12-12,21654.993902,21717.682229,21599.353908,21618.810275,7047052819.0
2024-12-13,21789.632391,21883.8237,21644.022201,21777.495635,6027149056.0
2024-12-16,21895.727448,22130.970725,21877.957934,22096.409239,8856011863.0
2024-12-17,22003.0016,22062.48983,21921.237809,22002.602529,9533753422.0
2024-12-18,21981.391049,22039.822625,21145.146379,21205.223512,9995757894.0
2024-12-19,21358.396417,21413.929057,21094.893536,21111.301373,8028909884.0
2024-12-20,20936.78685,21539.569896,20913.190505,21287.832077,10962610327.0
2024-12-23,21365.050272,21511.312703,21225.27925,21502.408121,6819795087.0
2024-12-24,21563.358223,21802.380065,21561.470315,21802.380065,4738720061.0
2024-12-26,21735.015725,21836.183149,21647.296099,21768.057092,6467328467.0
2024-12-27,21636.045663,21643.261509,21289.092198,21472.74661,7764929532.0
2024-12-30,21191.395767,21346.922521,21046.693877,21196.678777,8382767505.0
2024-12-31,21258.300656,21275.359764,20980.827179,21009.456152,8873525246.0
2025-01-02,21123.81084,21239.380013,20801.268057,20973.905537,8737303830.0
2025-01-03,21095.53556,21356.697568,21075.480906,21323.623517,8213933808.0
2025-01-06,21550.074068,21703.338685,21463.4826,21560.486037,9586586867.0
2025-01-07,21622.325479,21622.325479,21098.994937,21171.092313,13370102154.0
2025-01-08,21158.544866,21240.825893,20990.765023,21182.120598,8851302355.0
2025-01-10,21010.791531,21014.45338,20716.904033,20848.131018,8608950504.0
2025-01-13,20591.968342,20798.2028,20536.233864,20783.754189,7830858061.0
2025-01-14,20896.599346,20969.748404,20624.843371,20758.598768,7168786685.0
2025-01-15,21071.104849,21286.259704,21023.484712,21241.491313,7260469591.0
2025-01-16,21322.971331,21330.194524,21090.800443,21091.993349,7086158214.0
2025-01-17,21460.423682,21513.493091,21331.317358,21440.511303,7996824969.0
2025-01-21,21556.411559,21621.255168,21378.143211,21564.191622,8015044145.0
2025-01-22,21752.046468,21943.877497,21752.046468,21848.402363,7219893438.0
2025-01-23,21740.335706,21899.99397,21719.827184,21899.99397,6837087291.0
2025-01-24,21917.305728,21943.284214,21713.860204,21769.092323,7708664745.0
2025-01-27,20998.34115,21293.823414,20974.812611,21128.490935,8870464291.0
2025-01-28,21186.851535,21497.702594,21045.062117,21460.007396,7122168220.0
2025-01-29,21474.256103,21481.081064,21252.012366,21409.591516,6497787342.0
2025-01-30,21519.846283,21625.381617,21311.340268,21506.397809,6679433728.0
2025-01-31,21658.760916,21842.477377,21427.86765,21478.152669,7947245713.0
2025-02-03,21087.745069,21407.386455,21004.276669,21300.340035,8273827338.0
2025-02-04,21319.376782,21583.511955,21309.096334,21565.424917,6477404307.0
2025-02-05,21456.201271,21659.937277,21411.619307,21656.264008,6711976669.0
2025-02-06,21671.446237,21778.042803,21619.050765,21775.260012,6642568233.0
2025-02-07,21771.981564,21866.966631,21469.836639,21489.216946,7749024091.0
2025-02-10,21672.175956,21791.145614,21646.345521,21757.750004,9534670963.0
2025-02-11,21625.661936,21779.807992,21624.630429,21693.907607,9270117316.0
2025-02-12,21475.780134,21745.376948,21456.285676,21721.259045,7947599292.0
2025-02-13,21784.168101,22039.451489,21758.091151,22035.102015,8414840824.0
2025-02-14,22039.56093,22138.126405,22007.751278,22112.034663,7997172116.0
2025-02-18,22173.114885,22191.512097,22029.504758,22162.670852,8681405228.0
2025-02-19,22122.956087,22224.02454,22046.637621,22176.033907,8171801713.0
2025-02-20,22137.842648,22146.118029,21878.305126,22067.534802,7329445246.0
2025-02-21,22110.528724,22118.28515,21597.882478,21611.178095,8459017458.0
2025-02-24,21672.413951,21732.185305,21341.751988,21353.96827,7414007967.0
2025-02-25,21322.022728,21326.275304,20930.712373,21087.835186,7991110192.0
2025-02-26,21169.594583,21351.139361,21011.923869,21130.469379,7033784749.0
2025-02-27,21282.916391,21326.701717,20537.644095,20552.591489,7700432364.0
2025-02-28,20518.213802,20902.906807,20411.095107,20878.373095,8246775381.0
2025-03-03,20988.719704,21072.823662,20282.091335,20425.592293,8169785241.0
2025-03-04,20283.311206,20689.990166,20035.248803,20354.055314,8470727405.0
2025-03-05,20363.74427,20685.150458,20184.006784,20632.501683,7047564494.0
2025-03-06,20232.980586,20475.88334,19967.952687,20054.357184,7686104631.0
2025-03-07,20014.904107,20251.605679,19736.326573,20198.567143,8135499597.0
2025-03-10,19827.951316,19867.419428,19244.506531,19430.576052,8635987556.0
2025-03-11,19407.420027,19663.159456,19183.495684,19377.433674,9178439697.0
2025-03-12,19663.690908,19757.592824,19373.710151,19600.720002,7747237840.0
2025-03-13,19535.646663,19561.809169,19152.272166,19226.66761,7146702259.0
2025-03-14,19455.01023,19727.718209,19437.182417,19704.027917,7094599720.0
2025-03-17,19671.516136,19942.0077,19621.633937,19813.995834,6305711368.0
2025-03-18,19652.28172,19675.371586,19395.914554,19481.603053,6450682467.0
2025-03-19,19575.006236,19921.784058,19500.315457,19735.100893,6301909558.0
2025-03-20,19558.661024,19893.530611,19549.726915,19678.62184,6099365661.0
2025-03-21,19465.731717,19767.449046,19409.387273,19753.717965,8838734660.0
2025-03-24,20038.495506,20209.334783,20024.468787,20181.705505,6787689727.0
2025-03-25,20197.394682,20294.711861,20168.305301,20285.576759,6475128142.0
2025-03-26,20241.128882,20267.356321,19846.589085,19919.094748,9090612233.0
2025-03-27,19813.67579,20002.414321,19740.317916,19794.309191,8000880365.0
2025-03-28,19719.84141,19748.462494,19238.086289,19281.693551,7014544027.0
2025-03-31,19001.561519,19314.784394,18802.891319,19275.685715,8121845342.0
2025-04-01,19191.552599,19468.079331,19093.232245,19435.911009,7756463631.0
2025-04-02,19180.877804,19710.7316,19153.913604,19582.909183,9127135138.0
2025-04-03,18777.501918,18901.616818,18503.216183,18517.263981,9461182397.0
2025-04-04,18024.87906,18088.317997,17390.344558,17399.619467,11036885381.0
2025-04-07,16772.885505,18187.562006,16543.420034,17431.002354,12483472542.0
2025-04-08,18031.469655,18206.685719,16852.45703,17092.49157,10497914583.0
2025-04-09,17120.533679,19235.402791,17082.978453,19143.069495,13479508430.0
2025-04-10,18626.240455,18711.568115,17792.153998,18344.560955,11863022929.0
2025-04-11,18310.580995,18727.616794,18154.281044,18688.535298,9444135255.0
2025-04-14,19095.390069,19119.624061,18614.625888,18794.508848,9668164468.0
2025-04-15,18831.316852,19000.326417,18752.456593,18826.967149,7482994304.0
2025-04-16,18473.152241,18597.590706,17995.819118,18254.28741,7909953666.0
2025-04-17,18367.757075,18402.513659,18144.767388,18256.734354,7046364313.0
2025-04-21,18021.494434,18041.740991,17592.848116,17810.108967,6680003594.0
2025-04-22,18032.431228,18395.524764,17993.384165,18276.983549,6981924680.0
2025-04-23,18868.073926,19041.754342,18621.325822,18692.312787,8564283897.0
2025-04-24,18755.999553,19223.943545,18748.193683,19212.67857,7608004704.0
2025-04-25,19211.327068,19448.419472,19130.44789,19428.148767,7413932492.0
2025-04-28,19432.13091,19522.078808,19161.045087,19428.59436,10314500591.0
2025-04-29,19315.985943,19585.83027,19305.776162,19544.107653,13001403345.0
2025-04-30,19171.386597,19614.391404,19010.547203,19568.470686,8595577906.0
2025-05-01,19861.901611,20024.487197,19763.147501,19785.634009,8409035107.0
2025-05-02,19987.089076,20177.056506,19936.519179,20103.311606,8180009456.0
2025-05-05,19930.516432,20105.596663,19901.729479,19964.991281,7075140875.0
2025-05-06,19709.889108,19927.094468,19659.378464,19790.839162,6958401709.0
2025-05-07,19800.421767,19960.42247,19603.916967,19868.330652,7976977835.0
2025-05-08,20065.848932,20249.731128,19906.078942,20065.991128,8501968742.0
2025-05-09,20170.585726,20204.443416,19981.949604,20061.113817,8834534508.0
2025-05-12,20817.680031,20869.998158,20612.057867,20864.819302,10717060877.0
2025-05-13,20907.816649,21260.935819,20894.401596,21198.496994,9244074739.0
2025-05-14,21253.56023,21336.758476,21199.277045,21316.369491,11744759576.0
2025-05-15,21204.37924,21442.007312,21168.050032,21334.20158,10545990365.0
2025-05-16,21373.91368,21429.465332,21248.776012,21429.465332,10509981050.0
2025-05-19,21135.474163,21465.326969,21135.474163,21448.079607,13078818108.0
2025-05-20,21347.298997,21398.815213,21228.167851,21367.079036,9046887472.0
2025-05-21,21218.775024,21486.50917,21001.890886,21079.35051,11112366081.0
2025-05-22,21096.68989,21262.856806,21045.542815,21110.648461,8290009216.0
2025-05-23,20807.10474,21025.237105,20780.231112,20914.352102,8730351805.0
2025-05-27,21200.301891,21430.757989,21145.15861,21412.991717,8928970705.0
2025-05-28,21451.758751,21508.988092,21292.517287,21319.347047,8086578974.0
2025-05-29,21611.678325,21611.678325,21266.480382,21367.799943,11019257919.0
2025-05-30,21327.193638,21383.727902,21035.11067,21339.230861,9042268603.0
2025-06-02,21272.645075,21498.900157,21200.064465,21494.245373,7779476957.0
2025-06-03,21532.737923,21714.82299,21470.257743,21664.789877,7991121456.0
2025-06-04,21687.225883,21760.395656,21606.623235,21721.369148,7695422216.0
2025-06-05,21780.830779,21891.093469,21474.833128,21547.878934,8782489204.0
2025-06-06,21776.483601,21833.312044,21695.656416,21762.377478,7291416257.0
2025-06-09,21776.00749,21852.721376,21727.052056,21799.625695,9538247603.0
2025-06-10,21817.365335,21961.078391,21729.350152,21943.013605,11222244437.0
2025-06-11,21992.953886,22039.75831,21776.431094,21858.986952,10215160515.0
2025-06-12,21823.212558,21951.650924,21804.982731,21909.331377,16306849835.0
2025-06-13,21673.926925,21840.610859,21594.051853,21632.411573,9001833805.0
2025-06-16,21784.93061,21980.089469,21784.93061,21939.788323,9619556383.0
2025-06-17,21858.242026,21894.396317,21682.589201,21715.68456,8521172902.0
2025-06-18,21744.042588,21868.441345,21655.456258,21718.784244,7817633150.0
2025-06-20,21833.944725,21901.629368,21555.744238,21623.482416,9969223593.0
2025-06-23,21636.223164,21870.922834,21529.546141,21857.263539,9088198247.0
2025-06-24,22054.879878,22220.462373,22046.226856,22191.341974,8330690462.0
2025-06-25,22275.811052,22327.18074,22174.275316,22237.976741,8256415578.0
2025-06-26,22328.949628,22467.829443,22256.015653,22447.063697,8383649935.0
2025-06-27,22485.533812,22606.41503,22383.887008,22534.528822,10950432917.0
2025-06-30,22629.370306,22720.220435,22565.82203,22680.228175,8219182167.0
2025-07-01,22596.779918,22630.841607,22390.511286,22479.972735,8633309238.0
2025-07-02,22451.555932,22644.902848,22447.733899,22641.384897,8378503692.0
2025-07-03,22749.059673,22890.078081,22736.846078,22866.109173,6177718070.0
2025-07-07,22754.096568,22774.445551,22587.753627,22684.627894,8345229286.0
2025-07-08,22732.34219,22762.473967,22648.824187,22704.154168,8437854690.0
2025-07-09,22801.588839,22914.506642,22728.797595,22861.035351,9977881778.0
2025-07-10,22889.14317,22903.917363,22719.090665,22828.455096,9779569170.0
2025-07-11,22756.187805,22836.52592,22694.589025,22778.797822,8136352264.0
2025-07-14,22778.225013,22884.068999,22675.389095,22852.594641,8009156054.0
2025-07-15,23037.128821,23054.667517,22875.512345,22887.173215,8398513297.0
2025-07-16,22895.815847,22926.947583,22669.205028,22909.366538,9056860254.0
2025-07-17,22928.840735,23105.798752,22906.321543,23082.205616,9994496921.0
2025-07-18,23129.889482,23152.114631,23015.369516,23067.945421,9353381831.0
2025-07-21,23123.221629,23264.624009,23120.487391,23182.528381,12044896464.0
2025-07-22,23180.947785,23188.246811,22955.796865,23061.296335,10582811739.0
2025-07-23,23100.513826,23167.809105,22998.864438,23164.158886,10973541877.0
2025-07-24,23227.957409,23269.837362,23150.575632,23218.977581,12738891970.0
2025-07-25,23205.079339,23324.474836,23193.712167,23275.882876,11028416687.0
2025-07-28,23345.264509,23387.11641,23300.270428,23357.061568,10612580087.0
2025-07-29,23476.142758,23513.291572,23286.307107,23307.748639,10040325045.0
2025-07-30,23336.287917,23447.720768,23225.348488,23348.120359,9309006520.0
2025-07-31,23588.145527,23589.579858,23175.025856,23216.433572,9917792356.0
2025-08-01,22939.629614,22968.560748,22672.221841,22762.228452,9667683403.0
2025-08-04,22987.446894,23192.611696,22972.31148,23192.502821,7354710140.0
2025-08-05,23235.960564,23293.159871,23003.895351,23016.652242,7983217004.0
2025-08-06,23074.410471,23332.172319,23043.297008,23309.501843,8579853567.0
2025-08-07,23484.522975,23561.433257,23222.656739,23392.072138,8978947788.0
2025-08-08,23457.727019,23621.724599,23440.025443,23612.976126,8669842209.0
2025-08-11,23625.692931,23700.312789,23479.905678,23523.559936,9099400663.0
2025-08-12,23654.118207,23851.43928,23520.389537,23842.111106,8382081577.0
2025-08-13,23934.1355,23970.02389,23789.545948,23849.718292,8763972774.0
2025-08-14,23775.023016,23905.117479,23747.781839,23832.240582,9112143512.0
2025-08-15,23814.965207,23815.039531,23651.894161,23710.09902,8158702972.0
2025-08-18,23691.228098,23734.115141,23636.79885,23715.69063,8262210232.0
2025-08-19,23690.380911,23697.882632,23343.674849,23384.627482,8461851899.0
2025-08-20,23342.741524,23343.692895,22956.252672,23246.156505,7809604340.0
2025-08-21,23185.060621,23262.428987,23044.664444,23138.831577,6531881107.0
2025-08-22,23186.43812,23575.643416,23137.350518,23500.568031,9402318825.0
2025-08-25,23456.732032,23544.003858,23389.125897,23422.280643,8442392023.0
2025-08-26,23418.159169,23531.053131,23370.135522,23525.21438,9087291858.0
2025-08-27,23500.811559,23593.350985,23433.800672,23569.185469,8040484652.0
2025-08-28,23601.927014,23734.626454,23516.295201,23704.128064,7806443016.0
2025-08-29,23608.637511,23608.637511,23354.746345,23413.655048,7714852643.0
2025-09-02,23016.744885,23241.398631,22981.064498,23230.727325,8182979781.0
2025-09-03,23388.682892,23479.106453,23276.660479,23415.908036,7487768813.0
2025-09-04,23442.848372,23643.878971,23372.668796,23629.725114,7281674541.0
2025-09-05,23843.866066,23861.610624,23476.741192,23654.050898,8413681931.0
2025-09-08,23762.009941,23853.420514,23725.224962,23764.637356,8436333278.0
2025-09-09,23821.811624,23854.21081,23694.72417,23841.779629,7876939387.0
2025-09-10,23927.58203,23954.728941,23762.853757,23849.449059,9091430297.0
2025-09-11,23960.930765,24018.72984,23882.018556,23989.02599,10025032991.0
2025-09-12,24029.103854,24137.544781,23985.904956,24091.591262,9023355963.0
2025-09-15,24181.789745,24294.857409,24170.632357,24294.686377,8904018037.0
2025-09-16,24346.362928,24348.834731,24242.676811,24274.991758,8591092526.0
2025-09-17,24288.542923,24292.257433,23999.466932,24227.44544,9326716114.0
2025-09-18,24424.173456,24551.057741,24345.915888,24453.657472,10478992576.0
2025-09-19,24527.793089,24640.938946,24465.801769,24627.745424,14632195611.0
2025-09-22,24588.463695,24781.681074,24580.095979,24759.629472,9735404732.0
2025-09-23,24754.726565,24766.724589,24539.117604,24573.017573,9822509765.0
2025-09-24,24647.620336,24649.716881,24390.051138,24508.0588,9185681369.0
2025-09-25,24319.957623,24462.341523,24185.345692,24396.277661,9958732064.0
2025-09-26,24409.968108,24508.430628,24293.94274,24501.943876,8488621590.0
2025-09-29,24624.481252,24742.012953,24561.498164,24611.54297,9046094342.0
2025-09-30,24598.946112,24690.315884,24511.241062,24678.494214,8928880838.0
2025-10-01,24539.069299,24811.733366,24516.673523,24803.851035,10044952182.0
2025-10-02,24937.271545,24946.888347,24779.738104,24891.925398,9632990664.0
2025-10-03,24932.496869,24955.902917,24715.174775,24784.477682,10515815562.0
2025-10-06,24990.536831,25041.088722,24910.786882,24981.283968,10468470192.0
2025-10-07,25034.268864,25063.969513,24781.732734,24841.790162,10375810153.0
2025-10-08,24888.623221,25143.165997,24880.41369,25138.099114,10926552490.0
2025-10-09,25127.947759,25140.20446,24963.80696,25101.044417,10714616188.0
2025-10-10,25113.479966,25195.723129,24208.628338,24224.795598,10713602416.0
2025-10-13,24628.330739,24782.126935,24539.206478,24751.137613,9018149224.0
2025-10-14,24442.797994,24762.114756,24253.588961,24578.165364,9776822725.0
2025-10-15,24804.511551,24933.829731,24499.322949,24744.353979,11375005313.0
2025-10-16,24879.285387,24999.967485,24479.974079,24662.627765,11344293041.0
2025-10-17,24602.58088,24875.132324,24507.274319,24815.902027,9552486052.0
2025-10-20,24991.715073,25183.417463,24981.775157,25140.864771,9440200384.0
2025-10-21,25138.648623,25175.059693,25041.074617,25124.666127,10845584055.0
2025-10-22,25088.164934,25124.671913,24653.122028,24874.38365,14362281926.0
2025-10-23,24869.404066,25125.938751,24854.055036,25101.591444,10362068697.0
2025-10-24,25309.091224,25419.909518,25290.376831,25358.941374,10308391833.0
2025-10-27,25699.151197,25842.505682,25653.941305,25816.045774,10757655330.0
2025-10-28,25931.101739,26082.411492,25866.131533,26009.022807,10642757337.0
2025-10-29,26145.156805,26175.960898,25907.036147,26119.040798,10090245988.0
2025-10-30,25956.559243,26036.261526,25735.017037,25736.48285,10563244348.0
2025-10-31,26056.006982,26061.864482,25762.10952,25859.970441,10910176009.0
2025-11-03,26113.010763,26132.405008,25888.580887,25975.594205,10359407775.0
2025-11-04,25577.382096,25764.813601,25415.809188,25435.947696,10224454380.0
2025-11-05,25437.90997,25752.582654,25361.692409,25615.571762,10027357214.0
2025-11-06,25566.533594,25566.533594,25085.88154,25130.51222,11083646107.0
2025-11-07,24979.865608,25065.048533,24601.184336,25054.548462,10142677150.0
2025-11-10,25420.63388,25655.532534,25354.655569,25614.288308,9298514493.0
2025-11-11,25500.106413,25588.732055,25379.960175,25535.658191,7756324526.0
2025-11-12,25663.725339,25665.184278,25393.794298,25519.205361,8450408409.0
2025-11-13,25386.842073,25393.58959,24913.105556,24992.802886,11351792007.0
2025-11-14,24656.264875,25200.115235,24537.991196,25006.6846,10841068453.0
2025-11-17,24888.102675,25161.461443,24651.416236,24798.661316,9744746707.0
2025-11-18,24651.47605,24732.027798,24303.099728,24502.899922,8606446707.0
2025-11-19,24520.23271,24905.570857,24434.106764,24638.431855,8433630893.0
2025-11-20,25130.632843,25226.525275,24024.857318,24053.814982,10549149680.0
2025-11-21,24137.941321,24523.710517,23854.316278,24235.590412,9931272179.0
2025-11-24,24465.142669,24920.846665,24452.471166,24874.872177,9232475878.0
2025-11-25,24792.735345,25071.436763,24549.962817,25019.234519,8499058347.0
2025-11-26,25165.25707,25309.087966,25080.557976,25238.84533,7290655180.0
2025-11-28,25317.087883,25439.161817,25283.020965,25434.125103,4541172094.0
2025-12-01,25235.24431,25442.55666,25157.545288,25343.196144,7859887457.0
2025-12-02,25449.07804,25624.89849,25369.21572,25553.207204,7590428229.0
2025-12-03,25444.769814,25632.160197,25389.372489,25605.019107,7962834551.0
2025-12-04,25661.641894,25661.641894,25451.195862,25578.970449,7457149592.0
2025-12-05,25655.887435,25826.52291,25611.497992,25692.116679,8248012618.0
2025-12-08,25758.183486,25825.783621,25531.125339,25628.000056,8533450806.0
2025-12-09,25592.265376,25693.662415,25526.876531,25663.549015,7192790501.0
2025-12-10,25628.02295,25835.698397,25504.329701,25779.301161,7988147799.0
2025-12-11,25597.437758,25695.423067,25372.130006,25684.266328,8336365344.0
2025-12-12,25531.00592,25608.796081,25100.679595,25197.384169,8723517445.0
2025-12-15,25349.856055,25373.828911,25019.188284,25070.419896,8649292551.0
2025-12-16,24991.28394,25190.257004,24924.862628,25137.018145,7759138397.0
2025-12-17,25168.058742,25188.757869,24645.648957,24645.648957,8614825725.0
2025-12-18,25030.639703,25160.450621,24920.039103,25018.352834,7977676162.0
2025-12-19,25148.906684,25358.221359,25130.680533,25346.068284,12874601078.0
2025-12-22,25524.748371,25551.773511,25403.644577,25460.542656,7244642676.0
2025-12-23,25442.769004,25588.044976,25403.976664,25583.450267,7517376654.0
2025-12-24,25573.604495,25663.335979,25555.025501,25660.862253,3885677332.0
2025-12-26,25698.36689,25723.081682,25619.682649,25641.627923,5170739247.0
2025-12-29,25462.234003,25597.160814,25440.752909,25523.759978,6526101801.0
2025-12-30,25508.548472,25577.538619,25454.751718,25464.113369,6768076688.0
2025-12-31,25466.272328,25487.843886,25240.279026,25249.411557,5895473812.0
2026-01-02,25523.832299,25591.689971,25090.608073,25208.969567,7332381877.0
2026-01-05,25471.187665,25518.037959,25352.737178,25396.479901,8737156907.0
2026-01-06,25461.984918,25654.639264,25429.296849,25639.902921,9011185212.0
2026-01-07,25619.325536,25817.003711,25593.266726,25653.081922,8396616071.0
2026-01-08,25612.391555,25625.593519,25397.683244,25504.128854,7724374212.0
2026-01-09,25520.663093,25813.642084,25458.214097,25769.663424,8123234257.0
2026-01-12,25615.636141,25851.018887,25605.27942,25789.951797,8708179527.0
2026-01-13,25780.772517,25868.255538,25644.379036,25744.385453,9414699552.0
2026-01-14,25573.360714,25624.457395,25268.987293,25467.719845,12166111933.0
2026-01-15,25764.359554,25779.516231,25518.353134,25549.51304,9740611345.0
2026-01-16,25710.27224,25734.229442,25445.146328,25532.661133,9514482523.0
2026-01-20,25152.296989,25281.723528,24954.612364,24987.82477,9469573521.0
2026-01-21,25046.990522,25505.803777,24992.015387,25328.172668,9162020090.0
2026-01-22,25550.358924,25575.992613,25400.034578,25516.912424,9033908538.0
2026-01-23,25503.710869,25705.935375,25433.511611,25607.079037,8228238152.0
2026-01-26,25629.505114,25798.491191,25578.480082,25709.88735,7505628368.0
2026-01-27,25851.366682,25983.657556,25795.807183,25934.128305,8025792366.0
2026-01-28,26122.771556,26164.370277,25976.089322,26024.575542,8150579867.0
2026-01-29,26027.986385,26043.463474,25415.593811,25884.912022,8783146598.0
2026-01-30,25735.757582,25821.658307,25455.750457,25550.253885,9255998006.0
2026-02-02,25489.026222,25832.268051,25477.885824,25741.084797,8881736623.0
2026-02-03,25813.772669,25844.042864,25116.293021,25343.241193,10305036672.0
2026-02-04,25244.634385,25275.409555,24682.28323,24896.361472,10862729022.0
2026-02-05,24615.790401,24853.913999,24456.851632,24550.164727,10109072669.0
2026-02-06,24652.047538,25128.860632,24621.779073,25076.691784,9055705820.0
2026-02-09,24954.537179,25339.817108,24876.379406,25267.85972,8173698268.0
2026-02-10,25315.23592,25362.855888,25111.07855,25123.143082,8514253004.0
2026-02-11,25337.025558,25380.122863,24983.707674,25202.706026,9925887299.0
2026-02-12,25265.727605,25313.415897,24640.24286,24686.126347,8854174458.0
2026-02-13,24665.584342,24921.349132,24515.912677,24727.25285,7965260546.0
2026-02-17,24570.677221,24819.122607,24387.53241,24701.521103,7653333714.0
2026-02-18,24743.195348,25058.672835,24697.599881,24899.982903,7705808759.0
2026-02-19,24770.93576,24891.993049,24689.195299,24797.656898,6984891830.0
2026-02-20,24637.431402,25077.309162,24636.387291,25012.760549,8064273776.0
2026-02-23,24937.610077,24986.196374,24616.365295,24706.909124,8263902183.0
2026-02-24,24763.826449,25026.190203,24646.056876,24977.765613,7932559934.0
2026-02-25,25139.622889,25347.648729,25137.934021,25327.872497,8428022264.0
2026-02-26,25280.92757,25284.90806,24821.953914,25035.404072,9033604819.0
2026-02-27,24809.043632,24987.956614,24753.57135,24956.169751,9552137560.0
2026-03-02,24604.057646,25062.128926,24572.947879,24991.570878,8304499374.0
2026-03-03,24496.913227,24816.494341,24315.864336,24720.956265,9704727016.0
2026-03-04,24852.730946,25179.95398,24794.286764,25095.772473,10919443596.0
2026-03-05,24990.758155,25174.04263,24741.120521,25022.385686,10993991863.0
2026-03-06,24663.859286,24882.523976,24576.4701,24639.566914,9301415665.0
2026-03-09,24431.827082,25020.140513,24290.569633,24965.686177,9799268950.0
2026-03-10,25006.746857,25191.233627,24870.486496,24952.659405,8799750912.0
2026-03-11,25053.964317,25155.510112,24855.128962,24968.626352,8347538194.0
2026-03-12,24774.676291,24810.615212,24523.705659,24536.646998,8491597990.0
2026-03-13,24664.687416,24790.997792,24335.218829,24383.001517,8279699563.0
2026-03-16,24646.249858,24796.031514,24604.577467,24657.325134,8209941466.0
2026-03-17,24763.518259,24888.232885,24714.571233,24785.440719,8505244716.0
2026-03-18,24730.855434,24767.468474,24414.128141,24426.99183,9323520796.0
2026-03-19,24118.970595,24462.081984,24101.982318,24353.037583,8547259184.0
2026-03-20,24259.486737,24268.760634,23756.758326,23899.278143,11743297585.0
2026-03-23,24266.393099,24457.935841,24096.984824,24187.338863,8896935833.0
2026-03-24,24037.591561,24170.744034,23929.556338,24001.90615,8487071726.0
2026-03-25,24233.520619,24312.256445,24083.502225,24162.899404,8056463010.0
2026-03-26,23913.967743,24027.389391,23574.482076,23585.330816,7727354125.0
2026-03-27,23465.398869,23471.635777,23093.869286,23135.477027,8714171063.0
2026-03-30,23303.588082,23358.948917,22842.506456,22955.090675,9235568763.0
2026-03-31,23207.481645,23790.089099,23197.45748,23738.628428,10642299363.0
2026-04-01,23882.930789,24157.949419,23870.978258,24021.236267,8801258847.0
2026-04-02,23618.765665,24075.589006,23510.200051,24048.678037,8134985561.0
2026-04-06,24142.233688,24263.705311,24038.623816,24190.220849,7907014062.0
2026-04-07,24112.028109,24210.699896,23774.851709,24199.561652,10796225373.0
2026-04-08,25045.377654,25045.650844,24752.208897,24906.582826,10411084192.0
2026-04-09,24920.7615,25098.241454,24788.151793,25086.250844,8663387896.0
2026-04-10,25167.150566,25224.24524,25056.233884,25115.945982,8700717115.0
2026-04-13,25070.535242,25383.087943,24998.022987,25380.733584,7925224890.0
2026-04-14,25514.272661,25844.882685,25512.383422,25844.882685,9105717230.0
2026-04-15,25860.044456,26213.804971,25828.086034,26203.551061,10205450363.0
2026-04-16,26254.179816,26401.176586,26117.920778,26336.97251,9964161713.0
2026-04-17,26554.510065,26724.268056,26480.360864,26669.874535,10159036205.0
2026-04-20,26667.193498,26667.193498,26412.124033,26590.706637,8379915479.0
2026-04-21,26655.573179,26727.257693,26401.462661,26479.65017,9308614767.0
2026-04-22,26712.896595,26948.274288,26661.040634,26939.624164,8080630910.0
2026-04-23,26844.539707,27005.832482,26544.641714,26781.529732,7957429493.0
2026-04-24,27078.909835,27316.633879,26980.387228,27304.980853,10204721915.0
2026-04-27,27279.829362,27312.843342,27156.821787,27307.730882,8126956850.0
2026-04-28,26985.393657,27114.436936,26874.788265,27031.332581,7442552744.0
2026-04-29,27075.683503,27198.015605,26997.905081,27185.306518,8147017814.0
2026-04-30,27334.328456,27487.822247,27031.160674,27448.44311,8138501395.0
2026-05-01,27510.530923,27787.290748,27502.96564,27709.133386,7534119878.0
2026-05-04,27729.986826,27821.782476,27506.649682,27653.014282,7849415453.0
2026-05-05,27898.44056,28064.943913,27841.164059,28017.076703,8089976399.0
2026-05-06,28232.873964,28605.595916,28205.14142,28592.881319,8865767270.0
2026-05-07,28609.861518,28826.657285,28442.595243,28565.875431,9120801280.0
2026-05-08,28762.43358,29241.359192,28745.724085,29239.24168,9577336508.0
2026-05-11,29183.26744,29371.538809,29141.747862,29321.372329,11988832681.0
2026-05-12,29071.861807,29185.044145,28627.793553,29066.363729,9633903645.0
2026-05-13,29164.24704,29455.626778,28970.095215,29368.063246,9734251796.0
2026-05-14,29374.434227,29680.292794,29353.618702,29579.111711,9860065426.0
2026-05-15,29191.291039,29382.781627,28992.356765,29124.965197,9584681533.0
2026-05-18,29241.865546,29249.132858,28718.994627,28994.754998,10328930902.0
2026-05-19,28793.268311,29034.079018,28566.449481,28816.003978,9896156527.0
2026-05-20,29005.096611,29298.747366,28914.611222,29298.442737,9270234299.0
2026-05-21,29149.594903,29462.07807,29040.139819,29355.166051,8628166760.0
2026-05-22,29473.531208,29664.745826,29426.77863,29489.27295,9266207870.0
2026-05-26,29856.704773,30043.252725,29754.656199,29997.59487,9717356699.0
2026-05-27,30079.14671,30098.869919,29815.804464,29975.241456,9240012365.0
2026-05-28,30028.842862,30267.138288,29846.488931,30220.797918,9225884899.0
2026-05-29,30335.671141,30467.23945,30211.819085,30330.911028,11904487556.0
2026-06-01,30296.613483,30631.332412,30239.344027,30513.789682,10199559969.0
2026-06-02,30474.9757,30667.434215,30378.903476,30664.004244,9677437365.0
2026-06-03,30727.698137,30764.24533,30443.295349,30576.316916,9269457971.0
2026-06-04,30177.198589,30539.893734,30093.576019,30403.961885,8999818140.0
2026-06-05,29987.250662,30053.90418,28932.44063,28961.481603,11551575742.0
2026-06-08,29481.391013,29699.360419,29297.648583,29413.244866,10077681531.0
2026-06-09,29644.149669,29805.382326,28200.806557,29081.789274,12106675813.0
2026-06-10,28893.310541,29214.35151,28462.040599,28509.081155,9518533537.0
2026-06-11,28734.952181,29501.053356,28546.891835,29443.588862,10100846922.0
2026-06-12,29373.939893,29731.219234,29220.124641,29639.508905,10337573352.0
2026-06-15,30293.950338,30592.104064,30284.157848,30548.556206,10591358320.0
2026-06-16,30459.235966,30564.818694,29968.144704,29974.082315,11132989557.0
2026-06-17,30159.346267,30203.12312,29603.076087,29671.801584,11445829957.0
2026-06-18,30258.991964,30466.679474,30086.569297,30407.864762,18285032964.0
2026-06-22,30530.84668,30638.866305,30195.728583,30348.067616,12844095336.0
2026-06-23,29363.628221,29748.570756,29277.532311,29346.646405,14633638202.0
2026-06-24,29332.325758,29589.782387,28962.424615,29218.731113,14937356615.0
2026-06-25,29849.398722,29849.398722,29003.867006,29438.868882,9869827673.0
2026-06-26,29037.784731,29413.174645,28887.560786,29120.247677,16595138994.0
2026-06-29,29308.530144,29795.8609,28988.526434,29772.150072,9777459121.0
2026-06-30,29794.720068,30330.238228,29762.891007,30276.203258,9811607667.0
2026-07-01,29911.806059,30082.637252,29788.221154,29808.113032,9094641447.0
2026-07-02,29776.611306,30045.471648,29090.392392,29325.800206,9530057167.0
2026-07-06,29577.763452,29845.860274,29551.037544,29698.402468,7828080613.0
2026-07-07,29362.071769,29426.571939,28974.427091,29180.793044,8245145970.0
2026-07-08,29032.278316,29283.486286,28811.372952,29254.40238,7935909373.0
2026-07-09,29490.9572,29774.993478,29396.485511,29727.14013,7311168587.0
2026-07-10,29615.695908,29862.999651,29478.774745,29821.790013,7094314811.0
2026-07-13,29471.626439,29542.28054,29189.555544,29262.352143,7231010579.0
2026-07-14,29557.835838,29694.493137,29368.462408,29591.193753,7398211145.0
2026-07-15,29762.77339,29776.542256,29190.040442,29496.454547,7379042082.0
2026-07-16,29317.899081,29334.795864,28880.164285,29024.981415,8294571411.0
2026-07-17,28457.848513,28867.623211,28232.129568,28596.131962,7819116058.0
2026-07-20,28875.23188,29017.21093,28586.688706,28604.734455,7183816049.0
2026-07-21,29055.065013,29186.309407,28890.654815,29155.433685,8001433984.0
2026-07-22,28950.823183,29175.004214,28934.868794,28995.514496,7472712132.0
2026-07-23,28542.761546,28730.781687,28268.342141,28458.766301,7656049563.0
2026-07-24,28363.545621,28475.035661,28054.00187,28127.876912,7266857151.0
2026-07-27,28406.932175,28462.580146,27785.891624,28040.348169,7799125193.0
2026-07-28,27809.052332,27922.738126,27455.709957,27758.404862,8585746945.0
2026-07-29,27779.186951,27962.408241,27177.795665,27194.732992,8276848572.0
2026-07-30,27758.802762,28160.181846,27688.467361,28110.597847,9049253403.0
2026-07-31,28448.110682,28612.999881,27952.080121,28276.831789,11941896626.0
2026-08-03,28275.137315,28840.914086,28199.956271,28775.876118,11118721221.0
2026-08-04,29107.188711,29837.152242,29104.938857,29734.033848,9717451540.0
2026-08-05,29866.468564,29944.59146,29472.52613,29488.52813,9117827432.0
2026-08-06,29223.370171,29569.869737,29122.45845,29373.613476,8937212314.0
2026-08-07,29596.993937,29750.365358,29445.612258,29726.588663,8184386540.0
2026-08-10,29707.977284,29786.314263,29607.567998,29621.267285,7675196979.0
2026-08-11,29697.275591,29707.136144,29428.673429,29521.949366,7684841616.0
2026-08-12,29878.359517,29879.529115,29717.093521,29740.448749,7872891536.0
2026-08-13,29790.673155,30166.296468,29756.076106,30087.773745,8380093561.0
2026-08-14,30165.093927,30178.927538,29935.989174,30049.818414,7213291979.0
2026-08-17,30148.761275,30197.03109,29972.482493,29990.094819,7643564018.0
2026-08-18,29595.313635,29679.106331,29424.951349,29489.73134,7359429637.0
2026-08-19,29579.659614,29653.342568,29288.032851,29428.885286,8172523658.0
2026-08-20,29290.467708,29381.831826,29120.976626,29212.406664,8244783545.0
2026-08-21,29362.255709,29401.316891,29143.162971,29315.966077,7410649930.0
2026-08-24,29097.907743,29148.931567,28874.100664,29021.107045,7317621318.0
2026-08-25,29226.878018,29337.748367,29075.937105,29205.02878,7483303461.0
2026-08-26,29129.33468,29296.253018,29098.716342,29225.740689,7065900571.0
2026-08-27,29484.382275,29640.410384,29365.670313,29640.410384,7448127271.0
2026-08-28,29539.411427,29750.985622,29383.000113,29434.381154,8457702841.0
2026-08-31,29404.671246,29480.335234,29307.413467,29456.798272,7679861129.0
2026-09-01,29057.099179,29263.755071,28951.068277,29078.780774,6750699366.0
2026-09-02,29014.192039,29167.727069,28969.605396,29140.018832,7442620040.0
2026-09-03,29235.364669,29538.850562,29161.899799,29480.739137,7601333677.0
2026-09-04,29540.886445,29655.189564,29440.179135,29539.940704,6528762661.0
2026-09-08,29640.855664,29658.161816,29400.130539,29506.796197,7714827579.0
2026-09-09,29434.965365,29565.366701,29337.105823,29418.185497,7379479912.0
2026-09-10,29096.684759,29251.04281,29036.595105,29105.985793,7173607339.0
2026-09-11,29335.880282,29463.385376,29309.435232,29375.593751,6588647546.0
2026-09-14,28886.829837,29284.310333,28867.401645,29127.610687,7180034085.0
2026-09-15,29098.70762,29145.982723,28898.11223,28937.819345,7932949009.0
2026-09-16,29107.726456,29234.794307,28756.69272,28943.255737,9971333054.0
2026-09-17,29399.749789,29494.222263,29307.797191,29450.499993,9883440535.0
2026-09-18,29536.098727,29651.023274,29371.65535,29647.280947,13286639005.0
2026-09-21,29945.825323,30558.885255,29931.723695,30486.227619,8813217010.0
2026-09-22,30496.353531,30774.524677,30496.353531,30734.387875,9335848612.0
2026-09-23,30705.76756,30705.76756,30352.590468,30468.841318,8490441074.0
2026-09-24,30223.592246,30532.566543,30203.920859,30482.395304,8077734060.0
2026-09-25,30515.442612,30669.244184,30414.843914,30606.812652,7275544847.0
2026-09-28,30428.65913,30475.593005,30081.362173,30276.44937,7030445052.0
2026-09-29,30409.945055,30432.151617,30234.909116,30343.573919,1071081447.0
