Date,Open,High,Low,Close,Volume
2017-07-10,1416.328791,1419.385527,1403.864744,1408.566098,2658.0
2017-07-11,1408.771528,1414.427266,1400.049958,1413.004453,5842.0
2017-07-12,1413.461677,1432.677728,1411.542936,1422.599479,5998.0
2017-07-13,1422.903939,1425.964783,1413.913132,1425.715917,4203.0
2017-07-14,1425.533243,1433.366329,1420.811566,1428.420274,4915.0
2017-07-17,1428.89569,1434.7749,1422.290538,1430.58607,5150.0
2017-07-18,1428.896699,1431.883452,1420.293043,1426.761951,5816.0
2017-07-19,1426.636065,1442.834519,1425.199523,1442.304485,8112.0
2017-07-20,1440.71264,1445.394835,1438.832239,1441.986324,8966.0
2017-07-21,1442.175728,1444.32213,1432.232588,1435.409296,8294.0
2017-07-24,1434.945393,1438.103838,1428.054573,1436.295,7007.0
2017-07-25,1435.448613,1452.376388,1435.392983,1450.102492,10882.0
2017-07-26,1450.565218,1452.369044,1439.796686,1441.168078,10838.0
2017-07-27,1442.948042,1446.959926,1424.7351,1431.254614,23016.0
2017-07-28,1431.73373,1432.788578,1424.231746,1430.091387,12889.0
2017-07-31,1429.64564,1433.497303,1418.965269,1424.70406,11695.0
2017-08-01,1428.899182,1431.83393,1418.943857,1428.132436,9124.0
2017-08-02,1427.229838,1429.339146,1406.477641,1411.80227,18192.0
2017-08-03,1411.175334,1414.21699,1400.499896,1405.105605,14720.0
2017-08-04,1405.611587,1412.197893,1403.254383,1410.988631,12150.0
2017-08-07,1411.627218,1417.691026,1406.326132,1414.094221,9212.0
2017-08-08,1413.023028,1426.660849,1405.725723,1409.649543,21139.0
2017-08-09,1408.401617,1409.349425,1391.519149,1396.96148,23739.0
2017-08-10,1398.676225,1398.739766,1366.631857,1369.967556,29621.0
2017-08-11,1367.91469,1375.849823,1364.142472,1372.283698,23824.0
2017-08-14,1371.625585,1395.118067,1371.625585,1393.329416,18257.0
2017-08-15,1394.242498,1400.300318,1381.407127,1381.819887,13781.0
2017-08-16,1382.269898,1392.359514,1380.39171,1382.411044,15078.0
2017-08-17,1381.266792,1385.234141,1351.326756,1354.24773,33538.0
2017-08-18,1352.858875,1361.885873,1348.656194,1356.93944,24551.0
2017-08-21,1358.450391,1360.942801,1348.861594,1355.428102,15656.0
2017-08-22,1355.631241,1372.027912,1355.224157,1370.921225,16832.0
2017-08-23,1369.140173,1373.434159,1359.56324,1367.132103,16259.0
2017-08-24,1365.982999,1377.217626,1363.61612,1373.373742,17434.0
2017-08-25,1374.154352,1380.579136,1370.05117,1375.598496,16235.0
2017-08-28,1375.642466,1383.799711,1372.144698,1381.833188,15533.0
2017-08-29,1375.633091,1385.869826,1368.595992,1382.27348,27256.0
2017-08-30,1383.364404,1392.599094,1378.760358,1390.780857,20733.0
2017-08-31,1389.819333,1407.006116,1389.345794,1404.906004,28338.0
2017-09-01,1403.510813,1414.485868,1403.510813,1411.760543,18672.0
2017-09-05,1404.614305,1420.008547,1393.652492,1401.306774,58158.0
2017-09-06,1400.119058,1407.724776,1397.757475,1401.563306,56436.0
2017-09-07,1399.984944,1404.665684,1393.603946,1398.413912,110587.0
2017-09-08,1398.694268,1405.78948,1393.329892,1403.668971,177362.0
2017-09-11,1401.67215,1417.130816,1401.419883,1416.438339,181561.0
2017-09-12,1415.641944,1424.642777,1415.641944,1423.718936,202285.0
2017-09-13,1423.285222,1429.940472,1420.58498,1427.157839,103000.0
2017-09-14,1426.048157,1429.20696,1422.088119,1427.455131,88045.0
2017-09-15,1426.019609,1426.94978,1421.628841,1426.94978,60751.0
2017-09-18,1432.404071,1445.145243,1431.47983,1442.25044,65624.0
2017-09-19,1441.094817,1444.456428,1437.96908,1441.820423,42993.0
2017-09-20,1440.630275,1447.959586,1439.602606,1447.258756,78477.0
2017-09-21,1446.304411,1449.573014,1441.831328,1445.487154,58203.0
2017-09-22,1444.121363,1455.929069,1438.986515,1450.861787,65982.0
2017-09-25,1449.863822,1456.550451,1443.903437,1453.86408,80585.0
2017-09-26,1453.960144,1462.433805,1451.155428,1457.755584,64583.0
2017-09-27,1457.534029,1489.718927,1457.096614,1487.78614,183475.0
2017-09-28,1485.863498,1492.776175,1478.648795,1492.649761,101030.0
2017-09-29,1492.315018,1495.132017,1488.445611,1492.876858,93272.0
2017-10-02,1494.975536,1513.685742,1491.725503,1512.399884,92485.0
2017-10-03,1512.654651,1516.470601,1504.156504,1515.645617,89826.0
2017-10-04,1515.82544,1517.236301,1505.254713,1511.434976,73774.0
2017-10-05,1508.500835,1517.535579,1508.487989,1515.705851,63458.0
2017-10-06,1513.594964,1514.895738,1506.592321,1511.718086,60823.0
2017-10-09,1510.558693,1518.12177,1503.027604,1507.652071,54417.0
2017-10-10,1506.693232,1514.090345,1505.297382,1510.227092,77383.0
2017-10-11,1509.658311,1513.03063,1505.660751,1507.648738,60030.0
2017-10-12,1507.987547,1511.214597,1501.192483,1507.898991,70313.0
2017-10-13,1507.693539,1511.850856,1503.160756,1506.3219,61443.0
2017-10-16,1506.846316,1514.402575,1501.254083,1505.410308,73890.0
2017-10-17,1505.16141,1508.785118,1495.994005,1499.464325,84544.0
2017-10-18,1499.748636,1510.345234,1498.928206,1506.330757,96433.0
2017-10-19,1506.16379,1507.021232,1491.869757,1502.873385,83610.0
2017-10-20,1503.54592,1513.882792,1502.638342,1510.192133,75928.0
2017-10-23,1508.341476,1512.685495,1496.315152,1497.876703,68438.0
2017-10-24,1496.646882,1508.220039,1496.646882,1501.254103,53462.0
2017-10-25,1499.948471,1500.477445,1481.692016,1497.871157,97198.0
2017-10-26,1497.468427,1503.498818,1494.62845,1499.729944,62413.0
2017-10-27,1499.448708,1509.200237,1492.291857,1508.112926,94230.0
2017-10-30,1507.677193,1508.877385,1482.919815,1493.213972,120258.0
2017-10-31,1490.945066,1507.839849,1490.27114,1502.630192,102782.0
2017-11-01,1503.43903,1516.443274,1483.23531,1491.673718,135929.0
2017-11-02,1488.427069,1501.790678,1482.165792,1496.255058,92464.0
2017-11-03,1495.808901,1498.677468,1489.447684,1494.919285,67916.0
2017-11-06,1493.746062,1502.980025,1489.067955,1497.049312,79817.0
2017-11-07,1498.121694,1500.595761,1473.832546,1477.381824,125331.0
2017-11-08,1476.113486,1483.251623,1466.822103,1482.66314,120578.0
2017-11-09,1482.990409,1485.330098,1461.444674,1477.282863,173636.0
2017-11-10,1477.58595,1479.543955,1470.344166,1474.027382,106271.0
2017-11-13,1474.579793,1477.391324,1463.299129,1473.576694,85322.0
2017-11-14,1472.351921,1474.640029,1464.254335,1470.528901,90463.0
2017-11-15,1469.526111,1470.779567,1453.227154,1463.602933,132968.0
2017-11-16,1463.919067,1492.705195,1462.27492,1486.071172,134028.0
2017-11-17,1485.939114,1498.956891,1480.196997,1492.934648,109840.0
2017-11-20,1492.392787,1504.314999,1486.345165,1504.116523,84440.0
2017-11-21,1503.753718,1521.395555,1501.68887,1518.382912,94616.0
2017-11-22,1517.875452,1526.439111,1514.093372,1516.604495,41212.0
2017-11-24,1512.668974,1524.716733,1510.404354,1518.57755,43407.0
2017-11-27,1520.112303,1524.847626,1512.534468,1513.753485,82245.0
2017-11-28,1515.125965,1538.028295,1511.43202,1536.621654,125654.0
2017-11-29,1535.904682,1550.443922,1534.5344,1541.546171,136214.0
2017-11-30,1541.763751,1553.964568,1538.69937,1545.476818,165171.0
2017-12-01,1542.667744,1545.8724,1494.793352,1537.705958,239354.0
2017-12-04,1547.899783,1562.139036,1528.977838,1531.087039,162253.0
2017-12-05,1532.165521,1539.055154,1515.255306,1516.429514,143968.0
2017-12-06,1516.037894,1519.571384,1506.699226,1507.750381,124144.0
2017-12-07,1509.175457,1525.882474,1507.331258,1521.075263,204860.0
2017-12-08,1521.484714,1529.770075,1519.794276,1521.306509,221432.0
2017-12-11,1521.707031,1527.92779,1517.114395,1521.938559,247570.0
2017-12-12,1523.069221,1526.205197,1515.239597,1515.924949,122795.0
2017-12-13,1516.994311,1534.28979,1509.970807,1525.627936,86300.0
2017-12-14,1524.213756,1528.926514,1502.841125,1509.033829,55454.0
2017-12-15,1506.862699,1517.25622,1506.862699,1510.549422,145223.0
2017-12-18,1536.486591,1557.216099,1535.459,1550.811534,100434.0
2017-12-19,1552.368467,1556.518673,1536.067359,1538.393146,89573.0
2017-12-20,1538.655511,1548.907306,1537.592906,1539.585125,82383.0
2017-12-21,1540.064457,1555.68595,1539.166206,1549.953015,66491.0
2017-12-22,1550.375277,1553.867533,1543.040384,1543.810794,36700.0
2017-12-26,1544.321376,1550.607511,1542.692815,1547.106478,37195.0
2017-12-27,1548.033513,1553.879383,1540.917851,1545.415559,62641.0
2017-12-28,1544.673882,1550.40959,1542.894451,1549.565023,42128.0
2017-12-29,1548.989463,1557.082977,1529.971508,1536.48565,97890.0
2018-01-02,1539.07633,1553.473674,1533.626513,1548.681707,107474.0
2018-01-03,1548.875183,1557.781147,1547.771497,1555.635099,92640.0
2018-01-04,1554.505231,1564.165804,1553.041843,1556.822971,74777.0
2018-01-05,1557.235102,1562.597131,1551.630062,1562.094563,88060.0
2018-01-08,1561.025091,1565.726594,1546.625113,1562.413557,92573.0
2018-01-09,1562.42358,1567.539297,1558.657773,1560.671079,79420.0
2018-01-10,1559.24936,1564.204735,1548.453584,1562.094386,101346.0
2018-01-11,1561.387414,1589.711223,1559.0664,1587.980163,123800.0
2018-01-12,1586.0813,1602.120963,1585.287444,1595.936834,118604.0
2018-01-16,1594.114346,1606.967648,1570.5603,1577.189608,170943.0
2018-01-17,1578.271837,1593.363947,1575.706321,1589.151231,117925.0
2018-01-18,1588.907509,1591.723888,1574.18273,1575.080067,108949.0
2018-01-19,1576.745709,1601.470413,1572.275956,1598.85539,138353.0
2018-01-22,1593.328307,1608.792885,1590.881848,1606.880663,95258.0
2018-01-23,1607.470987,1616.212233,1599.988685,1612.974208,96855.0
2018-01-24,1612.085625,1618.975496,1596.458753,1601.069903,128457.0
2018-01-25,1601.304214,1612.522803,1594.458868,1604.198633,106288.0
2018-01-26,1604.151205,1610.085638,1600.399438,1609.54662,69361.0
2018-01-29,1608.899915,1612.904089,1597.080116,1597.661779,90592.0
2018-01-30,1598.916877,1601.408759,1579.802159,1587.068984,134683.0
2018-01-31,1586.776753,1596.735325,1570.891991,1576.130438,126675.0
2018-02-01,1578.596368,1584.825763,1565.449792,1582.86019,136444.0
2018-02-02,1582.852838,1585.794115,1542.181411,1544.054956,179451.0
2018-02-05,1543.53878,1548.402808,1447.266466,1459.359915,263148.0
2018-02-06,1470.25325,1513.496185,1415.119482,1507.47673,250709.0
2018-02-07,1502.239931,1518.211214,1487.476388,1497.610812,182863.0
2018-02-08,1495.612802,1511.918882,1461.639679,1463.779869,198930.0
2018-02-09,1463.698376,1489.148577,1433.858303,1476.96325,280432.0
2018-02-12,1480.402459,1498.65501,1463.650659,1492.229569,196120.0
2018-02-13,1489.272285,1497.704233,1475.983896,1496.19136,102467.0
2018-02-14,1496.227321,1524.437497,1470.058929,1520.772834,174052.0
2018-02-15,1521.346065,1542.885899,1514.703064,1540.847831,110327.0
2018-02-16,1538.944327,1552.918403,1533.933879,1544.141488,122129.0
2018-02-20,1543.621017,1550.946717,1526.030672,1530.603653,113127.0
2018-02-21,1530.339107,1557.443859,1524.000187,1528.291498,131683.0
2018-02-22,1527.859283,1549.704486,1517.093031,1536.389896,112475.0
2018-02-23,1536.370176,1551.754105,1530.68359,1551.041104,0.0
2018-02-26,1552.39771,1563.751928,1542.97896,1561.794606,75033.0
2018-02-27,1560.849751,1567.68787,1534.925347,1538.516837,105302.0
2018-02-28,1538.044796,1544.688683,1507.778063,1511.1937,146371.0
2018-03-01,1511.798712,1524.186173,1491.551554,1505.366914,193191.0
2018-03-02,1505.759206,1535.779805,1490.374838,1530.483917,151608.0
2018-03-05,1525.744961,1550.849467,1514.641864,1543.888357,127994.0
2018-03-06,1543.462658,1562.618507,1535.950211,1559.04316,109861.0
2018-03-07,1549.664811,1578.088979,1537.801646,1573.553962,134928.0
2018-03-08,1574.132896,1582.722088,1562.901619,1573.6793,162784.0
2018-03-09,1573.08596,1598.252471,1569.781136,1597.356479,170809.0
2018-03-12,1599.084721,1606.845748,1593.190075,1601.744952,222807.0
2018-03-13,1601.826142,1611.771425,1590.212975,1597.619638,126332.0
2018-03-14,1593.436287,1604.6911,1582.168097,1585.066412,58811.0
2018-03-15,1585.220488,1589.648005,1572.289589,1579.0636,21605.0
2018-03-16,1582.270286,1589.00657,1575.813554,1576.64179,112276.0
2018-03-19,1591.238177,1591.238177,1555.259808,1577.818719,120999.0
2018-03-20,1577.441445,1582.390595,1568.476443,1576.820293,80782.0
2018-03-21,1575.457762,1594.450576,1571.275059,1584.134832,109887.0
2018-03-22,1583.502255,1589.457359,1542.409852,1544.040467,181511.0
2018-03-23,1547.161324,1555.340562,1512.761572,1518.246475,187868.0
2018-03-26,1517.950874,1546.945631,1515.964371,1546.112004,137153.0
2018-03-27,1545.947819,1557.410394,1509.032768,1518.892557,154485.0
2018-03-28,1516.422792,1526.81952,1505.998632,1517.17624,158398.0
2018-03-29,1519.774253,1543.536249,1514.451428,1531.319675,142312.0
2018-04-02,1527.530207,1532.562076,1482.774437,1491.771964,176400.0
2018-04-03,1495.235596,1517.439938,1492.76744,1513.7416,138671.0
2018-04-04,1514.178673,1537.263449,1484.101236,1534.873874,132686.0
2018-04-05,1534.154098,1547.703549,1532.375495,1543.706959,97435.0
2018-04-06,1545.603235,1547.410325,1501.917816,1515.197618,143622.0
2018-04-09,1517.341621,1537.480749,1513.436057,1519.664286,93071.0
2018-04-10,1519.178977,1551.425227,1514.222825,1545.703867,121195.0
2018-04-11,1544.827902,1554.726802,1530.280514,1548.290288,87649.0
2018-04-12,1549.23935,1565.700683,1548.722916,1559.253257,81505.0
2018-04-13,1558.304118,1564.592234,1546.49355,1552.853203,96311.0
2018-04-16,1558.032862,1570.397005,1552.889879,1566.619872,96182.0
2018-04-17,1565.649165,1587.063593,1564.3959,1583.86749,92254.0
2018-04-18,1582.715019,1595.925309,1582.347155,1587.930056,80284.0
2018-04-19,1588.062702,1590.852181,1570.360834,1575.207882,89093.0
2018-04-20,1574.561355,1578.866057,1562.224524,1566.668181,94358.0
2018-04-23,1573.888053,1574.396866,1556.775552,1565.335437,65552.0
2018-04-24,1564.277644,1577.771708,1542.936441,1556.733767,134373.0
2018-04-25,1556.169377,1559.907445,1540.590101,1555.142868,121516.0
2018-04-26,1556.34808,1565.843058,1550.21984,1564.029036,92981.0
2018-04-27,1563.730993,1564.568684,1548.556924,1558.875905,86430.0
2018-04-30,1557.293415,1567.223019,1541.427389,1543.681748,102768.0
2018-05-01,1542.975036,1554.921207,1527.212757,1552.680342,114634.0
2018-05-02,1553.193106,1568.388921,1546.703527,1552.60759,93729.0
2018-05-03,1552.875582,1558.216423,1531.1795,1550.794326,137447.0
2018-05-04,1550.033271,1575.192177,1537.856178,1566.747703,111831.0
2018-05-07,1566.706458,1588.812176,1565.648643,1581.472938,86122.0
2018-05-08,1580.734688,1590.025691,1575.137378,1589.68912,99255.0
2018-05-09,1588.919153,1600.890932,1583.370344,1598.233359,97283.0
2018-05-10,1598.272512,1611.727104,1596.124233,1605.316104,84111.0
2018-05-11,1604.298244,1611.013765,1599.778131,1609.204921,87047.0
2018-05-14,1608.787416,1616.387195,1598.51144,1604.29439,102887.0
2018-05-15,1604.143408,1605.781133,1591.037133,1601.854773,110558.0
2018-05-16,1602.715663,1622.943545,1598.923212,1619.082383,95421.0
2018-05-17,1619.887886,1629.585997,1616.307595,1626.341516,87646.0
2018-05-18,1626.223118,1632.374816,1623.769508,1626.70868,87061.0
2018-05-21,1633.751645,1641.616696,1631.266073,1640.621712,81933.0
2018-05-22,1640.162577,1643.657769,1625.513597,1626.813863,76223.0
2018-05-23,1625.795312,1632.055397,1617.852902,1629.474927,88218.0
2018-05-24,1629.492285,1632.340359,1614.992987,1629.832664,94840.0
2018-05-25,1629.80909,1636.489596,1623.371674,1625.543134,73370.0
2018-05-29,1623.808299,1630.783307,1607.24147,1625.106282,144097.0
2018-05-30,1626.223131,1652.760814,1621.051373,1649.755534,127606.0
2018-05-31,1648.279872,1654.378228,1631.566909,1634.226101,138680.0
2018-06-01,1638.211024,1652.38544,1636.611424,1650.411018,113893.0
2018-06-04,1648.625566,1656.033635,1641.171882,1654.677694,94883.0
2018-06-05,1655.020141,1667.466253,1651.438931,1666.082656,100434.0
2018-06-06,1665.641804,1679.411828,1663.92014,1678.386463,102850.0
2018-06-07,1677.863521,1681.008432,1659.970248,1670.096097,173624.0
2018-06-08,1671.204786,1673.691202,1661.211367,1671.052402,182456.0
2018-06-11,1668.520967,1678.868029,1665.959871,1676.793675,237924.0
2018-06-12,1675.055185,1686.747061,1672.192532,1680.957859,136794.0
2018-06-13,1682.766078,1686.107179,1673.646734,1675.702271,73447.0
2018-06-14,1675.878154,1687.521053,1670.912421,1686.165555,33033.0
2018-06-15,1684.63445,1687.507645,1676.076082,1677.614557,128072.0
2018-06-18,1687.242091,1699.849006,1677.574354,1699.584984,99625.0
2018-06-19,1698.810857,1699.960887,1675.870518,1698.651971,138886.0
2018-06-20,1699.281725,1713.694708,1694.557588,1713.464338,113387.0
2018-06-21,1712.066846,1720.606406,1689.601895,1693.808793,153964.0
2018-06-22,1693.852526,1703.006114,1684.342978,1691.087455,196789.0
2018-06-25,1689.115156,1690.967098,1652.358494,1662.276071,202035.0
2018-06-26,1662.577488,1677.612837,1657.229429,1674.662219,161915.0
2018-06-27,1673.270939,1675.88961,1643.437348,1644.267428,162424.0
2018-06-28,1643.185244,1652.122202,1632.746571,1650.743354,155491.0
2018-06-29,1650.4523,1660.775876,1646.030182,1647.708328,147286.0
2018-07-02,1646.567927,1661.136002,1633.239699,1659.960483,122559.0
2018-07-03,1659.7052,1673.043126,1655.702835,1667.318294,0.0
2018-07-05,1670.409342,1685.411168,1663.883561,1684.030533,123176.0
2018-07-06,1681.54879,1702.026827,1678.310356,1700.70731,96104.0
2018-07-09,1700.784497,1711.352652,1700.041879,1710.524129,75627.0
2018-07-10,1710.660825,1715.017686,1690.230462,1700.069872,94483.0
2018-07-11,1692.628247,1701.973183,1683.439452,1686.689059,117142.0
2018-07-12,1689.691747,1697.606206,1681.860933,1692.432889,110111.0
2018-07-13,1692.781612,1702.48464,1688.742042,1691.672121,92519.0
2018-07-16,1692.220898,1695.440334,1674.257353,1683.341198,99574.0
2018-07-17,1682.809674,1695.317863,1680.360516,1690.231925,99006.0
2018-07-18,1691.375991,1695.006739,1680.163674,1694.409769,81405.0
2018-07-19,1694.553719,1707.474607,1686.916796,1705.493041,106203.0
2018-07-20,1704.551515,1707.548321,1697.515002,1698.968586,101520.0
2018-07-23,1699.853777,1705.486288,1691.961041,1702.430488,77527.0
2018-07-24,1702.110648,1711.727722,1676.136166,1682.075889,123485.0
2018-07-25,1680.265123,1691.043373,1674.843652,1689.748522,116085.0
2018-07-26,1687.340507,1707.652533,1687.340507,1701.113738,114887.0
2018-07-27,1699.067361,1703.103789,1661.192152,1661.652231,142195.0
2018-07-30,1661.640464,1673.469816,1653.347005,1655.097263,122917.0
2018-07-31,1656.232589,1679.529483,1653.290528,1672.296097,140969.0
2018-08-01,1677.259431,1677.259431,1657.890976,1668.292597,105748.0
2018-08-02,1670.498075,1685.543321,1656.850859,1684.963292,110413.0
2018-08-03,1685.260418,1689.660168,1668.111767,1674.912571,112663.0
2018-08-06,1676.577023,1687.11602,1670.818516,1686.537418,86925.0
2018-08-07,1686.492426,1697.422031,1685.943515,1691.454047,87875.0
2018-08-08,1692.143539,1692.499035,1676.729244,1687.177272,87225.0
2018-08-09,1685.734698,1699.236008,1685.213351,1693.333741,71710.0
2018-08-10,1691.743163,1698.353821,1680.31441,1687.244858,107060.0
2018-08-13,1686.294398,1691.852051,1669.909399,1677.137025,115593.0
2018-08-14,1678.027104,1698.137044,1677.649555,1696.738331,100350.0
2018-08-15,1696.484348,1697.271206,1662.571265,1673.745103,148329.0
2018-08-16,1674.020169,1693.192263,1671.151672,1689.201245,91731.0
2018-08-17,1688.225721,1697.74846,1680.106687,1697.065722,85402.0
2018-08-20,1697.560827,1702.900204,1689.136704,1699.163625,81688.0
2018-08-21,1700.161778,1724.905633,1696.013178,1717.083123,120077.0
2018-08-22,1712.417177,1725.583865,1708.645045,1723.154978,87283.0
2018-08-23,1723.970681,1726.008505,1712.745555,1717.476174,92223.0
2018-08-24,1719.245356,1728.990368,1718.193146,1726.704239,74435.0
2018-08-27,1727.852509,1740.204514,1726.794369,1731.01329,82951.0
2018-08-28,1731.06503,1735.770243,1721.615501,1729.623571,76772.0
2018-08-29,1729.482854,1738.286387,1724.758689,1736.918382,83193.0
2018-08-30,1737.36311,1742.611459,1728.166648,1734.937483,95989.0
2018-08-31,1732.908641,1744.143014,1727.957127,1740.709113,0.0
2018-09-04,1743.457148,1746.761693,1720.811138,1734.723345,139780.0
2018-09-05,1735.120572,1736.304676,1712.882609,1728.637714,123516.0
2018-09-06,1729.212317,1734.259646,1713.548886,1715.263533,127845.0
2018-09-07,1714.392176,1723.604868,1705.746238,1715.984764,125197.0
2018-09-10,1715.349548,1726.149562,1712.73485,1719.570238,107966.0
2018-09-11,1719.477967,1725.300614,1708.599614,1720.493701,113705.0
2018-09-12,1722.077141,1722.360035,1702.133554,1716.404017,133548.0
2018-09-13,1715.615368,1724.468679,1710.937921,1714.997712,161767.0
2018-09-14,1715.340301,1728.275833,1712.621848,1723.838105,175141.0
2018-09-17,1720.353023,1723.631191,1701.989874,1704.044233,223098.0
2018-09-18,1703.364646,1715.332537,1697.910495,1712.796759,141551.0
2018-09-19,1713.130486,1719.041736,1698.901555,1704.680557,102999.0
2018-09-20,1705.508703,1724.605028,1704.876134,1723.648057,37214.0
2018-09-21,1723.313391,1727.442545,1720.038047,1720.348697,126127.0
2018-09-24,1713.013764,1717.334198,1699.533802,1709.722385,99939.0
2018-09-25,1710.3934,1717.75038,1708.320379,1714.734443,78395.0
2018-09-26,1714.859461,1719.433217,1692.722428,1694.991204,119678.0
2018-09-27,1696.194813,1702.97462,1693.334543,1696.69426,100811.0
2018-09-28,1698.560322,1705.999729,1686.857677,1700.749635,133564.0
2018-10-01,1703.560699,1711.538657,1672.49549,1678.286785,158261.0
2018-10-02,1679.779122,1680.56808,1656.617105,1660.798553,147716.0
2018-10-03,1660.777882,1682.24084,1658.979574,1678.435283,146470.0
2018-10-04,1675.423027,1675.682822,1645.483862,1650.692627,174405.0
2018-10-05,1652.945491,1657.717242,1620.434967,1639.446435,202222.0
2018-10-08,1640.781855,1642.418811,1619.206273,1634.243965,115786.0
2018-10-09,1633.910203,1641.240114,1623.540377,1626.622186,143894.0
2018-10-10,1627.053887,1629.439948,1565.610873,1570.685427,250665.0
2018-10-11,1567.60725,1585.810444,1544.182871,1553.640862,315922.0
2018-10-12,1555.269586,1575.623715,1530.711546,1549.309041,262936.0
2018-10-15,1553.42969,1565.062402,1535.386871,1550.569872,193752.0
2018-10-16,1549.78822,1601.917022,1548.737605,1600.704927,197181.0
2018-10-17,1598.839558,1602.188128,1570.543871,1593.943305,162796.0
2018-10-18,1593.269968,1593.925249,1555.411615,1562.428736,162754.0
2018-10-19,1564.4165,1575.494729,1539.036703,1542.765453,158068.0
2018-10-22,1541.044652,1556.599153,1532.95978,1542.175116,127977.0
2018-10-23,1541.919359,1542.87119,1500.049803,1531.175652,196449.0
2018-10-24,1531.322446,1534.53378,1467.62331,1469.939705,201001.0
2018-10-25,1478.175017,1508.983095,1469.290184,1495.099158,187974.0
2018-10-26,1487.977822,1504.973639,1457.462984,1490.818897,224844.0
2018-10-29,1487.968693,1517.097189,1460.596514,1480.137591,190559.0
2018-10-30,1477.910354,1514.222566,1474.655309,1512.08165,192304.0
2018-10-31,1512.335789,1529.511411,1508.322172,1512.111668,184306.0
2018-11-01,1511.507049,1547.939392,1510.503899,1542.198816,178865.0
2018-11-02,1537.51776,1559.749123,1534.608486,1549.364495,186370.0
2018-11-05,1548.86385,1557.092029,1533.25592,1549.635873,119886.0
2018-11-06,1549.387918,1562.351194,1543.610657,1559.230565,117202.0
2018-11-07,1557.511545,1585.798957,1550.413853,1584.261875,159432.0
2018-11-08,1583.894323,1589.294171,1573.490894,1582.347774,116217.0
2018-11-09,1580.318733,1583.121903,1539.216228,1551.785689,157226.0
2018-11-12,1552.467364,1561.688189,1518.470309,1520.429676,178491.0
2018-11-13,1522.041135,1540.601309,1512.671,1517.350469,164623.0
2018-11-14,1520.137978,1534.528488,1493.879218,1500.004557,184005.0
2018-11-15,1501.629157,1528.674969,1490.20266,1527.405641,191877.0
2018-11-16,1526.500669,1532.321546,1509.539001,1531.682047,152244.0
2018-11-19,1528.036962,1533.355403,1491.829728,1500.471707,153275.0
2018-11-20,1501.543078,1501.667793,1464.243623,1467.09467,192122.0
2018-11-21,1466.182354,1502.336104,1463.765244,1487.840767,116540.0
2018-11-23,1477.535345,1501.28616,1472.582977,1486.044816,89447.0
2018-11-26,1489.883762,1512.35438,1486.334405,1503.668406,120978.0
2018-11-27,1498.843815,1511.046389,1490.465182,1493.479736,123861.0
2018-11-28,1494.576457,1532.202039,1484.313935,1527.874635,159671.0
2018-11-29,1525.58428,1535.314883,1512.395562,1527.439928,126905.0
2018-11-30,1526.769348,1536.861541,1517.976923,1534.5346,139830.0
2018-12-03,1548.395585,1562.403475,1527.727227,1547.727652,152276.0
2018-12-04,1547.44029,1549.245506,1478.426035,1481.744807,227561.0
2018-12-06,1489.538189,1490.821623,1440.889232,1475.482952,236101.0
2018-12-07,1477.201806,1488.739321,1438.87953,1450.137326,199576.0
2018-12-10,1446.15693,1456.547036,1420.552487,1447.158461,192080.0
2018-12-11,1449.365453,1468.36563,1430.045936,1444.094647,166610.0
2018-12-12,1438.767108,1474.158056,1438.767108,1455.753481,168437.0
2018-12-13,1455.935667,1464.76886,1430.969054,1432.214689,202799.0
2018-12-14,1434.87432,1437.747195,1406.364633,1412.203558,159102.0
2018-12-17,1409.677735,1419.741651,1371.590207,1386.48132,234942.0
2018-12-18,1387.752411,1402.241279,1367.951292,1372.318649,144495.0
2018-12-19,1370.832119,1399.972244,1340.647118,1345.6773,106781.0
2018-12-20,1346.022974,1361.651113,1312.083496,1336.193117,89736.0
2018-12-21,1336.943546,1342.281089,1325.07601,1326.151057,250785.0
2018-12-24,1294.919829,1305.025592,1263.453349,1263.966773,123734.0
2018-12-26,1267.080081,1333.467486,1252.134051,1331.044619,177785.0
2018-12-27,1329.288685,1337.468213,1289.133245,1333.520178,225223.0
2018-12-28,1335.088629,1360.654164,1326.149237,1340.848396,165130.0
2018-12-31,1345.191651,1354.949772,1328.083454,1349.06877,155953.0
2019-01-02,1353.084696,1362.965131,1323.61077,1356.35109,162576.0
2019-01-03,1344.750404,1357.045272,1326.172318,1330.289184,174002.0
2019-01-04,1333.140428,1387.218388,1325.334871,1381.828272,182288.0
2019-01-07,1384.52725,1414.724387,1375.65134,1405.939667,173005.0
2019-01-08,1406.859,1429.223605,1404.591997,1426.156481,164475.0
2019-01-09,1424.133694,1445.009433,1422.842689,1437.695529,136821.0
2019-01-10,1436.066759,1448.552091,1424.380257,1446.796817,139766.0
2019-01-11,1445.777756,1451.025341,1437.299177,1447.680723,115015.0
2019-01-14,1446.176427,1446.426203,1431.286564,1434.006579,122879.0
2019-01-15,1435.268008,1447.290225,1431.895751,1443.622997,145639.0
2019-01-16,1442.261878,1463.619474,1440.964893,1454.370224,113704.0
2019-01-17,1452.958347,1474.115661,1445.469521,1468.228746,127417.0
2019-01-18,1470.098795,1489.575149,1466.726048,1484.371787,138772.0
2019-01-22,1481.86101,1484.05261,1450.549917,1460.092279,150594.0
2019-01-23,1460.109722,1472.270934,1444.394006,1455.293475,121924.0
2019-01-24,1454.746493,1467.352217,1450.391347,1460.927581,104738.0
2019-01-25,1463.425243,1486.537671,1461.041288,1482.565706,111124.0
2019-01-28,1481.371204,1482.57313,1463.251658,1474.953746,128828.0
2019-01-29,1474.3291,1478.90489,1467.359687,1472.582091,96285.0
2019-01-30,1475.92623,1493.106354,1466.116153,1488.558981,133105.0
2019-01-31,1488.50286,1504.587124,1484.534645,1500.288262,169043.0
2019-02-01,1502.573826,1506.678152,1495.276156,1503.5569,122028.0
2019-02-04,1499.31513,1519.453502,1498.208322,1517.479191,101522.0
2019-02-05,1517.83887,1525.514777,1512.059273,1518.435368,91049.0
2019-02-06,1517.775138,1523.236901,1510.628527,1517.500348,74600.0
2019-02-07,1517.367435,1518.205182,1492.990077,1505.5363,118740.0
2019-02-08,1504.08007,1510.115575,1493.831571,1508.121754,87305.0
2019-02-11,1509.773028,1520.882578,1504.776781,1520.00868,93107.0
2019-02-12,1519.018012,1541.7532,1518.529188,1538.415579,108868.0
2019-02-13,1538.153056,1546.845847,1535.865038,1542.45986,92585.0
2019-02-14,1541.618397,1552.432022,1532.774199,1544.3266,130845.0
2019-02-15,1543.758915,1572.648715,1537.156383,1570.441581,121860.0
2019-02-19,1570.277804,1579.883512,1562.806681,1575.289204,103329.0
2019-02-20,1575.090887,1584.767367,1571.702133,1583.478923,112962.0
2019-02-21,1583.476401,1591.017016,1568.857044,1577.471066,118378.0
2019-02-22,1576.092416,1592.358562,1575.111159,1589.90149,103239.0
2019-02-25,1595.860567,1603.599058,1589.200362,1590.933201,91824.0
2019-02-26,1589.240483,1590.677512,1575.305021,1576.846091,104242.0
2019-02-27,1574.532627,1583.312206,1569.134577,1581.966846,93317.0
2019-02-28,1582.087788,1582.763922,1571.226197,1575.587425,116718.0
2019-03-01,1575.64287,1590.863824,1574.687154,1589.577996,124019.0
2019-03-04,1592.221626,1597.780568,1563.271036,1574.425061,141349.0
2019-03-05,1574.018471,1579.466897,1566.635013,1569.619079,93446.0
2019-03-06,1567.47532,1569.043085,1535.584599,1536.912675,172804.0
2019-03-07,1536.964306,1541.844762,1520.220498,1523.255525,236540.0
2019-03-08,1524.127152,1526.705743,1512.671647,1525.704495,162039.0
2019-03-11,1526.645902,1551.037962,1519.274372,1548.705211,237679.0
2019-03-12,1549.077707,1556.754232,1544.618406,1549.006061,122041.0
2019-03-13,1548.957964,1564.186767,1543.409993,1558.368589,64693.0
2019-03-14,1558.247291,1561.250016,1546.891951,1547.754477,31165.0
2019-03-15,1549.262884,1563.499921,1547.636871,1552.10559,138194.0
2019-03-18,1558.218569,1575.688347,1555.458388,1569.729207,128806.0
2019-03-19,1570.804506,1577.55994,1556.449269,1558.537397,129546.0
2019-03-20,1559.76795,1569.184417,1538.429946,1546.665614,169212.0
2019-03-21,1543.96448,1575.815112,1538.874842,1568.629023,175976.0
2019-03-22,1566.061733,1569.700978,1508.590695,1510.994942,249862.0
2019-03-25,1511.466029,1527.303414,1497.382164,1519.537568,175630.0
2019-03-26,1519.70903,1542.66674,1518.723868,1532.086127,137131.0
2019-03-27,1532.135924,1537.132366,1507.979929,1526.190579,142010.0
2019-03-28,1524.306519,1542.787202,1517.448114,1540.088115,120898.0
2019-03-29,1540.145131,1553.315104,1534.435358,1543.96994,162466.0
2019-04-01,1545.864898,1562.737543,1545.864898,1559.656913,133542.0
2019-04-02,1559.196384,1562.579804,1547.879304,1554.007215,102231.0
2019-04-03,1552.850375,1574.769544,1552.850375,1567.018879,129810.0
2019-04-04,1567.187435,1573.965048,1561.351453,1572.13612,96839.0
2019-04-05,1570.949866,1588.103562,1570.094861,1585.946919,128193.0
2019-04-08,1587.980601,1588.311513,1573.569227,1583.796673,104964.0
2019-04-09,1584.242,1584.754281,1561.45474,1564.864177,100702.0
2019-04-10,1564.717612,1587.033692,1562.267274,1585.988693,104753.0
2019-04-11,1586.236571,1589.342283,1580.876326,1582.225945,92375.0
2019-04-12,1582.416086,1593.883536,1581.173549,1589.161956,98203.0
2019-04-15,1589.997218,1593.679699,1576.972161,1583.600449,78589.0
2019-04-16,1583.69206,1591.708639,1581.92809,1586.879913,84727.0
2019-04-17,1586.231469,1593.614594,1563.616775,1570.542923,119824.0
2019-04-18,1570.349547,1575.995252,1558.316316,1568.600013,109731.0
2019-04-22,1568.654143,1571.728764,1556.819613,1564.350483,79470.0
2019-04-23,1564.363169,1592.584965,1560.868107,1589.449746,126453.0
2019-04-24,1589.858502,1598.803431,1584.236491,1590.439521,108600.0
2019-04-25,1588.456487,1590.776846,1565.890941,1579.01376,122974.0
2019-04-26,1576.673162,1596.258429,1572.820033,1593.702572,98497.0
2019-04-29,1592.672019,1607.59581,1592.551354,1602.320764,88460.0
2019-04-30,1602.811054,1605.110991,1580.786432,1594.220936,132925.0
2019-05-01,1596.892212,1600.752558,1573.063029,1577.518861,133487.0
2019-05-02,1573.347077,1592.061759,1566.980547,1586.068983,147795.0
2019-05-03,1586.993007,1618.553191,1584.695427,1617.31565,128349.0
2019-05-06,1600.183427,1621.866235,1577.605147,1617.625448,147923.0
2019-05-07,1605.673653,1615.568324,1572.476584,1590.00555,184221.0
2019-05-08,1589.114993,1593.668099,1576.19539,1581.22827,142028.0
2019-05-09,1579.333661,1579.940876,1546.841196,1572.167612,189238.0
2019-05-10,1571.066702,1582.677057,1545.516242,1578.745698,181206.0
2019-05-13,1568.339578,1569.403434,1519.231872,1520.209499,210047.0
2019-05-14,1521.016309,1550.633872,1516.725345,1545.952955,140579.0
2019-05-15,1546.490337,1553.155333,1529.099522,1551.714462,129496.0
2019-05-16,1550.099898,1570.330145,1542.693313,1559.990081,123997.0
2019-05-17,1559.51442,1561.658158,1534.756309,1537.684236,161694.0
2019-05-20,1536.90311,1547.647791,1521.993485,1527.082042,127689.0
2019-05-21,1528.6573,1549.206898,1527.542804,1546.481105,105971.0
2019-05-22,1545.528472,1547.910756,1528.12319,1533.875924,105287.0
2019-05-23,1533.395716,1534.21845,1492.615782,1501.765859,184061.0
2019-05-24,1502.517455,1518.854883,1501.88687,1517.693153,114991.0
2019-05-28,1516.292948,1524.151015,1502.792384,1505.658062,127433.0
2019-05-29,1505.436011,1506.380073,1480.322816,1488.965496,151039.0
2019-05-30,1489.290195,1502.713267,1476.802421,1486.372558,117547.0
2019-05-31,1484.66426,1486.442523,1459.217672,1466.332676,162306.0
2019-06-03,1461.051658,1478.360797,1454.116835,1472.452711,204092.0
2019-06-04,1475.76377,1509.583236,1471.32092,1506.84965,166113.0
2019-06-05,1507.179047,1516.489429,1492.158115,1505.777863,153215.0
2019-06-06,1504.128259,1512.798916,1488.637933,1502.410643,157007.0
2019-06-07,1498.787111,1521.07113,1497.95133,1512.807459,150121.0
2019-06-10,1519.593012,1537.549176,1514.892932,1522.540748,111460.0
2019-06-11,1524.531661,1538.023325,1511.541378,1518.141302,118505.0
2019-06-12,1518.307271,1523.541586,1511.820914,1521.585677,91450.0
2019-06-13,1522.076844,1537.490189,1514.510944,1535.7158,153848.0
2019-06-14,1535.549436,1539.623339,1522.625336,1524.585597,149361.0
2019-06-17,1524.718038,1539.451099,1524.31359,1534.110207,207103.0
2019-06-18,1534.52361,1561.981911,1529.97093,1551.034192,112756.0
2019-06-19,1551.25741,1557.867621,1544.91332,1556.343715,58481.0
2019-06-20,1554.645168,1572.484508,1554.404897,1563.474995,27749.0
2019-06-21,1562.051926,1563.86552,1554.387854,1554.538551,129063.0
2019-06-24,1550.840936,1559.023805,1533.692301,1537.402914,112228.0
2019-06-25,1536.118585,1540.3318,1523.440763,1524.857719,113648.0
2019-06-26,1524.650401,1535.730918,1519.884779,1521.241452,105793.0
2019-06-27,1520.449936,1552.018434,1519.891786,1550.175055,146638.0
2019-06-28,1550.72887,1575.244782,1548.47207,1567.069608,226735.0
2019-07-01,1582.79238,1593.116214,1564.936283,1573.437338,149820.0
2019-07-02,1574.547802,1576.998337,1554.972321,1566.018849,119241.0
2019-07-03,1565.835297,1579.139158,1562.569543,1577.752676,62344.0
2019-07-05,1579.003305,1581.420029,1560.40028,1579.347891,99148.0
2019-07-08,1580.544069,1581.116865,1560.554891,1564.630424,85851.0
2019-07-09,1563.448052,1566.809789,1555.486994,1565.088,96929.0
2019-07-10,1564.444447,1577.855609,1560.125941,1568.061951,119427.0
2019-07-11,1567.399326,1573.15487,1553.824971,1559.48567,100824.0
2019-07-12,1559.056549,1578.503758,1559.056549,1571.799586,99558.0
2019-07-15,1572.619266,1579.137042,1560.023843,1564.844605,88375.0
2019-07-16,1564.796906,1573.739868,1558.036974,1565.57354,100402.0
2019-07-17,1564.556179,1568.334757,1548.461048,1551.858619,108691.0
2019-07-18,1549.249798,1562.267342,1546.706716,1558.137077,110108.0
2019-07-19,1560.768235,1565.308121,1544.970709,1547.98694,103479.0
2019-07-22,1545.772292,1557.966051,1544.785845,1548.240602,94577.0
2019-07-23,1548.136532,1558.202987,1545.690189,1557.341857,97081.0
2019-07-24,1555.398382,1585.756983,1550.604204,1584.121767,138520.0
2019-07-25,1583.907504,1589.20194,1561.321055,1563.24306,126589.0
2019-07-26,1562.679727,1584.730496,1562.291024,1581.399835,108940.0
2019-07-29,1579.988634,1584.350401,1566.278712,1571.043125,80053.0
2019-07-30,1572.981348,1589.081966,1557.461084,1587.502608,136716.0
2019-07-31,1587.098525,1603.464988,1565.928037,1576.626289,235962.0
2019-08-01,1572.397109,1592.034651,1545.74489,1551.59209,224067.0
2019-08-02,1549.812038,1552.138262,1522.154045,1535.580567,211649.0
2019-08-05,1534.897844,1535.447322,1470.301051,1480.103615,242730.0
2019-08-06,1473.64363,1505.493059,1450.524113,1499.068226,191464.0
2019-08-07,1498.2818,1508.237862,1474.878035,1499.932383,194236.0
2019-08-08,1498.071087,1535.355133,1493.362767,1534.09271,155121.0
2019-08-09,1527.71282,1532.256403,1508.27696,1513.881403,151346.0
2019-08-12,1513.485559,1521.248691,1490.738244,1493.217234,115251.0
2019-08-13,1494.401467,1526.143099,1484.345102,1513.52823,152843.0
2019-08-14,1513.182008,1515.992323,1464.45606,1468.287474,205355.0
2019-08-15,1465.89137,1485.047432,1455.268002,1463.285585,188976.0
2019-08-16,1464.285913,1496.232092,1463.883879,1493.464301,132422.0
2019-08-19,1492.760214,1516.3498,1492.681471,1507.538035,105373.0
2019-08-20,1506.402602,1512.83687,1495.283801,1496.307743,86921.0
2019-08-21,1494.144865,1514.958198,1492.718773,1513.870588,87632.0
2019-08-22,1514.068725,1518.752797,1498.060682,1506.4715,107221.0
2019-08-23,1505.095494,1514.05784,1455.809429,1463.769057,229890.0
2019-08-26,1448.704786,1484.276404,1440.421351,1480.387581,165756.0
2019-08-27,1480.886021,1487.879158,1452.760673,1454.663191,176341.0
2019-08-28,1454.852925,1480.190839,1447.735215,1473.710901,144563.0
2019-08-29,1470.345716,1499.459652,1465.455166,1497.422671,121123.0
2019-08-30,1496.571113,1508.289964,1486.274797,1494.238712,118990.0
2019-09-03,1485.999103,1495.879247,1465.479348,1470.089889,190891.0
2019-09-04,1469.185662,1489.670401,1468.093405,1483.594852,105657.0
2019-09-05,1483.375966,1525.287051,1482.896366,1506.975119,168448.0
2019-09-06,1507.327581,1518.545812,1503.992413,1505.03537,104939.0
2019-09-09,1505.071243,1528.657655,1504.40874,1521.990025,127972.0
2019-09-10,1522.167362,1546.683174,1514.76264,1544.975215,165317.0
2019-09-11,1545.281901,1579.096925,1541.319181,1577.082187,224342.0
2019-09-12,1579.250549,1586.507927,1561.555594,1579.325575,264319.0
2019-09-13,1578.17724,1595.433144,1577.271665,1580.353681,212090.0
2019-09-16,1574.896235,1593.660085,1566.419944,1585.131651,209542.0
2019-09-17,1585.793611,1588.560342,1570.034954,1581.71332,135259.0
2019-09-18,1581.486175,1582.188223,1556.19747,1569.507698,59964.0
2019-09-19,1570.245749,1583.537749,1560.494077,1561.111559,34955.0
2019-09-20,1561.941583,1568.688801,1560.41318,1562.527555,158557.0
2019-09-23,1564.869502,1571.778127,1552.209578,1562.067313,109707.0
2019-09-24,1563.910841,1570.233752,1530.308355,1536.64204,193879.0
2019-09-25,1536.768249,1556.835021,1529.420066,1552.794745,152919.0
2019-09-26,1552.609362,1559.011028,1531.50262,1537.2155,145637.0
2019-09-27,1537.570034,1544.592322,1516.827514,1524.225569,149029.0
2019-09-30,1529.913651,1534.300487,1519.111739,1524.906888,159158.0
2019-10-01,1528.444705,1545.026237,1491.168371,1493.387424,198517.0
2019-10-02,1494.799689,1499.85131,1468.255408,1476.538623,191084.0
2019-10-03,1477.813279,1489.166178,1458.96581,1486.891811,164903.0
2019-10-04,1487.388537,1502.537984,1477.696265,1500.593196,122630.0
2019-10-07,1490.584811,1510.661988,1487.751058,1499.034504,111486.0
2019-10-08,1497.030602,1505.449112,1470.230617,1474.306531,151603.0
2019-10-09,1474.623506,1490.984947,1472.012642,1481.424746,101192.0
2019-10-10,1481.965185,1496.445323,1462.650198,1489.813059,134955.0
2019-10-11,1493.898283,1530.044642,1489.431604,1513.071271,186675.0
2019-10-14,1510.403521,1519.538261,1500.766223,1506.754413,80826.0
2019-10-15,1506.86472,1531.25751,1506.86472,1526.353349,107281.0
2019-10-16,1525.459801,1532.79279,1517.335931,1524.697357,91696.0
2019-10-17,1525.726275,1544.918863,1521.115188,1543.527792,105717.0
2019-10-18,1543.154559,1544.870793,1524.292182,1537.658987,104494.0
2019-10-21,1534.826814,1559.867667,1534.457752,1551.379209,105331.0
2019-10-22,1551.258757,1560.567611,1547.285374,1551.300746,87879.0
2019-10-23,1550.802287,1557.211026,1545.240098,1555.194713,70922.0
2019-10-24,1556.078238,1560.444283,1544.148619,1552.546669,82442.0
2019-10-25,1551.585472,1564.856943,1547.797545,1559.394868,78807.0
2019-10-28,1560.143186,1579.634187,1559.251954,1575.157196,105420.0
2019-10-29,1575.489287,1582.786912,1567.990759,1578.459574,95087.0
2019-10-30,1578.310168,1579.75718,1561.746242,1574.395477,95814.0
2019-10-31,1575.811845,1576.168892,1550.992009,1563.438121,146482.0
2019-11-01,1563.966772,1591.138757,1561.456698,1590.192886,138917.0
2019-11-04,1589.692385,1605.885736,1589.692385,1597.141293,113076.0
2019-11-05,1597.246832,1613.680596,1595.532423,1599.380189,112411.0
2019-11-06,1598.35086,1602.39695,1586.76493,1592.294905,109706.0
2019-11-07,1593.439005,1610.596714,1589.742639,1594.983372,130157.0
2019-11-08,1594.386536,1601.487446,1587.794453,1598.851209,99797.0
2019-11-11,1600.095489,1600.359071,1587.272426,1596.698235,82117.0
2019-11-12,1597.485549,1607.23538,1592.708684,1595.523859,100722.0
2019-11-13,1595.712837,1596.222595,1579.865192,1593.067275,118117.0
2019-11-14,1592.963812,1597.146858,1585.988228,1589.004603,103162.0
2019-11-15,1589.607894,1600.61733,1588.817566,1597.216963,95266.0
2019-11-18,1598.374174,1601.095309,1587.096898,1592.014759,88313.0
2019-11-19,1592.035252,1605.040916,1588.701425,1598.962969,107582.0
2019-11-20,1597.522525,1603.771676,1580.069953,1593.892366,152219.0
2019-11-21,1590.217935,1599.141733,1579.579389,1584.717606,121247.0
2019-11-22,1583.975303,1592.678409,1580.801474,1591.022956,101143.0
2019-11-25,1595.469208,1625.648687,1594.329519,1623.224381,128821.0
2019-11-26,1623.242882,1632.52996,1619.684154,1627.527603,115799.0
2019-11-27,1627.258204,1635.881612,1625.892857,1635.067665,91990.0
2019-11-29,1635.529884,1636.203656,1622.783464,1624.134746,99410.0
2019-12-02,1625.092075,1635.513652,1605.573274,1609.654384,145110.0
2019-12-03,1608.817263,1614.88138,1587.801176,1604.373228,145614.0
2019-12-04,1604.248279,1618.409694,1599.113963,1614.165847,118388.0
2019-12-05,1614.24845,1622.737627,1610.610048,1616.810473,107077.0
2019-12-06,1616.900921,1640.467743,1616.101657,1636.487871,129310.0
2019-12-09,1636.619216,1637.717398,1628.451375,1630.650654,99048.0
2019-12-10,1629.940856,1635.925156,1618.996033,1633.455574,108540.0
2019-12-11,1633.787602,1637.724077,1625.596679,1634.069385,110773.0
2019-12-12,1635.154893,1657.195415,1628.266814,1645.732289,195965.0
2019-12-13,1651.018924,1657.240999,1631.475362,1641.07421,220573.0
2019-12-16,1643.16005,1660.730199,1642.042164,1652.10805,199718.0
2019-12-17,1651.572449,1658.960818,1646.88838,1658.012183,119378.0
2019-12-18,1657.280163,1664.894838,1655.139299,1663.824985,75179.0
2019-12-19,1663.739116,1669.309487,1661.102113,1667.565831,44016.0
2019-12-20,1667.99021,1673.876745,1666.736432,1672.287724,113396.0
2019-12-23,1673.779628,1677.809829,1667.570396,1676.9094,87362.0
2019-12-24,1677.169619,1681.362607,1674.538594,1680.047329,33145.0
2019-12-26,1680.376909,1684.394303,1677.917118,1682.390881,46367.0
2019-12-27,1681.371292,1687.751466,1668.765674,1670.473585,103264.0
2019-12-30,1669.523719,1675.855981,1659.22396,1668.408286,116589.0
2019-12-31,1668.204051,1677.15242,1660.103433,1670.719776,135366.0
2020-01-02,1674.041453,1684.66736,1654.894658,1670.64155,163841.0
2020-01-03,1672.404006,1674.446864,1639.58599,1661.780736,176769.0
2020-01-06,1652.961498,1668.136164,1646.693631,1662.877505,138804.0
2020-01-07,1663.889887,1669.450028,1652.849492,1658.222419,114927.0
2020-01-08,1656.339937,1672.356641,1627.277322,1668.471355,169318.0
2020-01-09,1669.201673,1676.637684,1664.462996,1667.611475,118777.0
2020-01-10,1667.004222,1672.070948,1653.626133,1659.330752,146658.0
2020-01-13,1657.255875,1672.383291,1652.087728,1670.841933,116041.0
2020-01-14,1670.079806,1687.18756,1660.850778,1679.356286,179578.0
2020-01-15,1678.602359,1691.32187,1671.099475,1685.66493,147028.0
2020-01-16,1685.625203,1710.143352,1685.625203,1706.45917,179267.0
2020-01-17,1707.322268,1714.921218,1698.048456,1699.957064,138064.0
2020-01-21,1699.096787,1703.382619,1683.023421,1686.03785,150179.0
2020-01-22,1686.552054,1697.09173,1681.741217,1684.968564,127611.0
2020-01-23,1683.643205,1690.626046,1664.944596,1685.644432,136956.0
2020-01-24,1685.876693,1694.333027,1652.370007,1663.367717,192934.0
2020-01-27,1651.231157,1655.236166,1634.347961,1644.225445,211006.0
2020-01-28,1644.345696,1664.343845,1643.866464,1658.872402,151700.0
2020-01-29,1660.661808,1665.784514,1646.10971,1649.685934,129313.0
2020-01-30,1648.588001,1651.894634,1628.868509,1648.616067,181614.0
2020-01-31,1650.292884,1652.565885,1609.228747,1614.735533,221706.0
2020-02-03,1613.578214,1639.009302,1613.468261,1633.027864,164576.0
2020-02-04,1631.836155,1662.525911,1627.068919,1659.642991,147580.0
2020-02-05,1661.192533,1685.317067,1654.152201,1684.985893,148454.0
2020-02-06,1684.328016,1695.381097,1676.654488,1680.255498,116238.0
2020-02-07,1682.092513,1682.490984,1652.925654,1658.120827,157046.0
2020-02-10,1656.017381,1669.469291,1646.394392,1669.169859,107179.0
2020-02-11,1668.246387,1688.459394,1667.381458,1678.464203,134227.0
2020-02-12,1679.360272,1692.046736,1677.530141,1689.774612,102534.0
2020-02-13,1690.576177,1697.843332,1672.804596,1696.26025,132543.0
2020-02-14,1696.931331,1703.110663,1681.828985,1687.208827,122791.0
2020-02-18,1687.419092,1694.134723,1672.730135,1683.081529,135061.0
2020-02-19,1684.166569,1700.053858,1683.968865,1693.564117,110557.0
2020-02-20,1694.437746,1698.663706,1673.396564,1694.187256,178774.0
2020-02-21,1693.06087,1694.107378,1670.897188,1679.123276,172198.0
2020-02-24,1665.980244,1666.568311,1618.081433,1624.666771,269289.0
2020-02-25,1625.767981,1645.549853,1566.296597,1572.107396,350373.0
2020-02-26,1575.10072,1591.657974,1545.641589,1550.448696,305085.0
2020-02-27,1547.53745,1557.018808,1480.261193,1485.819647,369931.0
2020-02-28,1481.594692,1499.810672,1444.24427,1474.655465,447418.0
2020-03-02,1454.517227,1520.22148,1446.441449,1501.09199,363310.0
2020-03-03,1509.439992,1547.919235,1468.293479,1479.456039,308744.0
2020-03-04,1475.118115,1530.088798,1470.125821,1522.166157,233925.0
2020-03-05,1522.469137,1523.679265,1459.670222,1476.662541,231307.0
2020-03-06,1479.435855,1485.329707,1414.32918,1444.730608,274965.0
2020-03-09,1419.735581,1420.056956,1301.181165,1313.896321,227390.0
2020-03-10,1303.020029,1373.980717,1283.585416,1339.977963,344324.0
2020-03-11,1337.402118,1340.458739,1244.71441,1262.624018,310399.0
2020-03-12,1262.160463,1276.084067,1095.810422,1109.844968,410792.0
2020-03-13,1088.841801,1217.360905,1070.54201,1198.796908,313230.0
2020-03-16,1174.602563,1188.535114,972.86144,1032.440353,290253.0
2020-03-17,1032.020551,1107.619912,1006.277547,1090.552126,192029.0
2020-03-18,1074.284275,1076.161843,965.238796,1009.155174,98720.0
2020-03-19,1009.505056,1073.139748,958.542477,1048.111947,55549.0
2020-03-20,1033.205825,1100.811705,1024.710708,1069.36031,270479.0
2020-03-23,979.086586,1063.919404,958.905229,998.370173,253348.0
2020-03-24,1004.190098,1105.414862,1004.190098,1099.362075,234877.0
2020-03-25,1096.775522,1145.145389,1062.793109,1097.139364,211742.0
2020-03-26,1099.075937,1180.074838,1068.723205,1166.725977,208012.0
2020-03-27,1176.300532,1176.877915,1111.790188,1120.296735,178396.0
2020-03-30,1095.049369,1157.384601,1086.173182,1154.542347,156563.0
2020-03-31,1152.56925,1166.955698,1124.036613,1147.528728,189627.0
2020-04-01,1136.252065,1137.424253,1059.159264,1067.671303,211534.0
2020-04-02,1070.26481,1108.284197,1049.769572,1081.661154,193265.0
2020-04-03,1079.310495,1084.547833,1029.621152,1053.041786,166311.0
2020-04-06,1049.130464,1137.838425,1049.130464,1128.603288,176236.0
2020-04-07,1125.754904,1190.36255,1110.823543,1125.328678,207890.0
2020-04-08,1125.186715,1197.391477,1117.286854,1182.079263,181763.0
2020-04-09,1183.546376,1250.639808,1167.687601,1243.448032,268815.0
2020-04-13,1265.022789,1265.595013,1195.159863,1211.584973,156436.0
2020-04-14,1216.057531,1253.798792,1213.425609,1237.159589,148743.0
2020-04-15,1237.053137,1237.053137,1170.074315,1182.999391,165939.0
2020-04-16,1177.665472,1207.119988,1148.584453,1173.814871,211033.0
2020-04-17,1231.909937,1232.121314,1204.513164,1224.296088,170368.0
2020-04-20,1221.134616,1233.301473,1190.686704,1206.454059,144232.0
2020-04-21,1208.016429,1222.515093,1164.748974,1185.189682,174627.0
2020-04-22,1184.533168,1213.902832,1174.472173,1195.051104,123847.0
2020-04-23,1197.299025,1232.969933,1185.392725,1204.520179,154149.0
2020-04-24,1204.124031,1237.451583,1188.790877,1224.559732,127473.0
2020-04-27,1226.509039,1289.331011,1217.84145,1277.493887,181200.0
2020-04-28,1277.427979,1320.469939,1264.727545,1301.733913,216550.0
2020-04-29,1300.40166,1373.997641,1294.603021,1358.976906,234754.0
2020-04-30,1368.623134,1370.64543,1297.474342,1306.81452,229886.0
2020-05-01,1297.6413,1297.6413,1236.65016,1257.830929,192087.0
2020-05-04,1236.81783,1263.298804,1220.121953,1255.975857,155704.0
2020-05-05,1256.457697,1303.649943,1255.569446,1267.936733,167768.0
2020-05-06,1268.023101,1286.655945,1252.735548,1255.483334,160610.0
2020-05-07,1253.815295,1288.977711,1245.660897,1284.666884,152508.0
2020-05-08,1284.182005,1330.744383,1282.590769,1329.111141,164216.0
2020-05-11,1326.834584,1341.60521,1297.470116,1315.044508,186194.0
2020-05-12,1314.50107,1332.062814,1255.075446,1266.398421,196158.0
2020-05-13,1257.403132,1279.546575,1208.27216,1229.895126,289731.0
2020-05-14,1234.547049,1240.785302,1174.908324,1233.656662,285040.0
2020-05-15,1233.695982,1258.932863,1212.602641,1246.356348,202187.0
2020-05-18,1254.127731,1338.198756,1247.556302,1333.193072,247395.0
2020-05-19,1331.177302,1350.441446,1303.645089,1307.507286,187200.0
2020-05-20,1302.646529,1353.996036,1297.662806,1344.210679,192436.0
2020-05-21,1346.398405,1355.454206,1327.070222,1342.525424,171072.0
2020-05-22,1342.177683,1357.462062,1315.81191,1354.174642,152916.0
2020-05-26,1353.338217,1410.205008,1350.731538,1394.315261,216373.0
2020-05-27,1394.989366,1442.841409,1377.247846,1436.180028,246588.0
2020-05-28,1436.804092,1452.917716,1393.98881,1407.213822,249908.0
2020-05-29,1405.332411,1409.203247,1368.180721,1392.860284,246567.0
2020-06-01,1389.892366,1421.204212,1372.093603,1404.548315,165253.0
2020-06-02,1404.974216,1422.537092,1388.702513,1417.237487,169615.0
2020-06-03,1418.18031,1465.430191,1415.405951,1448.708877,193426.0
2020-06-04,1450.966009,1461.294229,1427.266846,1452.023485,196561.0
2020-06-05,1454.121574,1527.686663,1448.849278,1502.575851,278529.0
2020-06-08,1505.854135,1539.209647,1501.002716,1537.06752,184258.0
2020-06-09,1539.247554,1540.240918,1495.496374,1508.139712,211106.0
2020-06-10,1506.958186,1525.740194,1460.717033,1466.252715,232117.0
2020-06-11,1461.507936,1465.364342,1350.826793,1357.302321,364316.0
2020-06-12,1360.272712,1415.364681,1345.662391,1383.217364,323329.0
2020-06-15,1359.086892,1428.698478,1318.696419,1421.490543,309582.0
2020-06-16,1424.023434,1485.122964,1418.760626,1454.558378,181666.0
2020-06-17,1449.821655,1473.873296,1422.251423,1428.031659,87875.0
2020-06-18,1426.211947,1442.272476,1403.109759,1420.6115,41909.0
2020-06-19,1421.349036,1453.091567,1421.349036,1442.995786,194147.0
2020-06-22,1392.772947,1435.817832,1383.20272,1433.634216,142919.0
2020-06-23,1434.511802,1459.694176,1400.336802,1434.190975,143518.0
2020-06-24,1432.823682,1441.588677,1368.162519,1396.460823,217251.0
2020-06-25,1394.708151,1413.516861,1363.65342,1409.933307,201411.0
2020-06-26,1407.570197,1412.874649,1369.288428,1375.097053,246208.0
2020-06-29,1362.270129,1425.321061,1359.617376,1423.398241,238948.0
2020-06-30,1422.298318,1441.58916,1406.706524,1437.718928,197070.0
2020-07-01,1436.042968,1450.543863,1415.276355,1424.050935,222997.0
2020-07-02,1423.660675,1458.304561,1417.629108,1433.045932,172459.0
2020-07-06,1424.365362,1466.431686,1424.128513,1442.802518,170931.0
2020-07-07,1441.948332,1449.993276,1409.432026,1410.983443,167561.0
2020-07-08,1410.802148,1429.616043,1395.532998,1423.076551,191648.0
2020-07-09,1427.251211,1427.830694,1376.08849,1393.892469,213716.0
2020-07-10,1394.130721,1423.814433,1373.617647,1419.503419,178806.0
2020-07-13,1422.88573,1451.294491,1396.34587,1400.70466,203123.0
2020-07-14,1403.967838,1424.581777,1390.528368,1419.43963,245426.0
2020-07-15,1432.16303,1483.030765,1431.431187,1476.82983,275471.0
2020-07-16,1479.975361,1485.205621,1454.0239,1459.909574,175509.0
2020-07-17,1464.45078,1481.57079,1459.674857,1468.762271,147633.0
2020-07-20,1468.95254,1473.828287,1453.595382,1463.616659,141523.0
2020-07-21,1462.297458,1496.717896,1462.297458,1485.645555,176385.0
2020-07-22,1484.055913,1494.266656,1465.012365,1490.334391,139712.0
2020-07-23,1489.961557,1507.521538,1472.044165,1487.327781,171958.0
2020-07-24,1487.829557,1494.799735,1460.08758,1462.309004,167906.0
2020-07-27,1466.343416,1483.105631,1456.179314,1481.177984,118408.0
2020-07-28,1482.985185,1488.482095,1464.591506,1467.355424,122079.0
2020-07-29,1469.769705,1499.664331,1462.975862,1496.562238,137426.0
2020-07-30,1497.833327,1498.789173,1468.332992,1490.69131,170960.0
2020-07-31,1495.728304,1497.990206,1451.041291,1478.074803,242801.0
2020-08-03,1479.319375,1505.149369,1467.789012,1502.071283,145534.0
2020-08-04,1502.59868,1514.972358,1493.802317,1514.006451,146843.0
2020-08-05,1513.544876,1544.396624,1509.364901,1542.039122,163108.0
2020-08-06,1542.205195,1552.248651,1534.282095,1544.496909,152818.0
2020-08-07,1544.693039,1569.10879,1531.186109,1565.843475,190782.0
2020-08-10,1568.741322,1594.307159,1561.254091,1584.068072,166497.0
2020-08-11,1582.426611,1605.578246,1567.459374,1577.308877,215738.0
2020-08-12,1582.639818,1596.874856,1571.035118,1579.863165,168108.0
2020-08-13,1579.385214,1591.344375,1572.119707,1578.619701,125696.0
2020-08-14,1578.230693,1587.428776,1560.787601,1573.098724,106591.0
2020-08-17,1575.113883,1586.411265,1571.969346,1583.694613,76807.0
2020-08-18,1582.881136,1589.853571,1562.920462,1569.39285,97435.0
2020-08-19,1569.68785,1586.647696,1565.906456,1569.709185,113059.0
2020-08-20,1568.17011,1570.794327,1551.344826,1560.423495,120168.0
2020-08-21,1561.361574,1569.19812,1541.373283,1548.565147,141490.0
2020-08-24,1552.829024,1568.740138,1548.601149,1566.466629,110585.0
2020-08-25,1567.77569,1583.77291,1553.580237,1569.710684,127603.0
2020-08-26,1569.687134,1573.885026,1557.187911,1562.316963,109224.0
2020-08-27,1562.948913,1575.146612,1551.761613,1565.791503,137591.0
2020-08-28,1568.345492,1584.625846,1562.428005,1575.585053,114017.0
2020-08-31,1576.636404,1590.11627,1557.820416,1561.10378,160953.0
2020-09-01,1560.03773,1580.962475,1550.150036,1578.643796,137764.0
2020-09-02,1579.143261,1595.445132,1567.061586,1592.147569,144340.0
2020-09-03,1590.918868,1595.14798,1534.918054,1549.469608,265110.0
2020-09-04,1548.99917,1570.712783,1498.156263,1531.334287,246297.0
2020-09-08,1533.243839,1553.279018,1495.480821,1507.925142,256960.0
2020-09-09,1495.403094,1533.45766,1479.451983,1524.408843,186793.0
2020-09-10,1524.035099,1544.200219,1504.618294,1506.198313,241039.0
2020-09-11,1508.627997,1523.012755,1481.443938,1493.176023,229928.0
2020-09-14,1500.388652,1539.853773,1496.477742,1536.105765,220631.0
2020-09-15,1533.566353,1553.098445,1533.449354,1540.325876,131720.0
2020-09-16,1541.191654,1573.702525,1537.115592,1555.02329,67373.0
2020-09-17,1556.067758,1558.005231,1522.803558,1542.391755,33036.0
2020-09-18,1540.296061,1557.67879,1535.050463,1557.67879,190260.0
2020-09-21,1535.092269,1538.517978,1462.790603,1482.887712,238705.0
2020-09-22,1479.603139,1493.58595,1465.467306,1488.626947,153118.0
2020-09-23,1489.859112,1500.20226,1444.675733,1446.785701,170432.0
2020-09-24,1447.640744,1470.663032,1426.432148,1446.82672,239512.0
2020-09-25,1450.19932,1474.145476,1428.854537,1467.230847,162837.0
2020-09-28,1468.607951,1510.604041,1468.415503,1506.56423,154321.0
2020-09-29,1507.01972,1513.8086,1486.285907,1507.281778,139441.0
2020-09-30,1503.935312,1526.754527,1486.297643,1504.393672,208852.0
2020-10-01,1499.556058,1530.027896,1499.33966,1527.533364,186361.0
2020-10-02,1526.263659,1542.46933,1490.78735,1533.509062,210612.0
2020-10-05,1545.18388,1579.843133,1536.989566,1575.915679,146802.0
2020-10-06,1576.111783,1617.661097,1563.084836,1574.029132,281983.0
2020-10-07,1568.310241,1613.304217,1564.225832,1609.926601,193651.0
2020-10-08,1610.56837,1633.841637,1609.494223,1626.605233,166550.0
2020-10-09,1632.738778,1644.534792,1625.693956,1637.629749,184019.0
2020-10-12,1636.182764,1651.775007,1630.325478,1650.733309,160072.0
2020-10-13,1649.460869,1650.790877,1622.266467,1634.475445,170828.0
2020-10-14,1633.078933,1647.331995,1616.589051,1619.486141,164700.0
2020-10-15,1620.554194,1639.95168,1595.522596,1635.350395,184123.0
2020-10-16,1638.167706,1648.557784,1626.797033,1627.090352,136877.0
2020-10-19,1630.529166,1648.360411,1607.718701,1611.288089,137488.0
2020-10-20,1619.348153,1632.38535,1604.683061,1614.876864,144410.0
2020-10-21,1615.105677,1628.549818,1600.597572,1603.133483,152916.0
2020-10-22,1603.056388,1634.239202,1587.494745,1630.419329,155894.0
2020-10-23,1634.520107,1641.699494,1620.319807,1635.679774,117596.0
2020-10-26,1634.852992,1634.852992,1581.024719,1602.320555,157385.0
2020-10-27,1601.24764,1611.347697,1577.07997,1589.113458,143868.0
2020-10-28,1577.421166,1579.442665,1537.039377,1539.314408,212340.0
2020-10-29,1544.398086,1564.985956,1522.911057,1558.457656,182311.0
2020-10-30,1542.580301,1559.866037,1520.44397,1536.664749,221939.0
2020-11-02,1537.055693,1568.012518,1525.870438,1564.850182,162033.0
2020-11-03,1565.091093,1620.166524,1564.34172,1610.910196,170275.0
2020-11-04,1615.879024,1640.50146,1546.973038,1611.703277,282132.0
2020-11-05,1617.36193,1663.581431,1597.927221,1658.386078,184580.0
2020-11-06,1658.853545,1669.363907,1637.076844,1643.001298,163810.0
2020-11-09,1652.132136,1815.545417,1648.407145,1703.30699,277733.0
2020-11-10,1706.65141,1749.810627,1693.021089,1734.451295,211064.0
2020-11-11,1735.859871,1747.688154,1716.917932,1735.382148,137316.0
2020-11-12,1739.081003,1739.198743,1691.297345,1707.485375,181052.0
2020-11-13,1707.308849,1750.209986,1693.260048,1743.913268,165244.0
2020-11-16,1746.980185,1793.560608,1745.022129,1783.650662,191267.0
2020-11-17,1784.101442,1796.568126,1751.140495,1792.592915,163798.0
2020-11-18,1788.561985,1807.348687,1762.711022,1768.440548,167021.0
2020-11-19,1765.34743,1784.446072,1753.723165,1783.010146,150121.0
2020-11-20,1770.026312,1788.184419,1757.356698,1783.397983,132842.0
2020-11-23,1778.528736,1828.605352,1776.566029,1816.986152,139547.0
2020-11-24,1820.307519,1863.820125,1819.713926,1851.43343,176092.0
2020-11-25,1853.472473,1863.631699,1827.973044,1844.405615,129354.0
2020-11-27,1848.213496,1856.101602,1829.249534,1852.969336,86723.0
2020-11-30,1854.975011,1859.243022,1811.627844,1819.941887,186866.0
2020-12-01,1825.33599,1850.97654,1823.686793,1835.741113,171002.0
2020-12-02,1834.500114,1843.66216,1816.367271,1837.671424,136770.0
2020-12-03,1842.471502,1861.01545,1830.377075,1847.019755,133376.0
2020-12-04,1850.329101,1893.387006,1848.444058,1891.598426,134553.0
2020-12-07,1893.208512,1899.443553,1875.308505,1891.741021,118068.0
2020-12-08,1886.389712,1919.493619,1875.404596,1916.979846,143725.0
2020-12-09,1919.74735,1937.10478,1887.786993,1902.771052,217930.0
2020-12-10,1904.270247,1925.270803,1881.230478,1921.256912,208605.0
2020-12-11,1925.683535,1929.462255,1891.703913,1911.452773,259667.0
2020-12-14,1920.784131,1945.827477,1913.257911,1915.384364,237801.0
2020-12-15,1919.662733,1964.170992,1911.954604,1960.988343,166584.0
2020-12-16,1962.750342,1975.939559,1944.623949,1955.054354,92353.0
2020-12-17,1957.974495,1981.62844,1955.177704,1978.628269,55176.0
2020-12-18,1977.977423,1986.683384,1970.857438,1986.437486,195556.0
2020-12-21,1990.143763,1992.118631,1878.20614,1965.976337,239760.0
2020-12-22,1964.045276,1989.194825,1944.675654,1984.747432,151645.0
2020-12-23,1982.963449,2008.502683,1965.688551,2002.805483,127205.0
2020-12-24,2005.032213,2015.699072,1992.669354,2002.651332,51002.0
2020-12-28,1996.758619,2032.78328,1991.071841,1995.189143,145337.0
2020-12-29,1996.488819,2006.713388,1946.780557,1955.183532,163408.0
2020-12-30,1956.853836,1987.281421,1949.806158,1976.173234,122661.0
2020-12-31,1975.921489,1980.463779,1958.332512,1974.855707,144358.0
2021-01-04,1977.875185,1998.11347,1920.468986,1945.601893,226224.0
2021-01-05,1948.423456,1987.843768,1932.856406,1975.960977,151408.0
2021-01-06,1978.577252,2081.692932,1971.003453,2059.351922,341265.0
2021-01-07,2061.17878,2098.177945,2050.179337,2094.498568,161581.0
2021-01-08,2095.425015,2112.626719,2058.919616,2089.803611,191439.0
2021-01-11,2086.259891,2094.728158,2054.903578,2088.973296,154442.0
2021-01-12,2090.477085,2127.4149,2088.338754,2126.020157,146158.0
2021-01-13,2122.862182,2132.53331,2104.569498,2110.456777,155933.0
2021-01-14,2115.33922,2163.48714,2111.346818,2153.666894,185037.0
2021-01-15,2154.35828,2158.764656,2095.228776,2120.548836,238060.0
2021-01-19,2115.558091,2150.788543,2108.239843,2147.168631,179533.0
2021-01-20,2144.764916,2173.281081,2136.071844,2157.771156,193765.0
2021-01-21,2152.337615,2166.336586,2132.34831,2138.443117,162843.0
2021-01-22,2139.195799,2166.460818,2112.748997,2164.499679,198233.0
2021-01-25,2159.355808,2192.205705,2128.712834,2161.175501,252945.0
2021-01-26,2160.247798,2179.660829,2131.324691,2145.452562,190618.0
2021-01-27,2135.294581,2150.902782,2084.381109,2104.314214,269693.0
2021-01-28,2101.71445,2139.471468,2075.171644,2099.768764,232097.0
2021-01-29,2095.411015,2122.125554,2059.739933,2068.075073,249890.0
2021-02-01,2061.003197,2127.913163,2028.465417,2119.64577,159740.0
2021-02-02,2119.892691,2152.562012,2113.903876,2147.592527,148721.0
2021-02-03,2147.327137,2159.59136,2127.570566,2154.567274,151562.0
2021-02-04,2159.100722,2206.007711,2146.944747,2199.659543,152231.0
2021-02-05,2201.632759,2234.290024,2197.753276,2230.032927,187294.0
2021-02-08,2233.806356,2290.465327,2230.853798,2285.588893,165998.0
2021-02-09,2291.348489,2309.744641,2276.609729,2297.151605,171568.0
2021-02-10,2299.278244,2316.699059,2262.659963,2281.084892,226917.0
2021-02-11,2282.660177,2303.713657,2247.723165,2280.914104,216728.0
2021-02-12,2273.677777,2294.722082,2259.322136,2286.398624,149687.0
2021-02-16,2295.531629,2314.178712,2261.055144,2270.525395,194213.0
2021-02-17,2270.345271,2273.310783,2222.545118,2255.015227,186579.0
2021-02-18,2255.886558,2262.214598,2207.207642,2217.823032,178986.0
2021-02-19,2221.009486,2276.887111,2203.859027,2265.106997,192489.0
2021-02-22,2264.803507,2279.011795,2233.731334,2250.307615,185467.0
2021-02-23,2255.216482,2268.355817,2169.073858,2231.099358,261180.0
2021-02-24,2232.477832,2295.266193,2218.562631,2285.008049,197904.0
2021-02-25,2292.168079,2302.948121,2192.204986,2200.365682,274594.0
2021-02-26,2195.709485,2235.948218,2160.252674,2198.904679,296646.0
2021-03-01,2203.687263,2280.554989,2196.122321,2274.815837,178647.0
2021-03-02,2279.940779,2281.575402,2227.320889,2229.356292,182372.0
2021-03-03,2232.504399,2266.860584,2201.462819,2205.805681,223292.0
2021-03-04,2205.411134,2219.628908,2106.287758,2144.816462,308033.0
2021-03-05,2148.273943,2194.376321,2084.154979,2189.820871,343158.0
2021-03-08,2200.833923,2235.840651,2161.296512,2200.729633,221041.0
2021-03-09,2211.572466,2263.538605,2202.924127,2245.622159,174545.0
2021-03-10,2247.103312,2303.817504,2234.334099,2285.392459,192094.0
2021-03-11,2293.114612,2337.040713,2282.943065,2334.599247,188955.0
2021-03-12,2338.779752,2355.837178,2327.067601,2351.438095,199036.0
2021-03-15,2357.510256,2368.394256,2332.144001,2358.081741,262956.0
2021-03-16,2354.941208,2356.242585,2305.491374,2319.374772,160388.0
2021-03-17,2320.772763,2341.469303,2287.046692,2337.237945,69678.0
2021-03-18,2334.366474,2344.339589,2259.494719,2265.494185,45259.0
2021-03-19,2271.500731,2279.307744,2254.276978,2266.052398,212682.0
2021-03-22,2278.258971,2290.798305,2250.240663,2261.483193,147236.0
2021-03-23,2264.665512,2269.23102,2168.586329,2180.480973,219044.0
2021-03-24,2185.745082,2223.307379,2128.086967,2130.331807,234455.0
2021-03-25,2137.25154,2187.956095,2092.602034,2178.102701,294326.0
2021-03-26,2182.64786,2223.077293,2172.082967,2218.432444,228944.0
2021-03-29,2220.268528,2222.100903,2153.542942,2155.710267,216715.0
2021-03-30,2162.438343,2199.566156,2143.445341,2192.441567,210335.0
2021-03-31,2196.079192,2237.725483,2188.816404,2222.702841,212706.0
2021-04-01,2215.496146,2257.947053,2212.201375,2251.780159,158466.0
2021-04-05,2293.042712,2298.478485,2248.774413,2262.760547,141275.0
2021-04-06,2265.617681,2280.681794,2245.305304,2256.115791,140947.0
2021-04-07,2261.483593,2264.316144,2212.197432,2219.276429,164208.0
2021-04-08,2226.114754,2246.844377,2206.972892,2239.260088,153775.0
2021-04-09,2247.363186,2253.209011,2225.424186,2239.169123,147370.0
2021-04-12,2238.930406,2242.689863,2217.096943,2230.567829,128342.0
2021-04-13,2230.00466,2239.66087,2201.617786,2224.957599,171259.0
2021-04-14,2227.953336,2273.988249,2220.282463,2245.144757,202725.0
2021-04-15,2249.510829,2272.055596,2236.153949,2255.846081,158470.0
2021-04-16,2256.081969,2270.544287,2243.033982,2258.868473,154246.0
2021-04-19,2254.692197,2256.287172,2212.222805,2229.388718,183845.0
2021-04-20,2229.10306,2235.625213,2164.164076,2184.105316,231796.0
2021-04-21,2184.155561,2239.220367,2167.177079,2238.408728,206418.0
2021-04-22,2231.52465,2266.412661,2220.285493,2228.114418,225993.0
2021-04-23,2234.471925,2279.815968,2232.085971,2269.404268,191759.0
2021-04-26,2270.24095,2300.407327,2267.573448,2293.275864,137304.0
2021-04-27,2296.83848,2307.54139,2288.300868,2296.915405,148040.0
2021-04-28,2298.118259,2308.491673,2281.933463,2300.358212,125974.0
2021-04-29,2295.729324,2323.04869,2270.905878,2293.386844,190501.0
2021-04-30,2288.661705,2291.706277,2254.199301,2261.527261,204912.0
2021-05-03,2267.699377,2291.007381,2262.099797,2273.667696,144372.0
2021-05-04,2271.576081,2272.566078,2222.226843,2244.356282,206081.0
2021-05-05,2246.176185,2260.648392,2226.608388,2236.496104,167406.0
2021-05-06,2235.196609,2249.371169,2198.827025,2239.757128,185011.0
2021-05-07,2241.874365,2272.629352,2229.236211,2268.127336,166811.0
2021-05-10,2268.257666,2277.356964,2200.142869,2209.485616,182610.0
2021-05-11,2202.21703,2216.941698,2152.155989,2203.118481,259384.0
2021-05-12,2199.078105,2207.705955,2124.306431,2131.607634,253555.0
2021-05-13,2126.197769,2186.394473,2112.319245,2168.422073,252769.0
2021-05-14,2171.978934,2227.556562,2169.267241,2222.659913,185386.0
2021-05-17,2222.25997,2229.071832,2191.009344,2225.1747,165825.0
2021-05-18,2227.760849,2245.035179,2201.22383,2207.566858,172425.0
2021-05-19,2200.519828,2210.355246,2152.362567,2192.620212,197964.0
2021-05-20,2191.716674,2211.29059,2170.502081,2205.679758,156491.0
2021-05-21,2202.769509,2236.314794,2202.337607,2212.467277,132067.0
2021-05-24,2210.620586,2237.786678,2200.315882,2226.155363,123157.0
2021-05-25,2227.15586,2250.157237,2204.308551,2205.589072,140739.0
2021-05-26,2210.406127,2249.264528,2208.644931,2247.155394,139283.0
2021-05-27,2247.407481,2279.017182,2239.411266,2270.831514,160541.0
2021-05-28,2279.245121,2286.648807,2263.406199,2268.830235,141813.0
2021-06-01,2269.407652,2298.400417,2257.034046,2293.9393,170155.0
2021-06-02,2294.980834,2304.564643,2281.206593,2297.518676,177113.0
2021-06-03,2298.224308,2303.093753,2252.664753,2277.222524,200176.0
2021-06-04,2279.203836,2293.487721,2265.980935,2286.564842,125899.0
2021-06-07,2285.549325,2320.544928,2269.988505,2317.080619,135707.0
2021-06-08,2318.683328,2347.782817,2309.090685,2341.906342,178805.0
2021-06-09,2340.800111,2350.251644,2322.66056,2325.565721,139559.0
2021-06-10,2327.253043,2338.254808,2303.095293,2309.14269,186008.0
2021-06-11,2309.826336,2334.600333,2305.874797,2334.046298,172188.0
2021-06-14,2335.659766,2350.230028,2317.979697,2327.140618,201639.0
2021-06-15,2325.915535,2332.65485,2301.27017,2320.493697,138222.0
2021-06-16,2319.535371,2323.646929,2292.649936,2314.610188,52330.0
2021-06-17,2307.841134,2318.929314,2261.646752,2288.342488,66378.0
2021-06-18,2290.05553,2292.894323,2243.04614,2259.931113,252496.0
2021-06-21,2223.29254,2287.144621,2206.352478,2280.901096,169841.0
2021-06-22,2282.617635,2296.395386,2258.791919,2292.54305,124747.0
2021-06-23,2292.647492,2312.208993,2283.472749,2300.266529,122877.0
2021-06-24,2302.199534,2337.86783,2300.616787,2331.29173,110605.0
2021-06-25,2336.858667,2346.52142,2325.746744,2332.1217,161196.0
2021-06-28,2337.084562,2338.809736,2299.192791,2316.286698,137891.0
2021-06-29,2317.97426,2328.686276,2299.68164,2304.469987,109240.0
2021-06-30,2305.21016,2314.80523,2285.285903,2307.931814,134839.0
2021-07-01,2310.612016,2330.768681,2308.65179,2327.116032,136387.0
2021-07-02,2324.185347,2335.729161,2297.121409,2301.976406,131875.0
2021-07-06,2304.611671,2311.766773,2249.947314,2270.005261,154427.0
2021-07-07,2264.554848,2278.664974,2229.450748,2249.140051,164139.0
2021-07-08,2252.362624,2253.492999,2188.853501,2227.610061,217562.0
2021-07-09,2224.290759,2278.882567,2213.891024,2275.05534,148382.0
2021-07-12,2275.180449,2283.221137,2253.112895,2277.231778,112419.0
2021-07-13,2277.113158,2278.064661,2233.242684,2234.253058,151015.0
2021-07-14,2234.981066,2254.983556,2196.175318,2199.335365,176912.0
2021-07-15,2199.248926,2201.306266,2159.304379,2186.759923,224379.0
2021-07-16,2184.894641,2210.910044,2154.911625,2158.558323,189010.0
2021-07-19,2156.070728,2161.173777,2100.11723,2126.78033,310073.0
2021-07-20,2136.067265,2202.300134,2122.044673,2191.998433,252816.0
2021-07-21,2191.266931,2234.826937,2184.261141,2231.853992,187334.0
2021-07-22,2234.367162,2240.714084,2186.292501,2195.076628,187835.0
2021-07-23,2203.134952,2214.069378,2179.455948,2205.013972,156161.0
2021-07-26,2200.294205,2231.921718,2175.829229,2213.286402,148036.0
2021-07-27,2212.23511,2213.409121,2164.329502,2186.59026,185662.0
2021-07-28,2183.317367,2237.316425,2179.807582,2220.784904,182152.0
2021-07-29,2223.946012,2255.606249,2215.699994,2237.654709,157887.0
2021-07-30,2237.636661,2252.48436,2213.213682,2221.799589,174669.0
2021-08-02,2226.511557,2257.092052,2207.550923,2211.255359,175613.0
2021-08-03,2212.883453,2229.188144,2181.291903,2219.371894,173207.0
2021-08-04,2214.860123,2223.311878,2188.965552,2191.778858,156693.0
2021-08-05,2191.130414,2235.603347,2187.426976,2232.280068,142342.0
2021-08-06,2231.49295,2263.593574,2227.101275,2245.803151,142597.0
2021-08-09,2245.630707,2246.010016,2223.26403,2232.625226,106752.0
2021-08-10,2235.898963,2243.72677,2223.159736,2237.570113,117908.0
2021-08-11,2237.498958,2249.78325,2215.456288,2248.349022,148525.0
2021-08-12,2249.089078,2252.212449,2228.628212,2242.518768,132429.0
2021-08-13,2242.865266,2245.046162,2218.145845,2222.169789,116181.0
2021-08-16,2217.249353,2220.986681,2188.085778,2201.252441,163942.0
2021-08-17,2200.978954,2202.186094,2148.323206,2174.611475,249459.0
2021-08-18,2171.616437,2191.362203,2143.50238,2154.649544,202074.0
2021-08-19,2148.583884,2158.901986,2108.610995,2129.006787,276708.0
2021-08-20,2130.958405,2170.519032,2109.964751,2165.436082,205392.0
2021-08-23,2163.977857,2210.420748,2162.810709,2206.186742,157803.0
2021-08-24,2209.103367,2230.815423,2207.643213,2228.100777,142589.0
2021-08-25,2230.09615,2251.078636,2219.433671,2236.915706,154023.0
2021-08-26,2238.687223,2242.980035,2208.795873,2213.957944,180045.0
2021-08-27,2213.711296,2282.461594,2206.179196,2275.21645,205234.0
2021-08-30,2279.738188,2287.67137,2261.264376,2266.829279,153838.0
2021-08-31,2268.634605,2278.270619,2254.973195,2271.294094,169563.0
2021-09-01,2275.008923,2294.468741,2260.150742,2286.671423,160583.0
2021-09-02,2286.084288,2310.268855,2280.302507,2301.040563,143791.0
2021-09-03,2302.657504,2312.38335,2284.15838,2290.991806,145903.0
2021-09-07,2289.299189,2301.724533,2273.406952,2275.320566,165273.0
2021-09-08,2274.611252,2280.38515,2237.266412,2250.308941,200668.0
2021-09-09,2249.680081,2275.055622,2225.201169,2251.154449,230519.0
2021-09-10,2250.00298,2270.687025,2226.563424,2227.83181,261665.0
2021-09-13,2229.91955,2249.009842,2213.723475,2241.098045,263946.0
2021-09-14,2244.263473,2258.152582,2201.987864,2211.378853,165328.0
2021-09-15,2210.921306,2238.738882,2205.271647,2235.223915,73258.0
2021-09-16,2233.274945,2245.108183,2214.306814,2233.363535,26062.0
2021-09-17,2232.07743,2241.365505,2222.448316,2241.365505,233963.0
2021-09-20,2223.549867,2227.499936,2146.817782,2176.648798,308093.0
2021-09-21,2172.718929,2208.766488,2163.314732,2180.887433,205932.0
2021-09-22,2176.761938,2231.258587,2167.308058,2214.651384,205582.0
2021-09-23,2215.35626,2262.738884,2214.247383,2255.057485,183535.0
2021-09-24,2255.402275,2263.932278,2230.966746,2244.186642,156680.0
2021-09-27,2245.543503,2290.803164,2241.816759,2277.513672,182451.0
2021-09-28,2277.046266,2287.481074,2221.594213,2225.975365,257830.0
2021-09-29,2228.523665,2245.956034,2215.085664,2221.773506,208213.0
2021-09-30,2228.212559,2251.588468,2197.753071,2200.749722,272336.0
2021-10-01,2201.149241,2248.616188,2170.966612,2235.642678,248284.0
2021-10-04,2239.329015,2245.44285,2201.645642,2214.897718,239637.0
2021-10-05,2216.985934,2243.85102,2199.640232,2223.529332,176678.0
2021-10-06,2223.168662,2226.131407,2180.536332,2212.685519,280885.0
2021-10-07,2213.871086,2263.52865,2213.432789,2246.865415,172996.0
2021-10-08,2245.854527,2257.15851,2227.019284,2229.210951,153261.0
2021-10-11,2230.737774,2249.263668,2209.039814,2216.580778,128472.0
2021-10-12,2214.515489,2238.341151,2193.261069,2229.992314,154606.0
2021-10-13,2224.173636,2241.772837,2211.032607,2238.293643,169224.0
2021-10-14,2238.686477,2276.235753,2238.5346,2272.102619,131014.0
2021-10-15,2274.296649,2298.114305,2262.716975,2265.178679,175384.0
2021-10-18,2265.686163,2270.388355,2247.507375,2264.811107,141228.0
2021-10-19,2262.843945,2285.692355,2258.936803,2272.969147,123154.0
2021-10-20,2274.015769,2293.948243,2264.795889,2287.694406,132686.0
2021-10-21,2286.418663,2304.502476,2274.769565,2293.876705,147024.0
2021-10-22,2295.009427,2305.359613,2270.730333,2288.661346,166411.0
2021-10-25,2284.920573,2314.231902,2279.890128,2310.414528,143716.0
2021-10-26,2310.545386,2321.55686,2290.055207,2293.772876,177195.0
2021-10-27,2293.251051,2296.463821,2249.25803,2249.510649,192434.0
2021-10-28,2253.925315,2302.700235,2249.36717,2295.433105,165498.0
2021-10-29,2300.213428,2303.174049,2283.217035,2295.210189,145928.0
2021-11-01,2301.992803,2356.740596,2299.023898,2354.190845,204647.0
2021-11-02,2356.43172,2364.6041,2341.402704,2359.273705,178361.0
2021-11-03,2359.784837,2413.854694,2354.607411,2401.621581,224982.0
2021-11-04,2402.84233,2424.460248,2391.128842,2400.714916,185297.0
2021-11-05,2401.981668,2449.934237,2399.181191,2434.221727,253365.0
2021-11-08,2426.829574,2460.666602,2426.615755,2441.872773,169969.0
2021-11-09,2436.302571,2441.97911,2410.457508,2426.986475,174257.0
2021-11-10,2424.361037,2431.62835,2378.503806,2389.38557,188191.0
2021-11-11,2390.486447,2419.574059,2384.123838,2408.083057,131702.0
2021-11-12,2407.478348,2418.541405,2402.488749,2410.55953,115874.0
2021-11-15,2413.209852,2427.595586,2391.480569,2401.108075,142330.0
2021-11-16,2401.084264,2408.841884,2384.39642,2404.710095,138388.0
2021-11-17,2403.357471,2405.268531,2366.734789,2374.657006,152852.0
2021-11-18,2371.534978,2386.072499,2345.344533,2364.028139,186531.0
2021-11-19,2363.666876,2377.657001,2328.890707,2342.853445,208350.0
2021-11-22,2346.187039,2372.823529,2326.198146,2332.229712,221724.0
2021-11-23,2336.037545,2344.844637,2300.655147,2328.868016,220471.0
2021-11-24,2328.065365,2335.036475,2300.390692,2331.091761,163046.0
2021-11-26,2332.220197,2345.778897,2206.402832,2243.201705,336166.0
2021-11-29,2230.940929,2282.429423,2225.842836,2240.152192,337628.0
2021-11-30,2244.790729,2258.13846,2171.900415,2197.44741,410655.0
2021-12-01,2213.718478,2256.327559,2136.532434,2146.310492,373904.0
2021-12-02,2145.750851,2213.135186,2143.395792,2205.182916,332775.0
2021-12-03,2214.983664,2222.593359,2139.027812,2159.191106,327700.0
2021-12-06,2166.798761,2220.569328,2150.166903,2204.067431,250206.0
2021-12-07,2207.729827,2274.423686,2201.637329,2253.935835,217598.0
2021-12-08,2261.834575,2280.081378,2243.854721,2269.859638,200534.0
2021-12-09,2269.005916,2273.683664,2214.447082,2218.277825,265657.0
2021-12-10,2218.784494,2244.810439,2196.221829,2212.183383,243194.0
2021-12-13,2209.574934,2227.141382,2167.370878,2180.245048,258184.0
2021-12-14,2184.670205,2195.027868,2152.274338,2160.809995,155063.0
2021-12-15,2164.40959,2201.945007,2130.042572,2197.978527,83272.0
2021-12-16,2198.27154,2227.642855,2141.499587,2151.82922,56531.0
2021-12-17,2152.596235,2160.99022,2132.244262,2142.621173,334200.0
2021-12-20,2168.829642,2173.31292,2102.322791,2136.05372,292331.0
2021-12-21,2140.157536,2204.71275,2134.699203,2199.875641,206136.0
2021-12-22,2202.78739,2223.129967,2187.47594,2219.776983,178641.0
2021-12-23,2221.006722,2244.985337,2220.519674,2237.012483,135487.0
2021-12-27,2237.903471,2260.491283,2222.896806,2259.612052,130952.0
2021-12-28,2258.904215,2275.1628,2240.744918,2243.88587,145381.0
2021-12-29,2247.116466,2252.316218,2229.731261,2248.167547,132270.0
2021-12-30,2244.704509,2272.542518,2237.60947,2247.000244,122002.0
2021-12-31,2246.181256,2258.955082,2231.718223,2242.702803,134764.0
2022-01-03,2247.624457,2284.571993,2244.593411,2269.108876,222626.0
2022-01-04,2268.281926,2288.603107,2250.535663,2266.371577,182370.0
2022-01-05,2267.181624,2276.309981,2187.661186,2190.754462,248186.0
2022-01-06,2189.142356,2220.357681,2173.732658,2202.880451,267861.0
2022-01-07,2207.597111,2219.722152,2173.170135,2175.912153,230507.0
2022-01-10,2173.148133,2184.026942,2125.964161,2168.209956,310305.0
2022-01-11,2168.412924,2193.962035,2144.502158,2190.636493,200096.0
2022-01-12,2190.145542,2209.006095,2161.31106,2172.93813,203937.0
2022-01-13,2176.393572,2197.505609,2148.363499,2155.550944,225910.0
2022-01-14,2157.31673,2163.378279,2120.204037,2157.996454,250564.0
2022-01-18,2161.814532,2168.491387,2089.252842,2092.198748,305812.0
2022-01-19,2096.157317,2108.71598,2054.150332,2059.271748,300329.0
2022-01-20,2060.706255,2104.367797,2010.202659,2021.228549,296563.0
2022-01-21,2020.125848,2044.373377,1982.169367,1985.217734,458576.0
2022-01-24,1986.570064,2038.085127,1925.335996,2031.712213,528653.0
2022-01-25,2033.294543,2036.066217,1959.115865,2001.273595,353285.0
2022-01-26,1989.591851,2049.981486,1949.429718,1972.639109,372670.0
2022-01-27,1971.458266,2009.71742,1918.598317,1928.089918,336370.0
2022-01-28,1936.307285,1966.795978,1892.288178,1965.684364,350818.0
2022-01-31,1960.668146,2025.698512,1937.901109,2024.619035,268327.0
2022-02-01,2015.138808,2049.404961,1992.912219,2045.996428,259968.0
2022-02-02,2041.011736,2058.50051,2005.794367,2025.106389,245730.0
2022-02-03,2024.453016,2025.621225,1983.014473,1986.550751,258221.0
2022-02-04,1998.624187,2014.255902,1956.854132,1996.701486,236027.0
2022-02-07,1996.489641,2024.217836,1979.963336,2007.010315,185324.0
2022-02-08,2010.695257,2044.538448,2002.698461,2040.675282,168050.0
2022-02-09,2041.823078,2079.601148,2041.823078,2079.321326,182703.0
2022-02-10,2079.658701,2103.886267,2034.343302,2048.692474,332721.0
2022-02-11,2045.898107,2073.94084,2010.004723,2025.659572,251716.0
2022-02-14,2028.234002,2048.022505,2000.18761,2019.54406,242871.0
2022-02-15,2017.572682,2076.648489,2011.08887,2074.368355,183004.0
2022-02-16,2072.303548,2086.413958,2054.203316,2077.406201,158622.0
2022-02-17,2073.104279,2079.827304,2020.73846,2025.142265,183454.0
2022-02-18,2028.170903,2049.445962,2000.345065,2006.4797,205738.0
2022-02-22,1997.940384,2025.473169,1960.147601,1979.25409,296771.0
2022-02-23,1987.376324,2008.785,1936.887858,1941.15752,226490.0
2022-02-24,1941.217208,1997.170889,1882.969276,1993.564813,349532.0
2022-02-25,1984.398269,2040.609239,1966.02169,2038.729284,236907.0
2022-02-28,2012.504426,2059.223362,1971.546771,2044.246896,340260.0
2022-03-01,2044.437781,2064.794871,1990.154584,2006.79474,245559.0
2022-03-02,2009.491525,2066.135685,1991.503105,2055.90469,217042.0
2022-03-03,2051.141001,2071.236757,2015.206281,2030.694289,179853.0
2022-03-04,2032.321397,2036.350999,1981.628503,2000.276411,214492.0
2022-03-07,1985.204454,2011.216711,1943.656375,1950.203877,236096.0
2022-03-08,1946.557157,2007.506517,1922.986795,1960.143707,292624.0
2022-03-09,1951.516618,2023.287711,1951.236368,2014.434559,203908.0
2022-03-10,2014.045084,2015.584587,1977.928447,2010.815706,232913.0
2022-03-11,2011.954186,2048.965072,1976.793369,1978.320301,234635.0
2022-03-14,1983.183826,2006.085864,1931.410383,1941.807749,306127.0
2022-03-15,1944.75459,1971.429125,1916.657265,1969.111864,148950.0
2022-03-16,1965.361002,2041.777887,1961.847683,2032.607694,86292.0
2022-03-17,2038.811719,2067.149708,2017.251795,2064.675737,43806.0
2022-03-18,2057.825962,2063.595203,2047.463132,2063.177154,191860.0
2022-03-21,2082.041317,2090.560088,2047.632042,2062.2463,180235.0
2022-03-22,2065.657286,2096.703195,2053.468374,2081.979794,164189.0
2022-03-23,2083.664975,2088.2609,2043.985,2047.369269,163383.0
2022-03-24,2047.485142,2074.277491,2039.701102,2070.685025,143338.0
2022-03-25,2072.481258,2079.797987,2057.660059,2075.506016,149947.0
2022-03-28,2075.239012,2077.958424,2042.974121,2075.072487,155794.0
2022-03-29,2075.160815,2137.116549,2071.253377,2131.443125,203825.0
2022-03-30,2128.236717,2131.831001,2078.921414,2088.583417,216991.0
2022-03-31,2089.542442,2102.586169,2062.852889,2066.446726,216798.0
2022-04-01,2068.438413,2089.878177,2063.215104,2088.466285,187668.0
2022-04-04,2088.617991,2097.016612,2071.727,2094.50177,142393.0
2022-04-05,2094.045957,2107.747042,2037.546808,2042.694251,204210.0
2022-04-06,2044.710471,2049.606948,1999.551431,2013.997645,273742.0
2022-04-07,2013.055831,2025.844599,1979.030313,2005.86147,230368.0
2022-04-08,2003.837699,2016.269555,1987.383421,1991.21209,175561.0
2022-04-11,1993.901048,2005.077332,1971.199081,1977.737192,200579.0
2022-04-12,1979.025358,2030.381819,1966.669267,1984.874659,210320.0
2022-04-13,1986.9576,2028.046959,1985.193574,2022.666391,144827.0
2022-04-14,2019.870816,2036.877087,1999.492758,2001.586781,151453.0
2022-04-18,2001.10008,2004.130142,1977.697096,1987.337746,132196.0
2022-04-19,1994.91011,2035.099316,1981.185765,2028.563606,171163.0
2022-04-20,2026.930418,2051.780158,2022.736251,2036.536362,161249.0
2022-04-21,2040.152751,2061.056051,1982.399919,1989.032712,213495.0
2022-04-22,1986.114902,1991.480203,1927.662497,1938.403525,242668.0
2022-04-25,1931.422245,1953.199874,1903.468476,1950.717427,260524.0
2022-04-26,1950.146382,1957.439253,1879.140228,1889.441717,278981.0
2022-04-27,1879.830667,1909.383002,1873.864121,1881.098974,271038.0
2022-04-28,1890.838676,1926.066399,1857.616083,1915.055759,251154.0
2022-04-29,1905.908623,1928.871378,1855.77893,1861.113392,270782.0
2022-05-02,1868.630776,1889.504567,1834.602133,1880.150947,274807.0
2022-05-03,1876.916943,1906.262157,1867.380285,1895.509762,203751.0
2022-05-04,1896.319401,1951.405644,1867.642568,1947.049123,207841.0
2022-05-05,1943.487556,1950.86664,1843.876154,1868.076474,267028.0
2022-05-06,1873.910348,1876.14788,1815.43264,1836.510666,304332.0
2022-05-09,1821.550788,1827.726861,1750.608551,1760.471085,297924.0
2022-05-10,1762.518718,1799.011014,1721.806139,1759.89923,300549.0
2022-05-11,1758.833311,1791.94171,1712.103346,1715.452591,289298.0
2022-05-12,1723.124879,1752.785288,1698.346481,1737.503504,305229.0
2022-05-13,1729.802083,1803.735797,1729.802083,1789.344815,215251.0
2022-05-16,1792.704979,1804.632777,1770.862091,1782.196003,168172.0
2022-05-17,1780.059505,1840.093777,1780.059505,1837.02153,200565.0
2022-05-18,1838.806023,1841.700644,1760.378698,1772.718269,242552.0
2022-05-19,1772.576088,1797.858318,1744.751165,1774.776519,228221.0
2022-05-20,1777.238968,1803.666392,1727.5601,1772.043983,254149.0
2022-05-23,1776.285023,1799.865378,1764.428121,1791.574498,178670.0
2022-05-24,1791.716659,1791.890325,1732.276002,1764.136175,222684.0
2022-05-25,1769.225522,1807.659267,1753.41587,1796.829054,211053.0
2022-05-26,1797.111488,1847.691876,1792.484718,1836.242517,178894.0
2022-05-27,1834.719621,1893.498717,1830.679933,1885.99797,169685.0
2022-05-31,1890.991566,1908.15909,1850.407342,1861.93263,266934.0
2022-06-01,1864.342797,1879.577766,1827.377738,1853.352658,241211.0
2022-06-02,1851.589626,1898.270196,1844.320179,1896.979884,183475.0
2022-06-03,1897.013111,1902.678056,1867.608636,1881.514847,175391.0
2022-06-06,1881.625315,1905.54267,1878.236743,1888.530599,168769.0
2022-06-07,1889.481902,1919.735687,1867.951164,1918.246838,172071.0
2022-06-08,1913.994036,1919.248927,1880.241589,1889.468566,182666.0
2022-06-09,1892.0101,1905.163307,1848.889034,1850.529724,237000.0
2022-06-10,1853.994714,1856.753868,1790.385181,1800.811225,265887.0
2022-06-13,1793.468844,1793.991681,1706.132966,1715.409129,323246.0
2022-06-14,1716.283263,1741.355885,1691.03057,1708.491614,188755.0
2022-06-15,1710.127009,1754.651762,1700.548077,1732.278837,84121.0
2022-06-16,1736.718562,1752.255617,1640.728447,1651.792473,41971.0
2022-06-17,1656.826537,1673.433305,1649.372169,1664.126883,265418.0
2022-06-21,1672.233552,1713.841349,1657.410273,1693.535432,218284.0
2022-06-22,1694.615261,1705.556872,1658.765578,1691.191746,226583.0
2022-06-23,1689.986939,1715.060297,1676.859792,1712.071342,205405.0
2022-06-24,1703.681649,1765.113955,1701.717679,1761.674405,245414.0
2022-06-27,1763.423957,1783.617617,1751.282344,1769.898377,216094.0
2022-06-28,1773.137002,1795.106121,1736.601369,1737.767156,169971.0
2022-06-29,1739.654092,1746.769816,1702.959859,1721.419006,175352.0
2022-06-30,1723.78489,1726.048525,1680.640404,1708.139583,224021.0
2022-07-01,1701.473631,1731.869146,1680.607732,1728.641335,210619.0
2022-07-05,1727.576976,1743.081827,1680.402561,1741.659203,202325.0
2022-07-06,1741.198519,1750.352532,1710.553836,1728.533988,186383.0
2022-07-07,1731.394618,1773.63355,1721.448985,1769.876049,156377.0
2022-07-08,1765.776565,1783.76353,1749.342723,1769.559666,173176.0
2022-07-11,1769.578189,1769.760399,1728.604863,1733.036733,176778.0
2022-07-12,1735.78248,1747.086477,1715.936882,1728.728902,171374.0
2022-07-13,1730.342778,1755.018571,1699.005301,1727.326055,218731.0
2022-07-14,1722.938399,1727.273758,1682.25578,1709.479831,206685.0
2022-07-15,1710.875309,1746.974784,1702.509685,1744.341594,219752.0
2022-07-18,1749.887698,1776.269193,1733.218615,1738.711171,163973.0
2022-07-19,1742.225369,1803.96875,1740.17399,1800.999705,191527.0
2022-07-20,1800.746804,1831.220299,1790.88645,1828.39646,192470.0
2022-07-21,1821.746556,1839.209208,1800.852871,1837.141609,174079.0
2022-07-22,1833.210553,1845.637127,1793.724462,1808.576605,198595.0
2022-07-25,1808.00825,1822.520533,1797.5338,1817.243645,155372.0
2022-07-26,1813.299247,1819.521374,1798.270819,1805.739468,147550.0
2022-07-27,1811.132272,1856.41794,1807.114213,1847.641399,158779.0
2022-07-28,1848.358535,1881.033221,1830.594032,1872.572956,162524.0
2022-07-29,1876.21705,1890.455955,1863.804021,1885.334058,165520.0
2022-08-01,1888.085254,1896.930306,1854.656156,1885.543002,167933.0
2022-08-02,1883.329284,1903.646027,1867.42799,1883.096504,196261.0
2022-08-03,1885.718202,1915.201318,1879.46492,1910.433105,199350.0
2022-08-04,1909.182858,1921.051039,1897.388155,1908.006391,161502.0
2022-08-05,1908.489265,1923.469837,1884.713342,1922.088812,194266.0
2022-08-08,1921.827351,1959.473269,1914.515533,1941.466563,161437.0
2022-08-09,1943.708169,1947.996344,1903.932246,1914.59675,158918.0
2022-08-10,1914.835451,1972.494715,1908.773369,1969.333852,170817.0
2022-08-11,1968.995179,2008.62822,1967.363292,1976.049491,197302.0
2022-08-12,1981.357396,2017.979906,1975.817381,2016.825449,170643.0
2022-08-15,2016.053879,2024.843721,1995.382223,2024.004312,147246.0
2022-08-16,2021.076176,2033.244867,2002.930518,2023.808629,179887.0
2022-08-17,2025.567086,2028.964257,1976.526493,1989.2134,223308.0
2022-08-18,1992.10851,2005.014709,1981.67438,2001.634956,168554.0
2022-08-19,1999.629644,2001.074337,1953.180925,1959.135107,187615.0
2022-08-22,1955.571403,1955.925163,1911.957818,1917.471336,198373.0
2022-08-23,1920.300488,1940.789928,1906.217704,1920.414393,162172.0
2022-08-24,1918.260105,1944.110431,1909.566834,1935.318447,137276.0
2022-08-25,1939.561166,1965.554312,1937.272511,1964.928033,157789.0
2022-08-26,1962.355392,1973.89199,1889.995212,1899.287079,219546.0
2022-08-29,1882.715474,1900.425606,1871.552867,1882.857593,202254.0
2022-08-30,1883.361799,1901.878998,1845.565627,1856.002379,224366.0
2022-08-31,1856.282225,1872.086063,1841.111526,1844.556532,204809.0
2022-09-01,1844.106431,1846.030755,1797.95877,1824.125984,244717.0
2022-09-02,1823.878967,1849.200098,1800.412883,1809.137815,222380.0
2022-09-06,1809.978602,1832.237934,1783.566446,1792.50476,263113.0
2022-09-07,1791.186134,1833.667296,1778.764408,1830.491994,231086.0
2022-09-08,1828.517401,1847.58865,1804.438262,1845.646077,244125.0
2022-09-09,1846.475084,1885.079664,1844.499532,1882.918202,231776.0
2022-09-12,1884.702484,1910.442494,1878.964184,1906.365119,320329.0
2022-09-13,1909.893513,1923.868644,1824.043234,1830.399353,199697.0
2022-09-14,1830.94254,1845.000897,1813.770304,1839.432838,94957.0
2022-09-15,1840.90356,1855.068122,1816.42437,1824.334769,41073.0
2022-09-16,1812.889056,1818.378477,1792.379088,1804.633569,243326.0
2022-09-19,1802.013696,1824.583792,1779.430796,1820.063499,155505.0
2022-09-20,1822.622297,1830.078726,1780.313655,1795.081784,174322.0
2022-09-21,1798.163675,1825.863067,1760.621516,1767.915349,240935.0
2022-09-22,1763.181234,1783.595242,1720.12143,1727.897984,247818.0
2022-09-23,1730.488702,1734.19866,1662.017828,1686.207211,276364.0
2022-09-26,1683.195239,1710.545637,1656.458375,1662.216731,289773.0
2022-09-27,1662.287182,1697.658159,1653.572205,1668.693155,279851.0
2022-09-28,1671.977025,1731.69604,1647.474131,1720.70715,312151.0
2022-09-29,1721.127411,1725.091972,1658.175169,1682.308582,266905.0
2022-09-30,1682.867814,1716.145429,1667.574582,1669.803822,323567.0
2022-10-03,1667.529826,1723.551257,1656.665134,1714.964134,277739.0
2022-10-04,1718.963514,1782.6648,1714.22022,1781.50314,285895.0
2022-10-05,1776.942895,1777.821705,1734.784036,1767.942663,229751.0
2022-10-06,1768.956779,1781.840949,1749.058415,1758.119748,219407.0
2022-10-07,1755.129973,1770.936482,1698.633759,1706.899278,236238.0
2022-10-10,1701.629221,1715.558671,1685.533527,1696.635253,201902.0
2022-10-11,1696.277808,1720.949518,1667.195888,1696.917345,248934.0
2022-10-12,1700.715165,1717.660626,1674.185004,1692.682178,219650.0
2022-10-13,1697.047885,1743.006424,1643.575088,1734.705754,324581.0
2022-10-14,1734.295677,1764.824667,1687.023766,1688.511251,271251.0
2022-10-17,1684.867225,1748.010441,1684.867225,1742.104339,199052.0
2022-10-18,1750.073473,1794.138596,1746.42185,1761.957132,263917.0
2022-10-19,1771.71141,1779.520286,1712.618185,1732.113944,250169.0
2022-10-20,1732.971004,1755.546215,1703.740336,1709.434971,231684.0
2022-10-21,1713.969024,1751.49008,1695.372806,1746.78388,299536.0
2022-10-24,1752.223809,1769.514429,1729.615774,1754.310296,230361.0
2022-10-25,1753.306187,1809.242832,1744.70732,1800.463649,250183.0
2022-10-26,1799.449594,1843.979262,1795.259598,1809.976924,263969.0
2022-10-27,1815.020689,1839.816288,1794.822957,1810.039382,266187.0
2022-10-28,1808.671074,1860.70586,1796.569868,1851.352615,249518.0
2022-10-31,1852.513632,1862.382362,1835.071483,1853.278838,209403.0
2022-11-01,1853.075349,1876.588204,1848.132775,1856.775959,214344.0
2022-11-02,1852.523708,1869.655777,1789.30094,1793.29886,265352.0
2022-11-03,1793.774604,1799.560766,1758.335065,1782.738584,227019.0
2022-11-04,1781.48496,1817.247843,1772.254424,1804.547297,250649.0
2022-11-07,1791.762756,1823.916607,1785.575064,1813.920123,168508.0
2022-11-08,1812.666924,1837.800015,1790.79927,1812.952617,198089.0
2022-11-09,1812.245978,1818.472314,1758.811186,1763.637119,194378.0
2022-11-10,1764.639475,1877.281286,1763.501202,1870.531651,267496.0
2022-11-11,1877.787719,1906.167263,1869.727601,1886.721238,229455.0
2022-11-14,1881.073707,1895.36219,1863.320295,1865.885783,189573.0
2022-11-15,1871.40609,1913.222725,1869.096738,1893.280277,231819.0
2022-11-16,1889.775744,1902.890582,1853.642151,1857.712994,188274.0
2022-11-17,1862.289226,1867.016387,1820.742033,1842.689482,178182.0
2022-11-18,1844.050747,1868.857618,1836.277117,1853.110046,164777.0
2022-11-21,1853.129258,1857.925525,1829.874985,1843.187571,124040.0
2022-11-22,1842.516784,1865.42692,1837.218877,1863.793,136677.0
2022-11-23,1863.612183,1873.096349,1850.264216,1866.490924,157005.0
2022-11-25,1869.330238,1878.748943,1861.133472,1870.27909,79457.0
2022-11-28,1866.960941,1866.960941,1827.060033,1832.854956,168203.0
2022-11-29,1834.476438,1850.411699,1832.443343,1837.86803,147079.0
2022-11-30,1837.21623,1897.775022,1821.301796,1887.139247,262385.0
2022-12-01,1896.577559,1905.852675,1874.724866,1883.636671,219171.0
2022-12-02,1881.895993,1902.376738,1843.359584,1894.465243,206003.0
2022-12-05,1892.11866,1894.827878,1834.917194,1841.722767,186120.0
2022-12-06,1842.521554,1847.573754,1803.012972,1814.279897,191447.0
2022-12-07,1813.954728,1827.934508,1803.358515,1807.789702,176579.0
2022-12-08,1807.00731,1838.173253,1798.4537,1819.705607,172671.0
2022-12-09,1819.707711,1828.601313,1795.895781,1797.032217,212001.0
2022-12-12,1798.960891,1823.217601,1790.826493,1819.969468,281639.0
2022-12-13,1820.015179,1891.203351,1816.710143,1833.726779,218726.0
2022-12-14,1835.579743,1849.806554,1808.006578,1821.563787,69883.0
2022-12-15,1825.677847,1828.048507,1768.507147,1775.256372,64820.0
2022-12-16,1772.530992,1779.814846,1746.603823,1752.343944,240472.0
2022-12-19,1770.625398,1784.710422,1743.638309,1749.795832,156507.0
2022-12-20,1748.889701,1769.16957,1730.949704,1758.536265,154685.0
2022-12-21,1762.924759,1798.112384,1761.792032,1787.534542,160309.0
2022-12-22,1793.213733,1795.27603,1734.952881,1765.15316,177327.0
2022-12-23,1764.436379,1779.331178,1751.971969,1772.674323,135828.0
2022-12-27,1773.336037,1789.663797,1753.94269,1760.702253,115645.0
2022-12-28,1761.391721,1769.55632,1730.948317,1733.41201,133049.0
2022-12-29,1732.97006,1781.769277,1732.090291,1777.045596,148013.0
2022-12-30,1773.125767,1778.738135,1753.280409,1770.597778,141524.0
2023-01-03,1790.45822,1801.602235,1745.459596,1760.424187,223308.0
2023-01-04,1758.381429,1795.112885,1757.201857,1783.110185,216511.0
2023-01-05,1781.077313,1787.695269,1750.382781,1762.393098,176287.0
2023-01-06,1763.577466,1807.951902,1759.281379,1803.353542,224806.0
2023-01-09,1802.955228,1828.478483,1802.609597,1806.111043,159546.0
2023-01-10,1806.328941,1833.441898,1796.033615,1832.260617,160537.0
2023-01-11,1831.175897,1857.275581,1830.797375,1855.275097,169663.0
2023-01-12,1857.172944,1887.15825,1843.173438,1885.731931,243148.0
2023-01-13,1886.049059,1900.842768,1867.515856,1898.117177,166932.0
2023-01-17,1899.333861,1905.585264,1888.215141,1894.864439,173417.0
2023-01-18,1893.6039,1916.35704,1862.74235,1864.392682,228609.0
2023-01-19,1864.440185,1866.672744,1832.21043,1845.205815,206503.0
2023-01-20,1845.18208,1876.350824,1835.98855,1875.626465,190607.0
2023-01-23,1875.66164,1906.328735,1869.939539,1898.918922,181501.0
2023-01-24,1898.311645,1903.369957,1883.534901,1894.598862,147983.0
2023-01-25,1892.2164,1902.169684,1863.092328,1899.272692,176906.0
2023-01-26,1899.353659,1923.407244,1886.467412,1910.255152,174515.0
2023-01-27,1907.329224,1927.306149,1901.608601,1919.696453,167849.0
2023-01-30,1916.524275,1920.038768,1891.847002,1893.803505,164556.0
2023-01-31,1897.132651,1939.801811,1883.032012,1939.568811,212819.0
2023-02-01,1937.916913,1986.513288,1925.483911,1968.224522,253188.0
2023-02-02,1966.532561,2016.851153,1964.170223,2007.632702,278899.0
2023-02-03,2005.016265,2015.89274,1981.479193,1993.716199,236370.0
2023-02-06,1987.060882,1991.030997,1956.612359,1965.095057,182409.0
2023-02-07,1964.622316,1984.175939,1939.118392,1979.421944,232004.0
2023-02-08,1974.052103,1978.889671,1944.086102,1950.064707,178682.0
2023-02-09,1950.800774,1973.379867,1915.556405,1921.107349,188294.0
2023-02-10,1923.97646,1927.536134,1905.991277,1924.079365,188112.0
2023-02-13,1925.215979,1949.804339,1913.652825,1946.723891,156051.0
2023-02-14,1946.883394,1963.901281,1921.222607,1946.096524,221026.0
2023-02-15,1942.151354,1967.666046,1924.932994,1965.025756,167858.0
2023-02-16,1965.457812,1970.313375,1931.163533,1945.083118,211152.0
2023-02-17,1944.478976,1953.355989,1926.246574,1950.877456,195172.0
2023-02-21,1949.335342,1951.737483,1890.283992,1892.461601,199630.0
2023-02-22,1891.990199,1909.898208,1885.359587,1898.228532,193088.0
2023-02-23,1901.333606,1921.402339,1884.511183,1911.174951,189790.0
2023-02-24,1909.416554,1914.887092,1874.442494,1891.829606,196230.0
2023-02-27,1890.480307,1919.183372,1889.600112,1898.858988,151369.0
2023-02-28,1900.720053,1916.767199,1888.838202,1899.338996,162449.0
2023-03-01,1900.637706,1910.613806,1887.547345,1899.498812,180680.0
2023-03-02,1902.114493,1908.351408,1876.095492,1904.382651,156101.0
2023-03-03,1903.104503,1934.841314,1898.253907,1930.570671,156001.0
2023-03-06,1929.926567,1936.977528,1893.839672,1902.320305,177120.0
2023-03-07,1903.619158,1909.642232,1875.963755,1879.707259,161509.0
2023-03-08,1880.239547,1890.518384,1865.451668,1880.109255,169291.0
2023-03-09,1881.504781,1886.147129,1823.577631,1826.999475,252860.0
2023-03-10,1826.742435,1838.013624,1754.157209,1773.002015,450488.0
2023-03-13,1780.937803,1810.931018,1722.602802,1745.064158,464459.0
2023-03-14,1748.536296,1805.206494,1744.503444,1778.802249,224508.0
2023-03-15,1769.775648,1786.720699,1715.195516,1748.075403,109054.0
2023-03-16,1745.569965,1785.48901,1715.489382,1771.841481,55112.0
2023-03-17,1768.281705,1779.684114,1740.135896,1758.862045,315817.0
2023-03-20,1749.398614,1779.27107,1708.143203,1760.709954,263384.0
2023-03-21,1763.899933,1808.002305,1761.186372,1793.472178,216198.0
2023-03-22,1798.72735,1799.241042,1739.112834,1741.133027,237025.0
2023-03-23,1745.591417,1774.819545,1716.979287,1732.298508,284939.0
2023-03-24,1741.599244,1751.194045,1703.147513,1747.761443,274312.0
2023-03-27,1748.31705,1777.509652,1745.187162,1767.329858,205309.0
2023-03-28,1771.398881,1778.805883,1756.355602,1764.587325,136934.0
2023-03-29,1767.592905,1788.278833,1766.852006,1784.208551,158754.0
2023-03-30,1783.136729,1802.73923,1773.329546,1779.912522,166270.0
2023-03-31,1781.310254,1817.277067,1777.633592,1813.741016,222694.0
2023-04-03,1810.252587,1827.236685,1793.380979,1814.204786,195823.0
2023-04-04,1813.819608,1822.922042,1771.203017,1780.726999,180057.0
2023-04-05,1783.791016,1784.685858,1753.116406,1763.684856,169746.0
2023-04-06,1761.121091,1771.953105,1753.992535,1766.615172,13615.0
2023-04-10,1779.292928,1789.352598,1754.069696,1785.606793,145885.0
2023-04-11,1788.013177,1807.282038,1785.353079,1798.191546,140830.0
2023-04-12,1797.949215,1821.754834,1782.72809,1784.900933,175827.0
2023-04-13,1784.603351,1813.848575,1780.643901,1808.969354,129534.0
2023-04-14,1806.243128,1819.384915,1779.226018,1791.757787,180781.0
2023-04-17,1796.787401,1817.150849,1793.330926,1814.304499,139710.0
2023-04-18,1814.071288,1825.472379,1794.504269,1806.254935,149239.0
2023-04-19,1806.198328,1814.189678,1790.728088,1809.803527,139070.0
2023-04-20,1805.668539,1809.792703,1788.39286,1798.177902,152753.0
2023-04-21,1797.640506,1808.727718,1782.613182,1801.419547,158308.0
2023-04-24,1797.181049,1809.882183,1788.101467,1799.477643,122176.0
2023-04-25,1796.38301,1796.738123,1747.342959,1754.727782,203004.0
2023-04-26,1753.975513,1757.973692,1733.241482,1737.836616,211567.0
2023-04-27,1736.624556,1762.070303,1731.4994,1760.128196,183280.0
2023-04-28,1757.300545,1781.034812,1742.321146,1774.879777,220612.0
2023-05-01,1776.684291,1796.102777,1768.849525,1776.466289,159854.0
2023-05-02,1771.955537,1777.88306,1720.448838,1737.997464,258785.0
2023-05-03,1737.736337,1779.0264,1731.48887,1744.744024,273633.0
2023-05-04,1730.146614,1743.493056,1707.689251,1724.477953,266585.0
2023-05-05,1723.940794,1772.371148,1723.751133,1765.389749,218345.0
2023-05-08,1765.715041,1776.04325,1751.555023,1761.127705,135637.0
2023-05-09,1761.372197,1762.582199,1741.405811,1755.235759,132543.0
2023-05-10,1755.33819,1786.921822,1746.994849,1764.944038,219506.0
2023-05-11,1766.84281,1773.898167,1739.882603,1749.692402,174688.0
2023-05-12,1750.259021,1763.178509,1734.9705,1746.302353,148900.0
2023-05-15,1742.631329,1776.289384,1740.408125,1767.553941,157121.0
2023-05-16,1766.54009,1768.262497,1739.791842,1740.741436,187368.0
2023-05-17,1744.928702,1783.856516,1739.811056,1780.906183,240707.0
2023-05-18,1781.271457,1794.322724,1768.229427,1790.967294,218878.0
2023-05-19,1793.143867,1805.650931,1770.403202,1779.323135,230824.0
2023-05-22,1771.692748,1808.35736,1769.156653,1800.954345,190665.0
2023-05-23,1802.555983,1823.506055,1791.748433,1793.143601,236460.0
2023-05-24,1794.907519,1799.076984,1763.498651,1771.855546,241009.0
2023-05-25,1775.265814,1775.63861,1742.639694,1758.833563,254527.0
2023-05-26,1756.249928,1780.339096,1750.671684,1777.025069,199956.0
2023-05-30,1787.616577,1791.69913,1763.635078,1771.079887,215501.0
2023-05-31,1770.819286,1775.760551,1738.505376,1752.126782,257583.0
2023-06-01,1751.236628,1777.020036,1743.182764,1771.133493,223291.0
2023-06-02,1773.13042,1836.005293,1771.46648,1834.764506,286000.0
2023-06-05,1835.946595,1842.762979,1798.420615,1809.546972,266560.0
2023-06-06,1810.206723,1864.468285,1802.549451,1858.145136,267459.0
2023-06-07,1858.685517,1898.867027,1854.723129,1892.341739,307683.0
2023-06-08,1897.19836,1900.035121,1868.095173,1883.290358,237757.0
2023-06-09,1881.597658,1884.730894,1862.587472,1868.389178,259825.0
2023-06-12,1867.168013,1885.597852,1860.612736,1876.488509,321934.0
2023-06-13,1879.232196,1908.942621,1875.188155,1898.16506,211186.0
2023-06-14,1901.316595,1910.443213,1862.284359,1877.215515,113903.0
2023-06-15,1878.294937,1893.938753,1858.351868,1890.596888,57489.0
2023-06-16,1888.915643,1909.046507,1883.998285,1909.04648,229132.0
2023-06-20,1898.207304,1898.207304,1870.653944,1885.341158,174723.0
2023-06-21,1883.347221,1892.463163,1869.387202,1880.403546,165858.0
2023-06-22,1880.26329,1882.905167,1857.00976,1864.978073,164208.0
2023-06-23,1866.168878,1867.410143,1830.797894,1834.683748,262044.0
2023-06-26,1835.182236,1858.95886,1825.136704,1838.909317,198686.0
2023-06-27,1841.098845,1871.375717,1833.747883,1865.666947,171389.0
2023-06-28,1862.90787,1877.587613,1852.467347,1874.169494,167649.0
2023-06-29,1875.837252,1902.14162,1871.616067,1898.08397,204725.0
2023-06-30,1897.474084,1916.359887,1895.610318,1904.027916,208469.0
2023-07-03,1903.347502,1919.686255,1898.394508,1911.031898,116925.0
2023-07-05,1910.864685,1913.300388,1884.201964,1887.957054,192906.0
2023-07-06,1886.455753,1887.074254,1834.938959,1856.364306,253242.0
2023-07-07,1854.375703,1894.058042,1847.197248,1878.081443,203396.0
2023-07-10,1876.79312,1911.270084,1861.604226,1909.596805,172528.0
2023-07-11,1910.455746,1931.130555,1906.189629,1927.744789,175126.0
2023-07-12,1927.04624,1965.219523,1926.104298,1948.358032,239196.0
2023-07-13,1948.457564,1966.922342,1947.488529,1963.879715,158610.0
2023-07-14,1960.10235,1964.862699,1931.851485,1944.335547,197494.0
2023-07-17,1943.023084,1973.195811,1937.912806,1965.488544,140300.0
2023-07-18,1962.605174,1993.021722,1957.521973,1989.570399,169410.0
2023-07-19,1988.200337,2006.115649,1982.803656,1997.34921,166863.0
2023-07-20,1997.732205,2006.956599,1970.771327,1980.153963,168074.0
2023-07-21,1980.778416,1995.785948,1968.854729,1971.942278,162250.0
2023-07-24,1971.525308,1990.528114,1967.315396,1976.74865,129548.0
2023-07-25,1977.334509,1989.917783,1970.694228,1977.140829,141007.0
2023-07-26,1980.159124,1999.385469,1972.23892,1991.900197,169517.0
2023-07-27,1987.84243,2012.873655,1958.29913,1966.371488,209794.0
2023-07-28,1966.075629,1996.489781,1959.618177,1991.007859,158504.0
2023-07-31,1992.611905,2015.853643,1985.613871,2013.439548,171533.0
2023-08-01,2015.005222,2017.640267,1983.32881,2004.342565,172371.0
2023-08-02,1994.846767,1998.994246,1965.88302,1976.454402,185259.0
2023-08-03,1975.580165,1983.190503,1955.087219,1970.848055,164567.0
2023-08-04,1969.942906,1987.647857,1958.676555,1965.271572,196364.0
2023-08-07,1965.063392,1976.952811,1950.70518,1967.109919,142594.0
2023-08-08,1968.441385,1968.857106,1928.627585,1955.099172,182074.0
2023-08-09,1954.056652,1964.929283,1929.738856,1937.920135,156122.0
2023-08-10,1940.222506,1963.727167,1920.294632,1928.545309,203443.0
2023-08-11,1930.386234,1938.634026,1918.203138,1931.182334,155469.0
2023-08-14,1932.456897,1939.513039,1907.477216,1928.117845,176558.0
2023-08-15,1930.164556,1933.860418,1901.006966,1902.050146,190911.0
2023-08-16,1903.361889,1912.270521,1876.394224,1878.35042,186575.0
2023-08-17,1876.718118,1888.763099,1853.654599,1856.415451,204265.0
2023-08-18,1855.012273,1871.149971,1837.76978,1864.926845,241582.0
2023-08-21,1864.768041,1873.999665,1848.446758,1861.414226,184566.0
2023-08-22,1861.456263,1875.461038,1849.909132,1856.807343,164532.0
2023-08-23,1857.135454,1879.155049,1852.048236,1875.040698,174081.0
2023-08-24,1877.655043,1883.574564,1847.683854,1850.348784,242185.0
2023-08-25,1852.124388,1867.547148,1832.800306,1857.37812,211811.0
2023-08-28,1857.701627,1884.673124,1856.095657,1873.270281,146630.0
2023-08-29,1874.27379,1900.793721,1862.349631,1899.102826,165326.0
2023-08-30,1898.970545,1912.532632,1889.520268,1907.113847,156458.0
2023-08-31,1909.075277,1918.171391,1900.365235,1901.899515,150040.0
2023-09-01,1902.750542,1934.015963,1902.069416,1922.493798,195842.0
2023-09-05,1922.823093,1924.962607,1882.265199,1883.218702,226588.0
2023-09-06,1883.152119,1895.833207,1864.987685,1876.196924,174221.0
2023-09-07,1875.408686,1877.454891,1849.712656,1857.615557,168377.0
2023-09-08,1858.845886,1863.950704,1847.895281,1853.23174,195846.0
2023-09-11,1853.008266,1870.720409,1851.854961,1857.422927,290298.0
2023-09-12,1856.745132,1866.410517,1850.069555,1854.72625,190784.0
2023-09-13,1855.450464,1862.672695,1835.896757,1842.391819,94887.0
2023-09-14,1843.622148,1872.892251,1841.937024,1867.970451,57642.0
2023-09-15,1870.427819,1874.367,1856.916055,1861.03869,222701.0
2023-09-18,1866.257614,1871.122952,1852.701631,1853.01914,132415.0
2023-09-19,1854.693545,1862.087622,1838.685072,1845.584312,179852.0
2023-09-20,1845.868168,1864.248811,1824.142624,1826.154974,183850.0
2023-09-21,1825.992194,1826.57915,1795.751579,1798.069462,219051.0
2023-09-22,1798.326441,1810.090457,1792.139226,1792.661853,176111.0
2023-09-25,1792.818153,1804.545278,1780.205425,1801.18304,175611.0
2023-09-26,1803.372637,1804.261546,1776.506407,1777.850308,205126.0
2023-09-27,1782.350457,1802.892262,1777.457009,1793.274449,236482.0
2023-09-28,1798.74416,1818.918534,1786.295803,1809.386322,217503.0
2023-09-29,1811.699051,1824.59192,1793.659744,1798.402256,235667.0
2023-10-02,1814.947278,1818.562649,1762.915423,1771.486973,257671.0
2023-10-03,1773.377492,1775.481123,1734.722181,1741.7113,260725.0
2023-10-04,1739.24699,1748.282891,1720.668489,1743.123984,277969.0
2023-10-05,1740.30525,1749.021999,1729.174146,1743.53899,229238.0
2023-10-06,1742.367649,1769.137507,1723.062327,1759.481123,294700.0
2023-10-09,1743.687996,1775.943817,1735.934726,1770.038096,184203.0
2023-10-10,1769.215934,1801.023491,1767.087081,1789.957539,210036.0
2023-10-11,1790.085757,1802.889928,1772.961706,1786.085468,175363.0
2023-10-12,1791.178274,1801.019348,1735.897313,1746.209633,242294.0
2023-10-13,1746.355718,1754.988369,1724.103776,1729.639518,218887.0
2023-10-16,1730.011431,1762.011098,1730.011431,1758.112593,173741.0
2023-10-17,1759.349007,1793.165742,1745.918108,1777.870156,243805.0
2023-10-18,1777.465907,1779.670887,1737.296515,1740.086223,234583.0
2023-10-19,1739.168311,1748.21699,1709.313881,1712.740529,284091.0
2023-10-20,1710.61939,1714.490508,1688.181848,1689.922339,284022.0
2023-10-23,1692.644454,1699.848813,1670.870953,1676.216771,242693.0
2023-10-24,1681.299653,1701.23938,1677.532921,1688.985288,194535.0
2023-10-25,1688.169851,1689.697306,1657.901321,1660.796582,221703.0
2023-10-26,1659.232167,1680.962573,1649.034426,1664.579746,301055.0
2023-10-27,1666.166184,1676.37279,1639.17591,1645.329424,253314.0
2023-10-30,1648.300547,1670.976897,1641.842538,1653.546661,198771.0
2023-10-31,1652.076157,1672.415743,1644.534092,1668.456694,208056.0
2023-11-01,1665.521297,1678.240742,1652.561338,1676.211602,273040.0
2023-11-02,1675.547105,1723.426831,1675.547105,1720.823213,271575.0
2023-11-03,1721.043616,1779.573513,1720.120926,1767.771828,320223.0
2023-11-06,1767.529653,1772.347197,1735.225465,1745.308013,202421.0
2023-11-07,1744.377798,1746.891949,1727.060044,1740.010989,189088.0
2023-11-08,1739.531288,1743.185216,1713.975496,1719.854,195570.0
2023-11-09,1716.414553,1733.98888,1689.682898,1692.851159,231564.0
2023-11-10,1694.489331,1716.962023,1687.204802,1711.299245,227558.0
2023-11-13,1708.932436,1717.759583,1694.577229,1711.375937,170018.0
2023-11-14,1712.156931,1808.474632,1707.132494,1805.243274,399920.0
2023-11-15,1807.673856,1838.384579,1801.392544,1808.402872,337172.0
2023-11-16,1805.672289,1813.193076,1770.313182,1779.224277,283839.0
2023-11-17,1783.872855,1805.469439,1780.440217,1802.293651,211734.0
2023-11-20,1802.016051,1815.840642,1794.567754,1812.088429,157756.0
2023-11-21,1813.572523,1816.347038,1784.35475,1788.469056,160921.0
2023-11-22,1789.106428,1811.56068,1786.932722,1799.092422,182585.0
2023-11-23,1798.885941,1803.654686,1796.422048,1797.394373,182584.0
2023-11-24,1798.762113,1815.13922,1795.475913,1810.677433,96291.0
2023-11-27,1810.349089,1811.148743,1788.934163,1804.033713,152187.0
2023-11-28,1805.219778,1809.067173,1788.336353,1797.138974,163817.0
2023-11-29,1798.966018,1834.400887,1797.526444,1805.629209,215287.0
2023-11-30,1805.794987,1822.388051,1800.848605,1812.275741,217507.0
2023-12-01,1811.032826,1869.428063,1797.298033,1865.948496,316001.0
2023-12-04,1868.212546,1886.184331,1856.21115,1885.078824,266099.0
2023-12-05,1883.934205,1887.414673,1855.243786,1859.870236,226559.0
2023-12-06,1859.952201,1895.193672,1853.242774,1854.752582,246627.0
2023-12-07,1855.666277,1870.572067,1845.452843,1869.862134,226065.0
2023-12-08,1869.826283,1891.947554,1859.21017,1882.156257,314700.0
2023-12-11,1880.332858,1890.237437,1872.55768,1885.99658,319188.0
2023-12-12,1886.822174,1904.104331,1867.356796,1883.965139,191405.0
2023-12-13,1885.029783,1954.727799,1870.045635,1950.411692,120486.0
2023-12-14,1951.575603,2014.441263,1950.381304,2001.82514,83154.0
2023-12-15,1995.849428,2023.202102,1982.48755,2009.039421,375986.0
2023-12-18,2010.452427,2022.475245,2001.334686,2005.45661,202393.0
2023-12-19,2004.307183,2048.29396,2000.032902,2044.932793,216762.0
2023-12-20,2043.00937,2064.329742,2001.571656,2003.495037,299223.0
2023-12-21,2010.823337,2039.694485,2010.138083,2039.019616,218891.0
2023-12-22,2038.812544,2069.888626,2029.825504,2056.545348,201313.0
2023-12-26,2051.889636,2087.343342,2051.561344,2082.098705,124432.0
2023-12-27,2082.755728,2097.372992,2075.08953,2089.088861,166837.0
2023-12-28,2088.710253,2096.09908,2072.715971,2079.523589,152419.0
2023-12-29,2080.914499,2086.308273,2042.292883,2047.499533,206606.0
2024-01-02,2048.134771,2061.935676,2022.465947,2032.685831,259390.0
2024-01-03,2036.394222,2037.156672,1974.199529,1977.240576,304270.0
2024-01-04,1979.874579,1990.76663,1965.055177,1973.340441,224512.0
2024-01-05,1977.3885,1989.205773,1938.43326,1966.627993,251764.0
2024-01-08,1969.548661,2004.532774,1954.492333,2003.475633,185654.0
2024-01-09,2002.341551,2003.06378,1966.600416,1982.434671,179135.0
2024-01-10,1980.781398,1989.064525,1963.214646,1983.741812,185487.0
2024-01-11,1984.77897,2003.543494,1945.03228,1969.516179,265838.0
2024-01-12,1966.570332,2003.525848,1957.427262,1964.175778,209878.0
2024-01-16,1962.975108,1971.30571,1931.749088,1939.944361,235638.0
2024-01-17,1940.289179,1942.063879,1904.905735,1924.816672,210020.0
2024-01-18,1925.261137,1941.860477,1911.167031,1936.22294,217263.0
2024-01-19,1937.105584,1958.380687,1921.301039,1954.79148,210564.0
2024-01-22,1957.556599,1998.874477,1957.427075,1996.536802,231308.0
2024-01-23,1997.573523,2017.195063,1980.273007,1989.634573,227493.0
2024-01-24,1989.570123,2017.310701,1968.22542,1971.788263,215751.0
2024-01-25,1973.218166,2006.289734,1970.66743,1987.659724,213552.0
2024-01-26,1991.032169,2008.502024,1982.624987,1988.78795,179639.0
2024-01-29,1985.267681,2023.275077,1979.217492,2022.976281,161793.0
2024-01-30,2018.95434,2025.298979,1999.067818,2006.024009,161493.0
2024-01-31,2009.271996,2019.582869,1953.350182,1955.916233,314811.0
2024-02-01,1959.968085,1986.168006,1940.92446,1982.544156,284383.0
2024-02-02,1982.524583,1988.403808,1949.083756,1970.597955,248504.0
2024-02-05,1968.922237,1969.797691,1925.525092,1943.311668,209729.0
2024-02-06,1942.684344,1963.605118,1934.318525,1960.688347,172183.0
2024-02-07,1960.74715,1971.921349,1944.892233,1957.532905,192414.0
2024-02-08,1954.715869,1988.359055,1947.470029,1987.780205,167777.0
2024-02-09,1985.604633,2020.705909,1983.419894,2019.011453,221616.0
2024-02-12,2016.866467,2061.13867,2015.437239,2054.963388,239281.0
2024-02-13,2053.820621,2058.056612,1953.396606,1969.231048,431396.0
2024-02-14,1972.728184,2021.733454,1970.506623,2016.680607,259658.0
2024-02-15,2018.330586,2071.247875,2017.004624,2067.102403,279951.0
2024-02-16,2063.891544,2069.784526,2031.651283,2039.223293,266580.0
2024-02-20,2037.625663,2044.339,2001.71701,2010.225161,208388.0
2024-02-21,2012.727803,2013.561133,1984.781838,2000.395608,167559.0
2024-02-22,2002.732958,2021.841331,1998.920884,2016.007276,244586.0
2024-02-23,2013.521543,2032.045365,2003.727736,2020.821915,178829.0
2024-02-26,2017.911971,2036.524605,2009.039143,2031.978151,148522.0
2024-02-27,2030.708054,2062.187059,2026.987762,2060.161986,166753.0
2024-02-28,2059.185089,2060.257257,2038.104673,2043.477683,153413.0
2024-02-29,2041.081917,2083.517426,2037.106359,2057.556982,247246.0
2024-03-01,2053.707705,2082.120283,2044.406463,2078.392547,185776.0
2024-03-04,2075.878332,2096.974731,2073.171404,2075.798396,176267.0
2024-03-05,2073.309244,2077.024243,2048.763455,2055.722087,181560.0
2024-03-06,2054.81473,2079.268996,2052.32818,2069.940039,187067.0
2024-03-07,2070.428967,2098.776567,2057.329248,2086.871161,187547.0
2024-03-08,2088.399964,2121.47662,2070.321969,2084.810341,302930.0
2024-03-11,2085.24484,2088.633391,2063.641689,2068.325,320310.0
2024-03-12,2071.45002,2085.279687,2048.744545,2065.654701,181363.0
2024-03-13,2063.410296,2081.872528,2059.323608,2072.675716,88160.0
2024-03-14,2073.233338,2081.766926,2016.217442,2032.750783,52573.0
2024-03-15,2034.261897,2040.824077,2018.813167,2018.928581,201874.0
2024-03-18,2063.907826,2076.005624,2046.751291,2050.006409,155224.0
2024-03-19,2051.039971,2065.791608,2032.587658,2059.410296,153308.0
2024-03-20,2059.823127,2108.771761,2048.344813,2098.369154,236456.0
2024-03-21,2102.049647,2132.639907,2101.792192,2122.648023,208984.0
2024-03-22,2125.319023,2132.027201,2091.268099,2093.735924,167397.0
2024-03-25,2092.600658,2111.889484,2089.559759,2097.311837,104389.0
2024-03-26,2099.126926,2118.14394,2091.185341,2092.78256,132776.0
2024-03-27,2096.093183,2142.04261,2095.621275,2138.417119,188212.0
2024-03-28,2140.531352,2161.665624,2132.056099,2146.005085,191380.0
2024-04-01,2150.711081,2166.788162,2119.494434,2123.013686,177282.0
2024-04-02,2126.018596,2129.46523,2072.349259,2082.700387,234064.0
2024-04-03,2087.478802,2102.419619,2069.901254,2096.734469,188500.0
2024-04-04,2098.148486,2123.712694,2068.988653,2074.571722,197908.0
2024-04-05,2075.071099,2094.170155,2059.319148,2082.359064,204022.0
2024-04-08,2085.850164,2101.632189,2073.71573,2092.442443,144285.0
2024-04-09,2092.509063,2106.72134,2081.053228,2100.209338,159882.0
2024-04-10,2102.436701,2113.850273,2027.885561,2043.012765,368121.0
2024-04-11,2043.477092,2063.872713,2016.981581,2058.060495,247298.0
2024-04-12,2057.536171,2062.352462,2010.135069,2020.099781,212780.0
2024-04-15,2020.002112,2036.119636,1982.277881,1991.114612,258842.0
2024-04-16,1992.105725,1994.664272,1965.212934,1983.040077,255916.0
2024-04-17,1983.236689,2000.976286,1959.212975,1961.95704,232339.0
2024-04-18,1963.799945,1987.335927,1952.012159,1958.053277,219674.0
2024-04-19,1958.452043,1974.220637,1916.036625,1961.1971,283547.0
2024-04-22,1966.660977,1992.993452,1958.631001,1982.989711,159591.0
2024-04-23,1984.853053,2023.947253,1973.948557,2014.926586,187533.0
2024-04-24,2016.420971,2019.114091,1993.784766,2007.033224,169205.0
2024-04-25,2010.561692,2023.37905,1965.568283,1992.966077,225340.0
2024-04-26,1992.881698,2020.150312,1984.404685,2013.705353,168518.0
2024-04-29,2019.410687,2032.796182,2015.150768,2026.951798,123434.0
2024-04-30,2025.563496,2026.653416,1978.016222,1985.669099,194523.0
2024-05-01,1982.543708,2031.52501,1971.77428,1989.544663,254946.0
2024-05-02,1998.04508,2032.390818,1991.695246,2027.224918,186404.0
2024-05-03,2026.73633,2069.726003,2019.258772,2045.91896,197740.0
2024-05-06,2053.008942,2075.927801,2047.478514,2071.050167,132253.0
2024-05-07,2071.449265,2088.847026,2069.02825,2076.752524,131212.0
2024-05-08,2072.192185,2074.230804,2051.739554,2064.52664,118299.0
2024-05-09,2063.217099,2086.957342,2054.56121,2083.898489,117934.0
2024-05-10,2085.458628,2096.041717,2061.700887,2067.892897,138787.0
2024-05-13,2066.529826,2090.611915,2065.914789,2071.915412,114505.0
2024-05-14,2071.685896,2103.546053,2058.173353,2094.696709,195208.0
2024-05-15,2097.346084,2132.40759,2094.634621,2118.73887,195262.0
2024-05-16,2117.849122,2124.278905,2102.460775,2104.697819,137862.0
2024-05-17,2103.357903,2109.36329,2097.615479,2105.49929,132823.0
2024-05-20,2106.214284,2118.748971,2100.435899,2109.889011,117585.0
2024-05-21,2111.747767,2113.607426,2093.715373,2107.041018,117247.0
2024-05-22,2106.202146,2110.016052,2080.771578,2088.802544,167736.0
2024-05-23,2084.440128,2100.962005,2044.562136,2053.595311,244014.0
2024-05-24,2056.474545,2077.981328,2055.556895,2076.307383,145777.0
2024-05-28,2078.266783,2093.123163,2060.838608,2072.918782,170249.0
2024-05-29,2070.896483,2070.896483,2038.414081,2041.570871,175484.0
2024-05-30,2041.007318,2069.654829,2031.286069,2060.845844,170396.0
2024-05-31,2063.816689,2082.97615,2048.881735,2075.83341,213050.0
2024-06-03,2079.967683,2104.877425,2050.739854,2065.151596,204370.0
2024-06-04,2066.136281,2067.446439,2035.165178,2037.539578,174976.0
2024-06-05,2038.946849,2069.864644,2035.977067,2068.759928,162988.0
2024-06-06,2069.41388,2069.416301,2047.621808,2052.835271,133905.0
2024-06-07,2055.01981,2060.271887,2020.502733,2029.135384,175082.0
2024-06-10,2028.019544,2038.141268,2005.521778,2035.972342,164543.0
2024-06-11,2036.027864,2037.343821,2005.679219,2027.779829,153467.0
2024-06-12,2027.260012,2095.827556,2024.610522,2060.248483,312590.0
2024-06-13,2060.295912,2073.798172,2026.081437,2041.187,258249.0
2024-06-14,2036.880678,2038.589278,1999.19047,2008.074414,276984.0
2024-06-17,2009.848061,2029.783167,1993.410213,2024.454215,267478.0
2024-06-18,2024.534653,2036.313921,2014.556479,2026.72892,142326.0
2024-06-20,2028.925808,2037.648979,2010.774203,2017.013768,52427.0
2024-06-21,2017.087704,2022.326515,2004.905107,2015.364353,154455.0
2024-06-24,2044.939641,2067.360552,2034.37382,2052.998632,156103.0
2024-06-25,2053.722782,2060.12685,2036.911128,2044.933049,120887.0
2024-06-26,2042.259016,2046.933309,2026.372048,2040.14801,132531.0
2024-06-27,2037.823076,2062.891975,2030.63415,2059.68746,142420.0
2024-06-28,2061.402551,2084.655018,2050.283784,2064.775495,286420.0
2024-07-01,2068.476431,2079.499662,2041.068605,2048.443337,210659.0
2024-07-02,2049.174185,2059.229274,2036.198803,2055.089262,140620.0
2024-07-03,2053.397946,2069.55273,2050.56874,2052.952566,110063.0
2024-07-05,2055.134263,2061.845819,2032.831524,2042.675134,172299.0
2024-07-08,2040.813646,2072.406461,2036.901063,2056.79286,176771.0
2024-07-09,2057.989089,2064.905966,2039.241617,2047.650275,134119.0
2024-07-10,2048.708305,2070.875118,2047.975154,2069.097485,123557.0
2024-07-11,2068.521193,2149.166499,2064.80179,2145.419286,427052.0
2024-07-12,2148.136576,2186.225374,2144.971695,2166.900647,296480.0
2024-07-15,2175.743124,2219.913965,2170.588031,2207.325389,271833.0
2024-07-16,2210.192734,2287.30884,2207.088314,2284.564461,322080.0
2024-07-17,2286.101158,2305.002223,2253.763216,2260.91803,364078.0
2024-07-18,2265.563188,2285.483523,2206.874842,2216.835794,311631.0
2024-07-19,2220.446131,2225.063758,2193.768546,2202.180931,229607.0
2024-07-22,2206.978775,2242.560209,2188.620728,2238.617154,224544.0
2024-07-23,2240.085248,2273.444652,2224.276242,2261.707977,233136.0
2024-07-24,2262.526262,2274.631518,2212.358718,2214.791766,279563.0
2024-07-25,2215.470982,2275.875556,2202.183012,2240.175646,286442.0
2024-07-26,2244.303357,2288.761062,2244.13123,2277.367206,230266.0
2024-07-29,2277.086207,2297.9516,2241.15206,2251.540741,187441.0
2024-07-30,2249.907229,2278.521681,2236.243703,2259.236898,184610.0
2024-07-31,2263.175644,2320.654059,2253.191218,2273.231947,290477.0
2024-08-01,2272.584983,2282.648133,2182.262372,2198.50483,357140.0
2024-08-02,2195.841589,2199.807928,2097.082736,2118.439214,385155.0
2024-08-05,2097.513715,2109.141416,1992.762795,2048.910619,443391.0
2024-08-06,2063.478245,2100.216239,2038.60129,2072.363343,285319.0
2024-08-07,2060.645854,2112.943588,2035.482916,2045.699962,237476.0
2024-08-08,2038.395397,2100.226415,2026.100846,2094.922492,196041.0
2024-08-09,2096.386954,2112.225137,2074.750056,2089.846699,144124.0
2024-08-12,2088.595239,2095.215345,2063.244654,2071.571977,131966.0
2024-08-13,2071.637345,2109.739462,2062.337985,2105.229641,145301.0
2024-08-14,2103.012303,2140.336364,2081.943094,2091.7943,177195.0
2024-08-15,2092.502187,2156.624974,2080.882946,2145.67118,218202.0
2024-08-16,2147.241635,2164.505997,2133.155046,2151.99301,154865.0
2024-08-19,2154.405739,2177.883677,2147.566504,2176.405087,105922.0
2024-08-20,2177.38204,2187.353396,2144.610916,2151.431609,122017.0
2024-08-21,2152.256912,2181.935833,2150.140869,2179.435607,129964.0
2024-08-22,2182.005988,2188.214244,2154.949023,2159.267634,126185.0
2024-08-23,2161.647713,2235.055733,2161.330419,2226.943135,219332.0
2024-08-26,2227.913786,2249.143434,2224.014052,2227.448223,156972.0
2024-08-27,2225.151942,2233.224705,2199.69686,2210.185363,123274.0
2024-08-28,2210.051037,2213.665703,2184.832112,2195.757641,126317.0
2024-08-29,2193.722225,2232.68216,2186.086847,2210.054444,165056.0
2024-08-30,2214.25716,2227.527187,2194.490926,2223.240436,153323.0
2024-09-03,2221.056603,2224.312873,2149.207091,2153.396026,202076.0
2024-09-04,2154.200948,2173.732191,2135.683328,2149.824924,163478.0
2024-09-05,2143.856933,2159.545325,2127.912402,2137.512866,160376.0
2024-09-06,2140.919885,2149.898847,2083.319112,2096.667426,245306.0
2024-09-09,2091.042857,2119.751,2087.041514,2102.724719,245235.0
2024-09-10,2104.783933,2107.175669,2075.152379,2101.195278,146887.0
2024-09-11,2101.528201,2108.681428,2058.227609,2105.685825,208184.0
2024-09-12,2106.472092,2144.025449,2099.540432,2132.770357,199402.0
2024-09-13,2134.952768,2188.400421,2132.552284,2184.781495,293462.0
2024-09-16,2182.862657,2204.739754,2176.511018,2192.180279,318694.0
2024-09-17,2190.783626,2233.890036,2185.744573,2209.009933,182010.0
2024-09-18,2209.397774,2265.925523,2197.473436,2208.609533,86450.0
2024-09-19,2214.367962,2282.530978,2214.050755,2255.045284,41688.0
2024-09-20,2255.594513,2255.777778,2242.510564,2244.836652,223605.0
2024-09-23,2256.366942,2268.256735,2235.11263,2243.148788,125353.0
2024-09-24,2243.27902,2255.122075,2229.750474,2246.594279,137689.0
2024-09-25,2246.475086,2251.475531,2216.65653,2219.052202,131439.0
2024-09-26,2221.419907,2253.696302,2219.138585,2230.740247,145295.0
2024-09-27,2230.918731,2268.189032,2222.547825,2244.468485,167025.0
2024-09-30,2241.62842,2256.737355,2226.044862,2249.44756,152413.0
2024-10-01,2248.809481,2253.082014,2201.555308,2218.223359,184994.0
2024-10-02,2215.926242,2226.93374,2197.257693,2215.043993,122394.0
2024-10-03,2218.071697,2220.575025,2188.01496,2198.814063,163412.0
2024-10-04,2197.178696,2240.608716,2195.887271,2230.52101,174051.0
2024-10-07,2234.570922,2237.078702,2195.750128,2211.592377,110884.0
2024-10-08,2214.0357,2221.225268,2201.766384,2214.052414,121544.0
2024-10-09,2214.066976,2234.040821,2200.472074,2218.267638,134266.0
2024-10-10,2214.964759,2224.868686,2181.808907,2204.728897,168166.0
2024-10-11,2205.708477,2252.422781,2193.950678,2249.858527,152661.0
2024-10-14,2249.382767,2267.933337,2240.503876,2265.1623,113709.0
2024-10-15,2266.530863,2291.408175,2255.747838,2267.615581,174091.0
2024-10-16,2269.417837,2308.588754,2264.75114,2304.267247,143983.0
2024-10-17,2303.60724,2311.527386,2285.976818,2297.655822,138613.0
2024-10-18,2295.434139,2309.885902,2288.86783,2291.327361,113620.0
2024-10-21,2293.762636,2300.529825,2249.600416,2255.481214,119445.0
2024-10-22,2252.731915,2254.27741,2233.938025,2246.19804,110755.0
2024-10-23,2242.259692,2247.78029,2206.302252,2226.643219,126985.0
2024-10-24,2223.683048,2243.031956,2217.907992,2230.940849,110834.0
2024-10-25,2231.509834,2252.309245,2216.410429,2221.599226,118761.0
2024-10-28,2225.577798,2262.267103,2225.243257,2257.597462,123153.0
2024-10-29,2257.982075,2262.938175,2231.590235,2250.439597,128166.0
2024-10-30,2252.21969,2277.750526,2240.326325,2247.533467,147378.0
2024-10-31,2247.125113,2255.880288,2202.583076,2208.247659,177519.0
2024-11-01,2206.637138,2239.525394,2198.320592,2220.611427,142647.0
2024-11-04,2214.049511,2247.513619,2203.484386,2230.906482,160142.0
2024-11-05,2231.011627,2282.082781,2219.836329,2273.026782,125331.0
2024-11-06,2280.496517,2424.123088,2272.050449,2405.981732,437313.0
2024-11-07,2403.864577,2424.489848,2386.325611,2395.788369,213615.0
2024-11-08,2401.786769,2415.902056,2387.019386,2412.32782,147902.0
2024-11-11,2417.915935,2455.833945,2417.839595,2448.620533,169722.0
2024-11-12,2447.262613,2449.575621,2396.078846,2404.865242,180935.0
2024-11-13,2405.48617,2435.56042,2379.271085,2382.553039,187212.0
2024-11-14,2385.918811,2401.373718,2341.992195,2349.793675,185283.0
2024-11-15,2350.831364,2355.567875,2306.405212,2313.641701,184267.0
2024-11-18,2317.806505,2334.097108,2309.356794,2317.830241,118519.0
2024-11-19,2318.747002,2336.357894,2282.804749,2334.331703,154660.0
2024-11-20,2332.786135,2343.648341,2306.95053,2335.256378,146165.0
2024-11-21,2335.413682,2382.699452,2321.828795,2373.583953,183936.0
2024-11-22,2371.230121,2419.046025,2368.439191,2413.59109,167013.0
2024-11-25,2429.900106,2476.816618,2427.697486,2450.588341,233172.0
2024-11-26,2453.936974,2457.205965,2418.835486,2432.272252,161142.0
2024-11-27,2439.410469,2462.955351,2429.808829,2433.804505,141781.0
2024-11-29,2438.064101,2460.0056,2436.189398,2445.056341,114835.0
2024-12-02,2444.189219,2453.927969,2423.794085,2442.654443,157619.0
2024-12-03,2444.77836,2445.985682,2417.475219,2423.639055,134207.0
2024-12-04,2421.608755,2439.959252,2393.322854,2432.514097,132233.0
2024-12-05,2432.171264,2434.458086,2399.772963,2402.141173,134031.0
2024-12-06,2402.385038,2425.129482,2396.80135,2412.128767,134305.0
2024-12-09,2413.018948,2435.719045,2397.21223,2398.600514,140510.0
2024-12-10,2399.427244,2409.05574,2379.813982,2388.732236,144817.0
2024-12-11,2393.152618,2413.978299,2386.163028,2399.910451,152351.0
2024-12-12,2399.201508,2400.185155,2363.030828,2365.360094,160459.0
2024-12-13,2366.066867,2373.137874,2337.241869,2349.758127,260625.0
2024-12-16,2346.423634,2374.644053,2341.237545,2363.634903,387632.0
2024-12-17,2362.012934,2365.97354,2330.559679,2335.22356,177719.0
2024-12-18,2333.908438,2358.075532,2210.937843,2231.633047,113294.0
2024-12-19,2232.500988,2268.011799,2215.143357,2221.692529,57343.0
2024-12-20,2221.983643,2225.550604,2190.222059,2194.010851,282606.0
2024-12-23,2270.94676,2283.286297,2238.677302,2258.528623,136884.0
2024-12-24,2260.783185,2280.936528,2248.60972,2278.818934,62358.0
2024-12-26,2277.960819,2304.319164,2257.7159,2300.685536,112800.0
2024-12-27,2299.933224,2302.415847,2241.873799,2263.302243,158712.0
2024-12-30,2263.622346,2267.420132,2217.581493,2247.813166,134767.0
2024-12-31,2247.867192,2273.175153,2240.808868,2249.952182,152935.0
2025-01-02,2257.99553,2283.239033,2233.735455,2249.458014,178379.0
2025-01-03,2251.948876,2286.339829,2246.692008,2283.612842,130106.0
2025-01-06,2286.879958,2313.895888,2277.392633,2282.389238,152264.0
2025-01-07,2283.604397,2302.62563,2250.462966,2263.961893,163903.0
2025-01-08,2262.604889,2269.847784,2226.159992,2253.873961,176542.0
2025-01-09,2254.67832,2256.247284,2240.915427,2246.000395,13615.0
2025-01-10,2245.35046,2252.649025,2186.39673,2202.082388,251185.0
2025-01-13,2196.535426,2211.124998,2172.172669,2206.882873,173203.0
2025-01-14,2212.961247,2242.42793,2205.79535,2231.984516,185329.0
2025-01-15,2235.651957,2303.580846,2235.376007,2276.154512,194321.0
2025-01-16,2277.542899,2286.495081,2261.689486,2279.435413,140184.0
2025-01-17,2275.132935,2307.524502,2273.681759,2287.176286,149177.0
2025-01-21,2288.665908,2333.171312,2258.017777,2331.842434,207090.0
2025-01-22,2327.889804,2337.005868,2311.267268,2315.571883,138912.0
2025-01-23,2316.990435,2327.357674,2298.04567,2325.97613,141273.0
2025-01-24,2324.070232,2334.609365,2312.634471,2318.768023,123590.0
2025-01-27,2307.048777,2328.001925,2281.599374,2297.293787,204896.0
2025-01-28,2298.482795,2307.504826,2281.969894,2299.026155,129916.0
2025-01-29,2297.671151,2313.8301,2277.00245,2294.467086,155116.0
2025-01-30,2298.594063,2332.233612,2296.035405,2316.234911,179457.0
2025-01-31,2313.851043,2333.303735,2284.925215,2295.553812,224340.0
2025-02-03,2247.719136,2291.31694,2198.082622,2267.458863,268886.0
2025-02-04,2293.448945,2302.604744,2252.746878,2298.748288,142960.0
2025-02-05,2300.004731,2328.261472,2294.957209,2323.626257,108383.0
2025-02-06,2327.291173,2335.863276,2301.477321,2314.661058,130556.0
2025-02-07,2312.822246,2328.113334,2283.209756,2288.041674,180111.0
2025-02-10,2268.159538,2303.616618,2263.2784,2297.47677,105864.0
2025-02-11,2296.795364,2298.836649,2273.999438,2283.705118,121879.0
2025-02-12,2283.90182,2299.824075,2231.573179,2263.577817,178733.0
2025-02-13,2262.990986,2290.204299,2257.661268,2288.064374,145532.0
2025-02-14,2287.630231,2305.758366,2281.776901,2285.680435,113779.0
2025-02-18,2289.486109,2302.184481,2280.436248,2297.587257,137684.0
2025-02-19,2297.076837,2301.561854,2275.635037,2289.681764,124633.0
2025-02-20,2284.35985,2287.74875,2254.329884,2266.879744,135205.0
2025-02-21,2264.512223,2286.161608,2196.924612,2199.229001,240141.0
2025-02-24,2202.415912,2219.87097,2173.105493,2184.411698,193315.0
2025-02-25,2186.868798,2194.983964,2156.446569,2176.719166,198039.0
2025-02-26,2183.838258,2206.012616,2169.926472,2178.023873,168786.0
2025-02-27,2182.987486,2200.072478,2143.08964,2144.2185,197206.0
2025-02-28,2146.963204,2167.366518,2129.249523,2165.28282,219149.0
2025-03-03,2169.699405,2195.270037,2093.095517,2105.987002,246067.0
2025-03-04,2114.1406,2116.57529,2049.929913,2083.248395,332265.0
2025-03-05,2102.792563,2115.508058,2066.296935,2105.481334,245365.0
2025-03-06,2101.137805,2106.165367,2056.990598,2070.5066,258306.0
2025-03-07,2073.367685,2101.004429,2033.882032,2077.652323,282040.0
2025-03-10,2068.110913,2070.630682,2003.79904,2023.603917,270263.0
2025-03-11,2028.103893,2048.787317,2001.453396,2024.981895,336323.0
2025-03-12,2025.378199,2078.675041,2011.279216,2027.767587,254552.0
2025-03-13,2024.101905,2036.121925,1985.43497,1995.930927,240744.0
2025-03-14,2001.896831,2046.050252,2001.216668,2044.065643,262092.0
2025-03-17,2035.761271,2075.392575,2024.478854,2068.927033,323054.0
2025-03-18,2065.669804,2068.643041,2042.583341,2050.908076,176935.0
2025-03-19,2051.941593,2096.645233,2048.481936,2083.167339,108499.0
2025-03-20,2084.515036,2096.611444,2061.351286,2070.318965,36690.0
2025-03-21,2069.947348,2073.497394,2041.568985,2045.289111,226757.0
2025-03-24,2083.058832,2127.914645,2082.909383,2125.170497,184504.0
2025-03-25,2121.755405,2128.064034,2105.969997,2111.948105,136503.0
2025-03-26,2114.372864,2123.369123,2081.134636,2090.331085,154199.0
2025-03-27,2080.323609,2098.784457,2071.656495,2080.675993,159612.0
2025-03-28,2081.61841,2088.300158,2025.998495,2037.379673,175521.0
2025-03-31,2019.685621,2038.521596,1986.113674,2027.121625,213824.0
2025-04-01,2025.236177,2044.39209,1997.616276,2026.584412,222155.0
2025-04-02,2027.743609,2092.726361,1974.131437,2059.011767,246537.0
2025-04-03,1966.812662,1984.645563,1917.041316,1924.064581,360886.0
2025-04-04,1921.865444,1927.546868,1792.206091,1839.502238,579298.0
2025-04-07,1782.021418,1931.94871,1711.322211,1822.884121,578212.0
2025-04-08,1834.386059,1890.322367,1748.196291,1774.2701,445522.0
2025-04-09,1769.366435,1948.640007,1709.37396,1925.090901,567731.0
2025-04-10,1933.617784,1945.798372,1794.488255,1844.839898,472736.0
2025-04-11,1840.547773,1873.904149,1809.870877,1868.98819,301288.0
2025-04-14,1884.999841,1905.630038,1855.707324,1891.421862,238879.0
2025-04-15,1889.548153,1916.227262,1875.738091,1893.026096,195570.0
2025-04-16,1887.095201,1899.214242,1849.395348,1874.63247,234182.0
2025-04-17,1874.89064,1899.18381,1868.454331,1889.650187,230254.0
2025-04-21,1885.078637,1887.616,1830.628998,1850.381183,150434.0
2025-04-22,1847.469395,1904.914283,1844.546886,1898.937297,239181.0
2025-04-23,1924.87856,1979.998971,1922.121458,1926.034885,277906.0
2025-04-24,1929.955163,1973.892038,1909.685825,1964.1963,183916.0
2025-04-25,1966.511084,1968.123419,1937.929349,1964.341464,193518.0
2025-04-28,1960.836295,1984.57963,1942.404746,1971.791354,163319.0
2025-04-29,1967.87997,1991.482427,1952.497037,1983.517249,171581.0
2025-04-30,1985.863018,1987.523835,1929.057171,1969.48747,245220.0
2025-05-01,1968.022912,1999.161791,1959.31626,1982.168832,208155.0
2025-05-02,1980.484839,2034.30784,1979.371734,2027.024065,184583.0
2025-05-05,2026.820417,2026.820417,2002.400883,2011.167655,133029.0
2025-05-06,2010.712782,2012.103271,1977.155625,1989.15306,154423.0
2025-05-07,1981.619633,2012.990358,1980.726905,1995.038319,175410.0
2025-05-08,1996.668877,2048.537727,1994.172572,2033.453492,185688.0
2025-05-09,2030.930758,2043.629797,2019.760423,2028.658346,153825.0
2025-05-12,2074.358932,2139.28672,2053.791719,2100.72221,267788.0
2025-05-13,2103.046302,2120.219764,2086.292829,2108.40233,145877.0
2025-05-14,2107.059914,2109.5543,2085.687458,2089.182281,148975.0
2025-05-15,2088.804371,2106.319149,2074.376925,2101.732219,138534.0
2025-05-16,2105.849387,2121.498796,2097.629035,2119.370574,147455.0
2025-05-19,2100.834524,2110.349008,2081.716799,2109.340994,136005.0
2025-05-20,2106.022374,2116.756828,2097.03743,2110.57574,107095.0
2025-05-21,2109.207819,2110.860002,2047.023728,2051.850761,205427.0
2025-05-22,2050.333869,2062.231288,2026.832928,2050.02364,196354.0
2025-05-23,2054.217821,2059.857029,1981.253163,2042.376959,194366.0
2025-05-27,2042.885302,2096.890008,2041.240631,2093.434202,163830.0
2025-05-28,2096.911918,2097.527833,2068.846244,2072.55549,147110.0
2025-05-29,2071.357629,2130.831164,2061.252731,2078.029171,201119.0
2025-05-30,2074.708635,2078.320548,2051.003806,2068.246055,198367.0
2025-06-02,2060.078166,2076.707192,2042.223482,2073.026354,163559.0
2025-06-03,2072.542299,2112.044975,2053.766138,2106.22354,180433.0
2025-06-04,2106.552235,2118.081733,2097.036172,2100.553636,144222.0
2025-06-05,2099.760254,2116.213677,2084.495364,2099.430533,0.0
2025-06-06,2098.088307,2136.495716,2097.479763,2133.662065,170186.0
2025-06-09,2135.94029,2157.821597,2131.474119,2147.485055,150037.0
2025-06-10,2147.695984,2168.949256,2142.636786,2159.601756,137249.0
2025-06-11,2159.739597,2193.820951,2147.09945,2150.707623,196987.0
2025-06-12,2147.136417,2151.139584,2124.661381,2141.099491,141073.0
2025-06-13,2139.152759,2139.612408,2071.723007,2101.698203,288854.0
2025-06-16,2094.662157,2138.19163,2087.853765,2124.781137,273659.0
2025-06-17,2127.349214,2127.64618,2097.790075,2102.839124,167706.0
2025-06-18,2099.956819,2133.285849,2091.654484,2113.119388,0.0
2025-06-20,2115.844718,2142.332053,2074.72882,2128.503959,230091.0
2025-06-23,2107.648782,2150.957263,2099.040622,2149.73717,197706.0
2025-06-24,2149.878999,2183.116863,2148.355084,2178.15208,156538.0
2025-06-25,2176.77962,2181.459107,2149.171375,2153.73191,135976.0
2025-06-26,2152.127319,2189.378486,2149.969334,2187.500456,139889.0
2025-06-27,2188.960842,2207.128768,2173.635332,2188.89017,237305.0
2025-06-30,2189.835132,2203.06859,2186.394315,2191.715001,156954.0
2025-07-01,2188.36907,2238.687892,2174.423757,2213.238406,220237.0
2025-07-02,2213.709323,2248.111961,2207.525893,2243.838465,190541.0
2025-07-03,2245.727695,2279.858497,2244.399123,2262.714786,0.0
2025-07-04,2262.240809,2262.240809,2235.840968,2239.019541,0.0
2025-07-07,2256.149354,2261.253666,2214.987288,2229.122746,212846.0
2025-07-08,2223.371852,2254.570607,2219.205016,2245.063502,143539.0
2025-07-09,2244.987074,2270.632175,2233.51507,2268.358386,147305.0
2025-07-10,2268.763643,2292.445351,2260.228252,2279.993689,144703.0
2025-07-11,2280.794572,2284.392277,2244.165276,2248.030067,147987.0
2025-07-14,2237.833251,2263.975978,2225.330852,2262.079535,123761.0
2025-07-15,2261.253638,2273.659741,2211.927886,2218.243037,202245.0
2025-07-16,2213.63107,2243.461959,2197.737286,2239.856417,234537.0
2025-07-17,2237.449083,2271.322607,2228.135299,2267.829887,164739.0
2025-07-18,2267.922848,2284.095215,2248.237306,2250.47407,168941.0
2025-07-21,2251.310652,2272.067265,2241.036277,2242.257828,135741.0
2025-07-22,2246.648978,2266.23416,2234.190547,2260.463459,163771.0
2025-07-23,2263.698899,2296.55408,2262.111175,2295.281494,180672.0
2025-07-24,2292.749203,2293.256637,2262.887136,2263.672252,141317.0
2025-07-25,2266.923312,2276.475188,2251.974273,2271.775228,141020.0
2025-07-28,2283.208107,2293.420784,2260.660068,2269.390449,150665.0
2025-07-29,2267.718673,2284.615809,2247.333762,2253.617061,151527.0
2025-07-30,2255.374694,2275.713108,2225.99565,2241.385574,209831.0
2025-07-31,2228.52987,2245.370317,2213.982481,2220.289762,234102.0
2025-08-01,2217.487583,2223.21157,2146.667439,2173.143608,354442.0
2025-08-04,2173.420592,2228.513363,2166.979843,2219.90126,168504.0
2025-08-05,2228.11712,2236.171014,2205.587977,2232.296875,172429.0
2025-08-06,2234.307435,2251.659254,2216.544747,2229.019371,164774.0
2025-08-07,2230.118233,2254.442347,2208.192468,2222.208981,176524.0
2025-08-08,2226.238327,2238.546026,2219.446609,2226.099472,142099.0
2025-08-11,2233.810691,2239.302733,2220.142537,2224.607724,132538.0
2025-08-12,2224.312516,2293.79892,2222.76279,2290.910276,238131.0
2025-08-13,2291.760797,2338.220499,2290.652593,2336.308045,214531.0
2025-08-14,2332.319211,2336.628623,2284.084669,2304.943977,243878.0
2025-08-15,2306.729444,2319.355351,2281.77701,2292.619606,166520.0
2025-08-18,2289.214709,2306.72376,2289.214709,2302.097401,103973.0
2025-08-19,2301.051527,2311.082839,2277.910064,2283.626076,135382.0
2025-08-20,2284.082318,2286.520686,2258.0842,2274.924841,146295.0
2025-08-21,2277.114072,2283.789538,2257.889599,2280.823322,144697.0
2025-08-22,2283.854545,2374.889184,2274.728026,2368.978291,290319.0
2025-08-25,2369.014506,2373.677714,2342.425137,2344.175602,143339.0
2025-08-26,2346.343469,2368.773234,2330.937836,2364.231696,160470.0
2025-08-27,2364.952304,2382.707802,2354.68896,2379.713577,140533.0
2025-08-28,2381.68497,2398.958998,2373.294165,2382.28462,145047.0
2025-08-29,2383.24455,2390.341518,2362.375477,2370.45732,0.0
2025-09-02,2373.467345,2376.48362,2325.679186,2356.916538,216526.0
2025-09-03,2353.019815,2370.112545,2338.208974,2353.697619,175393.0
2025-09-04,2357.391078,2385.258666,2352.903444,2382.989611,146067.0
2025-09-05,2381.92241,2413.513376,2365.253057,2393.635611,245076.0
2025-09-08,2391.759179,2404.375439,2379.488691,2398.359455,154350.0
2025-09-09,2397.892179,2405.10537,2370.059123,2384.469092,170721.0
2025-09-10,2378.844087,2400.97589,2370.490151,2379.582764,165965.0
2025-09-11,2376.211554,2424.806017,2369.872422,2422.867434,211706.0
2025-09-12,2419.787419,2420.075031,2396.029941,2398.024287,220397.0
2025-09-15,2398.021899,2414.470634,2397.69442,2407.094551,290034.0
2025-09-16,2405.086101,2414.41262,2388.145859,2403.052059,181906.0
2025-09-17,2406.020858,2463.276296,2391.226771,2409.163903,98140.0
2025-09-18,2412.620752,2472.097769,2412.140284,2468.159094,43466.0
2025-09-19,2475.319251,2485.069032,2461.977847,2471.796594,250602.0
2025-09-22,2469.184121,2486.101453,2448.309359,2481.700849,206669.0
2025-09-23,2482.181791,2510.455306,2472.416546,2477.150806,196580.0
2025-09-24,2476.158967,2484.211855,2452.775709,2454.562247,154638.0
2025-09-25,2459.561293,2462.681923,2412.252241,2430.094029,193596.0
2025-09-26,2431.957934,2452.689364,2420.811905,2450.314958,161552.0
2025-09-29,2449.452203,2469.251081,2443.151515,2450.553402,145788.0
2025-09-30,2449.050744,2456.984255,2428.889383,2455.301352,191204.0
2025-10-01,2449.869305,2465.33594,2424.797822,2459.724696,177109.0
2025-10-02,2458.984934,2474.765557,2448.488408,2474.066787,167103.0
2025-10-03,2474.327551,2515.272512,2472.292596,2492.250403,217883.0
2025-10-06,2491.899011,2518.398581,2491.584029,2501.036562,194021.0
2025-10-07,2503.345979,2509.926902,2464.622688,2473.647766,198816.0
2025-10-08,2477.010633,2502.431295,2470.049136,2499.628947,136343.0
2025-10-09,2500.058796,2504.834739,2471.827951,2482.891348,150441.0
2025-10-10,2485.930003,2500.347532,2381.799005,2408.184328,327863.0
2025-10-13,2421.512248,2478.063382,2421.178068,2474.862389,327846.0
2025-10-14,2473.450977,2527.890033,2433.095339,2510.200992,258253.0
2025-10-15,2508.48465,2559.768993,2502.12589,2535.55268,270386.0
2025-10-16,2533.71023,2548.979919,2470.534573,2481.212735,323757.0
2025-10-17,2479.235176,2484.204609,2430.492381,2464.521078,328373.0
2025-10-20,2473.448911,2515.15801,2460.973745,2512.103744,174922.0
2025-10-21,2514.883134,2519.281524,2485.578827,2500.083038,157103.0
2025-10-22,2498.629894,2504.648789,2436.743874,2462.987124,249850.0
2025-10-23,2463.536624,2501.118912,2455.788848,2493.423927,176834.0
2025-10-24,2495.480122,2543.96156,2495.277656,2523.756373,170658.0
2025-10-27,2552.013589,2566.171709,2524.774254,2531.685293,146839.0
2025-10-28,2532.623171,2538.047281,2509.615496,2517.923381,149271.0
2025-10-29,2516.234003,2539.076933,2473.959182,2494.144803,245738.0
2025-10-30,2499.064762,2517.847199,2467.744247,2475.448597,217948.0
2025-10-31,2471.267961,2494.97742,2463.173705,2490.038822,206811.0
2025-11-03,2489.456236,2500.294594,2450.602828,2479.664238,0.0
2025-11-04,2485.37178,2485.774211,2432.570283,2437.701389,215945.0
2025-11-05,2439.509896,2483.183014,2419.857662,2473.222556,212100.0
2025-11-06,2474.619549,2480.587796,2424.2682,2427.262633,228238.0
2025-11-07,2432.510272,2445.744366,2386.978397,2440.70856,256870.0
2025-11-10,2454.961455,2476.32788,2446.642683,2463.72125,192682.0
2025-11-11,2466.399993,2471.811304,2449.211883,2466.218341,143688.0
2025-11-12,2463.065689,2487.739078,2456.618251,2459.864991,167835.0
2025-11-13,2456.624675,2465.198758,2381.000763,2389.904268,244863.0
2025-11-14,2393.264252,2409.514424,2353.705267,2395.784347,266673.0
2025-11-17,2397.449764,2408.625327,2337.847563,2348.596449,229780.0
2025-11-18,2350.145661,2371.572522,2322.033313,2355.721304,263860.0
2025-11-19,2352.409781,2384.679696,2343.955542,2354.813009,220788.0
2025-11-20,2366.164644,2412.060684,2307.510068,2310.41303,357364.0
2025-11-21,2312.032731,2391.005603,2300.439196,2375.021773,379313.0
2025-11-24,2387.451281,2423.558665,2369.982951,2418.97432,209921.0
2025-11-25,2422.029617,2475.303908,2411.194974,2471.484477,221795.0
2025-11-26,2471.233786,2507.766419,2466.544198,2492.654062,187103.0
2025-11-28,2491.18241,2507.901781,2485.833813,2505.1759,87915.0
2025-12-01,2500.957868,2505.466098,2471.125192,2472.973486,178694.0
2025-12-02,2476.311256,2493.356914,2468.278282,2469.611343,155295.0
2025-12-03,2471.2065,2515.843455,2467.927452,2514.237136,179801.0
2025-12-04,2514.425333,2544.250009,2502.883008,2535.56551,177387.0
2025-12-05,2531.622643,2543.065338,2519.043026,2524.540571,166741.0
2025-12-08,2527.801182,2545.73933,2518.316273,2525.148524,145612.0
2025-12-09,2522.885063,2545.413062,2516.193567,2529.383127,154770.0
2025-12-10,2530.090909,2581.741295,2519.650902,2563.75669,222059.0
2025-12-11,2570.405465,2598.503762,2543.446709,2593.214453,244059.0
2025-12-12,2598.913372,2605.039862,2548.938388,2553.893691,299444.0
2025-12-15,2553.269598,2577.696481,2532.066252,2535.191027,263036.0
2025-12-16,2533.657918,2545.921112,2505.348652,2521.902734,207691.0
2025-12-17,2518.678027,2543.951092,2488.876425,2494.897088,93395.0
2025-12-18,2499.469154,2535.770862,2493.269792,2510.001843,44069.0
2025-12-19,2502.487558,2519.151345,2502.464259,2509.513323,174286.0
2025-12-22,2550.085835,2590.018389,2549.239344,2574.948376,143885.0
2025-12-23,2575.120231,2577.450705,2553.128723,2559.10509,129209.0
2025-12-24,2557.418922,2566.874095,2548.201641,2566.483279,60743.0
2025-12-26,2565.316699,2567.993459,2540.628413,2551.226574,81409.0
2025-12-29,2551.643128,2556.639557,2530.126617,2536.29039,104318.0
2025-12-30,2536.919031,2542.408198,2516.525732,2517.323332,93525.0
2025-12-31,2516.638744,2520.940337,2496.380154,2498.222995,129872.0
2026-01-02,2501.317806,2526.029042,2493.343848,2522.583981,183933.0
2026-01-05,2524.140464,2570.943737,2517.15554,2562.188778,175279.0
2026-01-06,2562.080256,2597.729227,2549.407423,2596.62992,169019.0
2026-01-07,2596.284465,2603.437809,2573.847217,2589.799919,156649.0
2026-01-08,2591.626197,2626.135241,2573.61596,2618.064465,192688.0
2026-01-09,2623.607811,2650.853841,2614.39057,2637.545357,187064.0
2026-01-12,2639.168036,2650.622606,2616.075271,2649.510728,153140.0
2026-01-13,2644.297635,2676.973617,2637.908479,2647.895638,162650.0
2026-01-14,2646.449792,2669.065726,2635.586002,2665.629251,205446.0
2026-01-15,2660.680812,2704.753925,2654.580742,2688.272534,194791.0
2026-01-16,2690.725479,2706.044613,2679.830129,2691.398152,177330.0
2026-01-20,2670.167242,2683.289334,2630.721086,2658.588083,270844.0
2026-01-21,2664.009886,2718.85822,2651.447496,2710.717625,305548.0
2026-01-22,2713.181071,2749.020339,2710.237768,2730.973583,208865.0
2026-01-23,2728.813791,2736.925682,2670.457587,2679.439478,209790.0
2026-01-26,2661.441563,2698.10462,2643.460396,2671.022151,173589.0
2026-01-27,2669.83193,2682.568252,2656.769912,2677.803049,150890.0
2026-01-28,2678.828721,2697.643835,2655.784954,2663.258081,185453.0
2026-01-29,2663.462532,2680.893218,2623.829445,2664.242218,217458.0
2026-01-30,2657.006818,2659.007331,2607.567765,2624.804034,291270.0
2026-02-02,2615.226105,2666.226153,2575.707868,2650.393445,232553.0
2026-02-03,2645.082713,2679.335021,2612.990859,2657.033942,260717.0
2026-02-04,2655.852473,2674.333675,2598.547089,2632.423075,268296.0
2026-02-05,2634.041548,2648.592676,2577.611816,2586.811514,263469.0
2026-02-06,2585.832634,2684.317387,2566.67264,2678.286862,279557.0
2026-02-09,2676.740825,2703.735791,2660.010177,2696.070208,172389.0
2026-02-10,2693.484244,2712.07005,2684.60284,2688.862148,151768.0
2026-02-11,2691.348013,2720.009935,2646.437526,2675.360906,211177.0
2026-02-12,2679.542908,2700.53626,2608.531434,2621.075399,232223.0
2026-02-13,2620.41287,2675.716578,2607.400856,2653.333856,228520.0
2026-02-17,2650.541469,2667.40236,2613.869412,2653.838276,207383.0
2026-02-18,2653.328024,2692.834892,2641.577233,2663.030745,168609.0
2026-02-19,2662.558477,2671.402418,2633.56113,2668.987476,158754.0
2026-02-20,2666.516306,2696.060702,2640.863479,2668.609026,231679.0
2026-02-23,2666.49028,2666.49028,2602.459746,2626.459427,214236.0
2026-02-24,2631.949777,2663.580734,2619.714798,2654.810606,172643.0
2026-02-25,2653.777398,2678.247433,2645.304018,2667.738708,155622.0
2026-02-26,2667.988035,2683.244779,2642.095984,2680.735234,214393.0
2026-02-27,2665.732119,2666.400039,2617.609834,2634.498798,237671.0
2026-03-02,2609.11583,2663.184181,2572.857847,2658.323961,294427.0
2026-03-03,2654.441108,2659.111704,2551.978856,2611.839235,364207.0
2026-03-04,2607.357034,2648.937976,2582.795192,2637.293068,231381.0
2026-03-05,2637.020866,2645.560006,2559.842795,2586.242831,332342.0
2026-03-06,2585.321079,2603.003407,2516.408711,2526.839081,351906.0
2026-03-09,2498.858283,2564.771832,2416.835368,2553.667993,420203.0
2026-03-10,2553.023671,2594.600504,2524.164439,2550.422338,319101.0
2026-03-11,2552.113987,2566.564401,2522.381073,2545.062071,254677.0
2026-03-12,2539.633575,2539.889971,2476.317769,2491.131252,307617.0
2026-03-13,2494.470737,2521.861592,2470.523667,2480.554544,328902.0
2026-03-16,2468.484278,2530.210505,2462.94025,2505.030592,386140.0
2026-03-17,2499.812117,2537.011432,2475.263369,2520.290478,177206.0
2026-03-18,2519.566856,2548.050877,2468.797011,2479.408713,113778.0
2026-03-19,2482.958282,2520.184428,2441.664108,2495.233899,45332.0
2026-03-20,2503.991999,2513.617797,2465.083598,2496.264874,301229.0
2026-03-23,2429.103694,2574.881204,2415.490288,2509.566341,377562.0
2026-03-24,2510.471652,2568.026003,2478.203753,2522.63239,245943.0
2026-03-25,2551.243806,2565.438723,2529.085896,2551.602848,203008.0
2026-03-26,2549.638923,2558.563676,2504.517364,2508.808461,212336.0
2026-03-27,2514.247557,2532.029083,2452.647911,2464.061788,178562.0
2026-03-30,2445.301187,2499.009592,2418.668435,2428.237928,227048.0
2026-03-31,2427.419041,2522.136518,2409.29264,2512.552024,289311.0
2026-04-01,2508.94041,2556.835014,2507.315229,2526.112869,197719.0
2026-04-02,2529.792672,2554.800087,2467.576107,2543.691191,222728.0
2026-04-06,2527.588931,2562.014045,2511.033044,2554.885264,143350.0
2026-04-07,2551.310887,2568.628709,2525.303462,2560.384814,219889.0
2026-04-08,2575.771357,2664.574894,2557.565092,2635.629739,269837.0
2026-04-09,2631.904756,2661.242699,2612.883814,2651.141371,165665.0
2026-04-10,2649.549855,2674.707056,2633.974407,2644.026987,128880.0
2026-04-13,2607.785262,2685.724867,2591.802086,2681.766695,177650.0
2026-04-14,2688.643024,2726.260586,2684.204401,2718.367196,149901.0
2026-04-15,2717.673409,2727.205226,2707.336109,2725.713455,137399.0
2026-04-16,2724.661934,2734.206044,2711.664872,2730.998849,157639.0
2026-04-17,2733.4622,2807.964864,2732.309156,2789.373806,250888.0
2026-04-20,2758.985165,2809.680157,2745.882106,2804.631842,161077.0
2026-04-21,2805.285189,2828.457999,2768.157921,2775.437177,241284.0
2026-04-22,2788.299313,2810.342661,2779.150137,2795.400482,145262.0
2026-04-23,2793.123332,2809.354383,2749.067155,2786.133926,225644.0
2026-04-24,2781.874481,2810.82525,2770.981868,2795.920219,174146.0
2026-04-27,2792.896972,2811.549786,2779.839108,2799.214018,145827.0
2026-04-28,2798.897294,2809.38198,2757.590584,2767.950032,169251.0
2026-04-29,2770.618702,2778.2927,2730.30629,2748.429822,202571.0
2026-04-30,2739.159993,2815.856963,2725.843461,2807.723206,214328.0
2026-05-01,2813.735697,2825.145753,2792.236572,2819.536874,167109.0
2026-05-04,2825.814853,2834.892981,2786.763536,2804.871582,216865.0
2026-05-05,2803.306711,2856.256648,2801.808236,2852.74704,165383.0
2026-05-06,2848.059021,2917.964893,2847.66406,2895.481113,202979.0
2026-05-07,2891.634881,2907.58667,2837.826762,2848.509855,209947.0
2026-05-08,2842.694935,2875.651304,2834.933214,2867.819583,145286.0
2026-05-11,2863.082943,2896.454619,2845.956083,2879.273314,141845.0
2026-05-12,2879.074172,2884.409122,2808.276172,2849.948185,191846.0
2026-05-13,2849.224435,2862.467987,2824.227405,2852.345507,149618.0
2026-05-14,2851.815007,2880.788215,2844.102713,2869.050058,144317.0
2026-05-15,2867.831471,2869.291893,2787.718465,2799.386111,236568.0
2026-05-18,2788.709708,2817.648491,2761.938689,2782.071754,216965.0
2026-05-19,2782.453698,2794.446972,2728.758397,2753.514191,202067.0
2026-05-20,2753.328781,2823.513904,2740.39239,2821.394697,221447.0
2026-05-21,2818.06691,2858.753036,2792.903277,2847.078995,235322.0
2026-05-22,2848.060178,2886.533127,2842.789395,2871.599211,159570.0
2026-05-26,2888.051118,2928.580898,2887.841425,2924.86574,181578.0
2026-05-27,2925.27786,2951.896283,2913.453694,2924.979129,169867.0
2026-05-28,2929.916143,2948.680072,2898.721257,2941.636333,152492.0
2026-05-29,2938.969806,2942.625413,2902.430626,2924.174664,190033.0
2026-06-01,2920.395861,2935.126642,2882.463446,2908.946204,172901.0
2026-06-02,2904.588098,2938.677304,2889.572296,2935.578753,115372.0
2026-06-03,2936.659679,2937.772481,2886.541498,2895.479209,166551.0
2026-06-04,2892.783812,2948.458217,2885.521084,2939.396867,160438.0
2026-06-05,2934.193307,2934.746217,2812.901328,2835.422243,240945.0
2026-06-08,2816.506147,2885.780815,2807.893415,2859.458366,197378.0
2026-06-09,2857.273714,2926.93286,2793.782453,2868.496035,302276.0
2026-06-10,2863.653001,2908.126536,2824.595045,2838.963153,295853.0
2026-06-11,2831.456258,2929.011982,2813.698853,2921.922941,270796.0
2026-06-12,2922.008795,2974.633192,2910.216409,2946.629197,256757.0
2026-06-15,2983.572844,3004.565012,2963.484622,2967.884845,287501.0
2026-06-16,2967.769202,2991.116397,2938.162018,2942.592102,130250.0
2026-06-17,2940.743673,2979.55392,2910.100327,2919.807645,88095.0
2026-06-18,2925.062954,2972.836184,2925.012874,2960.956489,207519.0
2026-06-22,2989.945693,3039.241142,2970.623125,3024.062314,185416.0
2026-06-23,3022.219637,3028.706665,2964.967411,2998.599783,180831.0
2026-06-24,2998.261468,3041.543341,2987.276528,3013.600644,201984.0
2026-06-25,3023.891619,3062.416611,3010.208541,3031.014747,206751.0
2026-06-26,3034.702313,3045.76859,2999.228463,3022.671092,260569.0
2026-06-29,3021.422577,3045.552507,2987.785782,3030.962047,196956.0
2026-06-30,3026.310942,3050.299147,3015.126147,3045.571379,146288.0
2026-07-01,3040.080613,3068.642983,3023.971837,3034.952907,155310.0
2026-07-02,3031.070174,3062.185698,2988.666088,3013.77743,176225.0
2026-07-06,3020.1734,3041.969947,3007.060147,3027.68443,148560.0
2026-07-07,3032.995348,3043.00689,2988.934328,2999.144459,154927.0
2026-07-08,2993.996858,3004.647714,2943.478776,2971.462888,190347.0
2026-07-09,2966.103232,3014.86214,2963.87242,3008.248411,140908.0
2026-07-10,3007.934056,3019.382158,2970.724343,2994.124718,127124.0
2026-07-13,2984.793355,2995.64721,2962.430937,2970.699265,145100.0
2026-07-14,2967.181168,3029.722102,2955.722443,2980.071742,154076.0
2026-07-15,2980.203433,3006.095016,2974.337956,2991.869344,142021.0
2026-07-16,2994.868146,3012.92883,2972.700709,2990.770731,156993.0
2026-07-17,2991.384396,2994.768858,2948.981117,2973.957959,195677.0
2026-07-20,2964.386778,2998.935273,2952.988217,2955.017408,143988.0
2026-07-21,2955.316723,2999.98769,2950.642365,2996.904769,144492.0
2026-07-22,2997.09396,2997.992845,2965.02379,2969.694384,145367.0
2026-07-23,2974.994094,2978.861638,2932.236345,2951.588681,184228.0
2026-07-24,2948.327468,2969.861193,2934.347236,2941.159448,154702.0
2026-07-27,2954.96127,2985.8175,2941.608872,2960.05601,149228.0
2026-07-28,2961.443819,2968.412766,2933.507485,2964.467578,148401.0
2026-07-29,2966.809213,2977.889041,2902.357218,2915.947494,241153.0
2026-07-30,2906.836938,2957.416152,2905.371956,2954.377288,187447.0
2026-07-31,2954.4499,2976.000193,2905.482129,2938.155373,229707.0
2026-08-03,2949.486511,2995.035764,2948.522164,2988.842027,182852.0
2026-08-04,2992.390362,3051.63436,2986.375434,3044.664581,166382.0
2026-08-05,3049.138465,3059.13872,3022.928422,3025.375132,143189.0
2026-08-06,3028.561543,3040.807175,3004.939578,3009.141576,118735.0
2026-08-07,3008.426043,3046.931546,3002.230016,3041.910525,120909.0
2026-08-10,3038.976282,3044.057603,3015.636068,3025.223638,105645.0
2026-08-11,3024.651432,3046.078484,3020.013062,3035.869354,123895.0
2026-08-12,3036.105128,3060.178206,3033.085321,3052.948317,123781.0
2026-08-13,3055.833439,3076.580062,3053.019985,3060.571163,110932.0
2026-08-14,3062.366593,3075.962754,3051.80317,3074.378839,105250.0
2026-08-17,3073.806112,3079.917803,3055.704169,3065.197013,115174.0
2026-08-18,3063.557703,3066.962581,3023.502065,3026.88576,139653.0
2026-08-19,3025.888956,3058.953619,3019.45063,3040.145683,144981.0
2026-08-20,3040.870455,3048.421014,2992.560067,2999.076503,157653.0
2026-08-21,2999.120262,3026.43663,2997.382236,3022.510512,137725.0
2026-08-24,3022.737883,3028.640881,2995.827489,3000.896517,117192.0
2026-08-25,3004.559148,3025.196258,2997.021479,3013.855596,111259.0
2026-08-26,3014.128845,3020.500239,3002.928394,3010.1242,99590.0
2026-08-27,3016.513301,3024.325386,3001.822378,3018.974163,132297.0
2026-08-28,3020.003102,3025.892995,2976.839474,2976.839474,159840.0
2026-08-31,2971.093369,2982.342099,2946.429496,2958.251318,180846.0
2026-09-01,2958.278139,2964.618172,2919.439113,2925.278887,177102.0
2026-09-02,2926.445725,2962.818584,2914.694515,2958.91732,194230.0
2026-09-03,2957.735759,2983.900901,2949.787021,2969.753066,154338.0
2026-09-04,2968.075483,2978.944811,2949.905471,2976.916104,141346.0
2026-09-08,2974.880536,2978.206842,2954.7912,2963.585011,168667.0
2026-09-09,2963.140993,2966.464619,2919.216215,2922.820014,161041.0
2026-09-10,2923.066494,2933.499548,2888.261124,2893.792734,194103.0
2026-09-11,2890.639542,2929.689824,2887.666149,2904.261097,255825.0
2026-09-14,2893.261357,2913.345043,2884.332807,2894.257151,319432.0
2026-09-15,2896.237206,2896.527984,2862.730289,2873.184497,175651.0
2026-09-16,2874.633761,2892.590954,2832.167612,2861.830264,81443.0
2026-09-17,2861.257487,2904.411316,2858.98779,2875.787744,31730.0
2026-09-18,2870.051656,2883.575736,2857.400976,2873.676755,177124.0
2026-09-21,2879.701959,2907.071069,2876.362809,2897.647186,139012.0
2026-09-22,2897.56755,2931.33685,2884.68893,2914.547979,208832.0
2026-09-23,2911.982138,2914.69873,2858.737005,2860.376004,168593.0
2026-09-24,2860.43707,2862.281973,2829.498674,2857.056321,209952.0
2026-09-25,2853.584045,2874.310405,2843.16638,2859.494603,181757.0
2026-09-28,2857.997397,2858.928518,2827.066246,2840.167735,181744.0
2026-09-29,2831.55379,2839.681244,2831.161352,2835.514188,3677.0
