Date,Open,High,Low,Close,Volume
2016-01-04,2038.262059,2038.374668,1989.617957,2012.911046,4304891473.0
2016-01-05,2013.570599,2021.715093,2004.316648,2016.677929,3706414072.0
2016-01-06,2011.86093,2011.878015,1978.788136,1990.019531,4336435428.0
2016-01-07,1985.506678,1985.555434,1938.830917,1943.349828,5076304073.0
2016-01-08,1945.590305,1960.441362,1918.505289,1922.020601,4664718974.0
2016-01-11,1925.86918,1935.615916,1901.319695,1923.337922,4606707433.0
2016-01-12,1927.854602,1947.45796,1914.046502,1938.818171,4887133552.0
2016-01-13,1940.278604,1949.771866,1886.415835,1890.473913,5086847270.0
2016-01-14,1891.676875,1934.528442,1878.726146,1921.373745,5240712830.0
2016-01-15,1916.516552,1916.658327,1857.923869,1880.174913,5468544786.0
2016-01-19,1888.826123,1901.430315,1864.744895,1881.309176,4928468226.0
2016-01-20,1876.325981,1876.325981,1812.523312,1859.466526,6415712851.0
2016-01-21,1861.472252,1889.835845,1848.881055,1868.893598,5078736797.0
2016-01-22,1877.611653,1908.632327,1877.574102,1906.741343,4902818106.0
2016-01-25,1906.36915,1906.36915,1876.225272,1877.216452,4402313283.0
2016-01-26,1878.628596,1906.742861,1878.481307,1903.540854,4357480634.0
2016-01-27,1902.590175,1917.012023,1872.814625,1883.052017,4753605268.0
2016-01-28,1885.0392,1902.990774,1873.829616,1893.149535,4692512821.0
2016-01-29,1894.166378,1940.441653,1893.950997,1939.977605,5498151123.0
2016-02-01,1936.930271,1946.988479,1920.067544,1939.52648,4322357735.0
2016-02-02,1935.224234,1935.294012,1897.468945,1903.078085,4463296971.0
2016-02-03,1906.940088,1918.25742,1872.005405,1912.706452,5173983021.0
2016-02-04,1911.903754,1927.015655,1900.486123,1915.347936,5193314565.0
2016-02-05,1913.040384,1913.104314,1872.642511,1879.900565,4930288176.0
2016-02-08,1873.169763,1873.169763,1828.590794,1853.692142,5636753333.0
2016-02-09,1848.39487,1868.180742,1834.824958,1851.927877,5182915114.0
2016-02-10,1857.198831,1881.429727,1850.193276,1852.091738,4471643569.0
2016-02-11,1847.067498,1847.067498,1810.11788,1829.321487,5500332597.0
2016-02-12,1833.475695,1865.123383,1833.475695,1864.940417,4697549331.0
2016-02-16,1871.520567,1895.530313,1871.520567,1895.449577,4570401496.0
2016-02-17,1899.206705,1930.454239,1898.513808,1926.662617,5011300465.0
2016-02-18,1927.491607,1929.748727,1915.150357,1917.789671,4436007093.0
2016-02-19,1916.641807,1919.111483,1901.963367,1917.531669,4142467093.0
2016-02-22,1924.283336,1946.609948,1924.283336,1945.312902,4054536959.0
2016-02-23,1942.499651,1942.499651,1919.259793,1921.39389,3889704047.0
2016-02-24,1917.776546,1932.002135,1890.872424,1929.92536,4317149265.0
2016-02-25,1931.847982,1951.645621,1925.296575,1951.495106,4118000806.0
2016-02-26,1954.785705,1962.913802,1945.765203,1948.181761,4348853537.0
2016-02-29,1946.969468,1958.75141,1931.872494,1932.317762,4588374071.0
2016-03-01,1937.215991,1978.648684,1937.183663,1978.648684,4819408936.0
2016-03-02,1976.746887,1986.563007,1968.798913,1986.563007,4666396012.0
2016-03-03,1985.707824,1993.819048,1977.107026,1993.611042,5081580774.0
2016-03-04,1993.877306,2008.962941,1986.914614,2000.085405,6050828993.0
2016-03-07,1996.156327,2005.763634,1989.369469,2001.956168,4967771464.0
2016-03-08,1996.903306,1997.083589,1977.659779,1979.005256,4641315912.0
2016-03-09,1981.483273,1992.921112,1979.699845,1989.235792,4037664264.0
2016-03-10,1991.14347,2005.289698,1968.934472,1989.56219,4376141342.0
2016-03-11,1994.754562,2022.274971,1994.703174,2022.140651,4078745215.0
2016-03-14,2019.407111,2024.536181,2012.310801,2019.729664,3487920770.0
2016-03-15,2015.283639,2016.09109,2005.262253,2016.05794,3560736699.0
2016-03-16,2014.298226,2032.099572,2009.999905,2027.29949,4057442502.0
2016-03-17,2027.02798,2046.159443,2021.984036,2040.553859,4531566009.0
2016-03-18,2040.862605,2052.027816,2040.862605,2049.429284,6503091960.0
2016-03-21,2047.81454,2053.933301,2042.929652,2051.825196,3376512030.0
2016-03-22,2048.54353,2056.822007,2040.421925,2049.871737,3418015523.0
2016-03-23,2048.419172,2048.419172,2034.975979,2036.502499,3639763520.0
2016-03-24,2032.424058,2036.170093,2022.114612,2035.900508,3407760393.0
2016-03-28,2038.194667,2042.737767,2032.218953,2036.69493,2809272947.0
2016-03-29,2035.573738,2056.064136,2028.436664,2055.017278,3821894589.0
2016-03-30,2058.469317,2072.390653,2058.455106,2063.909007,3590436237.0
2016-03-31,2063.422714,2067.776312,2057.574791,2059.621665,3715356237.0
2016-04-01,2056.551244,2074.734538,2043.947047,2073.108482,3750042138.0
2016-04-04,2073.223683,2073.909367,2062.350786,2065.891006,3485471833.0
2016-04-05,2062.620908,2062.683383,2042.531447,2045.314513,4155414155.0
2016-04-06,2045.705544,2067.218028,2042.890716,2067.11183,3751569029.0
2016-04-07,2063.173678,2063.173678,2033.898923,2042.130003,3800827930.0
2016-04-08,2045.468706,2060.25457,2041.854661,2047.593518,3359772035.0
2016-04-11,2050.135188,2063.291491,2041.758415,2041.758415,3566813229.0
2016-04-12,2043.895317,2065.220563,2039.815821,2061.439152,4240023473.0
2016-04-13,2065.8804,2083.340315,2065.8804,2082.33422,4191046063.0
2016-04-14,2082.624181,2088.042133,2078.068132,2082.636942,3765672304.0
2016-04-15,2082.864023,2083.340112,2076.210753,2080.580262,3700963990.0
2016-04-18,2078.63894,2094.608734,2073.748125,2094.271747,3316808484.0
2016-04-19,2096.154256,2104.015592,2091.599094,2100.778569,3897156864.0
2016-04-20,2101.549951,2110.959788,2096.376498,2102.501913,4184102737.0
2016-04-21,2102.235234,2104.334321,2088.298387,2091.221098,4175139907.0
2016-04-22,2091.400631,2094.436494,2081.016467,2091.437381,3790385403.0
2016-04-25,2089.403242,2089.403242,2077.652027,2087.756703,3320264867.0
2016-04-26,2089.970826,2096.967726,2085.984995,2091.659062,3557343586.0
2016-04-27,2092.265353,2099.677621,2082.104814,2095.534661,4099627328.0
2016-04-28,2091.02544,2099.61589,2071.759043,2075.858269,4309636880.0
2016-04-29,2071.682929,2073.713002,2052.170697,2064.966794,4705452103.0
2016-05-02,2067.094872,2083.524319,2066.113518,2081.516973,3841384396.0
2016-05-03,2077.100638,2077.401354,2055.181059,2063.482708,4173006785.0
2016-05-04,2060.05367,2060.379323,2045.715224,2051.094452,4058451608.0
2016-05-05,2053.049924,2060.249443,2045.932837,2050.38106,4008435756.0
2016-05-06,2047.673897,2057.722193,2039.839239,2057.501549,3796145763.0
2016-05-09,2057.55262,2064.138252,2054.16546,2058.469685,3787972066.0
2016-05-10,2062.729043,2084.749883,2062.426533,2084.527623,3599956043.0
2016-05-11,2083.383064,2083.383064,2064.310882,2064.501261,3822510949.0
2016-05-12,2067.307468,2074.296856,2053.07763,2064.234121,3782245836.0
2016-05-13,2062.479687,2066.767607,2042.64894,2046.959313,3579843036.0
2016-05-16,2046.4434,2071.717075,2046.4434,2066.775984,3501409203.0
2016-05-17,2065.023577,2065.58329,2040.708809,2047.095591,4109871425.0
2016-05-18,2044.03505,2060.836851,2034.649445,2047.856471,4101323640.0
2016-05-19,2043.914141,2044.348069,2025.981431,2039.911292,3847190816.0
2016-05-20,2041.609925,2058.465433,2041.609925,2052.353636,3507440179.0
2016-05-23,2052.025322,2055.527143,2047.38079,2047.77521,3055400741.0
2016-05-24,2052.731962,2079.789162,2052.731962,2075.845543,3627344553.0
2016-05-25,2078.741689,2094.595172,2078.741689,2090.550782,3858861250.0
2016-05-26,2091.360851,2094.245678,2086.97718,2090.177031,3230924179.0
2016-05-27,2090.331605,2099.263626,2089.594944,2098.702717,3079423444.0
2016-05-31,2100.055063,2103.663883,2088.43211,2097.05423,4514048683.0
2016-06-01,2094.094373,2100.763674,2084.945285,2099.158053,3525170031.0
2016-06-02,2097.514115,2105.529417,2088.605578,2105.529417,3632977463.0
2016-06-03,2104.026843,2104.09294,2085.162961,2099.056001,3627480902.0
2016-06-06,2100.630495,2113.724901,2100.630495,2109.172894,3442397044.0
2016-06-07,2110.10839,2118.81402,2109.921365,2112.145894,3534755762.0
2016-06-08,2112.887494,2120.609071,2112.746112,2118.925956,3562001182.0
2016-06-09,2115.284462,2117.348496,2107.81971,2115.748423,3289659255.0
2016-06-10,2109.661713,2109.661713,2090.044054,2096.070179,3514878675.0
2016-06-13,2091.799728,2098.043656,2078.46253,2079.028524,3392156045.0
2016-06-14,2076.526518,2081.212528,2063.782005,2075.442886,3760426210.0
2016-06-15,2077.299665,2085.538571,2069.671731,2071.291825,3544921301.0
2016-06-16,2066.375012,2079.621616,2050.286604,2077.722105,3628688623.0
2016-06-17,2078.089912,2078.089912,2062.756895,2071.304549,4952031175.0
2016-06-20,2075.628372,2100.3527,2075.595641,2083.020911,3467396025.0
2016-06-21,2085.194498,2093.82319,2083.316963,2088.670121,3233274653.0
2016-06-22,2090.084732,2099.868042,2084.529378,2085.624452,3167878752.0
2016-06-23,2092.749956,2113.498258,2092.593381,2113.431031,3298258325.0
2016-06-24,2103.594734,2103.594734,2032.707836,2037.154578,7598007135.0
2016-06-27,2031.48637,2031.510675,1991.807581,2000.416178,5431369208.0
2016-06-28,2006.71419,2036.227601,2006.508293,2035.905958,4385665837.0
2016-06-29,2042.967581,2072.916101,2042.863338,2071.137854,4241321639.0
2016-06-30,2073.343055,2099.050266,2069.966802,2099.050266,4623640726.0
2016-07-01,2099.415007,2108.685444,2097.604108,2102.86145,3459108554.0
2016-07-05,2095.356618,2095.435989,2080.954829,2088.67039,3658504610.0
2016-07-06,2084.182142,2101.124253,2074.065018,2099.445218,3909218601.0
2016-07-07,2100.285547,2108.729052,2089.342322,2097.758788,3604563651.0
2016-07-08,2106.774744,2132.241594,2106.774744,2129.922237,3607559422.0
2016-07-11,2131.636874,2142.963765,2131.566682,2137.256561,3253470093.0
2016-07-12,2139.205458,2155.611277,2139.205458,2152.118918,4098120919.0
2016-07-13,2153.946858,2156.659234,2146.200636,2152.483315,3502045953.0
2016-07-14,2157.83193,2168.774026,2157.83193,2163.76695,3465101735.0
2016-07-15,2164.811434,2169.157041,2155.867031,2161.704629,3122626318.0
2016-07-18,2161.820467,2168.326781,2159.380535,2166.825721,3008784208.0
2016-07-19,2163.857877,2164.749875,2158.816933,2163.687795,2968243926.0
2016-07-20,2166.281644,2175.680069,2164.411464,2173.07042,3211696455.0
2016-07-21,2173.343784,2174.82021,2159.87197,2165.25887,3439069107.0
2016-07-22,2167.10125,2175.126508,2162.97776,2175.073173,3023879395.0
2016-07-25,2173.800042,2173.800042,2161.978612,2168.224404,3056645492.0
2016-07-26,2168.755343,2173.778273,2160.260072,2168.963246,3443132854.0
2016-07-27,2169.347445,2175.106215,2159.200121,2166.666499,3995406875.0
2016-07-28,2166.108036,2173.00911,2159.479954,2170.379421,3664367445.0
2016-07-29,2168.653765,2176.945401,2163.475893,2173.633227,4038268572.0
2016-08-01,2173.059639,2178.062351,2166.571779,2170.750721,3506339502.0
2016-08-02,2169.80712,2170.076744,2147.948241,2157.07842,3848765962.0
2016-08-03,2156.779693,2163.655706,2152.772586,2163.544055,3786506725.0
2016-08-04,2163.740636,2168.360404,2159.142935,2164.533288,3708481385.0
2016-08-05,2168.8241,2183.083162,2168.572053,2182.910848,3663097032.0
2016-08-08,2183.725368,2185.406039,2178.006603,2180.743891,3327831454.0
2016-08-09,2182.013986,2187.972949,2178.575681,2181.7036,3334221218.0
2016-08-10,2182.444507,2183.708705,2172.121747,2175.375334,3255332196.0
2016-08-11,2177.864054,2188.503218,2177.832139,2186.076743,3423547808.0
2016-08-12,2183.728246,2186.100341,2179.382232,2184.005879,3000467629.0
2016-08-15,2186.466562,2194.155666,2186.115962,2190.18393,3079021061.0
2016-08-16,2186.268471,2186.268471,2178.193535,2178.274869,3196414478.0
2016-08-17,2178.054113,2183.107621,2168.607064,2182.058319,3388926858.0
2016-08-18,2181.790961,2187.062384,2180.33367,2187.062384,3300602669.0
2016-08-19,2183.98117,2184.805581,2174.837701,2183.93005,3084821383.0
2016-08-22,2181.36953,2184.828983,2176.313508,2182.300693,2776819467.0
2016-08-23,2187.651393,2193.558736,2186.955165,2186.955165,3041433578.0
2016-08-24,2185.555178,2186.488609,2171.347146,2175.429986,3147850591.0
2016-08-25,2173.111528,2179.666672,2169.452718,2172.498205,2969792909.0
2016-08-26,2175.282477,2187.702315,2160.222852,2169.047767,3342870123.0
2016-08-29,2169.993989,2183.205434,2169.993989,2180.436392,2655006171.0
2016-08-30,2179.652983,2182.381346,2170.700989,2176.411139,3006728298.0
2016-08-31,2173.64373,2174.12248,2161.08795,2170.693886,3766010342.0
2016-09-01,2171.296067,2173.574098,2157.063268,2170.785831,3391896941.0
2016-09-02,2177.481114,2184.995145,2173.632675,2180.125302,3091720494.0
2016-09-06,2181.467258,2186.585134,2175.288152,2186.585134,3447411355.0
2016-09-07,2185.267396,2187.721886,2178.995195,2186.260346,3318638079.0
2016-09-08,2182.660698,2184.705363,2177.149471,2181.900687,3728224029.0
2016-09-09,2168.814234,2168.814234,2127.940735,2127.940735,4234595307.0
2016-09-12,2120.589075,2163.325355,2119.358475,2159.284213,4011145425.0
2016-09-13,2150.507085,2150.507085,2120.252508,2126.954705,4142100049.0
2016-09-14,2128.196116,2141.046952,2119.985809,2125.558949,3664540249.0
2016-09-15,2125.394111,2151.194492,2122.259403,2147.192518,3373737858.0
2016-09-16,2146.454515,2146.454515,2131.0197,2139.312212,5013318871.0
2016-09-19,2144.051271,2153.695478,2136.129147,2139.207143,3141828760.0
2016-09-20,2146.220202,2150.865773,2139.252814,2139.846296,3117573768.0
2016-09-21,2144.627126,2165.303625,2139.674986,2163.073752,3685400147.0
2016-09-22,2170.850732,2180.154009,2170.850732,2177.098548,3523796276.0
2016-09-23,2173.530468,2173.997984,2163.741706,2164.651008,3289542819.0
2016-09-26,2158.632588,2158.632588,2144.921627,2146.255577,3199589453.0
2016-09-27,2146.369618,2161.195466,2141.583871,2160.111523,3414717560.0
2016-09-28,2161.88971,2172.511024,2151.668611,2171.151625,3861113571.0
2016-09-29,2168.634327,2172.700699,2145.36795,2151.293873,4215618884.0
2016-09-30,2156.214965,2175.213647,2156.214965,2168.128926,4158917080.0
2016-10-03,2164.687393,2164.687393,2154.556152,2161.301295,3113544576.0
2016-10-04,2163.74301,2165.282922,2144.024111,2150.448708,3716338787.0
2016-10-05,2155.111213,2164.041187,2155.111213,2160.068149,3884393397.0
2016-10-06,2158.13727,2162.909597,2150.481012,2160.679683,3437514244.0
2016-10-07,2164.506226,2165.716473,2144.93442,2153.778459,3578936013.0
2016-10-10,2160.150728,2169.456417,2160.150728,2163.791158,2882125345.0
2016-10-11,2161.156716,2161.298424,2128.908273,2136.543239,3393239020.0
2016-10-12,2137.807444,2145.570104,2132.729876,2139.164346,2959996194.0
2016-10-13,2130.175949,2138.206751,2114.56851,2132.493198,3538750349.0
2016-10-14,2139.678836,2149.004509,2132.870385,2132.870385,3187835568.0
2016-10-17,2132.91509,2135.782782,2124.359162,2126.406493,2832630672.0
2016-10-18,2138.382242,2144.259701,2135.85085,2139.838024,3172966727.0
2016-10-19,2141.111374,2148.137763,2138.436881,2144.161692,3364777294.0
2016-10-20,2142.529418,2147.399206,2133.574954,2141.461375,3339410434.0
2016-10-21,2139.567698,2142.514803,2130.170705,2141.227272,3456622096.0
2016-10-24,2148.059521,2154.70193,2146.891028,2151.029542,3360022887.0
2016-10-25,2149.709498,2151.448801,2141.659808,2143.271178,3755869011.0
2016-10-26,2136.789775,2145.975149,2131.544009,2139.12752,3777944861.0
2016-10-27,2143.798738,2147.134185,2132.541643,2133.174014,4209208090.0
2016-10-28,2132.042738,2140.463273,2119.408738,2126.302062,4027930641.0
2016-10-31,2129.708868,2133.366023,2125.629831,2126.151681,3926683113.0
2016-11-01,2128.874898,2131.346578,2098.043379,2111.446655,4539379789.0
2016-11-02,2109.150138,2112.158694,2093.855063,2097.965616,4289540127.0
2016-11-03,2098.806478,2102.559823,2085.087543,2088.853521,3891766205.0
2016-11-04,2083.689148,2098.600919,2083.689148,2085.011665,3841688138.0
2016-11-07,2100.521257,2132.07619,2100.521257,2131.390601,3740301365.0
2016-11-08,2130.133501,2147.287597,2123.477076,2139.657327,3921785487.0
2016-11-09,2131.674761,2170.442088,2125.327312,2163.363764,6267608885.0
2016-11-10,2167.77987,2182.699618,2151.147826,2166.952377,6458336910.0
2016-11-11,2162.676546,2165.69905,2152.496787,2164.886176,4994555834.0
2016-11-14,2165.489176,2171.558169,2156.181992,2164.314341,5374299691.0
2016-11-15,2168.2415,2180.682632,2166.929059,2180.541848,4548616299.0
2016-11-16,2177.582834,2179.268848,2172.24117,2176.908694,3847910223.0
2016-11-17,2178.648576,2187.781529,2176.794127,2186.714329,3811397451.0
2016-11-18,2186.612958,2189.748764,2180.012167,2182.04712,3581589400.0
2016-11-21,2186.449717,2198.551265,2186.323912,2198.055693,3611809256.0
2016-11-22,2201.610304,2204.998162,2194.779674,2203.059766,3960339139.0
2016-11-23,2199.103528,2204.896507,2194.598298,2204.671731,3420336925.0
2016-11-25,2206.684102,2213.411368,2205.301662,2213.402784,1584505128.0
2016-11-28,2210.021376,2210.841296,2200.508417,2201.549338,3515595876.0
2016-11-29,2200.696764,2210.391074,2198.571544,2204.85048,3709738324.0
2016-11-30,2204.647286,2213.9349,2198.371196,2198.548757,5537889646.0
2016-12-01,2200.039956,2202.791652,2187.772298,2191.5721,5067764804.0
2016-12-02,2191.18927,2198.20891,2187.763511,2192.440498,3782665853.0
2016-12-05,2200.915269,2209.653322,2200.176328,2205.069924,3899549430.0
2016-12-06,2207.099082,2212.612916,2202.208056,2212.512146,3857003673.0
2016-12-07,2210.575357,2241.331147,2208.410839,2241.331147,4504715228.0
2016-12-08,2240.648647,2251.292076,2237.669895,2246.45197,4203277291.0
2016-12-09,2249.693385,2260.121308,2249.488831,2259.508298,3885977549.0
2016-12-12,2258.590097,2263.939184,2252.452078,2256.609338,4038801539.0
2016-12-13,2263.200239,2277.35905,2263.200239,2272.061456,3875630955.0
2016-12-14,2268.151195,2276.573853,2248.347379,2253.534385,4409203064.0
2016-12-15,2253.748775,2272.407577,2253.350505,2262.02294,4173490281.0
2016-12-16,2266.411615,2268.055594,2254.395953,2257.793413,5929547883.0
2016-12-19,2258.90855,2267.403442,2258.605092,2262.3974,3252917483.0
2016-12-20,2266.982594,2272.530038,2266.395871,2270.346471,3306070853.0
2016-12-21,2270.247725,2271.281574,2264.699619,2265.394009,2854837613.0
2016-12-22,2262.681737,2263.542051,2255.738306,2260.597459,2880668691.0
2016-12-23,2260.665188,2263.885677,2258.648997,2263.854972,2021273926.0
2016-12-27,2266.888336,2273.985154,2265.78891,2268.688459,1989950826.0
2016-12-28,2269.964008,2271.575636,2249.120046,2249.598925,2402815340.0
2016-12-29,2249.417162,2254.246305,2244.648363,2249.313622,2338371951.0
2016-12-30,2251.687012,2253.750192,2233.300653,2238.755346,2671399773.0
2017-01-03,2251.959297,2263.813196,2245.304358,2258.019327,3773072640.0
2017-01-04,2261.37691,2272.248205,2261.37691,2270.462159,3769313670.0
2017-01-05,2268.124298,2271.016586,2260.326043,2268.828165,3785571245.0
2017-01-06,2271.316437,2281.867753,2264.020999,2276.436319,3342673114.0
2017-01-09,2273.688936,2275.61087,2268.404296,2268.404296,3219772054.0
2017-01-10,2269.634594,2279.295958,2265.194753,2269.307894,3640837887.0
2017-01-11,2268.569739,2275.794154,2260.831748,2275.794154,3624552746.0
2017-01-12,2270.827635,2272.223241,2254.28804,2270.460994,3466369006.0
2017-01-13,2272.68586,2278.390747,2271.596072,2274.452501,3090347670.0
2017-01-17,2269.079446,2272.073845,2262.865326,2267.822208,3586927568.0
2017-01-18,2269.192575,2272.088359,2263.290267,2272.088359,3318675200.0
2017-01-19,2271.773738,2274.162625,2258.474547,2263.5735,3168486178.0
2017-01-20,2270.066998,2276.966411,2265.236971,2271.364033,3536544482.0
2017-01-23,2268.009691,2271.416556,2256.998465,2265.197062,3155368667.0
2017-01-24,2267.915132,2284.951994,2266.75192,2279.940375,3816752635.0
2017-01-25,2288.960396,2299.393308,2288.83727,2298.249179,3848970177.0
2017-01-26,2298.642101,2301.457413,2293.931706,2296.747298,3612269551.0
2017-01-27,2299.020039,2299.020039,2291.739941,2294.465776,3137754704.0
2017-01-30,2285.845061,2286.245024,2267.914112,2281.002937,3595164222.0
2017-01-31,2274.091991,2279.07794,2267.297509,2278.76265,4089569755.0
2017-02-01,2285.567852,2289.132855,2272.446362,2279.579083,3919068196.0
2017-02-02,2277.166491,2283.83658,2271.580859,2281.165759,3810347649.0
2017-02-03,2288.900108,2298.337437,2287.804808,2297.381281,3606080551.0
2017-02-06,2294.368553,2296.25295,2288.453781,2292.770929,3111430511.0
2017-02-07,2295.694929,2299.21957,2289.782997,2292.669151,3453295819.0
2017-02-08,2289.295357,2295.881203,2285.467389,2294.561989,3612016121.0
2017-02-09,2296.973521,2310.939079,2296.663285,2307.876507,3681726415.0
2017-02-10,2312.330774,2319.763325,2311.296465,2316.54556,3496979974.0
2017-02-13,2321.831447,2331.559157,2321.296548,2327.793674,3352526020.0
2017-02-14,2325.714306,2337.941289,2322.610062,2337.557588,3528303512.0
2017-02-15,2335.796689,2351.254052,2334.721397,2349.592213,3785709584.0
2017-02-16,2349.746665,2351.371025,2338.66544,2347.035709,3675447940.0
2017-02-17,2342.749835,2351.10987,2339.347598,2351.10987,3516928553.0
2017-02-21,2354.798872,2366.604152,2354.501589,2365.458352,3588033595.0
2017-02-22,2361.172374,2365.179677,2358.701534,2362.863664,3472945007.0
2017-02-23,2367.512422,2368.635617,2355.412987,2364.180177,4021477205.0
2017-02-24,2355.661153,2367.446257,2353.011465,2367.446257,3832877945.0
2017-02-27,2365.205503,2371.868194,2361.658473,2370.064649,3584516092.0
2017-02-28,2366.020458,2367.94175,2359.387232,2363.5548,4212287053.0
2017-03-01,2380.166195,2401.370716,2380.046169,2395.782534,4347467771.0
2017-03-02,2395.102386,2395.102386,2380.105889,2381.866156,3824005151.0
2017-03-03,2380.308821,2384.459695,2375.731298,2382.843889,3556110309.0
2017-03-06,2375.173723,2378.684583,2368.136009,2375.424908,3251624617.0
2017-03-07,2370.781837,2374.938073,2366.030683,2368.298502,3526381235.0
2017-03-08,2369.880204,2372.802931,2361.068733,2362.821238,3814165145.0
2017-03-09,2363.402089,2369.632317,2354.446557,2364.988043,3718880594.0
2017-03-10,2372.103234,2377.054879,2362.895467,2372.32874,3435031721.0
2017-03-13,2371.637845,2374.340588,2368.082555,2373.652847,3167128951.0
2017-03-14,2368.95918,2368.95918,2358.114234,2365.336803,3174050289.0
2017-03-15,2369.976511,2390.174369,2369.211089,2385.536484,3909431852.0
2017-03-16,2387.916218,2388.569629,2377.322285,2381.286357,3368670096.0
2017-03-17,2383.63165,2385.340693,2377.644721,2378.400284,5179829261.0
2017-03-20,2378.225406,2379.486905,2369.424146,2373.512589,3061739278.0
2017-03-21,2379.06955,2381.819762,2341.953034,2344.194392,4279241698.0
2017-03-22,2342.921637,2351.345886,2336.68659,2348.475772,3575382763.0
2017-03-23,2346.274957,2359.170045,2342.230763,2345.569735,3262360468.0
2017-03-24,2350.55687,2356.156259,2335.778935,2344.21644,2978764369.0
2017-03-27,2329.513582,2345.073338,2322.064927,2341.569556,3242708813.0
2017-03-28,2340.065529,2364.337827,2337.832598,2358.756281,3369416537.0
2017-03-29,2356.643512,2363.276623,2352.203023,2361.292859,3107660051.0
2017-03-30,2361.721856,2370.320091,2358.670375,2367.876937,3159416530.0
2017-03-31,2364.923882,2370.378225,2362.50383,2362.50383,3356452137.0
2017-04-03,2362.535687,2366.103687,2344.376308,2358.994676,3418497110.0
2017-04-04,2354.690174,2360.396255,2350.663232,2360.08834,3208422478.0
2017-04-05,2366.605837,2378.210042,2350.51816,2353.170288,3780846520.0
2017-04-06,2353.62588,2364.409849,2348.791246,2357.44798,3202796890.0
2017-04-07,2356.823292,2363.849511,2350.983615,2355.781107,3054546045.0
2017-04-10,2356.882167,2365.886259,2351.611097,2357.259692,2792637939.0
2017-04-11,2354.104081,2354.931364,2337.285596,2353.847812,3120619219.0
2017-04-12,2352.105058,2353.073169,2341.366587,2344.842229,3201438906.0
2017-04-13,2342.254284,2348.354393,2328.953852,2329.004082,3146283271.0
2017-04-17,2332.795266,2349.290212,2332.795266,2349.290212,2826685497.0
2017-04-18,2342.956521,2348.31008,2334.575372,2342.177243,3272227410.0
2017-04-19,2346.961537,2352.632997,2335.095648,2338.294119,3521298128.0
2017-04-20,2342.321661,2361.543851,2340.509507,2355.85101,3648680373.0
2017-04-21,2354.724225,2355.8599,2344.382597,2348.719207,3524074500.0
2017-04-24,2370.052274,2376.780089,2369.461777,2374.559066,3711343563.0
2017-04-25,2381.386581,2392.545285,2380.83191,2388.897154,4005514720.0
2017-04-26,2389.34101,2398.13597,2386.265068,2387.468908,4110668438.0
2017-04-27,2389.852303,2392.236892,2382.687631,2388.821248,4099310014.0
2017-04-28,2393.51263,2393.51263,2382.686668,2384.032611,3721194429.0
2017-05-01,2388.257874,2394.575504,2384.840185,2388.288767,3201077908.0
2017-05-02,2391.057887,2393.19114,2385.739875,2391.243904,3861225732.0
2017-05-03,2386.209668,2389.936409,2379.307726,2388.33302,3897408788.0
2017-05-04,2389.629651,2391.463199,2380.45775,2389.699047,4367257848.0
2017-05-05,2392.444761,2399.267034,2389.537887,2399.023896,3543139866.0
2017-05-08,2400.217209,2401.15963,2393.493389,2399.614298,3430721378.0
2017-05-09,2401.726277,2403.85281,2392.711371,2396.898644,3657989287.0
2017-05-10,2396.240865,2400.042287,2392.973254,2399.393041,3649235804.0
2017-05-11,2394.912979,2395.691455,2382.009678,2394.759931,3727651519.0
2017-05-12,2392.457175,2392.457175,2387.32924,2391.249758,3304761888.0
2017-05-15,2394.079065,2403.93171,2394.079065,2402.383429,3490671838.0
2017-05-16,2404.938675,2405.818339,2396.174816,2400.84008,3421628352.0
2017-05-17,2382.458292,2384.781039,2356.414591,2357.210919,4164444473.0
2017-05-18,2354.550755,2375.855286,2352.292068,2366.050171,4318844432.0
2017-05-19,2371.510243,2389.184969,2370.074116,2381.903387,3831739503.0
2017-05-22,2386.832401,2395.672913,2386.744243,2393.702168,3176133472.0
2017-05-23,2397.39383,2401.191873,2393.848805,2398.901958,3216410822.0
2017-05-24,2401.49837,2405.81964,2398.083065,2404.646118,3388932025.0
2017-05-25,2409.744027,2418.483996,2408.088193,2414.947015,3538590047.0
2017-05-26,2414.362146,2416.461576,2412.469419,2415.571329,2806787297.0
2017-05-30,2411.866175,2415.241709,2409.706654,2413.031719,3205987250.0
2017-05-31,2415.887986,2415.887986,2403.380402,2411.732938,4517315265.0
2017-06-01,2415.706158,2430.140249,2413.59762,2430.140249,3860670770.0
2017-06-02,2431.337019,2440.122198,2427.504132,2439.25139,3465083045.0
2017-06-05,2437.895983,2439.434289,2434.274243,2435.962107,2916595850.0
2017-06-06,2431.709963,2436.046285,2428.198252,2429.058939,3377496668.0
2017-06-07,2431.99415,2435.203126,2423.923473,2433.233768,3576553366.0
2017-06-08,2434.232891,2439.557476,2428.525377,2433.660224,3735932025.0
2017-06-09,2436.483302,2446.248689,2415.836779,2431.805547,4031149129.0
2017-06-12,2426.122428,2430.980626,2419.825812,2429.063546,4031471016.0
2017-06-13,2433.892239,2441.53162,2431.748627,2440.288556,3278621986.0
2017-06-14,2443.719451,2443.719451,2428.25572,2438.094221,3558094576.0
2017-06-15,2424.499018,2433.950957,2418.56208,2432.607352,3371897750.0
2017-06-16,2431.059206,2433.212311,2422.761861,2432.958083,5298665755.0
2017-06-19,2442.34921,2453.926872,2442.193421,2453.173332,3271564167.0
2017-06-20,2450.70949,2451.168843,2436.574517,2437.033871,3422719157.0
2017-06-21,2439.51603,2442.023534,2430.776326,2435.746753,3599079266.0
2017-06-22,2437.402687,2441.829864,2433.562932,2434.59864,3477629736.0
2017-06-23,2434.973458,2441.450623,2431.252361,2438.175169,5282160432.0
2017-06-26,2443.529411,2450.034937,2437.016785,2439.14271,3243766020.0
2017-06-27,2436.545184,2440.337964,2419.648529,2419.74336,3565062509.0
2017-06-28,2428.834529,2443.279647,2428.636368,2440.740011,3479463842.0
2017-06-29,2442.948384,2442.948384,2405.776311,2419.304778,3869270397.0
2017-06-30,2429.150113,2432.707788,2421.678178,2423.459156,3366048130.0
2017-07-03,2430.902758,2438.749079,2428.731381,2429.506489,1901599822.0
2017-07-05,2431.169988,2434.593396,2422.367441,2432.226876,3368628694.0
2017-07-06,2423.329021,2424.534101,2407.555682,2409.757163,3368637276.0
2017-07-07,2413.546057,2426.806726,2413.452847,2425.125041,2929297293.0
2017-07-10,2424.827512,2431.730339,2421.897609,2427.453207,3009617359.0
2017-07-11,2426.961173,2429.355792,2412.504397,2425.577146,3108902585.0
2017-07-12,2435.44513,2445.63224,2435.44513,2443.528524,3176805609.0
2017-07-13,2444.598479,2449.204749,2441.676283,2447.850832,3068425913.0
2017-07-14,2448.965415,2463.722175,2447.122781,2459.584132,2738434289.0
2017-07-17,2459.608129,2462.533954,2457.291614,2459.110959,2800734488.0
2017-07-18,2456.008617,2460.697119,2450.116598,2460.523952,2973922341.0
2017-07-19,2463.918167,2473.868195,2463.670734,2473.664534,3063573425.0
2017-07-20,2475.21032,2477.8603,2468.769279,2473.000504,3223959180.0
2017-07-21,2466.829907,2472.846179,2465.337775,2472.608227,3065952046.0
2017-07-24,2472.053475,2472.935621,2466.327011,2470.417232,3019737694.0
2017-07-25,2477.762982,2481.472576,2474.800391,2477.243394,4115886080.0
2017-07-26,2480.083897,2481.495342,2475.218356,2478.000242,3598262912.0
2017-07-27,2482.934288,2484.493677,2459.68558,2475.317679,4035562051.0
2017-07-28,2469.154251,2473.249588,2464.756534,2472.039696,3302664804.0
2017-07-31,2476.128146,2478.289153,2469.091042,2470.543285,3475913099.0
2017-08-01,2477.156876,2478.347299,2471.190639,2476.847521,3470053390.0
2017-08-02,2480.511359,2480.879244,2466.288678,2477.938718,3487009591.0
2017-08-03,2475.85555,2476.176442,2468.951412,2472.358981,3662445566.0
2017-08-04,2476.835395,2479.748028,2471.963888,2476.838784,3239843260.0
2017-08-07,2477.188637,2480.961941,2475.534716,2480.961941,2935004019.0
2017-08-08,2478.553453,2491.064699,2470.493247,2474.733435,3347141852.0
2017-08-09,2465.253027,2474.670379,2462.355298,2473.66174,3310577987.0
2017-08-10,2465.50837,2465.50837,2437.674209,2437.935224,3635842046.0
2017-08-11,2440.975147,2448.101021,2437.758133,2441.332226,3161926942.0
2017-08-14,2454.931105,2468.407149,2454.7239,2465.768087,2823916643.0
2017-08-15,2468.864692,2468.932442,2461.573199,2464.247947,2922652088.0
2017-08-16,2468.13787,2474.609798,2463.721548,2468.100896,2956795896.0
2017-08-17,2462.630637,2464.81962,2429.764328,2429.932631,3165258484.0
2017-08-18,2427.280071,2440.327395,2421.147977,2425.265568,3427072771.0
2017-08-21,2424.933981,2430.875511,2417.462865,2428.280224,2803828616.0
2017-08-22,2433.584927,2455.166706,2433.584927,2452.431296,2781597654.0
2017-08-23,2445.06311,2449.100812,2441.635597,2443.88933,2796865666.0
2017-08-24,2447.840175,2450.46029,2436.37778,2439.195983,2849382011.0
2017-08-25,2444.768325,2454.143717,2442.11908,2442.58516,2592952165.0
2017-08-28,2447.616667,2448.956822,2439.096506,2443.754613,2683391033.0
2017-08-29,2432.262827,2449.152412,2428.134625,2446.300853,2739944552.0
2017-08-30,2446.043147,2460.107297,2443.87717,2457.613712,2637536111.0
2017-08-31,2462.983243,2474.700945,2462.734049,2471.74981,3353616067.0
2017-09-01,2474.442718,2480.462616,2473.755433,2476.416569,2712692108.0
2017-09-05,2470.143231,2472.015829,2446.224829,2457.624486,3502618758.0
2017-09-06,2463.683628,2469.809718,2459.235914,2465.538235,3399762292.0
2017-09-07,2467.694653,2468.754931,2460.239783,2464.991244,3365118079.0
2017-09-08,2462.031319,2467.16997,2458.934984,2461.811717,3309077092.0
2017-09-11,2474.431428,2489.08849,2474.431428,2488.029436,3293562879.0
2017-09-12,2492.14019,2496.759363,2490.610523,2496.466703,3234426970.0
2017-09-13,2494.319034,2498.988568,2492.769994,2498.988568,3371300851.0
2017-09-14,2494.215265,2498.24851,2491.252637,2495.571512,3422629413.0
2017-09-15,2495.767959,2500.369032,2493.025603,2500.369032,4862233646.0
2017-09-18,2502.249613,2508.487729,2499.642576,2504.031945,3204430510.0
2017-09-19,2506.409012,2507.672142,2503.242168,2506.833239,3253794216.0
2017-09-20,2506.807227,2508.863102,2496.720434,2508.312601,3583755983.0
2017-09-21,2506.700875,2507.003565,2498.797257,2500.648569,2965500286.0
2017-09-22,2497.49183,2503.338161,2496.496367,2502.245077,2877875194.0
2017-09-25,2499.238679,2502.258521,2487.537731,2496.516106,3314429672.0
2017-09-26,2500.906508,2503.826898,2495.351259,2496.921365,3070600775.0
2017-09-27,2503.032258,2512.017673,2495.717558,2507.548629,3484722925.0
2017-09-28,2503.246118,2510.944998,2502.921257,2510.363947,3172451864.0
2017-09-29,2510.06736,2519.936824,2507.632177,2519.436675,3220306612.0
2017-10-02,2521.152239,2529.336567,2520.253126,2529.336567,3226273169.0
2017-10-03,2530.423251,2535.898474,2528.779393,2534.359779,3073057310.0
2017-10-04,2533.571673,2540.472225,2531.79719,2537.673879,3020788890.0
2017-10-05,2541.195669,2552.575148,2540.141873,2552.311966,3059639753.0
2017-10-06,2547.352619,2549.709206,2544.15611,2549.709206,2898136383.0
2017-10-09,2551.013089,2551.915079,2541.786323,2544.533816,2486403593.0
2017-10-10,2550.262131,2555.443499,2545.104965,2550.516547,2962812277.0
2017-10-11,2550.535567,2555.797384,2548.318411,2555.797384,2990951155.0
2017-10-12,2553.164425,2555.784089,2548.455238,2550.954487,3157299976.0
2017-10-13,2555.75789,2557.711068,2552.08072,2553.635457,3150215357.0
2017-10-16,2555.536555,2559.539201,2552.897483,2557.692799,2917916568.0
2017-10-17,2557.25911,2559.477284,2554.964062,2559.423114,2902224383.0
2017-10-18,2563.370136,2564.217415,2559.835933,2561.181766,2999479449.0
2017-10-19,2553.920227,2562.34159,2547.549294,2562.34159,3019861218.0
2017-10-20,2567.577873,2575.559617,2567.344009,2575.559617,3394562148.0
2017-10-23,2578.121377,2578.121377,2564.259596,2564.714504,3214597339.0
2017-10-24,2568.936362,2572.867157,2565.780096,2569.039334,3435048061.0
2017-10-25,2566.302979,2567.332257,2543.994569,2557.383902,3885346627.0
2017-10-26,2560.165347,2566.69605,2560.091064,2560.366733,3891662471.0
2017-10-27,2570.253362,2582.799631,2566.277423,2580.942722,3896576752.0
2017-10-30,2577.830918,2580.016725,2568.557977,2573.089816,3660044708.0
2017-10-31,2575.775315,2578.430986,2572.459985,2575.544178,3844521823.0
2017-11-01,2582.799342,2588.543506,2574.652904,2579.244129,3841286718.0
2017-11-02,2578.925243,2581.284749,2566.293774,2579.904885,4050608875.0
2017-11-03,2581.641431,2588.253005,2576.613473,2587.527354,3568662271.0
2017-11-06,2587.35129,2593.468172,2585.23352,2590.897852,3542263200.0
2017-11-07,2592.034109,2596.792505,2584.275805,2590.672059,3814539562.0
2017-11-08,2589.211454,2595.309144,2585.362467,2594.388031,3897820783.0
2017-11-09,2584.285789,2586.262635,2566.44832,2584.370216,3843222260.0
2017-11-10,2579.931695,2583.503001,2576.089769,2582.115163,3490014288.0
2017-11-13,2576.619617,2587.935293,2574.525608,2584.564791,3405429397.0
2017-11-14,2577.645065,2579.837551,2567.188302,2578.987471,3643906766.0
2017-11-15,2569.376885,2573.091368,2557.495351,2564.115492,3586347058.0
2017-11-16,2572.997635,2590.10027,2572.955735,2585.378335,3329542354.0
2017-11-17,2583.09987,2584.160685,2577.290339,2578.369673,3309759936.0
2017-11-20,2579.402479,2584.184663,2578.52632,2582.24809,3024376566.0
2017-11-21,2589.445371,2601.414447,2589.039913,2598.561493,3351797641.0
2017-11-22,2600.013119,2600.986009,2595.062057,2597.088318,2764329417.0
2017-11-24,2600.42157,2604.373273,2600.42157,2602.846595,1385935876.0
2017-11-27,2603.335998,2606.508962,2599.171124,2601.855252,3018122981.0
2017-11-28,2605.998075,2627.430574,2605.734891,2626.56562,3493250626.0
2017-11-29,2628.196691,2634.495176,2620.225163,2626.148433,4090470080.0
2017-11-30,2633.954037,2657.550745,2633.916505,2647.31824,4965635931.0
2017-12-01,2645.253719,2650.769855,2605.504424,2641.904718,3950543317.0
2017-12-04,2657.174853,2665.373864,2639.236538,2639.409992,4025769544.0
2017-12-05,2639.735045,2648.357641,2628.138215,2629.893056,3547173592.0
2017-12-06,2626.035279,2634.15145,2624.846629,2629.427686,3253413443.0
2017-12-07,2628.492982,2640.798984,2627.04874,2636.791399,3297239257.0
2017-12-08,2645.984626,2651.68694,2644.337325,2651.68694,3127196988.0
2017-12-11,2652.366467,2659.967728,2651.407714,2659.393166,3140968164.0
2017-12-12,2662.018855,2669.340323,2660.000448,2663.909514,3569588699.0
2017-12-13,2667.687863,2671.660298,2662.630708,2662.630708,3567798884.0
2017-12-14,2665.793807,2668.113101,2652.03078,2652.03078,3442347451.0
2017-12-15,2660.750666,2679.313527,2659.455504,2675.755786,5736553840.0
2017-12-18,2685.837015,2694.938762,2685.837015,2690.121854,3728257488.0
2017-12-19,2692.961877,2694.725162,2680.6819,2681.42312,3407756868.0
2017-12-20,2687.687617,2690.6597,2676.26427,2679.256003,3246150847.0
2017-12-21,2682.929975,2692.584304,2682.848929,2684.71507,3292868977.0
2017-12-22,2683.685593,2685.625281,2678.246052,2683.380158,2400699634.0
2017-12-26,2678.689548,2682.62778,2678.081683,2680.423779,1970883202.0
2017-12-27,2682.465899,2685.485826,2678.923681,2682.727891,2203075932.0
2017-12-28,2686.340553,2687.97262,2682.601978,2687.762063,2175184143.0
2017-12-29,2688.956423,2692.037684,2673.461448,2673.461448,2447857132.0
2018-01-02,2683.326749,2696.187652,2682.396434,2695.794045,3396532364.0
2018-01-03,2697.050312,2714.486554,2697.050312,2713.375291,3543588916.0
2018-01-04,2719.162265,2729.196467,2719.004889,2723.689599,3697511879.0
2018-01-05,2731.991173,2743.644959,2727.934274,2743.644959,3239160238.0
2018-01-08,2742.789196,2748.598086,2737.363192,2747.342,3245978591.0
2018-01-09,2750.995956,2759.421568,2748.057028,2751.195019,3467077461.0
2018-01-10,2745.677739,2750.64921,2736.43399,2747.968846,3580239228.0
2018-01-11,2752.540244,2768.165581,2752.540244,2768.165581,3645856314.0
2018-01-12,2770.097568,2787.832948,2769.696217,2786.099745,3587399788.0
2018-01-16,2798.987804,2807.737731,2768.798911,2776.280867,4362603567.0
2018-01-17,2784.966011,2806.752267,2778.337221,2802.456154,3790406819.0
2018-01-18,2802.621518,2806.115425,2792.707511,2798.056779,3702804586.0
2018-01-19,2802.696688,2810.461132,2798.167928,2810.207747,3724181649.0
2018-01-22,2809.347656,2832.932324,2808.136479,2832.932324,3488597884.0
2018-01-23,2834.854892,2842.583408,2830.62908,2838.127894,3540584708.0
2018-01-24,2845.675388,2853.607351,2824.937718,2837.556258,4079138520.0
2018-01-25,2846.703625,2848.845437,2830.856669,2839.255056,3874019907.0
2018-01-26,2847.203732,2873.280071,2846.110913,2873.168485,3474054299.0
2018-01-29,2866.975458,2870.644624,2851.966831,2853.903574,3586973875.0
2018-01-30,2833.118383,2837.278506,2819.033925,2822.376952,4012156972.0
2018-01-31,2832.355716,2838.736416,2812.701246,2824.040546,4277026653.0
2018-02-01,2816.84533,2836.032301,2812.3457,2821.66912,3977460412.0
2018-02-02,2808.795617,2808.795617,2759.705799,2762.341833,4340524745.0
2018-02-05,2741.458895,2763.137159,2638.142673,2648.788296,5310660704.0
2018-02-06,2614.81441,2701.023091,2593.302351,2694.8206,5917047847.0
2018-02-07,2691.019439,2727.837833,2681.488613,2681.610144,4646338185.0
2018-02-08,2685.430138,2685.430138,2580.604452,2581.361462,5333488879.0
2018-02-09,2601.685905,2638.551478,2532.823904,2619.597464,5690522117.0
2018-02-12,2636.50185,2673.013637,2622.268455,2656.397467,4068566373.0
2018-02-13,2646.151317,2668.553111,2637.015701,2662.740558,3503851811.0
2018-02-14,2651.329884,2702.335116,2648.864794,2698.912659,4011955772.0
2018-02-15,2713.035098,2731.377605,2689.393943,2731.021833,3696060636.0
2018-02-16,2727.31374,2754.570256,2724.793638,2732.281535,3646320817.0
2018-02-20,2722.843283,2737.900502,2706.456429,2716.318866,3646562679.0
2018-02-21,2720.842295,2747.953686,2701.496447,2701.508769,3789494174.0
2018-02-22,2709.770977,2731.508325,2697.836211,2704.02776,3720542388.0
2018-02-23,2715.586433,2747.443579,2713.905816,2747.096973,3200449098.0
2018-02-26,2756.905095,2780.949561,2753.273429,2779.844788,3436287741.0
2018-02-27,2780.220222,2788.912073,2743.812847,2744.755244,3752059098.0
2018-02-28,2753.848231,2761.591693,2713.671644,2713.671644,4243987580.0
2018-03-01,2715.171307,2730.960417,2658.910873,2677.178507,4514535092.0
2018-03-02,2658.822522,2696.380801,2647.644267,2691.384379,3891394226.0
2018-03-05,2681.01738,2728.182013,2675.262126,2720.849829,3733759706.0
2018-03-06,2730.23546,2731.849542,2711.488662,2728.084351,3388723772.0
2018-03-07,2709.9066,2730.231503,2701.499918,2726.951707,3406573474.0
2018-03-08,2732.943164,2740.689014,2722.935482,2738.844966,3206212227.0
2018-03-09,2753.092338,2786.621852,2752.422777,2786.495151,3376798600.0
2018-03-12,2790.647485,2797.301459,2778.628235,2782.992156,3216867575.0
2018-03-13,2792.46546,2801.887369,2758.871764,2765.716491,3324922768.0
2018-03-14,2774.142287,2776.719878,2743.883654,2749.488248,3394307174.0
2018-03-15,2754.830534,2763.296974,2741.586968,2746.990598,3544092869.0
2018-03-16,2750.546112,2761.747807,2749.913109,2751.680903,5428513108.0
2018-03-19,2741.2957,2741.473639,2694.625059,2712.957694,3327677876.0
2018-03-20,2714.845462,2724.043589,2709.802977,2716.633083,3272821749.0
2018-03-21,2714.709732,2739.59029,2710.001549,2711.506246,3434604701.0
2018-03-22,2691.025175,2695.443638,2641.207491,2643.857957,3765001564.0
2018-03-23,2646.474722,2657.580244,2586.210966,2588.437176,3828625446.0
2018-03-26,2619.331584,2661.388703,2601.703579,2658.452178,3537862368.0
2018-03-27,2667.659244,2674.487895,2595.755962,2612.696839,3761517928.0
2018-03-28,2611.313404,2632.736917,2593.473635,2605.049006,3875302341.0
2018-03-29,2614.20977,2659.498687,2609.702396,2641.029208,3572394634.0
2018-04-02,2633.68701,2638.17065,2554.287221,2582.036022,3635243203.0
2018-04-03,2592.36159,2619.243386,2575.804549,2613.768681,3395760575.0
2018-04-04,2583.998785,2649.131546,2573.404696,2644.626337,3368843535.0
2018-04-05,2657.186604,2672.069676,2649.557559,2662.977997,3230404809.0
2018-04-06,2645.965173,2656.796711,2586.301323,2604.363069,3312224023.0
2018-04-09,2617.229128,2653.332856,2611.188525,2613.169372,3075773827.0
2018-04-10,2638.027837,2665.738206,2635.895349,2657.069568,3578894181.0
2018-04-11,2643.871919,2661.343104,2639.296528,2642.211323,3054234660.0
2018-04-12,2653.899618,2674.6725,2653.777033,2664.391698,3044929867.0
2018-04-13,2676.659063,2680.158912,2645.036676,2656.59941,2988863583.0
2018-04-16,2670.150788,2685.97504,2665.507607,2677.808338,3020631201.0
2018-04-17,2692.348244,2713.032941,2692.051046,2706.336294,3285466307.0
2018-04-18,2710.472229,2717.751166,2703.52309,2707.867842,3411817335.0
2018-04-19,2701.497003,2702.269802,2681.748507,2693.041952,3375428726.0
2018-04-20,2692.492067,2693.733501,2660.462772,2669.778551,3427998986.0
2018-04-23,2675.497141,2682.752868,2657.617315,2670.349114,3030843875.0
2018-04-24,2680.153997,2684.017958,2617.123671,2634.600333,3715701663.0
2018-04-25,2634.615234,2645.503368,2613.06141,2639.583567,3563859399.0
2018-04-26,2651.572002,2676.330855,2647.105222,2667.312425,3691302615.0
2018-04-27,2675.183125,2677.699362,2659.197314,2669.902898,3234655616.0
2018-04-30,2682.701647,2682.701647,2647.383654,2648.653914,3748994632.0
2018-05-01,2643.487838,2655.537963,2625.559117,2654.86176,3562484215.0
2018-05-02,2653.927688,2660.508538,2631.657488,2635.324592,4047493530.0
2018-05-03,2627.859986,2637.422926,2594.495202,2629.582171,3867218814.0
2018-05-04,2621.511673,2670.821456,2615.367395,2663.320644,3335585413.0
2018-05-07,2680.771922,2683.074114,2664.567829,2672.788136,3266669434.0
2018-05-08,2669.933604,2676.281973,2654.63602,2671.666824,3745152970.0
2018-05-09,2678.186812,2701.344938,2674.386515,2697.709651,3913107526.0
2018-05-10,2705.512685,2725.975234,2704.605764,2723.026216,3380434367.0
2018-05-11,2722.250227,2733.011495,2717.364639,2727.597736,2874598363.0
2018-05-14,2738.119154,2741.940235,2725.20664,2730.35141,2994427553.0
2018-05-15,2718.474927,2718.758742,2701.51277,2711.623842,3291220673.0
2018-05-16,2712.478901,2727.880637,2712.230645,2722.777554,3248630291.0
2018-05-17,2719.930965,2731.943317,2711.797569,2720.03984,3477979389.0
2018-05-18,2717.415765,2719.379966,2709.234973,2713.296213,3382955278.0
2018-05-21,2734.904371,2739.231451,2725.323052,2732.637228,3053535796.0
2018-05-22,2738.481225,2742.390883,2721.941157,2724.061684,3383791573.0
2018-05-23,2713.823238,2733.893636,2709.525586,2732.958272,3333519455.0
2018-05-24,2731.287985,2732.226618,2707.613812,2727.762522,3285712371.0
2018-05-25,2723.429168,2727.626295,2715.154718,2721.657285,3015161662.0
2018-05-29,2704.937896,2711.507116,2676.010811,2689.69814,3743483007.0
2018-05-30,2702.576169,2729.480911,2702.576169,2723.880158,3566462765.0
2018-05-31,2721.187571,2722.631944,2700.408924,2705.211581,4240396804.0
2018-06-01,2718.821776,2737.122616,2718.313426,2734.776764,3693917875.0
2018-06-04,2741.207787,2748.882531,2740.488387,2746.73892,3410450688.0
2018-06-05,2748.607838,2752.487919,2739.622596,2748.653423,3523579557.0
2018-06-06,2752.965229,2772.249563,2748.009012,2771.977107,3662164079.0
2018-06-07,2774.905373,2780.079933,2760.354386,2770.211729,3742211763.0
2018-06-08,2765.446306,2779.357249,2763.801043,2779.357249,3138674457.0
2018-06-11,2780.304017,2790.248528,2780.182982,2782.025296,3261844727.0
2018-06-12,2785.375411,2790.103427,2778.538936,2786.643911,3435306656.0
2018-06-13,2787.582351,2791.710917,2774.378159,2775.972991,3821152050.0
2018-06-14,2783.408632,2789.014954,2776.804872,2782.327155,3540234031.0
2018-06-15,2777.847153,2782.623612,2761.312622,2780.054611,5451533378.0
2018-06-18,2765.620226,2775.305028,2757.413604,2774.139325,3316159835.0
2018-06-19,2752.409376,2765.264034,2743.144624,2762.605562,3671739442.0
2018-06-20,2769.607932,2774.414394,2763.883424,2766.905372,3332324553.0
2018-06-21,2769.288921,2769.288921,2743.921127,2750.389567,3336297717.0
2018-06-22,2760.86428,2764.215673,2752.639545,2754.986573,5468946267.0
2018-06-25,2742.769971,2743.15357,2698.835508,2716.982066,3662783580.0
2018-06-26,2722.248366,2733.158635,2715.237182,2723.320418,3568994696.0
2018-06-27,2728.304401,2746.168051,2699.514484,2699.819479,3804175553.0
2018-06-28,2698.578853,2724.499529,2692.013952,2716.66615,3460795037.0
2018-06-29,2727.501493,2743.277604,2717.855055,2718.190067,3587050213.0
2018-07-02,2704.668478,2727.076233,2699.180623,2726.796799,3094880949.0
2018-07-03,2732.610542,2736.508581,2710.562845,2712.898218,1911592874.0
2018-07-05,2724.628791,2737.835278,2716.114179,2736.792457,2979611771.0
2018-07-06,2738.377856,2764.400325,2733.962695,2759.813736,2590336767.0
2018-07-09,2775.50763,2784.24816,2771.12895,2784.24816,3069933481.0
2018-07-10,2788.01996,2795.468958,2786.3486,2793.7992,3080494125.0
2018-07-11,2779.733759,2785.92557,2770.686431,2773.950395,2986166867.0
2018-07-12,2783.060233,2799.141209,2781.353179,2798.047083,2834584060.0
2018-07-13,2796.876811,2804.460807,2791.605374,2801.531483,2619922984.0
2018-07-16,2797.048653,2801.326637,2793.541799,2798.846815,2819824044.0
2018-07-17,2789.501747,2813.886302,2789.014831,2809.39365,3065161414.0
2018-07-18,2811.497555,2816.301429,2806.102417,2815.775973,3111807076.0
2018-07-19,2808.950283,2811.952142,2800.367255,2804.611196,3278514709.0
2018-07-20,2804.746142,2809.914644,2799.992682,2801.832347,3242506549.0
2018-07-23,2799.744503,2809.084075,2794.764115,2806.551468,2928202258.0
2018-07-24,2820.728436,2830.211332,2810.742093,2820.0328,3430884805.0
2018-07-25,2817.634931,2847.611863,2817.634931,2845.847795,3583949819.0
2018-07-26,2835.449725,2845.503947,2835.24307,2836.833012,3667613624.0
2018-07-27,2842.524975,2843.242887,2808.586332,2819.216967,3434612622.0
2018-07-30,2818.512124,2821.790102,2797.960791,2802.70315,3260953318.0
2018-07-31,2809.77617,2824.612285,2808.293303,2816.281601,3906110485.0
2018-08-01,2821.059765,2825.570936,2805.805681,2812.743915,3501150804.0
2018-08-02,2800.99746,2829.92829,2796.135255,2826.704322,3502107592.0
2018-08-03,2829.570833,2840.49927,2827.25674,2840.349433,3043427245.0
2018-08-06,2840.763768,2853.525627,2835.640498,2850.961571,2878791332.0
2018-08-07,2855.604702,2863.19922,2855.604702,2858.250247,3185122226.0
2018-08-08,2856.957807,2862.341142,2853.062589,2857.946799,2978431771.0
2018-08-09,2857.2812,2861.706018,2852.163795,2853.443134,3066105518.0
2018-08-10,2838.653189,2842.023319,2825.65835,2833.29568,3265385605.0
2018-08-13,2835.510261,2843.25079,2819.583252,2822.272707,3174078584.0
2018-08-14,2828.222769,2842.820228,2826.51397,2839.861712,2986673066.0
2018-08-15,2827.858384,2827.996785,2802.798598,2818.17562,3656343845.0
2018-08-16,2830.960872,2850.474043,2830.960872,2841.092771,3231604538.0
2018-08-17,2838.315083,2854.984735,2833.483295,2850.142867,3037991810.0
2018-08-20,2853.672386,2859.82164,2850.664434,2857.361812,2757154629.0
2018-08-21,2861.412049,2872.963252,2861.412049,2862.763777,3173518326.0
2018-08-22,2860.966648,2867.679312,2856.519254,2862.222633,2700768336.0
2018-08-23,2859.802173,2868.412294,2854.130991,2857.058155,2724145941.0
2018-08-24,2861.88764,2876.168542,2861.88764,2874.814929,2602687361.0
2018-08-27,2884.829003,2898.167932,2884.829003,2896.77812,2864483785.0
2018-08-28,2901.298287,2903.858033,2893.166375,2897.373557,2687474478.0
2018-08-29,2899.876182,2916.536368,2898.12069,2914.039549,2805262150.0
2018-08-30,2909.168248,2912.385645,2894.906159,2901.001482,2810319966.0
2018-08-31,2898.44906,2905.873578,2891.34476,2901.798434,2887708780.0
2018-09-04,2896.753154,2899.751515,2885.359383,2896.661151,3087337614.0
2018-09-05,2891.209315,2894.040972,2877.003367,2888.167817,3248725559.0
2018-09-06,2888.881327,2892.047654,2867.312833,2877.566702,3144400122.0
2018-09-07,2868.360213,2883.634651,2863.377532,2871.184073,2976509360.0
2018-09-10,2882.076413,2887.110426,2876.531084,2877.307681,2751210086.0
2018-09-11,2871.690728,2892.439254,2866.523661,2887.557351,2904581505.0
2018-09-12,2888.402019,2894.370565,2879.790709,2889.006614,3341320960.0
2018-09-13,2896.801741,2906.679174,2895.970136,2904.219595,3274995766.0
2018-09-14,2906.617269,2908.365736,2895.534767,2904.961183,3179699684.0
2018-09-17,2904.011592,2904.74427,2885.524135,2888.926695,2967658947.0
2018-09-18,2891.101831,2911.71675,2890.534601,2904.356035,3091304443.0
2018-09-19,2906.44857,2912.165297,2903.500283,2907.161975,3302198532.0
2018-09-20,2919.602853,2934.778484,2919.416693,2930.655154,3406672016.0
2018-09-21,2936.619309,2941.035231,2926.708357,2929.794463,5651692679.0
2018-09-24,2922.061137,2923.783191,2912.856298,2919.848976,3391654238.0
2018-09-25,2922.187788,2923.803573,2913.90725,2916.051755,3330994551.0
2018-09-26,2916.846138,2930.695792,2903.806113,2905.573843,3417880957.0
2018-09-27,2911.526223,2927.070438,2909.070529,2913.89809,3101515888.0
2018-09-28,2910.121427,2920.216451,2907.563622,2913.523618,3461975668.0
2018-10-01,2926.218122,2936.552944,2917.533696,2925.034592,3376016197.0
2018-10-02,2924.07841,2931.186675,2919.272307,2923.726033,3432679211.0
2018-10-03,2931.02979,2939.552277,2921.208534,2925.612575,3625327385.0
2018-10-04,2919.108754,2919.950482,2884.053866,2901.658302,3510655394.0
2018-10-05,2902.31294,2909.814789,2869.581852,2885.968459,3341162394.0
2018-10-08,2876.86234,2889.18878,2862.363729,2884.77933,3381798655.0
2018-10-09,2882.23224,2894.754746,2874.027773,2880.673644,3531648705.0
2018-10-10,2873.636896,2873.636896,2785.138167,2785.807148,4554984768.0
2018-10-11,2776.814273,2795.001718,2710.49806,2728.274835,4914079965.0
2018-10-12,2770.848391,2775.880768,2729.351345,2767.342156,4024040456.0
2018-10-15,2763.762348,2776.218992,2748.835257,2751.014515,3327321110.0
2018-10-16,2766.764818,2813.259348,2766.754983,2809.866354,3460226156.0
2018-10-17,2811.653908,2817.236243,2782.294737,2809.111288,3346815425.0
2018-10-18,2802.293978,2805.61473,2755.264629,2769.093819,3639437553.0
2018-10-19,2775.389019,2797.420962,2760.318217,2768.24062,3593926072.0
2018-10-22,2773.687353,2779.137152,2749.147873,2755.673358,3331883703.0
2018-10-23,2721.182012,2754.050246,2692.08825,2740.617758,4374054845.0
2018-10-24,2737.809463,2742.725416,2652.235967,2656.193309,4738387821.0
2018-10-25,2675.053077,2722.688967,2667.64772,2705.701721,4664270029.0
2018-10-26,2667.856467,2691.788856,2628.088002,2658.55106,4804477909.0
2018-10-29,2682.838134,2706.302652,2603.48426,2641.747485,4701875595.0
2018-10-30,2640.406601,2685.464684,2635.37853,2682.743115,5125331186.0
2018-10-31,2705.596828,2736.591951,2705.410374,2711.884088,5133476855.0
2018-11-01,2717.522821,2741.366738,2708.968966,2740.852117,4730203126.0
2018-11-02,2745.116134,2756.568113,2700.832069,2722.937776,4261254919.0
2018-11-05,2725.943855,2744.301615,2717.582905,2738.285843,3650586822.0
2018-11-06,2738.587688,2757.080427,2736.771295,2755.104605,3544004092.0
2018-11-07,2774.032524,2815.188358,2773.995848,2813.841395,3929244222.0
2018-11-08,2806.092992,2815.095762,2794.867906,2806.412161,3674022133.0
2018-11-09,2794.073224,2794.102331,2764.792414,2781.217987,4029025961.0
2018-11-12,2774.242836,2775.957973,2722.272665,2726.334471,3701417555.0
2018-11-13,2729.427396,2754.893273,2715.236362,2722.104508,4113144623.0
2018-11-14,2737.490138,2746.531291,2685.678998,2701.552948,4448706654.0
2018-11-15,2693.271438,2736.149741,2670.673533,2730.407847,4205416232.0
2018-11-16,2718.937266,2746.853074,2711.766186,2735.959235,3997402809.0
2018-11-19,2730.817157,2733.263999,2681.299679,2690.784917,3807418639.0
2018-11-20,2654.80379,2669.580113,2631.649242,2642.074695,4370984615.0
2018-11-21,2657.436965,2671.231313,2649.457641,2649.457641,3237242502.0
2018-11-23,2633.065293,2647.759869,2631.034617,2632.740373,1651698034.0
2018-11-26,2650.08864,2673.920849,2649.9324,2673.002399,3523653918.0
2018-11-27,2663.765523,2682.906514,2655.935055,2682.138381,3494184265.0
2018-11-28,2691.597641,2743.906458,2684.619302,2743.470829,3985071186.0
2018-11-29,2736.918606,2753.779508,2722.539611,2738.191896,3599408784.0
2018-11-30,2737.836159,2760.526696,2732.961156,2759.850537,4667893483.0
2018-12-03,2790.544123,2800.327278,2773.374199,2789.909653,4222374870.0
2018-12-04,2782.64634,2785.748463,2696.894398,2700.096064,4515753978.0
2018-12-06,2663.724957,2696.17691,2620.983544,2695.838419,5179863208.0
2018-12-07,2690.82406,2708.46309,2623.104094,2632.683904,4241887786.0
2018-12-10,2630.268883,2648.019659,2583.603958,2637.858666,4163499346.0
2018-12-11,2664.70685,2674.880223,2621.739034,2636.254915,3964163322.0
2018-12-12,2658.545705,2685.452432,2650.354194,2650.795354,4029706752.0
2018-12-13,2658.428598,2670.207025,2637.787453,2650.387575,3978864866.0
2018-12-14,2629.190854,2634.971664,2593.82895,2600.158525,4064864478.0
2018-12-17,2590.775657,2601.417569,2530.781276,2546.26976,4661679602.0
2018-12-18,2560.138188,2573.905327,2528.595858,2546.440698,4519338700.0
2018-12-19,2547.507905,2585.181111,2488.831879,2506.921536,5153108182.0
2018-12-20,2496.898927,2509.875473,2441.014539,2466.821003,5620193624.0
2018-12-21,2465.288241,2504.2751,2408.05376,2416.714572,7657322092.0
2018-12-24,2400.345657,2410.330988,2351.402706,2351.445844,2613861310.0
2018-12-26,2363.122823,2468.004414,2346.429514,2468.004414,4250359874.0
2018-12-27,2442.426905,2489.275378,2397.747761,2488.945298,4138924582.0
2018-12-28,2498.516377,2520.75917,2472.598099,2485.444311,3728323207.0
2018-12-31,2499.451913,2509.420963,2482.76933,2506.718411,3462084977.0
2019-01-02,2477.40214,2519.858289,2467.905107,2510.515423,3732917472.0
2019-01-03,2492.203016,2492.928947,2444.471672,2447.543093,3858321862.0
2019-01-04,2474.102229,2538.130049,2473.919125,2531.649315,4234625960.0
2019-01-07,2535.826907,2565.917882,2524.470576,2549.930263,4132933616.0
2019-01-08,2568.274371,2579.761309,2547.29655,2574.298914,4120067601.0
2019-01-09,2580.114177,2595.520482,2569.143786,2584.654482,4088490536.0
2019-01-10,2573.831612,2597.84652,2562.093445,2597.036652,3721775119.0
2019-01-11,2588.274548,2596.379712,2577.235833,2596.379712,3447754129.0
2019-01-14,2580.501005,2588.979565,2570.428566,2582.511503,3689281182.0
2019-01-15,2585.264744,2612.719169,2584.97668,2610.000967,3600755098.0
2019-01-16,2614.839108,2625.889053,2613.101682,2616.63572,3882045316.0
2019-01-17,2608.814635,2645.605971,2606.502665,2635.953516,3802626795.0
2019-01-18,2651.29219,2675.834492,2647.757419,2671.083147,4009085624.0
2019-01-22,2657.732054,2657.732054,2616.572015,2633.135187,3923992810.0
2019-01-23,2643.141657,2653.56698,2612.842656,2638.562501,3358841105.0
2019-01-24,2639.283892,2647.447835,2627.557271,2642.194542,3449491726.0
2019-01-25,2657.899412,2671.96692,2657.682474,2665.145418,3820984006.0
2019-01-28,2645.32948,2645.32948,2623.575371,2644.236765,3630983392.0
2019-01-29,2644.957394,2651.220347,2630.967585,2639.504494,3517722795.0
2019-01-30,2653.978522,2690.588032,2648.021885,2681.197448,3884261729.0
2019-01-31,2685.493227,2708.595324,2679.108247,2704.06732,4953659382.0
2019-02-01,2702.374871,2716.82583,2696.945762,2706.250357,3782567009.0
2019-02-04,2706.194043,2724.94144,2698.542791,2724.94144,3369640868.0
2019-02-05,2728.448401,2738.91895,2724.039334,2737.330472,3597472213.0
2019-02-06,2735.066565,2738.39166,2723.439617,2731.48269,3486592728.0
2019-02-07,2717.17603,2719.32507,2686.968452,2705.833978,4114038221.0
2019-02-08,2692.346323,2707.934953,2681.839852,2707.744545,3649176421.0
2019-02-11,2712.378276,2718.291778,2704.018692,2709.78068,3395478916.0
2019-02-12,2723.099513,2748.457822,2722.081563,2744.451235,3842386201.0
2019-02-13,2750.545984,2762.211911,2748.525117,2753.46313,3685555857.0
2019-02-14,2743.50314,2758.141037,2731.505749,2745.865423,3845694928.0
2019-02-15,2760.308662,2776.098197,2759.839354,2776.098197,3648913195.0
2019-02-19,2769.292273,2787.534364,2767.353461,2779.715511,3534656050.0
2019-02-20,2778.993658,2789.953962,2774.07836,2784.54713,3904520531.0
2019-02-21,2779.939049,2781.604976,2765.023998,2775.367822,3598759922.0
2019-02-22,2780.627919,2794.133656,2779.04615,2792.508489,3430773606.0
2019-02-25,2804.140866,2813.148892,2794.942028,2796.060255,3860721182.0
2019-02-26,2792.010974,2802.852332,2789.708459,2794.101076,3676581201.0
2019-02-27,2787.642503,2795.681165,2774.761804,2792.034263,3771988009.0
2019-02-28,2788.219196,2793.797436,2782.448549,2784.68805,4445403221.0
2019-03-01,2797.720011,2808.424603,2787.252855,2803.853494,3995347567.0
2019-03-04,2814.335589,2816.868109,2767.621466,2793.164557,3949295053.0
2019-03-05,2794.688152,2796.720558,2783.20608,2789.898194,3630940391.0
2019-03-06,2790.565572,2790.571178,2768.843372,2771.810234,3799696036.0
2019-03-07,2766.81383,2767.185953,2738.885017,2748.899577,3932533669.0
2019-03-08,2730.800665,2744.293074,2722.307233,2742.833432,3424280340.0
2019-03-11,2747.377922,2783.932202,2747.377922,2783.887321,3764887972.0
2019-03-12,2787.038024,2798.690044,2786.498301,2791.093839,3432334713.0
2019-03-13,2799.876511,2821.419377,2799.820673,2810.51894,3781824226.0
2019-03-14,2810.486475,2814.664879,2803.405809,2808.638696,3505434864.0
2019-03-15,2811.151881,2830.775704,2810.77233,2822.93863,5969409619.0
2019-03-18,2822.920589,2835.877219,2821.52982,2832.99364,3620261184.0
2019-03-19,2840.722447,2852.368227,2823.668316,2832.853128,3650555926.0
2019-03-20,2830.987811,2843.667349,2812.212151,2823.66632,3778751357.0
2019-03-21,2819.629992,2860.466197,2817.668966,2854.737269,3612828692.0
2019-03-22,2844.581811,2845.864873,2800.185123,2800.185123,4254011159.0
2019-03-25,2795.953507,2809.933537,2784.845815,2798.578495,3405669372.0
2019-03-26,2812.49737,2829.47568,2804.330149,2818.02388,3288472451.0
2019-03-27,2819.791277,2825.383285,2787.997038,2805.011642,3423035218.0
2019-03-28,2809.25832,2820.013284,2798.82842,2815.584662,3185147582.0
2019-03-29,2828.092385,2836.131206,2819.444566,2834.700866,3752680097.0
2019-04-01,2848.718604,2869.312535,2848.547685,2867.144362,3560127567.0
2019-04-02,2868.124689,2873.028166,2858.747608,2867.403472,3267567069.0
2019-04-03,2876.160295,2885.232662,2864.980355,2873.55443,3570105482.0
2019-04-04,2874.068509,2881.283654,2867.399101,2879.327863,3038608941.0
2019-04-05,2883.831283,2893.430024,2882.79008,2892.42332,3155991071.0
2019-04-08,2888.320956,2895.933599,2881.20787,2895.933599,3056484870.0
2019-04-09,2886.995104,2886.995104,2873.239329,2878.376412,3032452194.0
2019-04-10,2881.035279,2889.619724,2879.135787,2888.468174,3091822100.0
2019-04-11,2891.307802,2892.96114,2882.208655,2888.410203,2971019278.0
2019-04-12,2900.320012,2910.272137,2898.377034,2907.070181,3726447358.0
2019-04-15,2908.328534,2910.056383,2896.393692,2905.780662,3114204784.0
2019-04-16,2912.269014,2916.172246,2900.701252,2907.059657,3403017659.0
2019-04-17,2916.005743,2917.613777,2895.708752,2900.309936,3648017886.0
2019-04-18,2905.162758,2907.951906,2891.708212,2904.944437,3506694397.0
2019-04-22,2898.005233,2909.477376,2896.313535,2907.769246,3009568070.0
2019-04-23,2910.105207,2936.768471,2908.533021,2933.94069,3674233592.0
2019-04-24,2934.458126,2936.77523,2926.303031,2926.834882,3468356383.0
2019-04-25,2928.659664,2933.483454,2912.811005,2925.879211,3439514214.0
2019-04-26,2925.698934,2939.983346,2918.087641,2939.783228,3264447772.0
2019-04-29,2940.358684,2949.659016,2939.304085,2943.504961,3150756345.0
2019-04-30,2936.877211,2947.826171,2924.040606,2946.140651,3940091774.0
2019-05-01,2952.233755,2954.406839,2923.250243,2923.250243,3669283515.0
2019-05-02,2922.577046,2931.58174,2900.118108,2917.914278,3801590222.0
2019-05-03,2929.74817,2948.104524,2928.906282,2946.037383,3357420274.0
2019-05-06,2908.792172,2937.080921,2898.056163,2932.125696,3203306893.0
2019-05-07,2913.584979,2913.584979,2862.92524,2883.322848,3793220959.0
2019-05-08,2879.620352,2898.06197,2873.270511,2879.399126,3543795983.0
2019-05-09,2860.341615,2875.925671,2836.262438,2871.042187,3658748197.0
2019-05-10,2863.073385,2891.427025,2825.736436,2881.858409,3565754616.0
2019-05-13,2840.227164,2840.227164,2801.864483,2811.625252,3899859124.0
2019-05-14,2820.223185,2852.354892,2820.223185,2834.906495,3355023061.0
2019-05-15,2821.27644,2859.138888,2814.839926,2850.324786,3140908457.0
2019-05-16,2856.043159,2892.453275,2855.658616,2876.214205,3338064164.0
2019-05-17,2858.397919,2885.260434,2854.747662,2859.410727,3315569216.0
2019-05-20,2842.215325,2854.022333,2831.358313,2840.557271,3293633201.0
2019-05-21,2853.916752,2868.666817,2853.916752,2864.731988,3222648377.0
2019-05-22,2855.920183,2865.130503,2851.314916,2856.542572,3194166290.0
2019-05-23,2836.957694,2836.993212,2805.772587,2821.858833,3899159571.0
2019-05-24,2832.418717,2840.875911,2820.028782,2826.30384,2889048811.0
2019-05-28,2830.108867,2840.773284,2801.641556,2802.532546,4146665544.0
2019-05-29,2790.253902,2791.959468,2766.316351,2782.554912,3701207385.0
2019-05-30,2787.033745,2798.940788,2776.417809,2788.283646,3276043959.0
2019-05-31,2766.267454,2769.09344,2750.523415,2752.345719,3982750433.0
2019-06-03,2750.997067,2763.230658,2728.505963,2744.400524,3952431194.0
2019-06-04,2762.824043,2804.258243,2762.368165,2802.909748,3814102464.0
2019-06-05,2817.813346,2827.48295,2800.762202,2826.09107,3570391094.0
2019-06-06,2828.102054,2852.132432,2822.584616,2843.593505,3444888374.0
2019-06-07,2852.853453,2884.607603,2852.778248,2873.316282,3244251952.0
2019-06-10,2885.854314,2904.720675,2885.322908,2886.281964,3210552905.0
2019-06-11,2903.068676,2911.012144,2878.544869,2886.26409,3550521028.0
2019-06-12,2882.969545,2889.054365,2874.350217,2880.129287,3039742637.0
2019-06-13,2885.852606,2895.44768,2882.113571,2891.542913,3100670469.0
2019-06-14,2886.702591,2894.105412,2879.945914,2886.894787,2992719218.0
2019-06-17,2889.580986,2897.412162,2887.27718,2889.773802,2828703762.0
2019-06-18,2906.696419,2931.039409,2905.381063,2917.420405,3441433829.0
2019-06-19,2920.631493,2931.952749,2911.538656,2926.554391,3300142596.0
2019-06-20,2949.30281,2958.292253,2930.905354,2953.786809,3943381213.0
2019-06-21,2952.923821,2964.257579,2947.02831,2950.43915,5004445997.0
2019-06-24,2951.438517,2954.898525,2944.96326,2945.005912,3137401527.0
2019-06-25,2945.222704,2946.340763,2915.974237,2917.053695,3579381086.0
2019-06-26,2925.496971,2932.033501,2912.955289,2914.259557,3511332614.0
2019-06-27,2919.656315,2929.39954,2918.787095,2924.937245,3162514775.0
2019-06-28,2932.875133,2944.034754,2929.531975,2941.821024,5422729713.0
2019-07-01,2971.379182,2978.095974,2952.507803,2963.733839,3524561322.0
2019-07-02,2964.651616,2972.832521,2955.282742,2972.832521,3224792004.0
2019-07-03,2978.147252,2996.033325,2978.127739,2995.958239,1963610569.0
2019-07-05,2984.532802,2994.645166,2968.733312,2990.467967,2434669079.0
2019-07-08,2979.438936,2980.783394,2970.274958,2975.308923,2921988526.0
2019-07-09,2965.172469,2981.881514,2963.097782,2979.691602,3033348893.0
2019-07-10,2988.973222,3003.072773,2984.704233,2993.179782,3157202161.0
2019-07-11,2999.706781,3002.940253,2988.417277,3000.295029,3155526448.0
2019-07-12,3003.73401,3013.611403,3002.240189,3013.572548,2983971964.0
2019-07-15,3017.669879,3017.861373,3008.482416,3013.624222,2876182543.0
2019-07-16,3011.376338,3014.778921,3001.172184,3003.740605,3297649792.0
2019-07-17,3004.588031,3005.095621,2983.994017,2984.092512,3185832190.0
2019-07-18,2978.621966,2998.265161,2972.927624,2995.33076,3370308085.0
2019-07-19,3004.092454,3006.425028,2975.801441,2975.801441,3286102010.0
2019-07-22,2981.808153,2991.248585,2976.680698,2984.896194,3016539339.0
2019-07-23,2994.751544,3006.034609,2988.392938,3005.898489,3334429131.0
2019-07-24,2998.676534,3019.562236,2996.476864,3019.562236,3432968744.0
2019-07-25,3016.576518,3017.061946,2996.678996,3003.939146,3656758495.0
2019-07-26,3013.046299,3027.850518,3012.213128,3025.363322,3260388044.0
2019-07-29,3024.209165,3025.437304,3014.333797,3020.486014,3224488814.0
2019-07-30,3007.803942,3016.654407,3001.234104,3013.612999,3632850049.0
2019-07-31,3015.756787,3017.821159,2957.914322,2980.410049,4626214958.0
2019-08-01,2980.436209,3013.881877,2945.692542,2953.590561,4793524165.0
2019-08-02,2943.930093,2946.212165,2913.90102,2931.722201,3883439312.0
2019-08-05,2898.027338,2898.027338,2822.052947,2844.76866,4542350350.0
2019-08-06,2861.634366,2884.820497,2847.112521,2881.439787,4156925309.0
2019-08-07,2858.472035,2892.190206,2825.989921,2884.322272,4512956570.0
2019-08-08,2896.806667,2938.956861,2895.077089,2938.891549,4117879679.0
2019-08-09,2930.443947,2935.266254,2899.638949,2918.791148,3356571120.0
2019-08-12,2906.698831,2908.006935,2873.040435,2882.516915,3328349419.0
2019-08-13,2880.740113,2943.541555,2877.413932,2925.578639,3857407771.0
2019-08-14,2893.838421,2894.138641,2839.229012,2840.121609,4324991252.0
2019-08-15,2845.985986,2856.854209,2825.670127,2848.04286,4041685407.0
2019-08-16,2864.85373,2893.408377,2864.85373,2888.382631,3523566313.0
2019-08-19,2913.641848,2930.830166,2913.502772,2923.541483,3221799188.0
2019-08-20,2918.828398,2923.494389,2899.759652,2900.700088,3067731841.0
2019-08-21,2922.328563,2928.187367,2918.423728,2924.863417,3016690526.0
2019-08-22,2931.2792,2939.333356,2905.075932,2922.891613,2893503561.0
2019-08-23,2911.488186,2927.35879,2834.952403,2846.994894,3942262700.0
2019-08-26,2866.851718,2879.068084,2855.847953,2878.400498,2860336988.0
2019-08-27,2893.534352,2898.890976,2860.326919,2868.979833,3536811962.0
2019-08-28,2860.74188,2889.953287,2853.328782,2887.774226,3102566450.0
2019-08-29,2910.277595,2930.596201,2905.271329,2924.700536,3176765087.0
2019-08-30,2936.835441,2940.245397,2913.246485,2926.514186,3009788098.0
2019-09-03,2909.044693,2914.132428,2891.879794,2906.889522,3427611272.0
2019-09-04,2924.502792,2939.149276,2921.713137,2937.908953,3167587652.0
2019-09-05,2960.550905,2985.841037,2960.550905,2976.342581,3902613831.0
2019-09-06,2980.891028,2985.633635,2973.272314,2978.390856,3208515832.0
2019-09-09,2988.379212,2989.443776,2969.353785,2978.586346,4030992823.0
2019-09-10,2971.132948,2979.174488,2956.88126,2979.174488,4393000335.0
2019-09-11,2981.340663,3001.298128,2975.612151,3001.048604,3933835210.0
2019-09-12,3009.102861,3020.930539,3000.991819,3009.777282,3797564568.0
2019-09-13,3012.211773,3017.5494,3003.33212,3007.40489,3556798551.0
2019-09-16,2996.544248,3002.547382,2990.719175,2998.681668,4285758218.0
2019-09-17,2996.01901,3006.129159,2993.655609,3006.129159,3673032463.0
2019-09-18,3001.994465,3007.791802,2978.038773,3007.083946,3458771788.0
2019-09-19,3010.453314,3021.938178,3002.67348,3007.019844,3266087195.0
2019-09-20,3008.597282,3015.98078,2984.132034,2992.597678,6104949390.0
2019-09-23,2983.15664,2999.070848,2982.343108,2991.35012,3187487654.0
2019-09-24,3002.403547,3008.381961,2957.327064,2967.006606,3873221358.0
2019-09-25,2968.629208,2989.891028,2953.230862,2984.574244,3331771776.0
2019-09-26,2985.988535,2986.877923,2963.718925,2977.452078,3084986774.0
2019-09-27,2985.533146,2986.845281,2945.458103,2961.956312,3246989779.0
2019-09-30,2967.333068,2984.346842,2966.819691,2977.107088,3249387461.0
2019-10-01,2983.836371,2992.503001,2938.882814,2939.91082,3560801270.0
2019-10-02,2925.131092,2925.131092,2874.698644,2887.462104,3914317130.0
2019-10-03,2885.463374,2911.05012,2855.658523,2910.658271,3514489748.0
2019-10-04,2918.456246,2953.303632,2918.456246,2951.954994,3005687799.0
2019-10-07,2944.32886,2960.171201,2935.784037,2939.041021,2958593197.0
2019-10-08,2919.544052,2925.354984,2892.591955,2894.054093,3370152171.0
2019-10-09,2911.21156,2929.720624,2907.596403,2919.522319,2735402759.0
2019-10-10,2917.485241,2948.47519,2917.122723,2937.913873,3234039662.0
2019-10-11,2962.559394,2993.707928,2962.559394,2969.884922,3581317452.0
2019-10-14,2965.944045,2972.916399,2962.697914,2966.053427,2559305429.0
2019-10-15,2973.752106,3003.536279,2973.752106,2995.398263,3345151232.0
2019-10-16,2989.332403,2997.75559,2985.026923,2989.829724,3230027940.0
2019-10-17,3000.556334,3008.477543,2992.255566,2998.085465,3103748903.0
2019-10-18,2997.250817,3000.10438,2976.253845,2986.06164,3268940829.0
2019-10-21,2996.334942,3007.316791,2995.591851,3007.316791,3272104318.0
2019-10-22,3011.405263,3015.14749,2995.259942,2995.769651,3527117951.0
2019-10-23,2994.009435,3004.507515,2991.553008,3004.484136,3413539126.0
2019-10-24,3014.903043,3016.071368,3000.167699,3010.482446,3696915616.0
2019-10-25,3003.805667,3027.394399,3002.262841,3022.819677,3379387829.0
2019-10-28,3032.159846,3044.202584,3032.159846,3039.808231,3524688957.0
2019-10-29,3035.085642,3047.73922,3034.73155,3037.020022,3594233903.0
2019-10-30,3039.706636,3050.196098,3025.970463,3047.090208,3779286310.0
2019-10-31,3046.889052,3046.889052,3023.031694,3037.358028,4149037634.0
2019-11-01,3050.303626,3067.19148,3050.303626,3067.19148,3955736488.0
2019-11-04,3078.881191,3085.202898,3075.396357,3078.54852,4177982270.0
2019-11-05,3080.571394,3083.610542,3071.841386,3075.085272,4490874316.0
2019-11-06,3075.384347,3077.806185,3065.601049,3076.266688,4465159434.0
2019-11-07,3087.030704,3097.81242,3080.726175,3084.900049,4151952380.0
2019-11-08,3081.162864,3093.334682,3073.772038,3093.334682,3508082646.0
2019-11-11,3080.297371,3088.49274,3076.472256,3086.191531,3041440874.0
2019-11-12,3089.348958,3102.786078,3084.591032,3091.992208,3495346214.0
2019-11-13,3084.370168,3097.461331,3078.838928,3094.367947,3513517885.0
2019-11-14,3090.441014,3097.778281,3083.056306,3096.451401,3281812328.0
2019-11-15,3107.596205,3121.07579,3104.644587,3120.325722,3359417820.0
2019-11-18,3118.254341,3123.842756,3111.507949,3121.69468,3440322047.0
2019-11-19,3127.320995,3127.830942,3113.683229,3120.0172,3613621175.0
2019-11-20,3114.218614,3118.755717,3091.509911,3108.306848,4041032149.0
2019-11-21,3108.627949,3110.134887,3094.532238,3103.328117,3744487227.0
2019-11-22,3111.554085,3112.672993,3099.139026,3110.0606,3235700964.0
2019-11-25,3116.96275,3134.006056,3116.96275,3133.554969,3513731462.0
2019-11-26,3134.922037,3142.732925,3131.227847,3140.43111,4600748033.0
2019-11-27,3145.721367,3154.220915,3143.041791,3154.220915,3035538494.0
2019-11-29,3147.297758,3149.969213,3139.500789,3140.856168,1743339525.0
2019-12-02,3144.048783,3144.394255,3111.425345,3113.977281,3285857669.0
2019-12-03,3086.976357,3094.594638,3070.786182,3093.02151,3670946145.0
2019-12-04,3103.602738,3119.51323,3102.063059,3112.576483,3703521614.0
2019-12-05,3119.115567,3120.26927,3103.593419,3116.898606,3360653046.0
2019-12-06,3134.468781,3151.025482,3134.468781,3145.415574,3483008625.0
2019-12-09,3142.133624,3149.096316,3135.437924,3135.581451,3400270933.0
2019-12-10,3135.823913,3142.093218,3125.652621,3132.577563,3345740074.0
2019-12-11,3136.31267,3143.370441,3133.330689,3141.967977,3257547724.0
2019-12-12,3141.642992,3175.860034,3138.466827,3168.003951,4003006753.0
2019-12-13,3166.615153,3183.088204,3157.114268,3168.626057,3757152070.0
2019-12-16,3183.742176,3197.45742,3183.549264,3191.013715,4070516133.0
2019-12-17,3195.644933,3197.996335,3191.402743,3192.435649,3843430665.0
2019-12-18,3195.24868,3198.426997,3190.735547,3191.483186,4029938974.0
2019-12-19,3192.361812,3205.226875,3191.991895,3205.226875,3784244332.0
2019-12-20,3223.595601,3225.25419,3216.262118,3221.204664,6457760890.0
2019-12-23,3226.030924,3227.763737,3222.649259,3224.479177,3064523982.0
2019-12-24,3225.214723,3226.142286,3220.20168,3223.527482,1296389692.0
2019-12-26,3227.066192,3239.839982,3227.066192,3239.663649,2164398725.0
2019-12-27,3247.435826,3247.676206,3233.923263,3240.071508,2429077991.0
2019-12-30,3240.091058,3241.089215,3216.511778,3221.023462,3021794995.0
2019-12-31,3215.289315,3231.644954,3212.298851,3230.915878,2894762703.0
2020-01-02,3244.88734,3258.081711,3235.389297,3258.017988,3460002786.0
2020-01-03,3226.23917,3246.34368,3222.25984,3234.407842,3484168643.0
2020-01-06,3217.793375,3246.79397,3214.276704,3246.336888,3702706294.0
2020-01-07,3241.982923,3244.819621,3232.220354,3237.141871,3435911174.0
2020-01-08,3238.190183,3267.223768,3237.238964,3253.227235,3727791354.0
2020-01-09,3266.50109,3275.798952,3263.693722,3274.972192,3641088853.0
2020-01-10,3281.645724,3282.941706,3260.533269,3265.506002,3214683978.0
2020-01-13,3270.58848,3288.156388,3268.327051,3288.030189,3460368737.0
2020-01-14,3285.006764,3293.992459,3276.666434,3283.456329,3687691574.0
2020-01-15,3281.934885,3298.376002,3280.357227,3289.002863,3721464831.0
2020-01-16,3302.987203,3317.365242,3302.987203,3316.372067,3540230572.0
2020-01-17,3323.568894,3330.028043,3318.812819,3328.556208,3726789466.0
2020-01-21,3320.918166,3329.941644,3317.237189,3320.766747,4104364207.0
2020-01-22,3330.226382,3337.863762,3320.008383,3321.477103,3623934779.0
2020-01-23,3315.882714,3326.895254,3301.858237,3325.672314,3766531625.0
2020-01-24,3333.20544,3333.412058,3281.740341,3294.820359,3708709779.0
2020-01-27,3247.29299,3259.154836,3233.635552,3243.419962,3830504484.0
2020-01-28,3255.550671,3286.079439,3253.286642,3276.394062,3532044335.0
2020-01-29,3288.766558,3293.43678,3271.873865,3273.062796,3600149986.0
2020-01-30,3256.331274,3286.365665,3243.281942,3283.794298,3789889438.0
2020-01-31,3281.614461,3282.405066,3214.990045,3225.340351,4530267431.0
2020-02-03,3235.67158,3268.64663,3235.293088,3248.909263,3760270421.0
2020-02-04,3280.608588,3307.013206,3280.608588,3297.786347,3997033739.0
2020-02-05,3325.257542,3337.662519,3313.663076,3335.00767,4121826788.0
2020-02-06,3345.317176,3347.713634,3334.088313,3345.810975,3887434269.0
2020-02-07,3335.607675,3341.654273,3322.185597,3327.439082,3733099794.0
2020-02-10,3318.113995,3353.213826,3317.702745,3351.936549,3462970783.0
2020-02-11,3366.033416,3375.503366,3353.235775,3357.963874,3762902140.0
2020-02-12,3370.322065,3381.493977,3369.834751,3379.104824,3930780662.0
2020-02-13,3365.899434,3384.939043,3360.589132,3373.879863,3500851814.0
2020-02-14,3378.413203,3380.524957,3366.453074,3380.029477,3419149417.0
2020-02-18,3368.852124,3375.531263,3355.976833,3370.255203,3750472072.0
2020-02-19,3380.662243,3393.291645,3379.094845,3385.808144,3613706882.0
2020-02-20,3380.678943,3388.989229,3341.494265,3372.605277,4019065116.0
2020-02-21,3360.179142,3360.226492,3328.652548,3337.923811,3908841080.0
2020-02-24,3257.927364,3259.563092,3214.703796,3226.200911,4851681033.0
2020-02-25,3239.166203,3246.435274,3119.156489,3127.649331,5596301282.0
2020-02-26,3139.931906,3182.711082,3108.961731,3116.504864,5485446145.0
2020-02-27,3062.306574,3097.937154,2977.399791,2979.082664,7065378924.0
2020-02-28,2916.649281,2959.611444,2856.331743,2954.396016,8569202014.0
2020-03-02,2974.120113,3090.444773,2945.667629,3090.10122,6380622471.0
2020-03-03,3096.627973,3137.002275,2976.627449,3003.08675,6375589349.0
2020-03-04,3045.45894,3130.742373,3034.242258,3130.145464,5073157861.0
2020-03-05,3075.834517,3083.440633,3000.269005,3024.01487,5578878648.0
2020-03-06,2953.833112,2985.84572,2901.772284,2972.398595,6556026207.0
2020-03-09,2863.83145,2863.83145,2734.516225,2746.510584,8440716394.0
2020-03-10,2813.51083,2882.53879,2733.912,2881.917935,7641351704.0
2020-03-11,2826.290994,2826.290994,2707.309768,2741.495758,7431373612.0
2020-03-12,2630.497755,2660.889436,2478.854726,2480.756695,8850202793.0
2020-03-13,2570.368297,2711.1954,2492.20454,2711.074463,8299077096.0
2020-03-16,2508.627677,2562.92902,2380.970666,2386.156367,7806219609.0
2020-03-17,2425.759648,2553.605109,2367.102866,2529.614655,8370348124.0
2020-03-18,2436.528835,2453.667483,2280.43441,2397.950365,8799406440.0
2020-03-19,2393.586425,2466.529191,2319.989697,2409.69864,7956263217.0
2020-03-20,2431.902566,2452.901066,2295.855918,2304.750735,9052417077.0
2020-03-23,2291.043042,2300.904695,2192.072695,2237.648019,7411670406.0
2020-03-24,2344.332924,2449.784199,2344.332924,2447.631924,7563270959.0
2020-03-25,2458.048297,2571.571718,2407.711996,2475.487512,8300751106.0
2020-03-26,2501.128864,2636.992857,2500.739467,2630.506913,7767460533.0
2020-03-27,2555.854718,2616.215907,2519.708609,2541.589175,6201544758.0
2020-03-30,2558.705667,2632.043411,2545.451258,2626.419474,5751713742.0
2020-03-31,2614.808916,2641.507736,2571.187475,2584.493384,6576017560.0
2020-04-01,2498.441082,2522.983997,2448.124759,2470.779849,5964147404.0
2020-04-02,2458.521021,2533.410069,2456.147914,2527.133152,6463988867.0
2020-04-03,2514.870407,2538.068388,2460.134901,2488.386593,6097251532.0
2020-04-06,2577.99265,2676.490356,2574.634219,2663.642838,6403598902.0
2020-04-07,2738.587107,2757.005782,2657.713434,2659.464037,7051571591.0
2020-04-08,2684.572335,2760.900762,2663.032736,2749.84039,5876895344.0
2020-04-09,2776.736485,2818.877426,2761.879737,2790.477852,7900240372.0
2020-04-13,2782.523063,2782.523063,2720.932484,2761.694412,5320349897.0
2020-04-14,2805.470094,2851.591597,2805.086713,2846.042466,5614865619.0
2020-04-15,2796.425247,2802.008741,2760.958586,2783.691564,5207259746.0
2020-04-16,2799.175883,2806.490037,2764.1696,2799.447805,5228641862.0
2020-04-17,2842.837906,2878.677018,2830.809787,2874.84965,5804833934.0
2020-04-20,2845.68948,2869.087598,2820.369172,2822.689085,5228526365.0
2020-04-21,2784.767939,2785.024039,2726.919639,2736.435913,5120169061.0
2020-04-22,2788.010495,2814.833998,2775.855149,2799.603726,5085505575.0
2020-04-23,2810.437323,2845.284442,2794.741711,2798.239359,5774773733.0
2020-04-24,2812.670943,2843.228721,2791.944865,2836.520626,5383499531.0
2020-04-27,2854.533338,2887.368923,2852.730045,2878.223847,5204494899.0
2020-04-28,2909.553117,2921.053682,2860.690409,2863.552375,5691288688.0
2020-04-29,2918.00946,2954.872702,2912.151667,2939.326868,6645079774.0
2020-04-30,2931.101372,2931.431974,2892.247842,2912.35171,6545027469.0
2020-05-01,2869.0107,2869.0107,2821.393089,2830.958046,4760812220.0
2020-05-04,2814.84221,2844.104353,2798.132827,2842.585316,4735763301.0
2020-05-05,2868.882323,2898.678837,2863.429841,2867.876171,5140056139.0
2020-05-06,2883.369083,2891.001752,2847.338171,2848.049318,4893111756.0
2020-05-07,2878.311923,2902.129499,2876.467571,2881.19281,5179397827.0
2020-05-08,2908.639243,2931.72679,2902.91414,2929.254103,4875616561.0
2020-05-11,2915.817482,2944.199585,2902.867179,2930.102868,4819603971.0
2020-05-12,2939.964202,2945.331181,2869.578395,2869.720569,5119373043.0
2020-05-13,2866.00184,2873.836546,2793.392342,2820.462463,6151692870.0
2020-05-14,2794.812133,2853.117607,2766.764731,2853.117607,5651753708.0
2020-05-15,2830.30142,2864.995712,2817.408114,2863.396915,5507257166.0
2020-05-18,2914.189403,2967.995374,2914.189403,2953.985756,6374364516.0
2020-05-19,2948.771161,2963.988016,2922.659221,2922.659221,4984380666.0
2020-05-20,2953.806612,2980.224277,2953.806612,2971.518191,5006544348.0
2020-05-21,2970.104288,2978.589687,2938.792858,2949.041765,4976778670.0
2020-05-22,2947.726548,2957.050634,2933.637926,2955.312024,3970821515.0
2020-05-26,3004.290581,3020.926725,2988.460892,2991.684444,5848836122.0
2020-05-27,3015.241036,3035.997457,2969.583921,3035.843719,6397784294.0
2020-05-28,3046.368024,3068.718743,3023.43246,3030.077245,5446042111.0
2020-05-29,3025.564272,3049.139777,2998.415879,3043.316619,7297374478.0
2020-06-01,3039.035354,3062.303453,3031.66069,3055.594674,4684049948.0
2020-06-02,3065.235884,3081.152499,3051.440953,3080.805932,5196322449.0
2020-06-03,3098.815713,3130.844489,3098.68703,3122.663671,6005516138.0
2020-06-04,3111.201529,3128.745064,3090.537692,3112.618863,6449956447.0
2020-06-05,3163.764017,3211.641122,3163.764017,3194.313851,8638999623.0
2020-06-08,3199.952571,3233.501286,3195.383964,3231.933466,8498507015.0
2020-06-09,3213.34545,3222.474056,3192.645332,3207.85135,6410992184.0
2020-06-10,3213.784221,3223.249775,3181.124989,3189.685853,6598598741.0
2020-06-11,3123.417185,3123.587297,2999.225144,3002.486957,7037259810.0
2020-06-12,3071.14815,3088.901824,2984.593654,3041.355626,5844871688.0
2020-06-15,2993.464039,3079.667522,2965.724842,3066.435623,5757486228.0
2020-06-16,3131.140994,3153.752306,3076.387745,3124.612074,5845843956.0
2020-06-17,3136.130858,3141.546897,3108.264002,3113.479556,4560039445.0
2020-06-18,3101.407327,3119.980109,3093.841604,3115.405017,4448809091.0
2020-06-19,3140.215982,3155.463536,3083.297683,3097.45495,8346868225.0
2020-06-22,3094.36293,3120.817227,3079.454461,3117.787168,4686612103.0
2020-06-23,3138.615158,3154.819193,3127.463898,3131.048719,4712990761.0
2020-06-24,3114.951569,3115.276106,3032.408661,3049.959448,5597601239.0
2020-06-25,3046.570105,3086.321295,3024.123741,3083.50797,4847554636.0
2020-06-26,3073.124997,3073.802302,3005.011793,3008.704016,8107507530.0
2020-06-29,3017.956953,3053.546262,2999.036315,3053.111707,4473535605.0
2020-06-30,3049.9272,3111.208974,3047.74155,3100.424119,4706172773.0
2020-07-01,3105.838213,3129.110506,3101.075091,3115.897719,4448924673.0
2020-07-02,3143.424285,3165.753762,3124.880178,3130.627982,4197481591.0
2020-07-06,3155.726008,3182.34351,3155.726008,3179.017109,4758903842.0
2020-07-07,3166.387715,3184.605586,3142.47415,3145.467691,4570879750.0
2020-07-08,3153.476324,3171.889433,3136.972646,3169.941977,4936445436.0
2020-07-09,3176.18952,3179.96387,3115.334964,3152.307152,4843425768.0
2020-07-10,3152.481707,3186.776075,3135.86206,3185.268236,4524585113.0
2020-07-13,3205.051618,3235.216967,3149.356145,3155.167912,4902536568.0
2020-07-14,3141.1113,3200.895667,3127.560388,3197.575225,4507843373.0
2020-07-15,3226.53446,3237.83226,3200.261198,3226.31998,4687181960.0
2020-07-16,3207.615893,3220.361577,3198.797957,3215.767401,3973068164.0
2020-07-17,3223.564621,3233.615742,3205.867695,3224.124094,4013605479.0
2020-07-20,3224.114905,3259.213101,3215.498803,3252.092699,3979301342.0
2020-07-21,3268.524768,3277.318223,3247.629243,3257.292501,4556638741.0
2020-07-22,3255.084727,3278.554617,3253.087221,3275.860457,4267155108.0
2020-07-23,3271.79467,3279.959163,3222.650106,3235.584672,4297423328.0
2020-07-24,3218.456406,3228.144119,3200.590216,3215.578691,3689410928.0
2020-07-27,3220.168204,3241.710758,3213.339003,3239.830162,3970052614.0
2020-07-28,3234.603213,3243.456941,3215.862152,3219.480622,4053418195.0
2020-07-29,3227.27937,3264.932971,3227.221759,3258.837429,4477834463.0
2020-07-30,3232.071118,3250.678699,3203.782052,3246.036454,4265147521.0
2020-07-31,3270.539118,3271.726933,3220.176824,3271.326126,5007737232.0
2020-08-03,3288.07538,3302.614923,3284.488619,3294.831943,4438855925.0
2020-08-04,3290.149498,3306.870354,3286.153977,3306.204104,4414629771.0
2020-08-05,3317.406812,3330.146448,3317.391504,3327.350455,4534385278.0
2020-08-06,3323.170367,3350.644943,3318.348321,3349.138718,4278999730.0
2020-08-07,3340.542023,3352.543504,3328.641324,3351.550715,4109839802.0
2020-08-10,3355.217517,3363.152759,3335.288781,3359.928327,4329158765.0
2020-08-11,3369.86228,3381.143496,3326.384801,3333.449616,4880616051.0
2020-08-12,3355.061644,3387.478376,3355.061644,3380.543674,3772025026.0
2020-08-13,3372.827425,3387.481878,3362.764767,3373.444007,3438256039.0
2020-08-14,3368.574143,3378.110076,3361.79505,3373.327786,3200477738.0
2020-08-17,3380.350502,3388.146579,3379.067567,3381.512667,3460208877.0
2020-08-18,3386.706362,3394.477548,3370.575059,3390.577361,3669259609.0
2020-08-19,3392.217968,3399.168621,3369.859077,3374.331048,3679603741.0
2020-08-20,3361.305793,3390.941571,3355.082462,3384.823034,3431262921.0
2020-08-21,3386.620081,3400.525794,3378.968409,3397.139898,3505232201.0
2020-08-24,3417.949348,3432.198213,3413.003124,3430.890765,3743417393.0
2020-08-25,3435.825026,3444.403821,3425.414441,3443.606771,3627707749.0
2020-08-26,3449.573499,3481.076173,3443.907024,3478.704333,3780617722.0
2020-08-27,3484.474882,3501.020502,3468.784372,3484.48183,3956023075.0
2020-08-28,3494.649095,3509.05798,3484.838358,3507.714491,3868674367.0
2020-08-31,3509.379761,3514.344061,3492.848928,3500.461502,4348755899.0
2020-09-01,3507.410181,3527.578897,3494.439948,3526.537989,4101513138.0
2020-09-02,3543.192935,3588.254259,3535.203044,3581.235293,4295289131.0
2020-09-03,3564.468366,3564.468366,3427.610623,3454.997739,4911759126.0
2020-09-04,3453.651428,3479.26108,3349.040412,3426.62938,4439054582.0
2020-09-08,3372.003364,3379.529959,3328.736338,3331.27777,4693491345.0
2020-09-09,3369.960749,3424.871524,3367.004937,3398.901462,3931819716.0
2020-09-10,3412.109434,3425.382648,3328.601116,3338.76613,4209016468.0
2020-09-11,3352.986502,3369.423833,3310.32206,3340.518953,3710653979.0
2020-09-14,3363.290903,3403.040091,3363.290903,3383.718506,3839094216.0
2020-09-15,3407.945641,3419.902554,3389.39088,3400.59533,4057230758.0
2020-09-16,3411.226351,3428.660817,3384.401987,3385.968087,4718711459.0
2020-09-17,3346.39945,3375.188871,3328.698315,3357.063627,4379725761.0
2020-09-18,3357.273723,3361.940152,3292.677969,3319.455417,7076616206.0
2020-09-21,3285.690111,3285.690111,3229.192194,3280.720546,4835444759.0
2020-09-22,3295.952018,3320.223032,3270.738315,3315.823501,3974069935.0
2020-09-23,3320.063298,3323.10887,3232.582263,3236.918982,4378518093.0
2020-09-24,3226.634066,3278.301424,3209.572927,3246.36734,4601853099.0
2020-09-25,3236.986009,3306.41245,3228.994664,3298.525872,3802901762.0
2020-09-28,3333.814336,3359.953662,3333.171987,3351.036095,3951221983.0
2020-09-29,3351.171282,3357.565209,3327.944188,3334.924512,3661437106.0
2020-09-30,3341.856082,3393.773002,3340.265999,3362.623281,4738440116.0
2020-10-01,3386.533912,3396.636893,3361.213694,3380.918217,4076455221.0
2020-10-02,3338.52992,3368.639163,3323.611708,3348.418831,3975128757.0
2020-10-05,3366.958031,3410.180688,3366.958031,3408.957653,3693029257.0
2020-10-06,3409.24616,3431.341641,3354.201893,3360.660765,4452974311.0
2020-10-07,3384.201877,3426.370008,3384.201877,3419.636446,3814216932.0
2020-10-08,3433.825832,3447.501454,3428.452729,3446.790829,3867520185.0
2020-10-09,3459.501715,3482.570802,3457.964363,3476.811983,3944113758.0
2020-10-12,3500.1671,3549.309699,3499.834681,3534.356147,3435333706.0
2020-10-13,3533.973823,3533.973823,3500.938141,3511.906749,3610598868.0
2020-10-14,3515.241267,3527.369041,3480.800589,3488.450443,3858580340.0
2020-10-15,3453.487117,3489.933618,3440.427331,3483.354718,3724267761.0
2020-10-16,3493.251145,3515.19929,3480.399255,3483.764933,4687349058.0
2020-10-19,3493.352641,3502.052924,3419.910083,3426.867254,4091474929.0
2020-10-20,3440.164623,3476.568122,3435.864164,3442.978056,3917602472.0
2020-10-21,3440.012253,3464.341536,3432.844312,3435.111736,4104431878.0
2020-10-22,3438.804912,3460.998098,3414.486277,3453.51581,4172071878.0
2020-10-23,3464.730442,3467.299693,3440.077798,3465.111721,3651707634.0
2020-10-26,3441.355926,3441.355926,3364.839566,3400.62296,4002125353.0
2020-10-27,3402.907069,3409.05981,3388.731609,3390.598318,3961347919.0
2020-10-28,3341.593652,3341.732293,3269.440291,3271.270132,5139385695.0
2020-10-29,3276.718325,3340.968491,3260.010033,3310.171548,4911798253.0
2020-10-30,3292.993744,3304.825375,3233.966308,3269.78628,4844106672.0
2020-11-02,3295.458377,3329.923002,3279.729367,3310.050861,4313917811.0
2020-11-03,3335.851198,3389.565025,3335.851198,3369.374128,4241357265.0
2020-11-04,3406.911302,3486.387767,3404.968979,3442.61464,4789862391.0
2020-11-05,3485.724501,3529.164067,3485.691091,3510.729862,4858263982.0
2020-11-06,3508.792862,3521.468752,3483.960553,3508.782267,4842450605.0
2020-11-09,3583.187296,3645.58834,3547.983335,3549.997459,8571147219.0
2020-11-10,3543.537291,3557.456822,3512.047754,3545.347695,6038114091.0
2020-11-11,3562.898961,3581.164393,3556.748334,3573.435224,4635772768.0
2020-11-12,3562.856588,3569.337076,3518.539806,3537.603315,4910082424.0
2020-11-13,3552.828949,3593.943838,3552.751125,3585.403189,4719414653.0
2020-11-16,3599.95231,3627.994122,3599.95231,3627.039227,5297004985.0
2020-11-17,3610.51207,3622.590473,3588.488127,3608.857835,4811593482.0
2020-11-18,3612.2946,3618.816651,3567.096677,3567.845967,5284531091.0
2020-11-19,3559.214304,3584.841276,3543.960211,3581.673393,4363763296.0
2020-11-20,3578.908185,3581.500453,3556.722743,3557.249506,4236688881.0
2020-11-23,3566.397711,3589.936172,3552.60881,3577.64547,5057796499.0
2020-11-24,3594.551114,3642.710415,3594.039769,3635.238644,6280714120.0
2020-11-25,3635.618884,3635.644143,3617.788098,3629.965428,4909416882.0
2020-11-27,3638.261684,3644.386097,3629.264306,3637.64573,2778831569.0
2020-11-30,3634.189593,3634.615935,3594.27428,3621.657049,6308281377.0
2020-12-01,3646.078128,3678.622738,3645.942586,3662.127986,5419155085.0
2020-12-02,3654.005903,3670.984961,3645.112723,3668.859714,5040224848.0
2020-12-03,3668.849302,3683.275191,3657.426496,3666.831669,5065469961.0
2020-12-04,3671.408713,3699.242559,3671.142845,3698.706812,5099332635.0
2020-12-07,3694.36003,3697.297385,3678.791343,3692.020595,4804774875.0
2020-12-08,3683.670122,3708.139249,3678.621489,3702.171387,4584535357.0
2020-12-09,3705.783202,3712.650883,3660.15791,3672.577447,5232991545.0
2020-12-10,3659.512215,3678.945038,3644.963715,3667.927487,4657986694.0
2020-12-11,3656.104935,3665.891367,3633.407042,3663.403341,4375445073.0
2020-12-14,3675.118544,3698.093724,3645.553421,3647.209923,4623766693.0
2020-12-15,3665.747136,3694.622738,3659.65527,3694.622738,4387297296.0
2020-12-16,3696.186585,3711.249439,3688.213953,3701.066964,4067442351.0
2020-12-17,3713.070802,3725.105181,3710.253745,3722.252432,4192873092.0
2020-12-18,3722.749959,3726.429022,3686.142108,3709.99965,7096194288.0
2020-12-21,3684.838858,3703.782622,3636.307461,3695.07335,4748631085.0
2020-12-22,3697.785374,3698.23553,3675.852205,3687.118894,4054368350.0
2020-12-23,3693.531452,3711.088672,3688.876478,3690.063832,3779782052.0
2020-12-24,3693.762067,3703.829684,3689.47614,3702.679821,1883219689.0
2020-12-28,3722.796043,3739.760855,3722.796043,3735.196957,3535482395.0
2020-12-29,3750.300446,3755.834702,3723.159982,3726.920745,3393606295.0
2020-12-30,3736.175543,3744.99807,3730.129551,3731.574731,3154792479.0
2020-12-31,3733.919477,3759.963455,3727.279267,3756.215561,3178893735.0
2021-01-04,3764.428566,3769.677505,3662.046847,3700.462793,5014866117.0
2021-01-05,3698.389576,3738.319557,3695.79684,3726.72763,4591273511.0
2021-01-06,3712.236113,3783.547063,3706.24571,3747.926728,6063413555.0
2021-01-07,3765.009548,3811.747102,3763.691103,3804.915615,5099766131.0
2021-01-08,3814.879456,3826.515782,3783.563206,3824.426503,4773013274.0
2021-01-11,3803.121045,3817.768681,3788.747609,3798.824091,4465012471.0
2021-01-12,3801.576209,3810.473585,3776.410018,3800.581777,4995511607.0
2021-01-13,3801.912092,3820.579862,3791.341369,3810.12937,4601798852.0
2021-01-14,3815.232563,3823.200755,3793.167996,3796.047295,5198191375.0
2021-01-15,3788.976342,3788.976342,3749.577908,3767.993082,5369513021.0
2021-01-19,3782.104358,3804.136367,3780.025761,3799.395774,5015515067.0
2021-01-20,3816.806511,3859.146449,3816.154261,3852.135747,4565877207.0
2021-01-21,3858.01904,3861.534672,3845.247986,3852.99706,4500789886.0
2021-01-22,3844.095852,3852.400432,3829.956498,3841.369921,5110592641.0
2021-01-25,3851.823619,3859.886356,3796.534811,3855.429839,7001158924.0
2021-01-26,3862.719066,3870.641195,3848.546793,3849.957904,6137981232.0
2021-01-27,3836.839039,3836.943687,3732.240196,3750.919036,9978791194.0
2021-01-28,3755.524749,3830.619785,3755.524749,3787.12355,6993753811.0
2021-01-29,3778.662119,3778.662119,3693.973167,3714.175286,6643494844.0
2021-02-01,3731.305624,3784.601748,3725.824314,3774.607809,5435745406.0
2021-02-02,3791.757415,3843.388015,3791.757415,3826.406181,5514985503.0
2021-02-03,3840.728401,3847.635982,3816.901274,3830.502888,4864690699.0
2021-02-04,3835.827121,3872.320927,3835.827121,3871.94902,4878918869.0
2021-02-05,3877.518919,3894.420816,3874.393594,3886.936328,4879266490.0
2021-02-08,3892.899875,3915.63265,3892.434787,3915.63265,4647777891.0
2021-02-09,3910.513636,3918.034311,3902.535211,3911.580971,4568107564.0
2021-02-10,3920.878224,3931.255458,3884.270974,3910.160863,4836957244.0
2021-02-11,3915.880433,3925.54872,3890.708648,3916.483234,4591295442.0
2021-02-12,3911.640814,3937.403189,3905.355736,3934.557094,4134899523.0
2021-02-16,3940.399412,3950.902651,3924.436047,3932.741712,5058348794.0
2021-02-17,3918.822963,3933.252911,3901.140057,3931.303735,4729891312.0
2021-02-18,3915.926562,3922.091146,3884.933582,3913.84932,4793750460.0
2021-02-19,3920.987752,3930.003464,3903.241402,3907.756481,4845355190.0
2021-02-22,3885.396736,3902.800913,3874.232617,3875.903387,5916772008.0
2021-02-23,3856.248822,3895.711029,3805.827434,3881.742152,6296315661.0
2021-02-24,3873.809763,3928.886366,3859.407815,3925.091296,6013023589.0
2021-02-25,3916.131123,3924.753594,3813.625363,3829.390327,6548380456.0
2021-02-26,3839.054928,3861.470688,3789.430394,3812.12883,6525560872.0
2021-03-01,3842.25586,3914.403813,3842.25586,3901.444569,5114865472.0
2021-03-02,3903.18806,3906.15615,3868.444278,3870.009879,5536540499.0
2021-03-03,3863.616979,3873.984381,3819.222777,3819.713281,6173180853.0
2021-03-04,3818.550451,3843.767245,3723.047691,3768.1507,7195388752.0
2021-03-05,3792.789343,3852.034752,3730.837138,3842.279591,6851043969.0
2021-03-08,3844.626042,3881.166136,3818.743927,3821.145835,5870940045.0
2021-03-09,3852.220311,3904.633996,3852.220311,3875.693399,5513652903.0
2021-03-10,3891.892261,3917.910195,3885.334992,3898.291833,5847398445.0
2021-03-11,3914.568708,3960.14823,3914.568708,3938.628316,5313174910.0
2021-03-12,3924.128973,3944.864529,3915.018039,3943.249791,4475748716.0
2021-03-15,3943.446089,3970.266551,3923.405176,3968.31741,4900104886.0
2021-03-16,3972.486227,3980.70642,3953.756753,3963.311607,4613717405.0
2021-03-17,3949.432812,3984.334751,3936.330283,3973.512155,4562607685.0
2021-03-18,3953.033487,3969.763659,3911.325705,3915.053659,5119245246.0
2021-03-19,3913.454732,3930.220909,3886.592642,3913.261951,7756506896.0
2021-03-22,3916.215573,3955.58177,3914.232033,3940.359026,4316454686.0
2021-03-23,3937.759159,3949.810251,3901.264935,3909.926251,4668784418.0
2021-03-24,3920.151588,3942.14747,3888.684447,3889.933263,4783155790.0
2021-03-25,3880.052422,3919.495732,3853.058273,3909.128429,4947957881.0
2021-03-26,3917.040622,3978.790139,3916.948714,3974.462036,5482220475.0
2021-03-29,3969.459322,3982.21534,3943.348426,3971.007016,4628020551.0
2021-03-30,3962.75151,3967.882645,3943.596011,3958.831228,4121807821.0
2021-03-31,3967.722267,3994.411984,3966.961592,3973.07358,4578181848.0
2021-04-01,3992.476375,4020.708438,3992.476375,4019.537754,4162297712.0
2021-04-05,4034.213709,4083.567665,4034.213709,4077.777043,4005116649.0
2021-04-06,4075.561001,4085.675643,4067.901832,4073.847495,4081435099.0
2021-04-07,4073.653275,4082.500066,4067.741767,4080.255523,4121028202.0
2021-04-08,4090.043517,4097.826272,4082.727767,4096.691241,3906992679.0
2021-04-09,4096.506148,4129.633042,4094.560905,4129.633042,3640420175.0
2021-04-12,4124.830788,4131.493753,4115.276633,4127.676844,3589525638.0
2021-04-13,4129.443867,4148.263278,4124.342083,4141.58622,3734773045.0
2021-04-14,4141.528802,4151.619807,4121.624772,4124.1817,3985366963.0
2021-04-15,4140.066948,4173.572199,4139.044843,4169.878535,4033461498.0
2021-04-16,4173.356238,4190.796915,4171.132936,4185.104225,4163729267.0
2021-04-19,4179.350574,4180.617055,4150.428499,4162.855712,3810124117.0
2021-04-20,4159.544746,4159.544746,4118.243544,4134.768649,4342740622.0
2021-04-21,4128.531429,4175.268413,4125.784852,4173.011359,3887053416.0
2021-04-22,4170.631772,4179.266984,4123.935609,4135.26759,4245078227.0
2021-04-23,4139.549389,4194.237726,4139.059624,4179.842621,3569597796.0
2021-04-26,4185.225876,4195.11218,4183.106468,4187.245821,3748360486.0
2021-04-27,4188.52554,4193.342718,4176.641199,4186.55569,3710916777.0
2021-04-28,4186.274622,4201.238541,4181.531431,4183.595498,3787279740.0
2021-04-29,4206.050208,4218.706479,4176.390764,4211.560709,4297816662.0
2021-04-30,4197.765138,4198.138795,4174.278773,4181.12824,4301133912.0
2021-05-03,4192.159312,4209.326504,4188.646776,4192.059329,4070268917.0
2021-05-04,4179.223495,4179.223495,4128.268568,4164.184257,4452017768.0
2021-05-05,4176.840046,4187.11574,4161.555856,4167.057055,4231247164.0
2021-05-06,4168.709716,4202.295631,4147.547843,4202.169206,4510369170.0
2021-05-07,4211.312367,4237.97675,4201.77875,4232.824664,4016499844.0
2021-05-10,4228.428238,4236.320123,4188.001362,4188.069292,4560673837.0
2021-05-11,4150.03592,4161.804389,4111.801423,4151.865765,4869604902.0
2021-05-12,4130.928134,4134.65679,4056.873607,4062.70472,4733154405.0
2021-05-13,4074.945514,4131.605287,4074.839536,4112.13569,4779345859.0
2021-05-14,4129.475649,4183.501936,4129.475649,4174.04222,4008656766.0
2021-05-17,4170.154385,4171.878532,4142.630298,4163.170329,4124745684.0
2021-05-18,4165.401751,4169.316294,4125.660842,4128.689149,4398094049.0
2021-05-19,4098.594718,4116.707203,4061.653526,4116.194784,4247243919.0
2021-05-20,4122.758729,4173.038529,4121.94384,4159.664746,3978141245.0
2021-05-21,4168.804195,4188.877598,4151.923197,4156.13887,3995758223.0
2021-05-24,4170.00327,4209.884487,4169.970889,4196.872413,3684709959.0
2021-05-25,4205.726656,4213.720533,4182.014302,4188.380245,4181943886.0
2021-05-26,4191.417846,4202.857286,4184.835837,4195.843865,4420391136.0
2021-05-27,4201.833228,4213.338416,4198.429019,4201.564742,6406803755.0
2021-05-28,4210.610934,4218.463187,4203.941329,4204.279827,4648646327.0
2021-06-01,4216.906384,4234.57042,4197.427057,4202.150284,5074737994.0
2021-06-02,4206.090694,4217.095113,4198.143938,4208.173591,5833329518.0
2021-06-03,4191.791477,4204.12593,4168.50632,4193.579765,5587676397.0
2021-06-04,4205.890107,4233.527003,4205.890107,4229.283676,4139333150.0
2021-06-07,4229.499268,4232.515604,4215.393492,4227.296976,4476642288.0
2021-06-08,4233.332913,4236.391082,4209.198069,4227.181074,4659624106.0
2021-06-09,4233.552643,4237.058166,4218.72012,4218.956473,4713370909.0
2021-06-10,4229.086783,4249.700287,4221.086179,4238.861301,4407863694.0
2021-06-11,4243.307047,4247.438748,4231.658166,4246.738771,3814975308.0
2021-06-14,4247.666544,4255.496394,4234.289227,4255.428043,4151568815.0
2021-06-15,4255.632599,4257.093184,4239.227895,4246.148923,4048266812.0
2021-06-16,4249.042135,4251.821982,4202.462698,4223.771435,4538347155.0
2021-06-17,4219.692633,4232.889295,4195.939027,4222.338714,5312174879.0
2021-06-18,4204.769569,4204.769569,4163.913604,4166.170203,6816292384.0
2021-06-21,4173.552037,4225.891729,4173.552037,4224.676771,4129057770.0
2021-06-22,4224.844783,4254.728135,4216.945236,4245.886475,3828181256.0
2021-06-23,4249.345343,4256.395391,4241.389963,4241.675109,3729896090.0
2021-06-24,4257.094191,4271.110795,4256.444691,4267.588439,3817165434.0
2021-06-25,4275.080083,4285.901535,4271.825131,4281.033205,7342125479.0
2021-06-28,4285.425246,4292.615567,4275.163597,4290.496278,4147088501.0
2021-06-29,4291.979074,4300.89013,4287.026499,4291.53728,3706603407.0
2021-06-30,4290.513701,4302.463673,4287.465066,4297.481678,4266293171.0
2021-07-01,4300.659169,4320.500027,4300.659169,4319.996123,3788122083.0
2021-07-02,4325.842035,4355.877126,4325.842035,4352.15745,3226324061.0
2021-07-06,4356.500991,4356.500991,4313.893291,4343.770272,4309835614.0
2021-07-07,4351.553101,4361.522963,4329.027079,4357.714358,4037500906.0
2021-07-08,4320.600311,4330.136596,4289.093039,4320.405722,4347055745.0
2021-07-09,4329.525524,4371.407173,4328.750115,4369.711563,3531293533.0
2021-07-12,4372.009721,4387.011214,4363.757984,4384.117477,3384028223.0
2021-07-13,4380.775455,4393.370057,4367.244999,4369.528484,3695912344.0
2021-07-14,4380.756978,4393.707245,4362.1961,4374.293558,4006539124.0
2021-07-15,4368.782975,4368.782975,4340.854591,4359.232811,3904907885.0
2021-07-16,4367.632044,4374.571411,4322.217122,4327.207538,3986020720.0
2021-07-19,4295.595952,4296.637044,4233.15747,4257.772616,5158816102.0
2021-07-20,4265.904162,4336.074558,4262.868502,4323.359803,4438173416.0
2021-07-21,4331.390899,4359.940129,4330.978949,4358.581535,3810489723.0
2021-07-22,4361.190426,4370.227447,4350.227288,4368.288438,3358154979.0
2021-07-23,4381.452354,4415.372801,4380.514306,4412.26268,4540108751.0
2021-07-26,4408.958407,4422.63283,4406.11987,4421.830735,4274985562.0
2021-07-27,4416.902133,4416.902133,4372.301107,4400.57054,4241949775.0
2021-07-28,4402.807546,4415.545692,4387.470636,4400.307844,4215308369.0
2021-07-29,4403.49998,4429.625508,4403.49998,4418.61021,4045327623.0
2021-07-30,4394.904029,4413.066448,4389.918364,4396.062225,3956029764.0
2021-08-02,4406.603978,4422.024657,4385.104285,4387.155631,3723985396.0
2021-08-03,4393.045385,4424.133216,4372.802148,4423.562767,3965700763.0
2021-08-04,4416.063203,4416.063203,4400.710444,4402.534667,4260656987.0
2021-08-05,4409.14721,4430.325212,4408.525237,4429.020521,3769345414.0
2021-08-06,4429.065929,4441.472076,4429.065929,4436.505544,3451582370.0
2021-08-09,4437.997766,4439.403381,4424.567579,4432.840555,3448958318.0
2021-08-10,4435.604247,4445.458346,4430.18464,4436.88826,3885900362.0
2021-08-11,4443.170663,4449.688449,4436.214962,4441.940445,3532337726.0
2021-08-12,4445.382964,4461.553854,4435.98213,4461.553854,3374976062.0
2021-08-13,4465.402832,4468.614592,4460.340423,4467.86917,3016505606.0
2021-08-16,4462.260215,4479.897478,4437.770014,4479.505901,3370374505.0
2021-08-17,4461.739874,4461.848483,4417.8496,4446.821492,3836775983.0
2021-08-18,4441.929948,4454.821801,4397.352306,4400.549172,3755420170.0
2021-08-19,4382.876209,4419.040526,4367.705946,4405.844309,4398388815.0
2021-08-20,4410.988385,4444.03616,4406.858858,4441.714306,3652416951.0
2021-08-23,4450.30251,4489.550516,4450.015742,4479.349339,3576150249.0
2021-08-24,4484.302489,4492.520004,4482.222072,4485.971925,3979254128.0
2021-08-25,4490.356161,4502.039774,4485.2091,4496.023771,3445067716.0
2021-08-26,4493.925495,4495.450319,4470.03854,4470.207033,3264021931.0
2021-08-27,4474.727002,4513.491074,4474.573958,4509.658319,3330996857.0
2021-08-30,4513.841607,4537.698735,4513.841607,4528.68541,3168620979.0
2021-08-31,4529.337139,4531.350149,4516.329107,4523.10935,4289830133.0
2021-09-01,4529.173171,4537.56814,4521.124998,4524.054115,4057283440.0
2021-09-02,4534.897674,4545.711763,4523.502893,4536.72143,3735840428.0
2021-09-03,4532.716641,4541.353074,4521.119273,4535.520166,3217229656.0
2021-09-07,4535.717995,4535.717995,4512.377854,4519.415338,3822672476.0
2021-09-08,4517.967436,4522.249985,4493.843866,4514.174875,3750726126.0
2021-09-09,4512.600765,4529.552676,4492.162207,4492.58684,3735760722.0
2021-09-10,4506.528634,4520.628328,4458.070446,4458.121858,3623575673.0
2021-09-13,4474.07822,4492.958192,4445.194157,4467.827882,3913856711.0
2021-09-14,4479.436215,4485.207931,4435.637216,4442.971999,3670269842.0
2021-09-15,4447.453121,4486.596821,4438.376504,4481.421424,4031821387.0
2021-09-16,4476.892857,4486.490456,4443.954231,4473.697623,3984882568.0
2021-09-17,4468.41915,4471.610191,4427.529623,4433.275535,7289636067.0
2021-09-20,4402.401008,4402.505871,4306.505722,4358.755055,4898115449.0
2021-09-21,4374.940501,4395.004305,4347.914956,4354.365875,3921130264.0
2021-09-22,4367.139905,4416.685465,4367.139905,4395.303777,3938935063.0
2021-09-23,4406.908904,4466.942272,4406.401695,4448.700776,3916884146.0
2021-09-24,4437.422847,4463.247371,4430.599112,4455.480274,3384289410.0
2021-09-27,4442.759207,4457.130149,4436.163471,4442.828661,4058302615.0
2021-09-28,4419.476385,4420.167626,4346.18763,4352.386968,4416448578.0
2021-09-29,4362.536684,4384.762425,4355.355457,4359.889478,3713117373.0
2021-09-30,4371.686443,4382.591141,4306.111403,4307.98206,4447950891.0
2021-10-01,4317.814828,4376.062542,4287.37843,4356.322481,4010750808.0
2021-10-04,4348.706523,4355.459155,4277.629359,4300.10811,4307600609.0
2021-10-05,4309.614447,4368.472661,4309.614447,4345.518572,3902591170.0
2021-10-06,4319.429203,4365.396983,4291.018076,4363.81122,4009894474.0
2021-10-07,4383.953506,4430.614562,4383.953506,4400.262691,3843404068.0
2021-10-08,4406.463399,4412.185942,4386.212527,4392.52637,3280429806.0
2021-10-11,4385.266609,4415.509454,4360.026179,4360.986852,3282085403.0
2021-10-12,4368.950969,4374.590351,4341.907657,4350.469033,3558139136.0
2021-10-13,4357.959993,4372.625368,4329.924869,4364.056645,3620044137.0
2021-10-14,4387.758772,4439.890343,4386.308238,4437.95698,3598082536.0
2021-10-15,4447.730301,4476.418777,4447.730301,4471.307088,3819513287.0
2021-10-18,4464.517131,4489.222406,4448.466227,4486.273756,3662701314.0
2021-10-19,4497.500542,4520.606038,4496.625211,4518.444992,3459001768.0
2021-10-20,4524.855606,4540.265435,4524.394987,4536.245842,3670955936.0
2021-10-21,4531.911823,4550.835541,4526.303919,4549.696815,3822339342.0
2021-10-22,4545.731988,4559.913067,4524.699607,4545.477664,3758229041.0
2021-10-25,4553.899277,4572.004884,4537.394486,4566.482488,3899335580.0
2021-10-26,4579.142569,4598.426057,4569.037798,4574.216018,3879407344.0
2021-10-27,4580.238653,4584.709264,4551.562697,4551.562697,4226191632.0
2021-10-28,4562.252883,4597.02679,4562.252883,4595.458772,4132830664.0
2021-10-29,4572.248089,4607.60809,4567.65693,4604.822209,4509791917.0
2021-11-01,4609.962119,4620.296357,4594.397236,4613.963123,3971942783.0
2021-11-02,4612.52438,4635.383352,4612.52438,4630.535368,3975289359.0
2021-11-03,4630.700601,4663.954996,4621.141691,4660.999766,4319561469.0
2021-11-04,4663.454776,4683.284283,4663.130145,4679.139541,4462897973.0
2021-11-05,4699.253461,4718.534755,4681.225666,4697.415888,4466359789.0
2021-11-08,4700.417251,4714.568097,4694.326199,4701.476624,4270253458.0
2021-11-09,4707.160204,4708.025545,4670.303859,4685.697839,4116717620.0
2021-11-10,4670.183734,4684.610759,4631.211696,4647.022574,4503815268.0
2021-11-11,4660.366744,4664.741021,4647.902941,4649.56862,3926639075.0
2021-11-12,4654.561902,4688.62804,4650.543796,4683.571917,3728255850.0
2021-11-15,4689.116604,4696.43351,4672.860353,4682.627437,3488868337.0
2021-11-16,4680.218162,4714.579753,4679.476648,4701.52751,3973377408.0
2021-11-17,4701.711557,4702.066299,4683.61095,4688.180328,3968982194.0
2021-11-18,4700.985013,4708.837105,4672.671935,4704.031536,4226551785.0
2021-11-19,4708.493893,4717.081491,4694.593513,4698.313598,4253204239.0
2021-11-22,4712.155469,4744.94764,4681.992778,4682.23528,4441868535.0
2021-11-23,4678.843784,4699.376536,4652.555596,4690.968862,4276686081.0
2021-11-24,4675.401287,4703.050864,4659.965816,4701.507593,3418558917.0
2021-11-26,4665.039465,4665.039465,4585.372418,4595.112593,3517444219.0
2021-11-29,4628.114471,4672.77842,4624.783125,4655.242347,4335388357.0
2021-11-30,4640.402371,4645.681987,4559.983426,4567.025598,6625751113.0
2021-12-01,4602.902095,4653.927144,4510.718373,4513.269872,5367721798.0
2021-12-02,4504.452357,4595.92098,4504.256454,4576.796796,5076846912.0
2021-12-03,4589.479823,4608.408536,4494.951783,4538.109669,5240484367.0
2021-12-06,4548.086963,4612.865917,4539.882435,4591.887764,4771371863.0
2021-12-07,4631.473806,4693.569078,4631.473806,4686.736274,4492394296.0
2021-12-08,4690.693988,4705.661144,4674.476847,4701.018474,4234651008.0
2021-12-09,4690.482119,4694.863893,4665.583279,4667.411556,3903169985.0
2021-12-10,4687.791453,4713.703353,4670.283325,4712.771379,3869832837.0
2021-12-13,4709.75808,4709.75808,4667.038305,4668.763371,4397628832.0
2021-12-14,4643.320805,4659.519079,4606.043938,4633.871106,4485457217.0
2021-12-15,4635.912173,4712.750096,4610.546915,4709.045917,4910310369.0
2021-12-16,4718.862641,4731.607369,4651.393883,4668.650149,4829564308.0
2021-12-17,4652.209403,4665.77191,4600.84462,4620.943659,7988840773.0
2021-12-20,4588.507866,4588.507866,4530.767914,4568.401997,4635500424.0
2021-12-21,4595.111728,4652.126216,4583.373835,4649.280293,4073083792.0
2021-12-22,4650.261399,4698.322691,4645.141279,4697.008972,3319654318.0
2021-12-23,4704.194557,4740.618247,4704.194557,4726.135603,2913533527.0
2021-12-27,4732.992692,4791.723177,4732.992692,4791.723177,2769950646.0
2021-12-28,4795.46955,4807.446742,4780.05879,4786.821219,2707970002.0
2021-12-29,4789.596674,4804.599136,4778.105331,4793.812559,2963193338.0
2021-12-30,4794.29343,4808.764972,4776.441682,4778.648889,3124993584.0
2021-12-31,4775.242391,4786.846438,4765.547676,4765.547676,2678147330.0
2022-01-03,4778.40204,4796.878415,4757.887808,4796.878415,3831165123.0
2022-01-04,4804.94006,4818.887009,4774.59708,4793.9142,4683741526.0
2022-01-05,4787.033849,4797.636349,4700.444764,4701.318067,4887632399.0
2022-01-06,4692.600555,4724.953025,4670.49852,4696.651505,4294926570.0
2022-01-07,4697.758944,4708.599814,4662.347407,4677.939688,4181516734.0
2022-01-10,4655.007044,4673.585231,4582.131682,4670.579529,4511792561.0
2022-01-11,4669.75274,4714.35494,4638.076563,4713.177664,4101513768.0
2022-01-12,4728.440811,4749.646454,4706.553342,4725.695506,4047831925.0
2022-01-13,4732.644337,4743.946548,4649.683533,4659.173328,4252239634.0
2022-01-14,4637.402131,4665.887021,4615.397891,4662.592474,4338332583.0
2022-01-18,4630.966518,4632.491541,4568.050248,4577.206674,4749377202.0
2022-01-19,4587.922368,4613.058255,4530.109495,4532.784475,4465745691.0
2022-01-20,4547.264433,4601.56107,4478.418513,4482.941446,4641170927.0
2022-01-21,4471.190089,4494.210192,4395.326576,4397.897136,5589411709.0
2022-01-24,4356.789818,4417.535095,4222.206556,4410.542239,6927538933.0
2022-01-25,4367.163487,4411.184986,4286.531671,4355.263867,5145238928.0
2022-01-26,4408.355061,4454.098422,4304.700795,4350.012822,5571714205.0
2022-01-27,4379.644958,4428.444229,4309.173758,4327.030024,5214331196.0
2022-01-28,4336.457606,4433.12134,4292.548056,4432.678875,5031543440.0
2022-01-31,4432.036163,4517.415208,4413.401416,4515.880325,5098963472.0
2022-02-01,4519.709656,4550.810884,4483.894312,4547.306078,4816977901.0
2022-02-02,4566.838319,4594.868451,4544.372334,4589.457414,4481663572.0
2022-02-03,4534.881859,4543.519411,4470.475001,4477.441223,4402210927.0
2022-02-04,4483.690522,4540.218228,4452.141495,4500.76805,4706649223.0
2022-02-07,4505.317706,4522.130987,4471.274456,4483.868685,4227908240.0
2022-02-08,4480.355673,4531.412421,4465.075796,4521.186293,4459730288.0
2022-02-09,4546.232763,4590.133569,4546.232763,4586.943826,4524266717.0
2022-02-10,4552.816663,4588.883791,4484.223724,4503.579156,5314651909.0
2022-02-11,4506.953336,4526.620119,4401.370119,4418.873608,5252180576.0
2022-02-14,4412.494738,4426.233996,4364.477257,4401.674936,4600052724.0
2022-02-15,4429.65181,4472.390494,4428.383704,4470.908738,4430212002.0
2022-02-16,4455.855581,4489.079034,4429.431702,4474.756174,4283980856.0
2022-02-17,4456.013289,4456.013289,4373.96744,4380.480993,4538775224.0
2022-02-18,4385.167814,4394.697716,4327.279177,4349.209524,4707152313.0
2022-02-22,4332.637696,4362.108359,4267.621726,4304.273107,5122365206.0
2022-02-23,4324.160019,4341.603257,4222.335276,4224.955889,4797506146.0
2022-02-24,4155.436211,4294.945066,4114.962342,4289.109556,6752449186.0
2022-02-25,4298.616806,4385.064742,4287.422741,4384.046955,5176830953.0
2022-02-28,4354.342133,4389.483099,4315.45099,4374.179409,6070529476.0
2022-03-01,4362.456407,4378.332979,4280.271797,4306.956049,5845536762.0
2022-03-02,4322.246957,4401.289208,4322.246957,4387.250323,5337724709.0
2022-03-03,4401.054025,4416.992845,4345.973393,4363.812204,5039248723.0
2022-03-04,4341.961426,4341.961426,4285.282663,4329.176952,5797558010.0
2022-03-07,4326.414406,4326.667701,4199.763903,4202.03589,6940149032.0
2022-03-08,4202.396073,4277.35954,4157.85293,4169.726589,7243254024.0
2022-03-09,4222.792398,4298.652915,4222.792398,4277.681246,5662757855.0
2022-03-10,4252.877903,4268.756797,4210.061339,4259.881436,4981022658.0
2022-03-11,4279.846263,4291.658196,4200.187653,4204.168253,4938886676.0
2022-03-14,4202.68872,4247.412895,4161.640682,4173.627236,5574728278.0
2022-03-15,4188.655606,4271.174439,4186.913581,4262.433421,5392569205.0
2022-03-16,4288.200138,4359.387701,4252.722891,4357.917275,6309898915.0
2022-03-17,4344.755052,4412.463943,4335.554312,4411.548744,4983879176.0
2022-03-18,4406.834396,4465.787399,4390.76985,4462.886914,8278965222.0
2022-03-21,4461.980338,4481.449208,4424.944773,4460.9361,4869893019.0
2022-03-22,4468.816393,4521.784028,4468.816393,4511.732203,4755108196.0
2022-03-23,4492.577337,4500.710037,4455.89507,4455.89507,4550084400.0
2022-03-24,4470.052421,4520.734975,4464.615465,4520.59102,4131259542.0
2022-03-25,4523.2402,4546.556201,4502.1489,4543.356823,4304550094.0
2022-03-28,4540.369128,4576.02306,4518.181064,4576.02306,4312581091.0
2022-03-29,4602.87143,4636.710288,4589.756173,4631.077225,5085195370.0
2022-03-30,4624.098493,4627.268968,4581.972699,4601.66802,4385162732.0
2022-03-31,4599.17708,4603.251461,4529.880717,4530.40826,4823277701.0
2022-04-01,4540.31395,4549.539029,4507.439729,4547.177617,4562652820.0
2022-04-04,4547.309122,4583.680464,4539.865537,4583.220395,4546927828.0
2022-04-05,4571.872974,4593.272476,4513.327099,4524.869224,4801055282.0
2022-04-06,4494.183145,4504.285026,4450.289445,4481.340133,4987302608.0
2022-04-07,4475.110246,4521.051875,4450.536639,4500.53739,4821838146.0
2022-04-08,4493.154813,4520.239156,4475.481247,4487.665614,4083546545.0
2022-04-11,4462.794422,4463.922208,4407.682056,4413.134137,4266191202.0
2022-04-12,4438.117749,4471.629717,4382.045078,4397.376571,4152005051.0
2022-04-13,4394.232561,4452.788979,4392.454437,4446.549522,3827901905.0
2022-04-14,4449.364909,4460.815843,4390.573748,4392.600291,4083158485.0
2022-04-18,4385.321543,4410.105533,4369.765752,4392.192588,3910283566.0
2022-04-19,4390.577474,4470.846321,4390.152247,4461.872983,4107942091.0
2022-04-20,4471.534851,4489.049599,4448.939283,4458.688981,4290707384.0
2022-04-21,4488.117506,4512.617658,4383.982516,4393.802052,4637439258.0
2022-04-22,4386.243559,4386.243559,4267.936042,4270.906779,4652125268.0
2022-04-25,4254.920695,4298.963963,4200.541324,4295.990759,5240980229.0
2022-04-26,4277.945256,4278.317186,4174.533593,4175.695739,4689639115.0
2022-04-27,4185.939583,4240.522583,4162.680181,4184.202252,4768803345.0
2022-04-28,4221.984707,4307.772106,4188.770917,4287.94691,4854526893.0
2022-04-29,4253.676054,4269.31055,4124.165397,4132.186501,5083637598.0
2022-05-02,4130.308503,4170.34435,4062.523908,4156.381468,5163648671.0
2022-05-03,4159.937013,4200.131505,4147.368801,4175.234362,4581239070.0
2022-05-04,4181.36939,4307.854469,4149.359243,4300.341125,5135898133.0
2022-05-05,4270.567192,4270.567192,4105.88244,4146.688434,5076267315.0
2022-05-06,4128.26842,4157.415743,4067.485132,4123.734365,5116717770.0
2022-05-09,4081.913949,4081.954681,3975.510232,3991.215414,5954285064.0
2022-05-10,4034.749138,4068.743496,3958.356213,4001.737767,5885872949.0
2022-05-11,3990.058159,4048.910563,3928.246176,3934.971046,5816861040.0
2022-05-12,3904.392148,3965.234647,3858.526443,3930.63309,6286875534.0
2022-05-13,3964.401153,4038.58813,3963.614824,4024.128565,5182499174.0
2022-05-16,4012.449463,4046.219307,3983.907194,4007.996999,4415298441.0
2022-05-17,4051.873434,4090.724162,4033.622936,4089.071894,4841464105.0
2022-05-18,4052.530288,4052.530288,3912.1865,3923.782443,5103170077.0
2022-05-19,3899.1981,3946.062403,3875.957835,3900.92889,5113538392.0
2022-05-20,3927.836704,3944.244755,3809.718145,3901.2794,5130834950.0
2022-05-23,3919.334602,3982.013773,3908.909521,3973.471206,4419724184.0
2022-05-24,3942.788611,3954.73925,3875.061815,3941.347913,4923100225.0
2022-05-25,3929.703346,3999.460576,3924.459077,3978.060303,4803128594.0
2022-05-26,3984.499537,4075.155329,3984.358333,4058.181737,4709638462.0
2022-05-27,4077.412571,4158.508303,4077.266409,4157.726624,4375169360.0
2022-05-31,4151.122471,4168.442363,4104.718439,4132.059967,6822597899.0
2022-06-01,4149.4984,4166.52809,4073.911972,4101.495759,4531287650.0
2022-06-02,4095.627841,4177.487787,4074.100565,4177.170425,4405030978.0
2022-06-03,4138.775613,4142.923886,4099.275638,4107.810916,3710982164.0
2022-06-06,4133.985481,4168.553804,4109.380788,4121.392321,4333327644.0
2022-06-07,4096.602946,4164.465165,4079.860624,4160.871461,4248193600.0
2022-06-08,4146.804857,4161.398072,4107.239013,4115.791428,4159544279.0
2022-06-09,4101.886733,4118.805229,4017.219741,4018.360093,4133289360.0
2022-06-10,3974.408396,3974.429693,3900.539532,3900.539532,4889854228.0
2022-06-13,3838.442314,3838.442314,3734.075848,3748.861568,5636942629.0
2022-06-14,3763.962424,3778.223936,3705.964283,3735.782676,5153547310.0
2022-06-15,3764.122477,3837.201928,3722.315628,3789.786435,5530579577.0
2022-06-16,3728.601981,3728.601981,3640.312915,3666.125203,5645026032.0
2022-06-17,3665.040506,3708.097441,3637.339598,3674.781837,8519837238.0
2022-06-21,3715.900961,3779.828305,3715.383243,3765.253318,5292435626.0
2022-06-22,3734.029937,3802.006136,3717.592433,3759.414924,5059595630.0
2022-06-23,3775.116816,3801.906563,3743.709668,3796.616661,5098523781.0
2022-06-24,3821.283794,3914.368799,3821.283794,3911.412233,8119555491.0
2022-06-27,3920.434285,3927.251833,3890.313494,3900.144043,4325233191.0
2022-06-28,3913.057106,3946.463256,3820.169869,3821.084151,4270484930.0
2022-06-29,3825.083571,3836.891915,3798.865915,3818.845968,4210723568.0
2022-06-30,3786.09716,3819.210473,3738.498087,3785.329254,4840350026.0
2022-07-01,3781.410055,3829.492625,3751.644955,3824.760298,4046675611.0
2022-07-05,3791.940628,3832.472577,3742.268326,3832.472577,5076712886.0
2022-07-06,3832.353146,3870.727623,3809.057745,3844.889617,4417470694.0
2022-07-07,3858.853294,3910.641239,3858.853294,3902.427147,4057539918.0
2022-07-08,3888.180774,3918.402088,3868.839807,3899.757747,3522156376.0
2022-07-11,3880.36901,3880.36901,3847.268923,3855.129223,3422997602.0
2022-07-12,3852.143723,3873.844425,3802.797464,3819.230213,3817395274.0
2022-07-13,3778.757469,3829.408882,3758.261024,3801.323367,4110101469.0
2022-07-14,3764.234045,3796.225862,3722.311168,3790.460962,4199977898.0
2022-07-15,3817.430314,3863.403628,3817.017593,3862.433108,4143248420.0
2022-07-18,3883.810801,3902.579828,3818.683762,3831.195527,4046351361.0
2022-07-19,3860.683973,3939.457936,3860.683973,3936.046219,4040766263.0
2022-07-20,3935.780319,3973.233647,3922.314819,3959.581843,4185366089.0
2022-07-21,3955.399304,3999.452862,3927.747464,3998.948671,4132883377.0
2022-07-22,3998.152385,4012.648228,3939.252963,3961.806178,3978733961.0
2022-07-25,3965.519066,3975.220689,3943.664654,3966.736579,3568028570.0
2022-07-26,3953.723169,3953.723169,3911.428625,3921.645689,3778643345.0
2022-07-27,3951.641846,4039.595985,3951.636326,4023.901111,4112105674.0
2022-07-28,4025.974623,4078.352576,3993.754444,4072.692491,4413875846.0
2022-07-29,4087.233435,4139.724613,4079.587541,4129.782261,4615929207.0
2022-08-01,4111.7354,4144.639035,4095.280381,4119.32979,4202399403.0
2022-08-02,4104.369399,4140.819645,4080.875339,4090.861392,4727174284.0
2022-08-03,4107.237036,4167.509032,4107.237036,4155.8919,4352036574.0
2022-08-04,4155.162458,4161.103669,4136.038392,4152.779545,4283302292.0
2022-08-05,4115.923056,4152.391584,4107.321063,4145.402447,4085573807.0
2022-08-08,4156.922176,4186.76768,4129.408336,4140.487318,4220936861.0
2022-08-09,4132.655165,4137.440057,4111.806735,4121.19929,3912780275.0
2022-08-10,4180.977096,4210.874103,4177.521155,4210.158134,4546144512.0
2022-08-11,4228.16011,4257.656227,4201.303781,4207.73373,4631442920.0
2022-08-12,4225.523384,4280.545607,4220.44609,4280.545607,3788218668.0
2022-08-15,4269.072878,4302.206771,4257.086639,4296.616005,3696795624.0
2022-08-16,4290.556053,4325.473692,4278.170394,4305.073742,4329532078.0
2022-08-17,4280.400758,4302.103095,4252.159679,4272.955986,3884508085.0
2022-08-18,4273.250366,4292.47088,4261.94351,4283.91715,3340575077.0
2022-08-19,4266.01198,4266.624121,4218.873395,4227.683619,3761595528.0
2022-08-22,4195.042608,4195.042608,4129.952213,4138.458025,3907247874.0
2022-08-23,4132.429354,4159.524642,4124.426169,4129.218296,3823983921.0
2022-08-24,4126.605564,4156.087747,4119.819463,4140.573595,3583637564.0
2022-08-25,4153.446671,4201.284169,4147.610079,4199.339007,3567146347.0
2022-08-26,4198.644747,4203.408081,4057.571821,4057.571821,3832863525.0
2022-08-29,4033.928473,4062.095038,4016.504477,4030.707611,3396449836.0
2022-08-30,4041.64949,4044.367667,3965.443651,3985.702596,3835493720.0
2022-08-31,4000.815756,4015.316976,3954.397994,3955.246196,4542423890.0
2022-09-01,3936.444168,3970.042411,3903.293765,3966.199064,4152599640.0
2022-09-02,3994.547822,4017.897738,3906.341422,3923.541898,3665663725.0
2022-09-06,3930.299996,3943.316781,3887.22708,3908.14229,4127521496.0
2022-09-07,3909.029055,3988.01453,3906.435922,3979.786045,3889898781.0
2022-09-08,3959.726971,4010.690425,3944.756759,4006.289021,3967159437.0
2022-09-09,4023.434128,4076.527937,4023.292247,4067.095929,3902062108.0
2022-09-12,4083.40877,4119.57731,4083.40877,4111.185253,3813741491.0
2022-09-13,4037.378579,4037.378579,3921.245769,3932.753102,4224455364.0
2022-09-14,3940.517845,3961.827683,3911.908786,3946.101905,4293639890.0
2022-09-15,3932.507415,3959.381797,3888.033033,3901.427045,4441270759.0
2022-09-16,3880.895076,3880.895076,3837.401569,3873.718538,7953798097.0
2022-09-19,3850.246031,3901.072864,3838.483822,3900.114533,3766823822.0
2022-09-20,3875.022729,3876.080704,3827.139609,3856.100371,4058915716.0
2022-09-21,3870.791114,3907.570542,3788.851513,3790.208864,4078055700.0
2022-09-22,3781.837405,3790.492221,3749.761842,3757.304302,4284812205.0
2022-09-23,3726.941654,3726.941654,3647.270535,3692.570057,5144403821.0
2022-09-26,3682.259977,3715.238198,3644.880428,3655.012239,4885851952.0
2022-09-27,3686.591164,3717.623078,3623.739221,3647.217942,4577813763.0
2022-09-28,3651.769846,3736.764646,3640.133579,3719.255673,4684640196.0
2022-09-29,3687.88553,3687.88553,3610.383606,3640.477258,4681642483.0
2022-09-30,3632.848585,3671.067632,3584.068704,3585.828752,5644422152.0
2022-10-03,3609.853536,3697.881666,3605.066826,3677.971748,4806668254.0
2022-10-04,3726.039634,3791.901537,3726.039634,3790.925858,5147042726.0
2022-10-05,3753.064814,3806.732667,3722.165002,3782.77267,4293204654.0
2022-10-06,3772.023314,3797.669543,3739.433031,3744.664879,4252563695.0
2022-10-07,3705.878036,3707.313456,3621.103467,3638.97628,4449918226.0
2022-10-10,3647.596392,3652.139855,3588.033224,3612.515716,3834297170.0
2022-10-11,3596.544366,3641.122292,3568.400904,3588.312888,4758731168.0
2022-10-12,3590.667256,3608.147672,3574.009655,3576.89284,4006635162.0
2022-10-13,3520.461579,3685.500122,3491.700474,3670.238343,5020941557.0
2022-10-14,3690.78815,3711.979407,3579.888395,3583.15154,4242916678.0
2022-10-17,3638.590245,3689.103604,3638.590245,3677.344686,4352843550.0
2022-10-18,3746.042367,3763.327493,3686.168022,3719.729851,4484509150.0
2022-10-19,3702.267377,3728.529685,3666.873092,3694.605129,4224023152.0
2022-10-20,3689.286514,3736.278862,3656.866569,3665.158768,4496231108.0
2022-10-21,3657.058711,3757.607288,3647.487794,3752.794156,5077289086.0
2022-10-24,3761.629037,3810.677172,3741.090842,3797.552852,4747831931.0
2022-10-25,3799.488041,3862.515246,3799.396344,3859.280142,4843513147.0
2022-10-26,3825.746656,3886.63023,3824.144411,3830.83094,4817203722.0
2022-10-27,3834.487306,3860.070154,3803.354657,3807.295514,4687574045.0
2022-10-28,3808.490901,3905.563272,3808.12286,3900.953407,4459329229.0
2022-10-31,3881.330558,3894.258821,3862.635467,3871.56449,4820965639.0
2022-11-01,3902.198679,3912.242375,3844.03348,3855.930399,4480494235.0
2022-11-02,3852.361388,3894.737999,3758.742309,3759.193155,4899785889.0
2022-11-03,3733.002597,3750.056856,3697.541267,3719.5755,4624775444.0
2022-11-04,3767.70435,3796.075984,3708.970441,3770.583579,5400608630.0
2022-11-07,3781.136181,3813.567073,3764.678677,3806.755202,4341501828.0
2022-11-08,3817.057275,3859.680687,3786.475558,3829.283319,4607586631.0
2022-11-09,3810.581511,3818.265109,3744.073372,3748.065587,4644898008.0
2022-11-10,3859.685599,3957.779667,3859.58053,3956.320624,5781407772.0
2022-11-11,3963.749015,4001.404455,3944.515984,3992.361445,5593565908.0
2022-11-14,3977.984897,4008.370986,3956.186981,3957.096543,4562412817.0
2022-11-15,4006.373505,4028.818672,3953.177364,3991.59143,5016016130.0
2022-11-16,3976.807807,3982.430738,3954.398596,3959.124509,4165458214.0
2022-11-17,3919.175991,3954.539194,3906.465534,3946.382595,4052474343.0
2022-11-18,3965.817948,3980.040318,3935.813363,3965.264223,4037397536.0
2022-11-21,3956.025637,3962.755929,3933.201869,3949.769968,3851104889.0
2022-11-22,3965.872705,4006.219531,3957.872159,4003.019156,3888156686.0
2022-11-23,3999.752674,4033.609435,3998.351725,4026.997391,3279539876.0
2022-11-25,4023.263823,4034.350031,4020.535663,4025.966345,1706490927.0
2022-11-28,4005.031766,4011.709239,3957.072992,3963.969206,3615611918.0
2022-11-29,3964.234083,3976.387266,3937.815683,3957.851093,3546028582.0
2022-11-30,3957.026142,4080.246033,3938.036562,4080.014389,6579631633.0
2022-12-01,4087.743724,4099.624773,4051.211479,4076.467267,4527521761.0
2022-12-02,4040.37459,4080.464817,4026.263444,4070.999288,4012610621.0
2022-12-05,4051.488474,4052.036495,3984.852205,3999.055919,4279559775.0
2022-12-06,3996.898148,4001.550548,3918.307229,3940.985738,4369113132.0
2022-12-07,3932.975337,3957.143547,3922.507414,3934.213834,4117927450.0
2022-12-08,3947.562253,3974.358546,3936.463418,3964.031782,4006570120.0
2022-12-09,3954.294011,3977.027706,3933.262807,3934.30595,3887822917.0
2022-12-12,3939.096325,3991.268806,3935.682949,3990.1517,3903998647.0
2022-12-13,4069.74322,4100.962723,3993.203694,4019.64319,5079074160.0
2022-12-14,4015.229031,4053.44842,3965.473651,3995.459386,4472010384.0
2022-12-15,3958.125115,3958.272391,3879.687123,3895.627081,4493593459.0
2022-12-16,3890.654524,3890.654524,3828.372789,3852.14282,7494056971.0
2022-12-19,3853.572054,3855.016668,3800.09124,3817.87505,3970415975.0
2022-12-20,3810.888814,3838.466389,3796.303952,3821.810273,3985697028.0
2022-12-21,3839.731416,3890.780541,3839.731416,3878.305635,3775623803.0
2022-12-22,3853.918896,3853.918896,3764.569791,3821.757644,3956800661.0
2022-12-23,3815.975239,3845.69706,3797.105499,3844.995538,2819309508.0
2022-12-27,3842.943948,3846.428428,3813.272302,3828.956171,3030429237.0
2022-12-28,3829.587026,3848.401697,3780.306963,3783.301061,3083316624.0
2022-12-29,3805.002354,3858.337205,3805.002354,3849.338214,3003552124.0
2022-12-30,3828.762309,3839.829603,3800.424146,3838.774739,2980124645.0
2023-01-03,3853.04725,3878.881288,3794.172202,3824.170899,3959571662.0
2023-01-04,3839.954122,3872.920946,3815.898869,3853.168219,4414109755.0
2023-01-05,3839.336093,3840.118655,3802.428024,3808.342732,3892984672.0
2023-01-06,3823.314952,3906.400289,3809.854801,3895.125793,3923444023.0
2023-01-09,3910.344232,3950.565316,3890.6779,3891.320549,4311148531.0
2023-01-10,3888.897535,3919.75052,3877.354849,3919.75052,3851058961.0
2023-01-11,3931.989205,3971.033472,3928.002924,3969.773267,4303469909.0
2023-01-12,3978.687594,3997.433389,3938.265166,3982.690619,4440139798.0
2023-01-13,3960.421322,4004.069242,3947.613908,3998.775054,3939795227.0
2023-01-17,3999.308831,4015.08865,3984.537839,3991.062252,4235736581.0
2023-01-18,4001.731572,4014.876689,3926.455594,3929.127185,4298820418.0
2023-01-19,3912.507484,3923.287838,3885.350265,3898.659848,3991020409.0
2023-01-20,3909.477656,3972.938056,3898.46196,3972.938056,4013258356.0
2023-01-23,3978.25801,4039.517112,3972.190379,4019.0894,3945371692.0
2023-01-24,4001.201035,4024.023617,3989.967343,4016.531201,3320954200.0
2023-01-25,3982.793863,4019.342389,3949.017606,4015.390877,3723918734.0
2023-01-26,4035.62746,4061.878002,4013.538509,4060.065547,3809799848.0
2023-01-27,4054.312769,4094.369351,4048.729829,4071.17393,3908103161.0
2023-01-30,4049.597684,4063.937754,4015.473664,4018.596797,3801925242.0
2023-01-31,4020.888472,4077.142821,4020.575875,4076.695731,4679857377.0
2023-02-01,4069.078446,4149.129038,4037.021847,4118.946979,4857513887.0
2023-02-02,4158.271205,4195.53618,4141.984368,4179.667125,5625136378.0
2023-02-03,4136.974447,4182.384578,4123.444071,4136.675777,4694725211.0
2023-02-06,4120.06948,4124.365487,4093.626687,4110.437524,4115211017.0
2023-02-07,4105.805451,4177.247447,4088.136765,4163.761611,4355591991.0
2023-02-08,4152.808977,4156.413454,4111.961907,4118.450732,4030675965.0
2023-02-09,4144.374971,4156.407716,4069.301083,4081.073193,4270528079.0
2023-02-10,4069.333127,4094.228989,4060.557532,4090.153575,3892041614.0
2023-02-13,4095.94076,4139.628161,4092.45345,4137.295498,3448509631.0
2023-02-14,4126.696933,4159.394192,4094.571003,4136.246994,3929531811.0
2023-02-15,4119.612809,4147.804868,4104.396806,4147.340871,4076561632.0
2023-02-16,4114.626243,4136.13887,4089.093697,4090.441394,4143209436.0
2023-02-17,4076.634694,4081.642032,4047.667033,4079.338072,4045413927.0
2023-02-21,4052.218113,4052.218113,3995.691501,3998.124147,4120707463.0
2023-02-22,4001.699096,4017.177875,3976.672987,3990.999664,4079247252.0
2023-02-23,4018.540593,4027.433011,3969.115264,4012.303499,3952617437.0
2023-02-24,3973.01611,3978.345646,3942.681027,3970.646444,3877615556.0
2023-02-27,3992.183241,4017.84906,3973.881026,3982.021299,3838071787.0
2023-02-28,3977.174149,3996.905149,3969.316048,3969.624114,5044266357.0
2023-03-01,3963.515448,3972.161155,3939.341123,3951.488776,4248868310.0
2023-03-02,3938.560028,3990.318219,3928.371062,3981.778561,4245135905.0
2023-03-03,3997.856241,4048.612665,3995.199322,4045.785959,4085056342.0
2023-03-06,4055.187353,4078.204071,4044.398018,4048.380646,4000734812.0
2023-03-07,4047.482373,4050.648636,3979.985676,3985.792734,3922569941.0
2023-03-08,3987.740269,4000.709763,3970.272071,3991.986709,3535667575.0
2023-03-09,3998.659687,4017.405044,3908.99889,3918.803258,4444661396.0
2023-03-10,3912.785551,3933.689264,3846.053401,3861.113522,5517620893.0
2023-03-13,3835.48857,3905.286509,3808.875279,3855.665641,6558132993.0
2023-03-14,3893.249581,3937.186733,3873.513629,3919.138173,5665926320.0
2023-03-15,3875.974786,3894.194063,3837.806956,3891.65839,6593542773.0
2023-03-16,3879.036138,3964.964335,3864.178754,3960.378214,5695337540.0
2023-03-17,3958.687124,3958.687124,3901.107925,3916.813519,9354196018.0
2023-03-20,3917.536637,3956.656239,3916.516794,3951.741103,5347613837.0
2023-03-21,3975.706156,4009.462796,3970.60255,4002.479113,4920202367.0
2023-03-22,4002.305916,4039.816832,3935.554382,3936.321952,4533745586.0
2023-03-23,3959.579212,4007.595945,3918.904485,3948.823581,4991252674.0
2023-03-24,3939.400612,3972.625215,3909.126647,3970.78909,4584058521.0
2023-03-27,3982.826045,4003.133886,3970.142453,3978.261224,4233390008.0
2023-03-28,3973.29226,3978.77965,3951.787171,3972.018409,4014836043.0
2023-03-29,3999.837688,4030.718405,3999.503814,4028.611871,4144926012.0
2023-03-30,4047.234392,4057.794147,4032.332704,4050.449255,3931617633.0
2023-03-31,4056.441376,4110.780801,4056.10574,4109.54403,4524354978.0
2023-04-03,4101.839348,4128.089125,4098.467416,4124.868991,4235426454.0
2023-04-04,4128.307929,4132.639147,4086.916756,4100.911068,4227838045.0
2023-04-05,4094.852344,4099.593115,4072.045827,4090.234921,3968239203.0
2023-04-06,4081.786079,4107.397334,4070.059631,4105.545119,3487155307.0
2023-04-10,4084.842043,4109.210625,4072.16839,4109.110058,3423943633.0
2023-04-11,4110.19696,4124.850144,4102.986578,4108.992579,3665562385.0
2023-04-12,4122.028219,4134.745761,4086.801617,4091.320677,3633338020.0
2023-04-13,4100.063577,4150.380178,4099.835477,4146.487549,3597261654.0
2023-04-14,4139.647277,4163.936914,4112.738438,4137.532388,3575372732.0
2023-04-17,4137.341456,4151.512769,4122.900719,4151.512769,3611945003.0
2023-04-18,4164.500735,4169.476759,4140.517584,4154.967804,3536776409.0
2023-04-19,4139.366489,4162.722315,4134.974175,4154.59519,3572405227.0
2023-04-20,4130.57068,4148.190415,4115.255562,4129.77116,3771743044.0
2023-04-21,4132.033236,4138.144456,4113.876881,4133.845162,3611669354.0
2023-04-24,4132.680659,4141.951764,4118.526761,4136.957756,3290296530.0
2023-04-25,4126.058511,4126.715129,4071.03738,4071.03738,3978474789.0
2023-04-26,4087.539945,4090.102541,4049.795027,4056.220758,3836929114.0
2023-04-27,4075.294516,4138.352932,4074.906073,4135.015546,3750147036.0
2023-04-28,4129.992858,4169.287431,4127.3536,4168.927832,4088105704.0
2023-05-01,4166.166115,4186.515133,4163.145008,4167.444059,3321297340.0
2023-05-02,4163.554477,4164.335249,4089.261271,4119.696799,4485844774.0
2023-05-03,4121.409997,4148.308599,4089.050925,4090.710517,4246371847.0
2023-05-04,4082.563397,4082.563397,4047.748717,4060.353841,4920264716.0
2023-05-05,4084.273183,4147.535424,4084.273183,4136.09131,4186300652.0
2023-05-08,4136.820893,4142.356412,4124.183865,4138.603959,3641384730.0
2023-05-09,4124.522769,4130.011791,4116.443526,4118.984026,3810187876.0
2023-05-10,4143.474396,4154.693118,4098.522756,4137.571668,4057139440.0
2023-05-11,4132.335806,4132.519791,4109.095182,4131.050937,3752472370.0
2023-05-12,4138.416157,4143.454958,4098.724219,4124.408144,3533638050.0
2023-05-15,4126.92726,4141.398403,4110.228418,4136.70241,3562376370.0
2023-05-16,4128.146326,4136.276595,4108.760411,4108.760411,3654409071.0
2023-05-17,4122.564824,4165.346092,4113.494236,4159.490952,4038987116.0
2023-05-18,4157.610056,4202.351353,4154.195445,4198.316969,3980769389.0
2023-05-19,4204.588708,4213.104955,4179.89947,4193.011826,4041503912.0
2023-05-22,4190.944641,4209.553374,4180.26175,4192.301882,3728166168.0
2023-05-23,4176.216322,4185.154043,4142.108702,4144.849026,4155215596.0
2023-05-24,4133.230925,4133.230925,4104.009848,4115.243205,0.0
2023-05-25,4155.259228,4165.434438,4130.218571,4151.16547,4147827713.0
2023-05-26,4156.747219,4213.004288,4156.630366,4205.72509,3715357689.0
2023-05-30,4227.142818,4231.003854,4192.003996,4205.972083,4229162940.0
2023-05-31,4190.861718,4195.65022,4166.381153,4179.793591,5980498392.0
2023-06-01,4183.095556,4232.480162,4171.815837,4220.918416,4392841464.0
2023-06-02,4240.921115,4289.351386,4240.780777,4282.593965,4453972264.0
2023-06-05,4283.280846,4299.356696,4267.082639,4273.68049,3812904198.0
2023-06-06,4271.181472,4288.605455,4263.883841,4283.704454,3996493512.0
2023-06-07,4285.571168,4299.381654,4264.161092,4267.962619,4537686971.0
2023-06-08,4269.062143,4297.965674,4261.311153,4294.471116,3826430907.0
2023-06-09,4304.638032,4323.329961,4291.988664,4299.325845,3787495240.0
2023-06-12,4308.054349,4340.265023,4303.741259,4338.857182,3945795720.0
2023-06-13,4352.090003,4375.561615,4349.510225,4368.07489,4275598485.0
2023-06-14,4365.825259,4392.278546,4337.409043,4372.525039,4251913604.0
2023-06-15,4364.531923,4439.361158,4362.342754,4425.504374,4176448725.0
2023-06-16,4441.274309,4448.070734,4408.392804,4409.53264,6849302364.0
2023-06-20,4396.905082,4399.076997,4367.079337,4388.415439,4055110314.0
2023-06-21,4380.634061,4386.010939,4359.81741,4365.680887,3708906074.0
2023-06-22,4354.691678,4382.583465,4352.321407,4381.434738,3510913170.0
2023-06-23,4354.485536,4366.395623,4340.928425,4347.77318,6054437873.0
2023-06-26,4345.457726,4362.409537,4327.886432,4329.349105,3414902101.0
2023-06-27,4337.161728,4384.485131,4335.541464,4377.9856,3573648712.0
2023-06-28,4367.524287,4390.915604,4360.238862,4376.860008,3739340369.0
2023-06-29,4374.0615,4398.260289,4371.287489,4396.859588,3697139183.0
2023-06-30,4422.557904,4458.688466,4422.557904,4450.786783,3922828242.0
2023-07-03,4450.006645,4456.685407,4442.113917,4455.943996,2034429716.0
2023-07-05,4442.128718,4454.728881,4437.293035,4446.954504,3482550731.0
2023-07-06,4421.929656,4421.929656,4384.783989,4411.909244,3682360544.0
2023-07-07,4404.779143,4440.186586,4397.862168,4399.55421,3630182561.0
2023-07-10,4394.680175,4412.974514,4390.699439,4409.7172,3429608366.0
2023-07-11,4415.203988,4444.327077,4408.084826,4438.444184,3624182849.0
2023-07-12,4467.182,4488.447596,4463.143745,4471.923788,3919897016.0
2023-07-13,4490.531622,4517.247657,4489.534331,4510.354105,3839038382.0
2023-07-14,4514.489588,4528.102571,4499.174291,4505.137389,3647238298.0
2023-07-17,4508.597631,4533.243868,4505.021668,4523.522779,3538285973.0
2023-07-18,4521.078448,4562.135716,4514.488301,4554.951202,4089700422.0
2023-07-19,4564.076869,4578.581405,4557.368291,4565.759137,4115534153.0
2023-07-20,4554.174949,4565.279114,4527.582216,4535.380174,3761060606.0
2023-07-21,4549.670679,4555.861104,4535.822363,4536.256897,3570057671.0
2023-07-24,4543.138173,4563.749037,4541.364462,4554.720425,3856644721.0
2023-07-25,4555.677941,4580.640336,4552.147311,4567.870632,3812738848.0
2023-07-26,4559.234837,4582.445435,4547.327609,4566.077651,3990255316.0
2023-07-27,4598.199976,4607.326621,4528.506355,4537.280705,4553320940.0
2023-07-28,4566.032668,4590.107061,4563.989338,4582.609918,3980680269.0
2023-07-31,4584.287567,4594.30734,4572.939445,4588.990065,4504331582.0
2023-08-01,4578.8449,4584.135121,4567.677746,4577.40154,4043205866.0
2023-08-02,4550.997221,4551.520457,4504.932314,4512.678861,4270780391.0
2023-08-03,4494.058862,4518.974929,4485.212385,4501.129316,4150194907.0
2023-08-04,4514.156525,4540.14365,4474.42455,4478.374453,4143028179.0
2023-08-07,4491.22954,4519.883954,4490.765408,4518.831151,3493482883.0
2023-08-08,4498.259104,4504.206662,4465.117474,4499.292932,3884634318.0
2023-08-09,4501.818247,4502.249631,4461.338493,4467.888846,3803016526.0
2023-08-10,4485.85118,4527.068587,4457.998724,4469.163098,4505411440.0
2023-08-11,4451.21971,4475.983422,4443.765234,4463.686492,3753184473.0
2023-08-14,4456.771209,4491.074978,4453.432914,4489.40286,3896075043.0
2023-08-15,4478.594197,4478.594197,4431.651318,4437.944061,3831905688.0
2023-08-16,4434.244657,4449.503982,4403.475025,4404.728269,3754337954.0
2023-08-17,4416.1797,4422.377471,4364.42109,4369.850298,3944093306.0
2023-08-18,4344.242843,4382.078738,4335.189796,4369.623464,3940208702.0
2023-08-21,4379.800698,4407.062336,4359.183604,4399.662561,3726150923.0
2023-08-22,4415.783491,4418.571322,4382.275642,4387.733186,3522362424.0
2023-08-23,4395.595163,4443.210147,4395.595163,4436.005907,3837930488.0
2023-08-24,4455.66314,4458.677033,4375.913149,4376.071163,3723726476.0
2023-08-25,4389.355696,4419.272738,4356.864651,4406.260043,3296201577.0
2023-08-28,4425.502027,4439.732558,4415.592657,4433.070989,2957782657.0
2023-08-29,4432.49152,4499.897224,4431.978422,4497.498509,3355476983.0
2023-08-30,4499.882058,4522.005794,4493.386343,4514.151577,3064098988.0
2023-08-31,4517.40104,4531.943299,4506.922607,4507.338478,3946353066.0
2023-09-01,4530.931931,4540.780736,4501.866288,4516.003068,3246071053.0
2023-09-05,4509.284707,4513.495565,4496.038795,4496.974247,3526149642.0
2023-09-06,4490.168871,4490.168871,4443.487822,4465.747694,3418341848.0
2023-09-07,4434.167021,4457.41044,4430.298206,4451.385387,3763199054.0
2023-09-08,4451.875585,4473.002897,4449.257502,4458.420831,3258728536.0
2023-09-11,4480.375004,4490.910687,4467.820084,4487.124362,3370285413.0
2023-09-12,4473.987635,4486.571679,4457.425532,4461.177332,3435203543.0
2023-09-13,4462.635044,4477.981966,4454.275645,4466.970613,3530118226.0
2023-09-14,4487.258335,4511.519222,4478.231794,4504.783095,3648453506.0
2023-09-15,4497.675344,4497.767739,4446.994272,4449.886218,6933434371.0
2023-09-18,4444.773553,4466.089448,4441.651003,4453.571497,3161114598.0
2023-09-19,4444.843536,4450.526263,4416.066645,4444.506869,3614313842.0
2023-09-20,4452.852283,4460.756082,4401.673484,4402.877984,3308874732.0
2023-09-21,4373.822729,4376.085661,4329.084798,4330.218366,3662853411.0
2023-09-22,4340.793576,4357.391631,4316.512838,4320.985101,3349266512.0
2023-09-25,4310.456453,4338.491412,4302.939528,4337.285367,3195544016.0
2023-09-26,4312.102333,4312.649465,4265.187623,4272.832123,3472025477.0
2023-09-27,4282.30776,4292.044594,4239.175295,4274.959948,3875833285.0
2023-09-28,4269.261747,4316.939707,4264.231016,4298.909655,3846271474.0
2023-09-29,4327.803098,4333.223576,4275.087457,4287.726056,3865824157.0
2023-10-02,4285.377336,4300.478477,4260.474398,4288.613181,3937943601.0
2023-10-03,4269.774086,4280.745493,4217.028185,4229.406894,3953600330.0
2023-10-04,4233.933964,4268.92339,4220.435726,4263.668583,3777865761.0
2023-10-05,4258.553435,4267.312021,4225.012726,4257.687139,3581395183.0
2023-10-06,4234.513099,4323.906351,4219.57391,4308.495346,3901902232.0
2023-10-09,4289.112363,4341.79315,4283.876018,4336.09531,3174334513.0
2023-10-10,4339.30538,4385.423201,4339.191305,4358.248937,3520025247.0
2023-10-11,4366.986358,4378.26025,4345.403933,4376.58681,3602167455.0
2023-10-12,4380.413047,4385.881016,4325.27402,4349.067233,3712716785.0
2023-10-13,4360.365365,4376.828275,4311.391223,4327.42941,3566817086.0
2023-10-16,4342.115632,4382.915882,4342.115632,4373.801475,3409976046.0
2023-10-17,4345.301382,4392.85685,4337.295521,4373.350459,3794942902.0
2023-10-18,4357.071014,4364.043692,4303.664945,4314.254711,3685760051.0
2023-10-19,4321.2428,4339.786078,4269.492435,4277.054237,3969590354.0
2023-10-20,4273.749179,4276.262983,4223.551531,4224.337576,4004027710.0
2023-10-23,4210.090696,4256.912617,4189.203074,4216.661472,3775903391.0
2023-10-24,4235.995515,4259.75713,4219.463551,4247.972867,3821946667.0
2023-10-25,4232.520818,4232.971969,4181.235673,4186.453454,3869547000.0
2023-10-26,4175.953229,4183.932796,4128.090969,4136.821263,4278569406.0
2023-10-27,4152.751409,4157.470376,4104.333516,4117.433184,4019611818.0
2023-10-30,4139.719857,4177.141447,4133.207698,4167.802235,3910392095.0
2023-10-31,4171.231704,4194.475435,4153.405381,4194.113933,4249964221.0
2023-11-01,4201.141168,4245.450728,4197.994714,4237.917591,4224813867.0
2023-11-02,4268.30445,4319.96135,4267.670642,4317.934729,4670719525.0
2023-11-03,4334.96532,4373.686385,4333.85025,4357.576648,4571632354.0
2023-11-06,4363.685052,4372.330403,4347.440666,4365.489969,3656155257.0
2023-11-07,4366.546097,4386.839151,4355.094013,4377.280503,3791503690.0
2023-11-08,4383.540081,4391.367964,4359.295653,4383.537951,3729288484.0
2023-11-09,4391.50557,4393.750897,4343.12668,4348.014106,3900781050.0
2023-11-10,4364.837292,4417.614684,4352.753654,4415.413673,3665327754.0
2023-11-13,4406.875496,4421.275409,4393.707112,4411.609411,3326610211.0
2023-11-14,4459.046296,4509.397673,4458.939258,4495.002647,4700770778.0
2023-11-15,4505.047305,4521.215541,4494.953556,4502.781135,4347202599.0
2023-11-16,4497.09404,4511.709034,4487.865498,4509.048288,3965504558.0
2023-11-17,4509.436136,4519.839239,4499.464946,4514.079341,3777102123.0
2023-11-20,4511.345586,4556.814051,4510.851751,4547.123117,3644204209.0
2023-11-21,4538.638452,4541.818118,4525.436622,4537.392096,3510583288.0
2023-11-22,4553.130363,4567.843979,4545.366291,4557.24907,3043258513.0
2023-11-24,4555.490312,4559.62582,4552.892324,4559.30789,1639487433.0
2023-11-27,4554.492613,4560.431087,4545.682398,4549.630786,3404044143.0
2023-11-28,4544.931499,4567.86928,4540.468602,4554.469144,3586045438.0
2023-11-29,4572.018477,4588.148062,4546.588046,4549.998724,4418559962.0
2023-11-30,4555.118505,4570.02407,4537.191177,4567.739627,5398875023.0
2023-12-01,4559.5358,4599.512167,4554.370575,4594.725147,4397327171.0
2023-12-04,4564.810657,4572.030335,4546.893883,4569.549826,4369867446.0
2023-12-05,4557.290043,4578.504645,4551.069179,4567.535067,3910120085.0
2023-12-06,4586.409766,4590.905961,4546.506684,4549.375694,4245824115.0
2023-12-07,4568.978662,4591.248722,4565.481535,4586.076977,3818717362.0
2023-12-08,4576.158305,4609.186704,4574.475198,4604.205652,3706469247.0
2023-12-11,4593.14631,4624.208916,4593.039125,4623.847625,3822619008.0
2023-12-12,4619.322367,4643.933886,4608.098024,4643.438064,3809532664.0
2023-12-13,4645.99021,4710.063348,4643.315484,4706.664638,5064398495.0
2023-12-14,4720.725676,4738.337704,4695.066117,4719.065437,6314886197.0
2023-12-15,4714.434583,4724.673241,4703.993022,4719.090394,8218425542.0
2023-12-18,4725.699094,4749.647477,4725.149529,4739.744902,4060343861.0
2023-12-19,4743.053821,4769.035826,4743.053821,4768.510576,4026641656.0
2023-12-20,4765.264906,4778.284667,4697.454919,4697.454919,4200768752.0
2023-12-21,4724.245539,4748.910445,4707.459752,4746.826741,3430977981.0
2023-12-22,4753.391794,4772.773563,4736.494079,4753.987413,3047174058.0
2023-12-26,4759.425589,4784.334209,4757.132641,4774.567942,2514121356.0
2023-12-27,4773.748858,4785.65416,4769.014795,4781.869144,2748183387.0
2023-12-28,4785.834676,4793.504214,4781.367137,4784.4522,2698775036.0
2023-12-29,4783.729888,4788.161593,4751.557013,4769.31589,3126294180.0
2024-01-02,4745.512808,4754.857535,4722.447615,4742.758785,3742836283.0
2024-01-03,4725.065006,4728.872506,4700.144052,4704.469544,3950791443.0
2024-01-04,4698.166914,4726.503967,4686.709366,4688.272321,3715629306.0
2024-01-05,4690.644544,4722.262871,4681.491089,4696.904394,3844520288.0
2024-01-08,4703.686986,4764.953878,4699.712614,4763.932586,3742415109.0
2024-01-09,4741.617066,4765.299607,4729.994217,4756.267856,3529729248.0
2024-01-10,4760.216899,4790.937483,4756.060426,4784.526143,3498487232.0
2024-01-11,4792.358277,4798.574277,4738.981114,4780.439082,3759463760.0
2024-01-12,4791.187209,4801.081349,4769.082186,4783.346906,3485795665.0
2024-01-16,4771.973089,4781.906337,4747.049274,4765.80521,4260501111.0
2024-01-17,4739.191458,4744.205858,4715.078758,4738.829949,3928920676.0
2024-01-18,4760.066873,4785.619372,4740.664825,4781.322449,4018445265.0
2024-01-19,4795.640214,4842.189473,4785.969036,4839.01692,4287317029.0
2024-01-22,4852.70559,4868.960035,4843.349206,4849.779757,4297947204.0
2024-01-23,4857.074288,4866.323506,4844.608747,4864.312334,3912081323.0
2024-01-24,4887.28811,4903.161536,4865.778944,4868.882301,4329912838.0
2024-01-25,4886.760533,4898.30902,4869.258721,4894.763636,4021091847.0
2024-01-26,4888.676426,4906.529677,4881.981922,4891.645434,3353585088.0
2024-01-29,4893.590314,4929.23313,4887.048285,4928.191258,3524500634.0
2024-01-30,4925.64706,4930.945968,4916.934298,4924.929392,3836382548.0
2024-01-31,4899.513035,4907.850014,4845.849772,4846.03495,4695768854.0
2024-02-01,4860.916919,4905.870708,4853.885385,4905.628428,4386393213.0
2024-02-02,4916.115978,4975.096832,4907.508947,4957.69517,3974075737.0
2024-02-05,4957.555205,4957.555205,4917.014605,4943.02588,4023618662.0
2024-02-06,4949.931184,4957.382747,4935.412275,4953.731744,4440641284.0
2024-02-07,4973.545396,5000.34004,4969.105152,4995.027437,4895591546.0
2024-02-08,4994.663788,5000.806564,4986.718207,4997.969945,4341613695.0
2024-02-09,5004.317341,5030.036038,5000.926665,5026.734583,3912902530.0
2024-02-12,5027.293873,5048.25349,5016.397849,5022.310788,3805292595.0
2024-02-13,4968.267844,4971.244148,4920.101361,4953.582063,4302401091.0
2024-02-14,4977.393649,5002.4676,4956.710355,5000.717629,3845667408.0
2024-02-15,5002.758177,5032.680772,4998.883202,5029.507659,4137301084.0
2024-02-16,5030.436015,5038.605468,4999.465284,5005.623765,3833650612.0
2024-02-20,4988.823719,4993.836027,4955.559689,4975.213121,4034808870.0
2024-02-21,4963.357565,4983.585302,4946.104415,4981.701948,3788451282.0
2024-02-22,5039.080973,5093.763394,5039.080973,5088.361658,4052019778.0
2024-02-23,5100.972082,5110.523058,5082.035996,5088.892517,3672910556.0
2024-02-26,5092.428078,5096.768821,5068.914079,5069.758038,3684359253.0
2024-02-27,5074.989252,5081.130131,5056.108281,5077.82192,3925834854.0
2024-02-28,5066.579613,5077.497216,5057.790759,5070.276918,3789761984.0
2024-02-29,5085.949231,5105.248173,5062.276528,5096.657475,5219804163.0
2024-03-01,5099.966633,5139.595269,5093.370433,5137.474273,4748351030.0
2024-03-04,5131.17826,5150.589111,5127.012675,5131.060455,4758632065.0
2024-03-05,5110.818018,5114.22864,5056.990988,5079.175131,4418958206.0
2024-03-06,5107.778031,5128.05647,5092.968553,5105.40893,4559378896.0
2024-03-07,5131.450813,5166.06146,5127.915079,5157.505868,4137796710.0
2024-03-08,5164.148689,5188.747596,5117.170695,5123.631218,4208600099.0
2024-03-11,5111.401277,5124.380184,5091.113436,5118.397777,3896410614.0
2024-03-12,5133.556869,5179.962926,5114.659454,5174.80211,4080199840.0
2024-03-13,5174.381296,5180.620062,5151.800417,5164.93921,4282439358.0
2024-03-14,5175.281347,5177.005985,5123.837376,5150.452528,4686972375.0
2024-03-15,5123.504584,5137.685028,5103.942187,5116.198776,7752468753.0
2024-03-18,5154.610726,5176.224106,5145.532043,5149.846085,4037021354.0
2024-03-19,5139.001004,5180.500699,5131.818309,5178.01112,4031495315.0
2024-03-20,5182.189742,5225.672969,5171.342822,5224.373781,4065623728.0
2024-03-21,5253.413188,5261.657645,5241.10022,5241.417994,4207899637.0
2024-03-22,5242.758196,5245.303922,5229.948021,5234.200739,3374683208.0
2024-03-25,5219.417715,5229.926956,5216.501313,5218.010617,3330860094.0
2024-03-26,5228.671191,5235.264862,5203.520922,5203.545021,3871791808.0
2024-03-27,5225.574762,5248.458939,5214.116176,5248.458939,3851228585.0
2024-03-28,5246.991857,5264.670826,5245.488083,5254.115212,3998892785.0
2024-04-01,5257.832686,5264.29443,5228.870352,5243.364574,3326021210.0
2024-04-02,5204.319442,5208.216394,5184.684538,5206.373053,3886143560.0
2024-04-03,5193.702054,5229.123859,5193.702054,5210.393525,3702895538.0
2024-04-04,5244.031726,5256.143021,5145.533635,5147.104075,4075332511.0
2024-04-05,5158.977926,5221.498168,5157.303236,5204.095813,3387212883.0
2024-04-08,5210.246542,5219.532533,5196.116363,5202.608008,3278714907.0
2024-04-09,5216.552362,5224.826551,5160.483587,5209.152483,3400746617.0
2024-04-10,5168.090352,5178.249767,5139.194039,5160.382215,3845813437.0
2024-04-11,5173.150419,5212.419422,5138.70571,5199.006841,3509923501.0
2024-04-12,5170.913142,5174.5898,5108.00017,5123.958399,3962832170.0
2024-04-15,5149.751517,5168.592033,5050.946197,5061.98797,3950230471.0
2024-04-16,5065.107651,5079.874371,5039.632389,5050.812328,4006385473.0
2024-04-17,5069.364111,5077.169467,5007.419381,5021.96514,3595819726.0
2024-04-18,5031.472076,5055.993168,5002.12287,5011.564128,3619529814.0
2024-04-19,5005.205699,5019.025998,4954.036767,4966.633528,3878473159.0
2024-04-22,4987.016203,5039.838139,4969.295417,5010.560692,3820791225.0
2024-04-23,5029.085357,5076.414162,5027.87667,5070.54518,3752118156.0
2024-04-24,5084.959071,5088.601722,5046.347697,5071.434228,3656781977.0
2024-04-25,5020.195836,5056.176793,4990.47801,5049.780851,3957943838.0
2024-04-26,5084.716956,5114.995046,5072.500122,5099.74947,3603923809.0
2024-04-29,5114.548609,5123.440939,5087.709586,5116.400029,3447450602.0
2024-04-30,5103.828063,5111.41336,5034.763637,5035.304056,4082245374.0
2024-05-01,5029.424407,5095.671293,5014.206567,5018.654981,4544125908.0
2024-05-02,5049.75953,5073.387631,5010.914225,5064.64118,4381841065.0
2024-05-03,5122.367644,5139.554976,5101.332379,5127.488543,3924830915.0
2024-05-06,5141.490098,5180.768169,5141.490098,5180.711895,3683180170.0
2024-05-07,5188.000836,5200.008406,5178.032642,5187.235751,3987816043.0
2024-05-08,5169.112647,5191.963312,5166.343446,5187.076243,3841977989.0
2024-05-09,5188.140133,5215.582827,5179.284869,5214.620672,3727205456.0
2024-05-10,5225.117229,5239.652646,5209.391147,5222.390839,3618175755.0
2024-05-13,5233.484006,5237.769873,5211.131696,5220.159674,4254956426.0
2024-05-14,5220.954076,5250.127584,5218.10025,5247.606402,4764329921.0
2024-05-15,5262.990254,5311.054154,5262.877406,5307.724138,4360869102.0
2024-05-16,5310.813702,5326.543071,5295.216522,5296.969591,3817702872.0
2024-05-17,5302.544711,5305.12941,5283.166579,5304.140237,3578379442.0
2024-05-20,5304.926649,5325.017111,5302.002881,5308.054644,3419857837.0
2024-05-21,5298.801949,5324.284788,5297.460542,5321.323238,3661905140.0
2024-05-22,5319.487479,5323.215937,5286.52254,5306.357973,3846732873.0
2024-05-23,5340.524826,5341.673321,5256.292193,5266.97864,3869424397.0
2024-05-24,5281.931461,5311.640642,5278.549005,5304.631952,3005720147.0
2024-05-28,5316.015719,5316.015719,5280.973732,5306.232547,3751320999.0
2024-05-29,5278.988313,5282.362364,5263.205654,5267.111114,3552965983.0
2024-05-30,5259.633681,5259.633681,5222.030575,5235.228017,3817845750.0
2024-05-31,5243.242835,5281.323243,5192.090906,5277.520457,5436950361.0
2024-06-03,5297.206865,5302.031769,5234.229679,5282.429231,4047392331.0
2024-06-04,5278.353768,5299.107465,5257.85827,5291.583334,3707836606.0
2024-06-05,5314.890545,5354.116202,5296.843933,5354.116202,3591162216.0
2024-06-06,5358.097241,5362.097531,5333.952247,5354.016454,3609752880.0
2024-06-07,5343.833687,5374.718703,5331.531361,5346.994234,3691641824.0
2024-06-10,5340.788043,5366.578662,5331.749906,5360.284694,3621913497.0
2024-06-11,5353.036224,5375.635265,5327.503312,5375.292559,3568407227.0
2024-06-12,5409.114728,5447.662945,5408.84594,5420.852084,3962609124.0
2024-06-13,5442.035304,5442.035304,5403.31459,5433.976443,3530215998.0
2024-06-14,5425.276915,5432.144256,5403.501494,5431.614704,3437848171.0
2024-06-17,5430.825397,5488.36523,5420.628036,5472.540383,3447277713.0
2024-06-18,5476.381154,5491.084763,5471.645169,5486.132248,3544751793.0
2024-06-20,5500.577887,5504.489321,5456.497728,5473.313816,3847297477.0
2024-06-21,5466.823595,5477.589297,5451.85694,5465.375937,6772921141.0
2024-06-24,5460.856443,5489.590957,5447.234011,5447.913345,3696516893.0
2024-06-25,5460.523543,5472.284706,5445.744085,5469.744621,3591949521.0
2024-06-26,5460.886937,5482.695125,5452.716448,5478.454709,3563493710.0
2024-06-27,5473.15261,5489.923578,5467.770447,5483.016396,3588810607.0
2024-06-28,5488.287047,5523.23462,5451.367086,5460.035229,7199105381.0
2024-07-01,5471.216272,5478.445832,5448.227307,5475.196777,3488959769.0
2024-07-02,5462.302081,5509.674743,5458.607599,5509.674743,3330147086.0
2024-07-03,5507.615681,5539.934965,5506.702679,5537.313421,2179660755.0
2024-07-05,5538.607443,5570.55489,5531.521516,5567.606504,3252574615.0
2024-07-08,5572.697078,5583.214529,5561.967542,5572.592328,3185688446.0
2024-07-09,5584.054743,5590.189372,5574.349145,5576.867128,3232833212.0
2024-07-10,5592.771634,5634.524493,5586.215037,5633.843266,3336070902.0
2024-07-11,5635.432122,5641.807432,5576.202429,5584.511369,4020864844.0
2024-07-12,5590.357521,5655.535621,5589.661035,5616.005947,3700035616.0
2024-07-15,5637.768719,5667.431932,5615.64415,5629.89847,3619377418.0
2024-07-16,5643.557787,5670.181534,5639.188541,5667.217502,4042229583.0
2024-07-17,5610.595246,5622.844796,5584.684137,5588.225595,4246590129.0
2024-07-18,5608.355695,5613.635737,5523.228488,5543.829403,4006915169.0
2024-07-19,5543.440719,5557.513644,5497.298987,5505.369808,3760747924.0
2024-07-22,5544.504826,5570.180864,5529.19247,5564.007015,3375029027.0
2024-07-23,5565.706902,5585.227472,5551.280138,5555.541876,3500063351.0
2024-07-24,5505.37364,5509.162097,5420.052573,5428.133241,3945246818.0
2024-07-25,5428.116299,5490.622225,5391.311508,5399.765522,4592366565.0
2024-07-26,5433.791798,5488.191026,5431.109188,5459.413716,3638478963.0
2024-07-29,5476.878923,5488.405211,5444.528533,5463.748078,3379599273.0
2024-07-30,5478.912166,5488.655266,5401.581145,5436.350414,3778167544.0
2024-07-31,5505.144192,5551.152389,5494.590762,5523.403921,4546828664.0
2024-08-01,5538.215024,5565.865685,5410.161357,5447.117091,4703550628.0
2024-08-02,5376.229936,5383.76992,5302.237261,5346.159307,5156807066.0
2024-08-05,5150.871485,5250.052117,5119.471656,5185.603939,5332893959.0
2024-08-06,5205.92846,5312.65608,5193.243481,5240.32681,4689970427.0
2024-08-07,5293.818603,5330.99531,5195.120332,5199.470951,4558399353.0
2024-08-08,5252.902533,5328.300649,5233.664897,5318.549962,4016210855.0
2024-08-09,5314.98169,5358.203517,5300.578927,5344.3892,3516477747.0
2024-08-12,5352.547375,5371.246662,5323.593755,5344.246358,3359906069.0
2024-08-13,5378.492336,5436.011019,5376.629673,5434.718562,3649292160.0
2024-08-14,5441.429641,5463.03851,5416.05434,5455.450939,3380234775.0
2024-08-15,5500.723692,5547.424343,5500.723692,5542.883041,3723464349.0
2024-08-16,5530.159224,5562.033206,5525.476233,5554.601498,3357150433.0
2024-08-19,5556.75716,5607.970762,5549.2973,5607.970762,3222016685.0
2024-08-20,5602.276126,5620.611123,5585.8582,5596.877828,2994067477.0
2024-08-21,5602.921945,5631.918752,5591.25773,5620.550916,3119658500.0
2024-08-22,5637.084126,5642.543587,5561.202151,5571.270162,2980839692.0
2024-08-23,5602.677942,5641.232441,5585.152261,5634.451772,3291432767.0
2024-08-26,5639.689312,5651.36901,5602.231894,5617.610723,2938919406.0
2024-08-27,5603.159652,5631.7078,5593.422795,5626.803158,2799093298.0
2024-08-28,5624.795338,5627.355252,5560.937725,5591.767071,3053341964.0
2024-08-29,5607.637929,5647.245528,5584.460638,5590.326552,3065361412.0
2024-08-30,5612.53065,5650.749074,5581.779065,5648.989883,4185396148.0
2024-09-03,5625.083044,5625.083044,5504.927593,5528.741102,3866427387.0
2024-09-04,5506.809269,5553.141276,5504.177448,5519.591683,3478020480.0
2024-09-05,5519.051972,5545.95132,5480.905616,5503.086161,3522194675.0
2024-09-06,5506.778037,5522.316488,5401.654875,5408.195573,3822729369.0
2024-09-09,5441.12263,5484.442245,5435.097067,5471.759505,3825962466.0
2024-09-10,5490.519283,5497.718404,5441.471038,5495.607899,3847645679.0
2024-09-11,5496.352973,5560.535855,5407.346952,5554.84281,3839311511.0
2024-09-12,5557.219654,5601.602002,5534.961654,5596.036319,3655134692.0
2024-09-13,5604.466634,5636.173155,5600.986065,5625.846046,3500659496.0
2024-09-16,5615.518226,5636.714485,5605.637458,5632.869952,3436903086.0
2024-09-17,5655.920411,5671.127267,5613.51255,5634.896521,3443712575.0
2024-09-18,5641.154894,5688.915176,5615.723626,5618.720702,3691949180.0
2024-09-19,5702.060107,5732.937906,5686.487261,5714.209668,4024588343.0
2024-09-20,5709.661151,5714.663725,5674.251838,5702.400661,7868160161.0
2024-09-23,5711.998722,5724.87044,5704.194643,5718.670017,3529769398.0
2024-09-24,5726.596924,5735.26804,5698.248742,5733.265002,3873129939.0
2024-09-25,5733.546521,5741.382654,5712.052202,5722.040051,3624688982.0
2024-09-26,5762.228323,5768.094014,5720.390329,5744.718052,4391089134.0
2024-09-27,5755.236037,5763.95741,5727.11336,5737.70727,3898450948.0
2024-09-30,5726.05423,5764.883196,5704.057533,5762.341084,4425971768.0
2024-10-01,5757.419331,5757.419331,5681.424198,5709.128038,4025498960.0
2024-10-02,5698.03936,5719.670257,5673.159016,5710.258857,3829097885.0
2024-10-03,5698.241681,5718.794523,5677.853539,5699.167003,3597765391.0
2024-10-04,5737.826978,5753.315204,5702.826029,5750.726287,3479203994.0
2024-10-07,5738.419978,5740.548687,5686.541765,5695.736105,3638112082.0
2024-10-08,5718.971795,5758.314384,5714.986751,5751.586935,3393744705.0
2024-10-09,5751.537433,5797.254889,5744.923959,5791.734155,3650587309.0
2024-10-10,5778.612756,5794.472259,5764.08779,5779.801417,3208833052.0
2024-10-11,5775.442612,5821.831211,5775.442612,5814.208707,3208948885.0
2024-10-14,5829.556928,5871.354469,5829.556928,5860.133367,3004981329.0
2024-10-15,5867.203938,5869.904671,5804.432741,5815.165908,3882197007.0
2024-10-16,5817.149862,5846.812617,5808.104545,5842.088091,3467334194.0
2024-10-17,5876.379063,5878.669768,5840.939129,5841.318621,3479547327.0
2024-10-18,5860.47217,5871.530849,5845.803014,5865.330868,3374650148.0
2024-10-21,5857.312293,5867.622085,5823.890121,5853.391722,3406584526.0
2024-10-22,5832.708302,5863.100024,5820.774852,5850.707723,3341936986.0
2024-10-23,5834.50658,5834.50658,5763.174698,5798.145905,3532664046.0
2024-10-24,5817.742747,5817.769934,5785.401304,5809.903887,3542771098.0
2024-10-25,5826.371691,5862.98469,5799.832072,5808.509118,3501308904.0
2024-10-28,5833.063509,5843.488317,5823.753981,5823.753981,3691304568.0
2024-10-29,5819.734112,5846.992613,5802.603891,5832.899312,3878781843.0
2024-10-30,5832.201747,5851.424363,5811.124863,5813.467432,3851338734.0
2024-10-31,5775.389508,5775.447925,5702.765247,5705.924637,4425321810.0
2024-11-01,5722.765766,5771.760902,5722.765766,5729.465684,3797318618.0
2024-11-04,5724.520331,5740.617668,5696.03588,5713.309305,3602020565.0
2024-11-05,5722.564251,5784.089167,5722.102675,5782.074236,3767868620.0
2024-11-06,5864.978651,5936.85009,5864.978651,5929.813726,6328906958.0
2024-11-07,5947.554472,5984.033067,5946.206687,5972.886299,4926305268.0
2024-11-08,5978.066204,6013.349482,5976.646613,5995.087358,4666549060.0
2024-11-11,6009.026483,6017.945854,5986.508511,6001.248478,4332409081.0
2024-11-12,6003.891321,6010.330777,5960.692815,5984.487581,4243762264.0
2024-11-13,5985.104999,6007.642408,5964.809746,5985.703371,4220004620.0
2024-11-14,5988.909359,5994.91768,5942.053084,5949.017988,4184843428.0
2024-11-15,5913.725933,5915.637064,5852.727794,5871.111879,4591389515.0
2024-11-18,5873.627454,5907.892159,5866.513368,5893.702546,3983969342.0
2024-11-19,5869.437004,5923.113915,5855.264541,5916.640954,4037907213.0
2024-11-20,5914.316719,5920.821955,5861.612671,5916.690911,3771969320.0
2024-11-21,5940.526499,5962.323318,5887.649628,5948.953998,4229773997.0
2024-11-22,5943.823381,5973.31781,5943.823381,5969.290586,4141314000.0
2024-11-25,5992.097037,6020.175879,5964.053087,5986.546551,5634423753.0
2024-11-26,6000.767414,6025.643229,5992.057852,6022.140012,3835859565.0
2024-11-27,6013.62513,6019.846132,5985.384455,5998.45213,3363773431.0
2024-11-29,6003.143222,6044.010103,6003.143222,6033.34031,2444225883.0
2024-12-02,6040.6792,6053.121877,6034.83295,6046.301493,4412171049.0
2024-12-03,6043.267708,6051.972247,6033.665072,6049.770556,4094660705.0
2024-12-04,6069.01352,6090.990446,6061.802997,6086.064194,4003076364.0
2024-12-05,6088.066399,6095.393936,6071.562669,6074.517283,4212648730.0
2024-12-06,6080.927049,6100.186446,6080.815656,6089.973551,3924734326.0
2024-12-09,6082.976489,6088.494365,6048.54512,6053.921796,4556409196.0
2024-12-10,6058.29596,6065.911944,6028.754181,6034.996679,4048723504.0
2024-12-11,6059.521718,6093.278288,6058.33081,6083.708251,4269239682.0
2024-12-12,6074.238699,6079.175673,6050.143451,6050.143451,3678029363.0
2024-12-13,6068.579611,6078.533006,6035.758126,6050.048232,3584566776.0
2024-12-16,6062.346089,6084.081245,6059.100208,6073.754226,4390970719.0
2024-12-17,6053.175509,6058.360515,6035.57209,6050.226443,4544233501.0
2024-12-18,6046.934798,6071.92353,5867.467612,5872.02859,5246625254.0
2024-12-19,5912.90626,5935.567553,5865.41984,5865.74697,4896990465.0
2024-12-20,5842.144112,5980.788865,5832.05888,5930.795723,8223401909.0
2024-12-23,5940.894271,5978.61401,5902.589663,5974.683797,3593201012.0
2024-12-24,5984.959591,6041.020242,5981.577977,6041.020242,1757785156.0
2024-12-26,6023.537904,6049.34869,6006.896037,6036.446055,2904277708.0
2024-12-27,6005.69857,6006.546254,5933.485019,5970.361345,3159825355.0
2024-12-30,5920.751749,5940.941264,5868.795449,5906.435351,3433179207.0
2024-12-31,5919.624811,5929.450799,5868.349438,5881.715591,3128198693.0
2025-01-02,5903.541712,5934.704297,5829.213596,5867.833975,3621392164.0
2025-01-03,5891.534846,5949.414708,5889.293093,5943.469895,3667251471.0
2025-01-06,5983.174084,6020.793498,5959.930619,5975.405889,4941044118.0
2025-01-07,5993.131345,6000.014558,5890.27106,5908.957018,4517301399.0
2025-01-08,5909.568849,5927.692997,5875.323853,5919.192608,4441231686.0
2025-01-10,5890.081803,5890.55013,5809.024246,5827.030688,4752366616.0
2025-01-13,5782.260764,5838.505876,5773.431115,5836.453841,4420991351.0
2025-01-14,5858.631097,5871.089921,5806.136219,5842.471472,4142397541.0
2025-01-15,5905.582742,5961.199406,5905.582742,5949.09472,4544294753.0
2025-01-16,5964.151594,5964.151594,5930.361027,5936.977451,4286358915.0
2025-01-17,5995.475964,6014.691474,5978.455864,5997.971611,4366572025.0
2025-01-21,6012.277523,6051.134452,6006.109474,6049.623164,4703577401.0
2025-01-22,6080.612881,6100.90046,6076.005357,6086.537209,4322586400.0
2025-01-23,6077.465933,6119.073646,6074.289532,6118.112546,4432120177.0
2025-01-24,6121.095616,6128.870678,6088.494928,6101.79621,4214839993.0
2025-01-27,5967.855696,6016.741256,5962.472765,6011.463502,5198837430.0
2025-01-28,6027.714695,6074.896361,5994.457779,6066.749352,4474656172.0
2025-01-29,6057.708286,6062.948799,6013.27999,6038.972529,4115199240.0
2025-01-30,6051.418572,6085.598384,6027.387938,6072.356527,4634739130.0
2025-01-31,6096.958895,6122.07346,6029.805785,6041.676214,4844692810.0
2025-02-03,5969.923646,6021.263434,5923.488179,5994.299327,4796483739.0
2025-02-04,5998.357875,6042.733461,5989.959865,6037.47281,4409437726.0
2025-02-05,6020.870115,6063.096291,6007.206667,6060.485678,4755871636.0
2025-02-06,6073.603121,6084.197483,6047.134426,6083.617295,4847514252.0
2025-02-07,6083.720559,6100.97803,6020.114402,6026.087863,4766132600.0
2025-02-10,6045.444366,6073.882305,6044.36387,6066.918921,4459026210.0
2025-02-11,6049.590024,6075.331662,6042.489001,6069.052663,4325107794.0
2025-02-12,6025.767829,6062.960088,6002.71779,6051.850736,4628892252.0
2025-02-13,6061.318751,6116.565239,6050.261461,6115.409839,4764298048.0
2025-02-14,6115.259128,6127.055203,6108.07326,6114.201468,4335347823.0
2025-02-18,6122.31323,6129.909263,6100.008722,6129.909263,4685616751.0
2025-02-19,6118.327336,6148.092548,6111.729787,6143.838251,4562575866.0
2025-02-20,6136.078111,6136.078111,6084.219689,6117.801094,4813468537.0
2025-02-21,6113.641539,6115.297197,6009.268686,6013.357481,5433937957.0
2025-02-24,6026.384147,6043.679964,5977.535023,5983.291167,4989835880.0
2025-02-25,5982.546838,5992.114919,5908.876355,5955.723168,5374668462.0
2025-02-26,5970.577412,6009.6648,5932.386833,5955.124719,4869665227.0
2025-02-27,5981.347483,5993.510439,5858.648559,5860.945616,5056600086.0
2025-02-28,5855.122207,5958.984735,5836.246755,5954.339193,6440998578.0
2025-03-03,5968.070635,5986.346337,5810.734717,5848.875946,5613866045.0
2025-03-04,5812.194651,5865.2177,5732.642062,5777.91481,6138446085.0
2025-03-05,5781.074714,5859.657629,5742.114633,5842.411,5286829922.0
2025-03-06,5786.989904,5811.120198,5712.643208,5739.271584,5165175892.0
2025-03-07,5726.017425,5783.255361,5665.631352,5770.28244,5704621082.0
2025-03-10,5706.106697,5706.106697,5563.706442,5615.138038,6408204726.0
2025-03-11,5603.796393,5636.470044,5527.909906,5572.237919,6221667406.0
2025-03-12,5625.304685,5642.630558,5545.777168,5598.999869,5219376351.0
2025-03-13,5594.606416,5597.068334,5505.217659,5521.593852,5019415064.0
2025-03-14,5564.611669,5644.473169,5564.611669,5639.351261,4863859591.0
2025-03-17,5635.631623,5704.475035,5630.725492,5675.797387,5030993057.0
2025-03-18,5654.810318,5654.810318,5597.355043,5614.585869,4666528461.0
2025-03-19,5632.576449,5715.090468,5621.549634,5674.355029,4660692374.0
2025-03-20,5646.757129,5710.616515,5633.065821,5661.917364,4678896749.0
2025-03-21,5630.958015,5670.550381,5603.728208,5667.375062,9365496225.0
2025-03-24,5719.357718,5774.452565,5718.019477,5766.221423,4517604321.0
2025-03-25,5775.803781,5787.461422,5759.61571,5777.686871,4466768100.0
2025-03-26,5771.902257,5783.170874,5693.666089,5712.541176,4183358976.0
2025-03-27,5696.356522,5732.90663,5671.036704,5692.948154,4403642007.0
2025-03-28,5679.847768,5685.662344,5572.726036,5580.320654,4512112352.0
2025-03-31,5527.916633,5626.972907,5487.595929,5612.427063,5257091845.0
2025-04-01,5596.195676,5650.32894,5558.341419,5632.442505,4434855079.0
2025-04-02,5581.048125,5693.815514,5572.381611,5670.392781,4243892798.0
2025-04-03,5491.521135,5499.463368,5390.712823,5396.106675,7210575465.0
2025-04-04,5292.918048,5292.918048,5070.655134,5074.137967,8853176853.0
2025-04-07,4953.873993,5247.002531,4835.353855,5062.564263,8691059571.0
2025-04-08,5194.089012,5266.476609,4909.887495,4983.364301,7408127365.0
2025-04-09,4964.831862,5481.976702,4948.285349,5457.470133,9489649435.0
2025-04-10,5352.318822,5353.589181,5115.204189,5268.050212,6677550814.0
2025-04-11,5255.6971,5382.133743,5220.272735,5363.907206,5602940218.0
2025-04-14,5441.941674,5459.431178,5357.500362,5405.607474,5031483201.0
2025-04-15,5411.724213,5450.962772,5387.251553,5395.647229,4317582684.0
2025-04-16,5335.795173,5366.450582,5220.27978,5275.346127,4607577244.0
2025-04-17,5306.918445,5328.689992,5256.146859,5282.274272,4714199160.0
2025-04-21,5233.376644,5233.376644,5101.407205,5157.874204,4226541619.0
2025-04-22,5208.216466,5308.733033,5207.65657,5287.252471,4667008981.0
2025-04-23,5396.375303,5469.075071,5356.470855,5375.611977,5371656921.0
2025-04-24,5382.176038,5489.402939,5371.638418,5485.110085,4697115997.0
2025-04-25,5489.625636,5527.654182,5456.169704,5526.157677,4237338685.0
2025-04-28,5528.084092,5553.869015,5467.521018,5527.796099,4258182523.0
2025-04-29,5508.766228,5570.942654,5505.942285,5560.113991,4747013284.0
2025-04-30,5499.886351,5580.652532,5431.899023,5568.619297,5448980226.0
2025-05-01,5624.59461,5659.686778,5597.223124,5604.569269,4935801604.0
2025-05-02,5645.780309,5701.215425,5642.761773,5686.553375,4853845159.0
2025-05-05,5654.928606,5682.783528,5634.830612,5649.970734,4359245562.0
2025-05-06,5606.712135,5649.578383,5585.314742,5607.312022,4716970735.0
2025-05-07,5614.600934,5655.306484,5577.987623,5631.818355,4988298092.0
2025-05-08,5663.969104,5720.339885,5634.99179,5663.929316,5627296189.0
2025-05-09,5680.00295,5691.774305,5644.255005,5659.448184,4645824271.0
2025-05-12,5807.178564,5846.010275,5784.904385,5844.347898,6014138007.0
2025-05-13,5854.265555,5906.208531,5845.01229,5886.41249,5516300391.0
2025-05-14,5896.041362,5906.56822,5872.292738,5892.438059,5233871162.0
2025-05-15,5868.536422,5924.199387,5864.99415,5916.626992,4991620462.0
2025-05-16,5929.178828,5958.931023,5907.670189,5958.931023,4851383963.0
2025-05-19,5903.07113,5968.377204,5895.821842,5963.749116,4143807991.0
2025-05-20,5945.379023,5953.103437,5908.939688,5941.075215,4416887459.0
2025-05-21,5911.108864,5938.39055,5829.781182,5845.390894,5254905935.0
2025-05-22,5842.176843,5877.463804,5825.897548,5842.277903,5156686296.0
2025-05-23,5781.31309,5829.977173,5766.860479,5802.525925,4663086966.0
2025-05-27,5853.863606,5923.751635,5853.731258,5922.156072,5366262390.0
2025-05-28,5925.824663,5939.790293,5882.161698,5888.824014,4665146041.0
2025-05-29,5941.463902,5942.954394,5874.632318,5913.709077,4569788637.0
2025-05-30,5904.543724,5922.352211,5843.637915,5911.873265,6378037190.0
2025-06-02,5897.340248,5936.354085,5861.754937,5936.354085,4832114027.0
2025-06-03,5938.329768,5981.882982,5928.143568,5970.543511,5026752853.0
2025-06-04,5978.411882,5990.074431,5966.256345,5970.750889,4767001031.0
2025-06-05,5986.142136,6000.432137,5921.164724,5939.146101,5092650814.0
2025-06-06,5986.401086,6016.582412,5979.364792,6000.53642,4356149907.0
2025-06-09,6004.486711,6021.280648,5993.856215,6006.192895,4642494619.0
2025-06-10,6009.841176,6044.166268,6000.134796,6039.507172,4882507365.0
2025-06-11,6050.343496,6059.231852,6002.955359,6022.426232,5111128796.0
2025-06-12,6009.686733,6046.179114,6003.824627,6044.979937,4670421671.0
2025-06-13,5999.096372,6026.183685,5962.548736,5976.774855,5258378910.0
2025-06-16,6004.302869,6051.081441,6004.302869,6032.311721,5111768202.0
2025-06-17,6011.72964,6023.292138,5974.155367,5983.714073,4955878875.0
2025-06-18,5987.955703,6018.760258,5971.851499,5980.546448,5106311024.0
2025-06-20,5999.617902,6017.787629,5952.766427,5968.417197,7450753208.0
2025-06-23,5969.50653,6028.176759,5943.389032,6025.336548,5596560693.0
2025-06-24,6061.689003,6101.370122,6059.13503,6092.365215,5443392500.0
2025-06-25,6103.294284,6108.570674,6079.977508,6092.088605,5170743113.0
2025-06-26,6111.77384,6146.384293,6107.12654,6140.536231,5308844773.0
2025-06-27,6151.120927,6188.119671,6131.665768,6172.471941,7889342800.0
2025-06-30,6192.979538,6215.890979,6176.297969,6206.022699,5782597091.0
2025-07-01,6186.254591,6210.173713,6177.834305,6198.080399,6275377119.0
2025-07-02,6194.293978,6228.120673,6188.659437,6228.120673,5646087109.0
2025-07-03,6247.161498,6283.747276,6246.250921,6280.219729,3377993584.0
2025-07-07,6259.011876,6263.341258,6200.780011,6229.724024,5237212344.0
2025-07-08,6232.807388,6242.890391,6217.466817,6225.783674,5738300485.0
2025-07-09,6243.770838,6269.460952,6230.4644,6263.287957,4813903788.0
2025-07-10,6265.759586,6289.377194,6251.33953,6279.733177,5367345195.0
2025-07-11,6255.873351,6269.439208,6237.346223,6259.633894,4656187644.0
2025-07-14,6254.59478,6273.629526,6239.951155,6268.928341,4721922741.0
2025-07-15,6294.559887,6301.88075,6240.933234,6243.448184,5133039662.0
2025-07-16,6254.223607,6268.794382,6201.231921,6263.496723,5176597087.0
2025-07-17,6263.285096,6306.147479,6261.707392,6297.250688,5511869535.0
2025-07-18,6312.54351,6315.011735,6286.176689,6298.119625,5185004691.0
2025-07-21,6305.111396,6335.432475,6303.241982,6304.44362,5010358319.0
2025-07-22,6306.31878,6315.565716,6282.063181,6309.936635,5661163262.0
2025-07-23,6327.520059,6361.661782,6318.103133,6358.74906,5641997059.0
2025-07-24,6368.779166,6381.975218,6360.476882,6362.942427,5282516703.0
2025-07-25,6369.565421,6395.733143,6367.652959,6388.462612,4470565536.0
2025-07-28,6397.13594,6401.093226,6374.920283,6390.196458,4565561152.0
2025-07-29,6404.564794,6408.736422,6364.467069,6371.321447,5076644163.0
2025-07-30,6381.415504,6397.109348,6335.581123,6363.018263,5375741483.0
2025-07-31,6426.792125,6426.792125,6327.888197,6340.082868,6078298736.0
2025-08-01,6285.788319,6287.116268,6212.760983,6238.801265,5826203142.0
2025-08-04,6271.373976,6331.075347,6271.373976,6330.456702,4842165531.0
2025-08-05,6336.058931,6345.880698,6289.666714,6298.845884,5517795383.0
2025-08-06,6310.293947,6352.680808,6300.521547,6345.373785,5408314434.0
2025-08-07,6373.234419,6389.716718,6309.704235,6340.316493,5306546741.0
2025-08-08,6354.304205,6395.668799,6354.304205,6388.929052,4770008791.0
2025-08-11,6390.379156,6408.304949,6363.65954,6372.449921,4653134709.0
2025-08-12,6396.037595,6446.927241,6384.003587,6444.455933,5135835466.0
2025-08-13,6462.188464,6480.800355,6445.438144,6466.625251,5196501299.0
2025-08-14,6453.052047,6473.790538,6440.402361,6468.732827,4461866221.0
2025-08-15,6477.779042,6480.881096,6442.15102,6449.037579,4575015411.0
2025-08-18,6443.520199,6455.772269,6438.596852,6449.824504,4162162945.0
2025-08-19,6445.040464,6456.590542,6400.230943,6411.46771,4376780805.0
2025-08-20,6406.440262,6407.488225,6344.491563,6396.642865,4471047938.0
2025-08-21,6381.819037,6393.440146,6352.807664,6370.40596,4013859166.0
2025-08-22,6384.311648,6478.836429,6384.311648,6466.220568,5046685870.0
2025-08-25,6457.735104,6466.560029,6437.376268,6439.614926,4059599543.0
2025-08-26,6436.219883,6469.328559,6429.204679,6466.373231,4867373157.0
2025-08-27,6463.621289,6487.371333,6458.274561,6481.044966,4142918336.0
2025-08-28,6483.465824,6509.123674,6466.836822,6500.922235,4284191533.0
2025-08-29,6489.268859,6491.930775,6445.31238,6460.324559,4234298550.0
2025-09-02,6402.676156,6416.592262,6360.305276,6414.897943,4783906341.0
2025-09-03,6444.838642,6453.065473,6417.497666,6448.982543,4465452041.0
2025-09-04,6457.263566,6502.547796,6447.347945,6501.815329,4670950042.0
2025-09-05,6528.415212,6532.65843,6444.161747,6482.6178,5066549810.0
2025-09-08,6498.156431,6507.780113,6483.648306,6493.770229,5211802711.0
2025-09-09,6503.172295,6517.878304,6483.852648,6512.69765,4798613858.0
2025-09-10,6549.662514,6555.758272,6515.566226,6532.973724,5252594617.0
2025-09-11,6553.765791,6593.162739,6544.940996,6586.88373,5426619670.0
2025-09-12,6590.842332,6600.514462,6580.316894,6584.185217,4640941178.0
2025-09-15,6604.147638,6619.235306,6602.250713,6615.013166,5045808102.0
2025-09-16,6624.043944,6627.300954,6599.960367,6606.308017,5358758294.0
2025-09-17,6604.916426,6624.269521,6551.157189,6600.511557,5805138880.0
2025-09-18,6627.228606,6654.889556,6610.312512,6631.100843,5291701999.0
2025-09-19,6646.464018,6671.49644,6630.18371,6664.28591,9125293653.0
2025-09-22,6654.771997,6699.602684,6647.569193,6694.095394,5642627577.0
2025-09-23,6692.988282,6698.39329,6646.19019,6656.776736,5633322118.0
2025-09-24,6671.526603,6672.735351,6622.418651,6637.306282,5459804665.0
2025-09-25,6607.941405,6620.049284,6569.599049,6605.400623,5874803297.0
2025-09-26,6615.076844,6648.464486,6604.691354,6644.185356,5102873772.0
2025-09-29,6662.092331,6677.311494,6643.495324,6660.516404,5358688417.0
2025-09-30,6656.735153,6690.37745,6641.392246,6687.594402,6057948798.0
2025-10-01,6664.563291,6719.573232,6656.619135,6710.56134,6038498772.0
2025-10-02,6731.038677,6731.883842,6694.063417,6715.716268,5415513227.0
2025-10-03,6722.503892,6750.901594,6707.090323,6715.975108,5712721136.0
2025-10-06,6733.30258,6750.434107,6716.64276,6740.812323,5604726094.0
2025-10-07,6745.863185,6754.937029,6699.699683,6714.370847,5546345982.0
2025-10-08,6723.930358,6755.048593,6717.591182,6753.095675,5382564566.0
2025-10-09,6761.173304,6764.142222,6716.285781,6735.728716,5385423406.0
2025-10-10,6740.082705,6762.734595,6550.788564,6552.147118,6596022325.0
2025-10-13,6621.309661,6668.263969,6620.554982,6654.844357,5304651545.0
2025-10-14,6601.224803,6679.285729,6555.743426,6643.28024,5667220035.0
2025-10-15,6687.42769,6724.084317,6611.381596,6670.679935,5632422380.0
2025-10-16,6688.141639,6708.346719,6593.30372,6629.73896,6047860005.0
2025-10-17,6613.167771,6679.959378,6603.083392,6663.53244,5357827200.0
2025-10-20,6689.254438,6744.469329,6689.254438,6735.678462,4672244697.0
2025-10-21,6736.276572,6751.548968,6721.203923,6733.780074,5244913014.0
2025-10-22,6740.818006,6741.278999,6655.657614,6699.025144,5709355925.0
2025-10-23,6703.354601,6748.254531,6700.029256,6738.324475,5564973990.0
2025-10-24,6772.965433,6806.361447,6771.537191,6792.873421,5058497708.0
2025-10-27,6845.913095,6877.978739,6844.537942,6874.356407,5290801438.0
2025-10-28,6897.75136,6912.842259,6870.689099,6891.352511,5695990113.0
2025-10-29,6910.631582,6920.842535,6852.638273,6891.318132,6280300023.0
2025-10-30,6860.202781,6880.686668,6820.556904,6821.847619,6052325387.0
2025-10-31,6879.395384,6879.395384,6814.243279,6839.944697,6398397723.0
2025-11-03,6882.721868,6882.721868,6820.236265,6852.067258,6067259786.0
2025-11-04,6787.903882,6821.614765,6766.705193,6770.54661,5740184144.0
2025-11-05,6769.794716,6829.650874,6763.591553,6795.980738,5939428697.0
2025-11-06,6786.210864,6798.118102,6707.233863,6721.177412,6051583261.0
2025-11-07,6696.321943,6731.047717,6631.783723,6729.151489,5924374884.0
2025-11-10,6785.877009,6840.12889,6770.009783,6832.323077,5366623467.0
2025-11-11,6815.449252,6854.673364,6807.386793,6846.68728,4983882004.0
2025-11-12,6869.017568,6869.450528,6829.224064,6851.317895,5293322119.0
2025-11-13,6825.86864,6827.995285,6725.292946,6738.010645,5472936323.0
2025-11-14,6672.285216,6774.2692,6646.910648,6733.735168,5042077438.0
2025-11-17,6713.585812,6756.52381,6639.909648,6673.434185,5204451274.0
2025-11-18,6641.123332,6665.911735,6573.561103,6618.190894,5159343906.0
2025-11-19,6625.764096,6689.903175,6602.525207,6642.610002,5021957291.0
2025-11-20,6738.002342,6770.767495,6533.647165,6538.208574,5596128374.0
2025-11-21,6556.325922,6660.048758,6521.01689,6602.316582,5930503281.0
2025-11-24,6637.454379,6715.823995,6629.783345,6704.901125,6039963214.0
2025-11-25,6697.028278,6775.691898,6660.393932,6765.920996,5003744674.0
2025-11-26,6794.103694,6831.512687,6783.867282,6811.405059,4484062777.0
2025-11-28,6822.041238,6851.210216,6819.42287,6849.428664,2558224188.0
2025-12-01,6812.821597,6843.874101,6799.676809,6813.506983,4549204243.0
2025-12-02,6830.439448,6851.940481,6806.303439,6829.763813,4582784690.0
2025-12-03,6816.033355,6863.389313,6811.554148,6849.257138,4737670766.0
2025-12-04,6867.988145,6867.988145,6826.617979,6856.575385,4872359977.0
2025-12-05,6866.235998,6895.828948,6857.383281,6870.605913,4944257601.0
2025-12-08,6873.692778,6877.464052,6827.73342,6846.404806,4756199996.0
2025-12-09,6840.234948,6864.508023,6837.282654,6840.812828,4508439299.0
2025-12-10,6834.332035,6900.518362,6826.081341,6887.094562,5526265933.0
2025-12-11,6861.679287,6903.634167,6833.090615,6901.753514,5022545398.0
2025-12-12,6887.021521,6899.520055,6802.36546,6826.637209,4909796941.0
2025-12-15,6860.881907,6860.947782,6802.22629,6816.660832,4976647501.0
2025-12-16,6800.449551,6818.459755,6759.387825,6800.012593,4983552925.0
2025-12-17,6803.708287,6811.13494,6719.930901,6721.363879,5121593311.0
2025-12-18,6778.683249,6815.969737,6759.001053,6775.345382,5101308421.0
2025-12-19,6793.65375,6839.014765,6793.010619,6835.165083,8555129875.0
2025-12-22,6865.456282,6881.34122,6854.773157,6879.452152,4464929424.0
2025-12-23,6873.032288,6910.607662,6868.034958,6910.084113,3820880156.0
2025-12-24,6904.698088,6936.393056,6903.158774,6931.973541,1798416731.0
2025-12-26,6935.602845,6946.033787,6922.012201,6929.764698,2586704246.0
2025-12-29,6904.778382,6920.722211,6888.579399,6904.542258,3541744166.0
2025-12-30,6900.589132,6912.870167,6893.358437,6897.164148,3309541103.0
2025-12-31,6899.375097,6901.118311,6843.392087,6845.279644,3261804954.0
2026-01-02,6878.194973,6895.240668,6823.56068,6858.817183,4184193668.0
2026-01-05,6891.785704,6919.885771,6891.23067,6902.518451,5770847157.0
2026-01-06,6908.037372,6948.146044,6903.555845,6943.954975,5509773243.0
2026-01-07,6946.067132,6966.523385,6919.271474,6920.291134,5214429523.0
2026-01-08,6914.493762,6931.89264,6899.732632,6922.530725,5332508483.0
2026-01-09,6926.644399,6978.779647,6919.210173,6966.482111,5163728039.0
2026-01-12,6943.970649,6986.976764,6934.055944,6976.864929,5018883483.0
2026-01-13,6978.653736,6984.448785,6939.543972,6963.65225,5092712752.0
2026-01-14,6937.261837,6942.239543,6885.168737,6927.352491,5530951744.0
2026-01-15,6968.205125,6979.613477,6936.76811,6945.119047,5114579839.0
2026-01-16,6961.857703,6968.004046,6924.845872,6938.992303,5356486892.0
2026-01-20,6865.708713,6871.435947,6787.965103,6797.970663,5768418844.0
2026-01-21,6810.662277,6910.423946,6804.969946,6876.284404,5835912346.0
2026-01-22,6914.183127,6934.55908,6893.082102,6913.244686,5307230662.0
2026-01-23,6908.59777,6933.214501,6894.152432,6914.785715,4871766498.0
2026-01-26,6922.854753,6964.443034,6922.801705,6950.962541,4967526879.0
2026-01-27,6966.759832,6989.426367,6958.455998,6978.932577,5331758798.0
2026-01-28,7002.379645,7002.379645,6962.319611,6977.012529,5508256665.0
2026-01-29,6977.910967,6992.461128,6871.416921,6968.84803,6878421517.0
2026-01-30,6947.371113,6965.513877,6892.977712,6941.199046,6698402325.0
2026-02-02,6916.519118,6991.482171,6915.093622,6976.451454,5773047387.0
2026-02-03,6986.180622,6992.913165,6861.546546,6917.296777,7016224275.0
2026-02-04,6923.900793,6935.477678,6838.429896,6882.026095,7474857679.0
2026-02-05,6836.281163,6858.080416,6780.363683,6799.604646,6987856233.0
2026-02-06,6817.159082,6944.378809,6817.144617,6932.887497,6284077085.0
2026-02-09,6917.69641,6979.970539,6906.400822,6965.80008,5649868391.0
2026-02-10,6974.825178,6987.423167,6937.467527,6941.982344,5595676257.0
2026-02-11,6976.764431,6992.991302,6912.335593,6942.340689,6175376240.0
2026-02-12,6957.317022,6973.770131,6824.548859,6832.180129,7118972341.0
2026-02-13,6834.808206,6882.525816,6794.686082,6836.281072,5717510640.0
2026-02-17,6819.828793,6867.714672,6775.403342,6843.416652,5417797887.0
2026-02-18,6855.146041,6909.217219,6848.670178,6882.261363,5098160661.0
2026-02-19,6861.125845,6881.349818,6833.469478,6862.108923,5152307557.0
2026-02-20,6844.642542,6916.589164,6836.358909,6909.077568,5432466203.0
2026-02-23,6900.05265,6917.184677,6819.537746,6837.793812,5637903635.0
2026-02-24,6837.711841,6898.565607,6816.301029,6888.914764,5264958734.0
2026-02-25,6913.988772,6952.442285,6913.988772,6944.517708,5328567591.0
2026-02-26,6944.665069,6948.240905,6860.857745,6909.434225,5889116569.0
2026-02-27,6856.242721,6884.136627,6831.725018,6878.622101,6664895158.0
2026-03-02,6822.936965,6902.029962,6797.06591,6881.44022,6078037240.0
2026-03-03,6800.524321,6840.58688,6710.154831,6817.196308,6441152920.0
2026-03-04,6831.430311,6885.075301,6810.504587,6870.459676,5251665154.0
2026-03-05,6849.641895,6870.764877,6770.685258,6831.075054,5989156946.0
2026-03-06,6769.598091,6772.579068,6711.784725,6741.319544,5792419761.0
2026-03-09,6700.76123,6809.426908,6636.488785,6796.331861,6709534599.0
2026-03-10,6797.572831,6845.243784,6759.606369,6781.684926,5944803488.0
2026-03-11,6790.333578,6811.506261,6744.110846,6775.962687,5512314560.0
2026-03-12,6740.91093,6741.488838,6669.371553,6671.762355,6291097535.0
2026-03-13,6674.376578,6733.634541,6625.279163,6632.823978,5337206184.0
2026-03-16,6675.493002,6730.147785,6673.640918,6697.741572,5176380070.0
2026-03-17,6723.112122,6753.634741,6711.757469,6715.696111,5062868189.0
2026-03-18,6696.529593,6705.109787,6621.041636,6624.715386,5275530250.0
2026-03-19,6583.252665,6635.74,6557.700173,6605.968479,5973849709.0
2026-03-20,6594.950002,6594.950002,6473.924749,6506.186046,10025916741.0
2026-03-23,6573.770145,6652.112765,6565.011302,6582.210493,6021483537.0
2026-03-24,6552.397373,6595.253258,6526.148801,6557.093956,5277430490.0
2026-03-25,6599.849897,6634.518752,6568.459898,6591.447812,4936304213.0
2026-03-26,6556.279396,6573.948756,6474.088384,6476.856011,4846274747.0
2026-03-27,6454.841061,6454.841061,6355.909985,6368.036793,5303973692.0
2026-03-30,6403.487244,6427.68947,6317.326264,6344.167443,5458935046.0
2026-03-31,6395.833053,6538.617471,6395.833053,6528.356975,6396888777.0
2026-04-01,6556.810041,6608.449857,6554.20399,6574.02681,5636179586.0
2026-04-02,6512.078547,6601.991564,6476.05992,6582.756284,4741117178.0
2026-04-06,6587.025254,6617.818252,6579.317802,6612.120324,3906855790.0
2026-04-07,6602.766181,6617.968503,6535.049107,6617.487394,4555379917.0
2026-04-08,6755.286793,6794.841949,6740.609462,6782.760303,5906432533.0
2026-04-09,6783.017606,6834.267088,6760.827278,6824.405821,4912506455.0
2026-04-10,6839.902272,6846.032124,6808.605532,6818.244152,4392256668.0
2026-04-13,6806.411026,6886.314876,6790.025021,6886.24477,4786022471.0
2026-04-14,6910.43501,6970.052927,6904.580778,6967.881229,5032017739.0
2026-04-15,6978.49107,7026.449919,6967.379308,7022.571279,5279224956.0
2026-04-16,7038.479587,7051.497465,7008.622547,7041.76557,5173933487.0
2026-04-17,7074.608324,7146.844658,7074.498453,7125.022769,6144932559.0
2026-04-20,7118.053424,7122.104601,7084.361573,7108.811646,4661830312.0
2026-04-21,7122.86052,7137.931823,7050.136736,7063.15624,5160754782.0
2026-04-22,7103.353509,7139.904245,7102.648983,7137.468078,4919052708.0
2026-04-23,7118.206622,7148.123099,7046.648339,7109.288786,5307179306.0
2026-04-24,7138.020503,7167.94652,7112.36182,7164.641342,4609068238.0
2026-04-27,7153.056267,7178.98355,7148.618962,7174.425427,4783575746.0
2026-04-28,7134.248868,7154.256274,7114.167157,7139.88295,4900486123.0
2026-04-29,7130.462968,7145.70307,7107.444241,7135.930516,5123118815.0
2026-04-30,7161.160801,7220.885502,7125.789503,7209.726173,5723179959.0
2026-05-01,7235.435591,7271.981614,7230.504099,7230.504099,4846307692.0
2026-05-04,7228.587259,7244.50955,7173.173037,7200.833843,5215604720.0
2026-05-05,7232.235762,7273.710391,7232.235762,7259.764885,5278709909.0
2026-05-06,7294.89748,7369.513015,7294.321319,7366.475254,6578986616.0
2026-05-07,7376.378649,7384.45404,7321.494239,7336.642292,6235935057.0
2026-05-08,7364.009363,7400.900836,7363.880531,7398.22047,5301865873.0
2026-05-11,7385.245189,7429.704408,7385.097988,7412.08528,5822158220.0
2026-05-12,7390.781174,7410.452712,7338.209103,7401.695933,5624664956.0
2026-05-13,7409.993619,7461.168104,7375.272973,7445.090729,5716452283.0
2026-05-14,7453.730875,7518.476153,7453.010326,7500.83739,5266356908.0
2026-05-15,7444.370678,7454.950454,7397.573304,7406.917534,5581703900.0
2026-05-18,7414.924119,7433.828711,7352.586088,7402.550279,5489706655.0
2026-05-19,7376.360102,7396.318925,7333.543489,7354.012734,5441111659.0
2026-05-20,7368.209193,7436.220158,7356.219955,7432.92062,5384592940.0
2026-05-21,7409.543641,7465.226464,7389.77916,7445.854497,5441145070.0
2026-05-22,7469.435047,7505.543944,7462.023841,7473.079095,4952315090.0
2026-05-26,7511.337094,7539.460714,7501.211327,7519.882623,5495041993.0
2026-05-27,7525.714576,7530.586714,7498.80037,7520.617956,5523832010.0
2026-05-28,7518.423536,7568.700211,7507.402125,7564.073462,5494806321.0
2026-05-29,7578.815457,7600.194942,7564.423192,7580.180631,7857679814.0
2026-06-01,7582.284301,7618.238365,7563.054483,7600.358479,6583265640.0
2026-06-02,7596.106562,7621.913385,7583.861674,7610.128748,5904451185.0
2026-06-03,7604.723514,7604.723514,7552.397999,7552.979138,5755258362.0
2026-06-04,7517.785812,7598.382478,7515.959132,7584.593001,5398646432.0
2026-06-05,7536.843889,7542.333979,7369.73442,7384.324663,5591288431.0
2026-06-08,7440.061565,7465.670186,7394.046122,7406.585447,4897537341.0
2026-06-09,7439.803744,7482.659834,7238.390114,7386.957266,6007136835.0
2026-06-10,7350.695474,7395.938389,7265.57172,7266.288788,5247759004.0
2026-06-11,7287.267624,7412.69626,7256.654929,7393.699892,5659375959.0
2026-06-12,7410.735131,7457.613695,7363.4622,7431.136582,4951203171.0
2026-06-15,7517.767072,7579.452624,7517.460296,7554.433166,5674427498.0
2026-06-16,7549.886589,7564.343956,7509.367422,7511.258282,5286050136.0
2026-06-17,7523.885404,7532.566534,7402.768916,7419.266277,5884746048.0
2026-06-18,7487.328092,7511.489541,7468.418374,7499.732723,9061683322.0
2026-06-22,7500.507563,7530.301648,7460.402809,7471.221858,5975413629.0
2026-06-23,7365.783251,7424.466131,7347.823291,7363.162324,5640786543.0
2026-06-24,7370.838838,7428.28568,7337.217007,7358.123247,5994511280.0
2026-06-25,7404.914098,7420.3321,7323.649399,7359.197342,5566259901.0
2026-06-26,7313.57404,7393.765243,7294.794917,7355.341375,9105971682.0
2026-06-29,7392.772397,7443.530612,7347.684067,7439.70233,5793561430.0
2026-06-30,7441.025046,7508.88749,7437.942397,7499.472281,6037702307.0
2026-07-01,7478.679832,7522.481285,7448.598968,7482.134002,5782851800.0
2026-07-02,7495.638033,7540.987509,7427.755326,7482.258351,5463718578.0
2026-07-06,7506.520662,7552.164432,7502.201822,7536.527589,4971396102.0
2026-07-07,7517.072342,7536.201792,7478.275332,7503.680887,5050345401.0
2026-07-08,7476.474315,7488.659886,7421.914268,7482.573432,5102231167.0
2026-07-09,7490.873863,7546.981636,7482.295963,7543.830766,4442960174.0
2026-07-10,7546.917951,7578.400361,7506.607677,7575.892549,4006829918.0
2026-07-13,7548.621957,7565.309293,7506.018239,7515.086666,4731050814.0
2026-07-14,7536.582305,7556.934915,7513.503849,7543.617153,4837392615.0
2026-07-15,7572.962245,7580.600494,7524.769642,7571.571624,5236657981.0
2026-07-16,7558.411557,7571.825892,7503.28702,7532.757106,5365532066.0
2026-07-17,7447.736895,7498.848293,7432.077842,7456.572054,5303425787.0
2026-07-20,7490.972094,7513.207568,7441.276068,7443.763038,5152919542.0
2026-07-21,7489.158218,7514.885591,7468.139399,7508.946454,5150144853.0
2026-07-22,7496.047334,7526.162837,7486.510498,7497.556815,4890023684.0
2026-07-23,7419.244469,7450.858749,7376.158661,7408.253066,5515846955.0
2026-07-24,7405.687445,7460.362983,7396.940585,7411.054357,4860558826.0
2026-07-27,7464.18474,7480.566212,7382.507195,7414.411045,5037544122.0
2026-07-28,7395.116486,7452.736735,7383.035699,7428.349791,5590784714.0
2026-07-29,7418.359084,7449.39736,7313.457411,7316.648502,5836030882.0
2026-07-30,7389.747706,7448.707118,7371.911292,7438.439813,5594753122.0
2026-07-31,7461.995609,7511.717554,7400.956006,7489.005,5391069220.0
2026-08-03,7505.117362,7609.938194,7505.117362,7600.5578,5200938396.0
2026-08-04,7629.850715,7757.820787,7628.788747,7736.948211,5907808916.0
2026-08-05,7771.076038,7793.787436,7719.433592,7723.639047,5616252180.0
2026-08-06,7713.522075,7744.339533,7699.132936,7710.238368,5331675499.0
2026-08-07,7734.074961,7762.828615,7719.609794,7756.608658,5020088956.0
2026-08-10,7751.412676,7773.986535,7743.36429,7753.539414,4879522564.0
2026-08-11,7767.602041,7769.059187,7716.76101,7727.824478,4739833452.0
2026-08-12,7765.149693,7765.582623,7738.279572,7748.770772,4573905853.0
2026-08-13,7762.969501,7818.118673,7762.337655,7799.707733,4833292861.0
2026-08-14,7806.584561,7810.013923,7776.803125,7786.280484,4159826920.0
2026-08-17,7790.169307,7792.068394,7745.330144,7745.330144,4451979455.0
2026-08-18,7700.57216,7714.528897,7689.883933,7692.253675,4602758664.0
2026-08-19,7717.848341,7744.167998,7700.615393,7708.510606,5183871398.0
2026-08-20,7690.133103,7699.909426,7637.954038,7642.302893,4759494555.0
2026-08-21,7666.052113,7696.629532,7660.211215,7674.343985,4497433604.0
2026-08-24,7663.196255,7670.357939,7639.804247,7652.985337,4401360016.0
2026-08-25,7676.940728,7686.799585,7650.255354,7677.995359,4259878404.0
2026-08-26,7668.080347,7690.719897,7657.364838,7675.323788,4100461991.0
2026-08-27,7710.732038,7741.024913,7690.977121,7729.95794,4361906253.0
2026-08-28,7733.798156,7771.285085,7701.385406,7712.140133,4297203225.0
2026-08-31,7697.869484,7698.28398,7666.961113,7685.981784,5385769760.0
2026-09-01,7636.411564,7664.568801,7610.642394,7630.548694,4858084561.0
2026-09-02,7634.410899,7680.67749,7632.864575,7666.983843,4739187639.0
2026-09-03,7687.475277,7756.241158,7687.475277,7748.818761,4726551455.0
2026-09-04,7749.655089,7750.483952,7705.198559,7717.342165,4103136311.0
2026-09-08,7716.663548,7718.988979,7666.839373,7674.304503,4967572800.0
2026-09-09,7660.788321,7661.558082,7624.110106,7634.422467,4897402473.0
2026-09-10,7593.406236,7611.906846,7580.845345,7591.39631,4893059005.0
2026-09-11,7636.566893,7676.817288,7636.566893,7658.38926,4723058084.0
2026-09-14,7612.419414,7647.27851,7592.626802,7619.729798,4963912284.0
2026-09-15,7610.846036,7617.055994,7572.385193,7585.798205,5154849348.0
2026-09-16,7600.277422,7628.013689,7508.682217,7552.386161,5308110066.0
2026-09-17,7630.652352,7645.772021,7614.874439,7636.448764,5058196965.0
2026-09-18,7657.121437,7657.121437,7611.046121,7650.555156,8858832850.0
2026-09-21,7692.548738,7778.575664,7691.266601,7764.750055,4828140437.0
2026-09-22,7771.897301,7782.413532,7755.253109,7766.086162,5286091627.0
2026-09-23,7762.680701,7762.680701,7694.399602,7705.07752,5109874618.0
2026-09-24,7667.36996,7719.347432,7662.406067,7703.83594,5316670271.0
2026-09-25,7709.972142,7752.981224,7692.668806,7742.691292,4499011886.0
2026-09-28,7722.003836,7722.788069,7666.587771,7682.895131,5130109064.0
2026-09-29,7698.936406,7700.515069,7654.910618,7671.704656,2775772696.0
