Date,Open,High,Low,Close,Volume
2016-01-04,1063.367312,1082.39021,1063.173282,1075.035176,143.0
2016-01-05,1075.745138,1081.564545,1075.421964,1078.260329,82.0
2016-01-06,1081.620832,1093.546048,1081.61896,1091.792477,52.0
2016-01-07,1091.753515,1109.364385,1091.428108,1107.942037,122.0
2016-01-08,1111.117998,1111.269488,1093.17017,1097.619931,98.0
2016-01-11,1105.587323,1107.757223,1096.455988,1096.455988,43.0
2016-01-12,1093.894165,1098.527811,1084.022945,1085.632531,87.0
2016-01-13,1081.43085,1093.835059,1081.43085,1087.572331,50.0
2016-01-14,1091.545155,1091.545155,1073.704627,1073.972684,59.0
2016-01-15,1085.126959,1095.987695,1081.804894,1091.488625,44.0
2016-01-19,1089.880049,1094.378176,1084.919658,1089.84691,17.0
2016-01-20,1099.838377,1109.918205,1099.838377,1107.25405,30.0
2016-01-21,1103.483589,1103.722455,1093.980008,1099.027828,16.0
2016-01-22,1097.995806,1103.247171,1097.265688,1097.294835,4.0
2016-01-25,1099.21822,1109.461099,1099.21822,1106.154052,8.0
2016-01-26,1115.24951,1121.753813,1114.176396,1121.565909,181.0
2016-01-27,1117.863255,1117.968912,1115.732319,1115.970585,168684.0
2016-01-28,1125.496917,1125.760683,1109.95049,1115.545082,52855.0
2016-01-29,1114.523455,1118.606779,1108.89057,1116.583026,6955.0
2016-02-01,1116.747563,1130.015027,1115.230556,1127.911244,1682.0
2016-02-02,1128.250573,1131.289066,1123.074265,1127.310335,1230.0
2016-02-03,1128.490417,1146.274157,1125.048984,1141.187725,1630.0
2016-02-04,1142.489997,1157.653488,1141.144672,1157.601917,771.0
2016-02-05,1155.522044,1174.710344,1146.001991,1157.793817,877.0
2016-02-08,1173.515543,1200.318258,1165.116973,1197.890118,931.0
2016-02-09,1188.602876,1199.15431,1186.76228,1198.715506,700.0
2016-02-10,1189.814464,1197.635708,1182.146645,1194.513027,671.0
2016-02-11,1205.56712,1260.478059,1204.664087,1247.821877,995.0
2016-02-12,1247.798706,1247.798706,1233.477179,1239.172361,250.0
2016-02-16,1233.395518,1233.743561,1193.482947,1208.024543,422.0
2016-02-17,1196.449451,1213.028534,1196.449451,1211.118645,53.0
2016-02-18,1209.705427,1239.098679,1201.645947,1226.077292,315.0
2016-02-19,1230.656102,1232.758688,1222.030559,1230.431725,76.0
2016-02-22,1226.158885,1226.245604,1202.887896,1209.569008,280.0
2016-02-23,1207.503251,1225.877862,1207.321338,1222.147351,351.0
2016-02-24,1230.032706,1250.167703,1229.942256,1238.707001,111.0
2016-02-25,1239.392227,1241.315537,1234.99324,1238.176809,1349.0
2016-02-26,1232.464455,1239.111044,1212.156302,1219.75384,656.0
2016-02-29,1218.732537,1241.009956,1218.704362,1233.780901,580.0
2016-03-01,1240.806408,1248.108092,1229.05811,1230.23916,477.0
2016-03-02,1232.655221,1242.677609,1226.011093,1240.990181,267.0
2016-03-03,1238.447544,1267.808636,1238.053452,1257.270721,123.0
2016-03-04,1263.165249,1279.523813,1250.791578,1269.989098,268.0
2016-03-07,1259.898727,1272.346645,1259.661678,1263.038818,67.0
2016-03-08,1268.894439,1276.270756,1261.13219,1262.113515,43.0
2016-03-09,1254.660005,1260.172536,1244.839209,1256.601033,79.0
2016-03-10,1250.014591,1272.886584,1237.463521,1271.914298,119.0
2016-03-11,1270.011614,1280.583447,1249.364397,1258.534863,87.0
2016-03-14,1255.853664,1258.09049,1234.399073,1244.408946,58.0
2016-03-15,1228.219875,1236.083982,1227.852676,1230.333263,37.0
2016-03-16,1229.421669,1263.728341,1228.835846,1229.255313,45.0
2016-03-17,1261.706424,1269.90804,1255.787762,1264.594542,27.0
2016-03-18,1257.21516,1264.503216,1251.324003,1253.761982,542.0
2016-03-21,1256.095917,1256.406672,1243.329617,1243.811896,1061.0
2016-03-22,1244.021691,1252.20616,1243.651746,1248.086474,20.0
2016-03-23,1247.703682,1247.703682,1218.64245,1223.758923,28.0
2016-03-24,1214.159971,1221.542752,1214.159971,1221.415152,13.0
2016-03-28,1211.412909,1222.195428,1209.795694,1219.770347,33.0
2016-03-29,1217.712102,1235.705646,1217.554402,1235.571459,189704.0
2016-03-30,1241.635165,1245.204777,1223.261572,1226.94116,48239.0
2016-03-31,1225.382324,1239.78672,1224.492791,1234.110552,3378.0
2016-04-01,1232.082518,1235.359972,1209.050361,1222.216502,1602.0
2016-04-04,1221.905463,1222.490892,1215.068388,1218.014933,2038.0
2016-04-05,1215.425142,1236.615922,1215.242181,1228.364307,477.0
2016-04-06,1230.367517,1230.367517,1217.683467,1222.610551,248.0
2016-04-07,1224.88228,1242.87351,1224.557553,1236.120829,375.0
2016-04-08,1240.919109,1242.589898,1231.985654,1242.529091,409.0
2016-04-11,1241.473478,1258.863471,1241.473478,1256.78276,437.0
2016-04-12,1259.781663,1261.83593,1253.626269,1259.458622,185.0
2016-04-13,1256.295535,1256.774098,1241.302277,1246.68636,203.0
2016-04-14,1231.567802,1243.738315,1224.549242,1224.912872,264.0
2016-04-15,1225.837163,1235.119333,1225.598502,1233.059562,97.0
2016-04-18,1238.682072,1241.277081,1231.95245,1233.579317,304.0
2016-04-19,1231.538227,1256.228406,1228.818049,1252.922065,386.0
2016-04-20,1256.209187,1256.350708,1242.974322,1253.334379,180.0
2016-04-21,1247.776573,1270.539258,1247.602397,1249.119603,124.0
2016-04-22,1248.509215,1248.675006,1228.220008,1228.717903,188.0
2016-04-25,1231.600672,1241.107911,1231.600672,1238.885355,442.0
2016-04-26,1239.689553,1244.290269,1233.024738,1241.955913,97.0
2016-04-27,1248.588175,1249.650488,1248.438759,1249.189817,547.0
2016-04-28,1245.874957,1270.120196,1238.445167,1265.530046,887.0
2016-04-29,1267.256035,1295.558348,1267.154864,1289.114468,464.0
2016-05-02,1291.973743,1304.380332,1290.470426,1294.672524,192.0
2016-05-03,1292.805672,1301.560601,1284.548271,1290.934245,151.0
2016-05-04,1286.780539,1289.883269,1273.190734,1273.223694,109.0
2016-05-05,1282.865926,1285.976151,1270.761626,1271.390649,330.0
2016-05-06,1278.687049,1295.500435,1276.686784,1292.893382,305.0
2016-05-09,1286.523457,1286.61027,1262.276819,1265.80808,341.0
2016-05-10,1265.236987,1267.413223,1258.588173,1264.099626,23.0
2016-05-11,1267.072738,1279.200584,1266.691192,1274.706217,50.0
2016-05-12,1267.21379,1280.962005,1264.217789,1270.178638,101.0
2016-05-13,1271.42708,1275.671837,1264.676169,1272.087051,66.0
2016-05-16,1272.767729,1287.710304,1272.767729,1273.313726,44.0
2016-05-17,1272.478714,1281.830714,1270.811641,1276.26148,16.0
2016-05-18,1276.348173,1276.348173,1256.790122,1273.825702,17.0
2016-05-19,1247.896681,1255.658586,1247.269699,1254.208274,69.0
2016-05-20,1256.809354,1256.809354,1252.337398,1252.337398,44.0
2016-05-23,1251.665298,1251.665298,1247.270056,1251.096478,56.0
2016-05-24,1240.169605,1240.220431,1227.992705,1228.737116,20.0
2016-05-25,1219.488199,1223.764696,1218.436554,1223.747317,5.0
2016-05-26,1232.553095,1232.553095,1220.174371,1220.174371,199790.0
2016-05-27,1220.285191,1223.468638,1206.460425,1213.838463,63736.0
2016-05-31,1212.379685,1217.528208,1198.896775,1214.499876,6432.0
2016-06-01,1215.69684,1219.854674,1205.171335,1211.976601,2717.0
2016-06-02,1212.307938,1216.958907,1209.713206,1209.78995,1627.0
2016-06-03,1209.420345,1244.521307,1206.499258,1240.29259,1622.0
2016-06-06,1244.424056,1247.143466,1240.018931,1244.242395,1135.0
2016-06-07,1243.875779,1244.821886,1236.752209,1244.34474,281.0
2016-06-08,1247.605152,1264.091312,1247.325764,1259.987562,406.0
2016-06-09,1262.6387,1271.343849,1258.261231,1270.097637,381.0
2016-06-10,1267.658387,1277.857652,1265.481624,1273.479926,397.0
2016-06-13,1275.931176,1287.312134,1273.081573,1284.514574,328.0
2016-06-14,1282.132539,1289.707654,1277.633215,1285.614812,554.0
2016-06-15,1284.673974,1296.189028,1278.759499,1285.749661,162.0
2016-06-16,1296.241228,1316.236452,1281.300929,1296.139468,251.0
2016-06-17,1280.211521,1300.139838,1280.211521,1292.659844,129.0
2016-06-20,1288.826399,1291.108726,1280.411476,1289.732903,153.0
2016-06-21,1293.882272,1293.901701,1266.364846,1270.671586,134.0
2016-06-22,1267.098819,1269.115013,1264.887217,1267.849309,53.0
2016-06-23,1263.502367,1270.395089,1255.186385,1261.077569,218.0
2016-06-24,1253.747047,1355.710158,1253.653856,1319.944165,694.0
2016-06-27,1329.934045,1331.524928,1319.792569,1322.509739,92.0
2016-06-28,1314.963075,1315.565914,1314.276823,1315.129489,1072.0
2016-06-29,1311.642198,1327.56903,1311.469579,1324.089912,414.0
2016-06-30,1315.789099,1323.6293,1314.517648,1318.270228,560.0
2016-07-01,1324.171956,1344.220629,1322.1278,1336.513024,137.0
2016-07-05,1342.246239,1356.857949,1339.647432,1356.258708,90.0
2016-07-06,1359.105608,1374.968945,1358.986124,1364.849189,130.0
2016-07-07,1366.936196,1368.650833,1350.402821,1360.301869,207.0
2016-07-08,1361.12092,1365.860715,1334.925695,1356.739732,249.0
2016-07-11,1371.741644,1371.781968,1352.84431,1354.947968,26.0
2016-07-12,1353.586849,1356.053956,1330.164839,1333.978349,252.0
2016-07-13,1341.503649,1342.301574,1336.340271,1342.301574,7.0
2016-07-14,1341.391234,1341.391234,1322.569789,1331.351544,20.0
2016-07-15,1333.700277,1333.700277,1322.926818,1326.696558,52.0
2016-07-18,1327.431807,1334.942572,1326.079009,1328.491064,54.0
2016-07-19,1328.437021,1333.166215,1326.351975,1331.400186,322.0
2016-07-20,1330.814792,1337.518853,1315.432122,1319.021661,751.0
2016-07-21,1312.795966,1330.411246,1312.691037,1330.411246,318.0
2016-07-22,1330.709178,1330.792182,1320.382503,1323.250809,55.0
2016-07-25,1315.5619,1319.433034,1313.766998,1319.433034,548.0
2016-07-26,1315.20194,1320.652521,1315.126684,1320.56454,63.0
2016-07-27,1326.151765,1326.576712,1326.151765,1326.433429,215374.0
2016-07-28,1339.377441,1344.217536,1330.132236,1332.384624,56902.0
2016-07-29,1333.005781,1353.196788,1325.644608,1349.026481,6077.0
2016-08-01,1349.066094,1353.585958,1345.817557,1351.422029,1257.0
2016-08-02,1352.003756,1366.222219,1346.488699,1364.570756,2941.0
2016-08-03,1362.143442,1364.68141,1353.514526,1356.218769,715.0
2016-08-04,1354.285964,1361.554973,1347.042847,1358.791358,381.0
2016-08-05,1357.705403,1360.8657,1333.87351,1336.586861,1107.0
2016-08-08,1329.86661,1335.281347,1328.044553,1333.358752,587.0
2016-08-09,1331.70397,1339.206444,1328.482536,1338.98823,620.0
2016-08-10,1344.569119,1354.277845,1343.964932,1344.380633,110.0
2016-08-11,1341.697488,1350.368577,1334.920028,1342.681505,666.0
2016-08-12,1336.65956,1351.614644,1333.083195,1335.663958,113.0
2016-08-15,1336.342686,1340.512859,1333.627569,1340.244322,62.0
2016-08-16,1342.262609,1355.167424,1341.064773,1350.777776,338.0
2016-08-17,1345.294361,1347.180979,1338.640045,1342.847878,135.0
2016-08-18,1351.50195,1354.329314,1348.368058,1351.113372,140.0
2016-08-19,1350.126387,1350.349251,1338.651951,1340.50407,197.0
2016-08-22,1334.384162,1337.996559,1333.275748,1337.996559,117.0
2016-08-23,1337.097729,1341.269335,1334.231255,1340.475317,551.0
2016-08-24,1337.061912,1337.376848,1322.798649,1324.350515,262.0
2016-08-25,1321.288915,1324.012454,1317.019268,1320.273935,58.0
2016-08-26,1323.960412,1340.461431,1320.163296,1321.358301,141.0
2016-08-29,1315.028887,1323.218372,1314.850482,1322.842793,437.0
2016-08-30,1321.757902,1322.12951,1307.922664,1311.772247,705.0
2016-08-31,1310.516907,1313.554368,1306.495209,1306.92973,214.0
2016-09-01,1305.270778,1313.192449,1301.710259,1311.943989,225.0
2016-09-02,1309.641347,1326.724161,1309.17465,1321.859914,55.0
2016-09-06,1323.325789,1349.633338,1322.970078,1349.633338,46.0
2016-09-07,1348.516257,1350.532377,1343.969866,1344.412666,14.0
2016-09-08,1344.840518,1345.416582,1335.929271,1336.493418,30.0
2016-09-09,1338.33623,1338.383979,1327.945393,1330.107835,35.0
2016-09-12,1327.109444,1329.199845,1319.928988,1321.100213,177.0
2016-09-13,1324.409773,1324.467104,1314.99402,1318.77365,79.0
2016-09-14,1319.247328,1322.483486,1319.247328,1321.278976,73.0
2016-09-15,1320.688299,1320.817392,1310.768474,1313.607006,37.0
2016-09-16,1312.127969,1312.67108,1305.807653,1305.807653,4.0
2016-09-19,1313.409259,1313.463359,1313.407951,1313.407951,20.0
2016-09-20,1313.636497,1313.668411,1313.636497,1313.652807,97.0
2016-09-21,1326.159834,1326.867942,1323.954285,1326.698598,76.0
2016-09-22,1338.700482,1340.327884,1338.006691,1340.214406,23.0
2016-09-23,1337.303619,1337.303619,1337.228853,1337.228853,40.0
2016-09-26,1335.245289,1341.852169,1335.237242,1339.805428,24.0
2016-09-27,1327.837864,1328.529026,1325.876924,1325.876924,48.0
2016-09-28,1319.512917,1319.512917,1319.398376,1319.398376,10551.0
2016-09-29,1320.939375,1325.128755,1314.562711,1321.593952,6107.0
2016-09-30,1320.704885,1327.671756,1312.843939,1313.407347,868.0
2016-10-03,1313.663708,1316.814004,1308.179237,1308.884475,299.0
2016-10-04,1307.552175,1310.145848,1266.153769,1266.440886,1893.0
2016-10-05,1272.129719,1273.705124,1261.22377,1265.194094,246.0
2016-10-06,1265.392033,1265.398018,1249.727568,1249.794985,114.0
2016-10-07,1253.974627,1263.515904,1248.658071,1248.921573,169.0
2016-10-11,1258.725191,1258.725191,1252.936947,1252.936947,26.0
2016-10-12,1251.755613,1254.066526,1251.094846,1251.153157,127.0
2016-10-13,1258.671762,1258.798852,1254.926465,1255.008631,315.0
2016-10-14,1253.912277,1253.9699,1250.678212,1253.069697,311.0
2016-10-17,1249.731714,1254.914463,1249.731714,1254.399202,41.0
2016-10-18,1260.944255,1261.749892,1260.720874,1260.720874,11.0
2016-10-19,1263.103617,1271.284985,1262.862194,1267.764212,219.0
2016-10-20,1270.318451,1270.527448,1265.310971,1265.678133,415.0
2016-10-21,1265.899505,1265.920181,1265.811473,1265.811473,224.0
2016-10-24,1269.12231,1269.253049,1261.781461,1261.781461,42.0
2016-10-25,1264.178407,1274.364523,1264.07061,1271.801579,61.0
2016-10-26,1274.164697,1274.164697,1264.708617,1264.708617,279.0
2016-10-27,1269.325084,1269.415001,1267.782945,1268.208283,338.0
2016-10-28,1270.057971,1281.501011,1261.935838,1275.509807,560.0
2016-10-31,1276.628926,1276.62956,1271.571893,1271.594195,58.0
2016-11-01,1279.275891,1290.810937,1278.990298,1286.369657,49.0
2016-11-02,1288.219521,1306.832325,1288.219521,1306.738802,30.0
2016-11-03,1296.475351,1303.156969,1287.215383,1301.878978,73.0
2016-11-04,1300.056041,1303.422477,1296.725252,1303.422477,11.0
2016-11-07,1292.025522,1294.382566,1278.066827,1278.066827,34.0
2016-11-08,1283.983076,1289.527249,1273.088448,1273.223157,50.0
2016-11-09,1272.145931,1318.493064,1269.781311,1272.537305,108.0
2016-11-10,1274.622188,1287.51415,1253.453336,1265.445131,63.0
2016-11-14,1227.674973,1229.341707,1210.251132,1221.245371,216.0
2016-11-15,1224.280134,1225.869129,1222.486201,1223.813348,20.0
2016-11-16,1229.251199,1229.251199,1223.183135,1223.38687,66.0
2016-11-17,1224.621176,1225.200073,1211.025266,1216.589594,1139.0
2016-11-18,1211.736251,1211.792844,1207.31268,1208.349658,607.0
2016-11-21,1209.62879,1209.62879,1209.407125,1209.518861,19.0
2016-11-22,1210.433374,1211.074418,1207.513182,1211.074418,19.0
2016-11-23,1212.945382,1213.673975,1186.75015,1189.064706,309.0
2016-11-25,1177.16259,1189.121746,1176.898114,1178.17132,14.0
2016-11-28,1187.850913,1190.750956,1187.850913,1190.750956,189944.0
2016-11-29,1192.964103,1194.663902,1179.333322,1188.001833,42123.0
2016-11-30,1187.105022,1193.451146,1167.943722,1170.930173,7159.0
2016-12-01,1172.640344,1174.482301,1160.104907,1167.065552,1588.0
2016-12-02,1172.198233,1177.181331,1166.373443,1175.432421,1521.0
2016-12-05,1181.661579,1186.750679,1157.120006,1174.122246,358.0
2016-12-06,1170.815968,1174.61606,1167.086608,1167.550619,652.0
2016-12-07,1167.84962,1178.58883,1166.025519,1174.799477,182.0
2016-12-08,1173.754491,1177.609198,1169.236325,1169.665505,322.0
2016-12-09,1166.846573,1168.76565,1155.99194,1159.460707,365.0
2016-12-12,1158.1949,1163.998744,1153.078213,1163.585236,331.0
2016-12-13,1163.555418,1164.084374,1155.314942,1156.890249,637.0
2016-12-14,1159.813074,1163.976546,1141.841085,1161.176021,487.0
2016-12-15,1139.870752,1143.26478,1124.038812,1127.792215,244.0
2016-12-16,1127.106023,1140.948651,1126.866303,1135.241016,146.0
2016-12-19,1139.45259,1140.943241,1137.892499,1140.463122,249.0
2016-12-20,1133.640839,1133.640839,1126.41019,1131.480607,46.0
2016-12-21,1136.139685,1136.139685,1129.949115,1131.190427,50.0
2016-12-22,1131.166163,1132.941296,1128.419257,1128.582592,104.0
2016-12-23,1130.915191,1132.906551,1130.406536,1131.78907,70.0
2016-12-27,1134.209789,1142.181493,1134.209789,1137.202988,84.0
2016-12-28,1141.212071,1141.212071,1137.969685,1139.460353,1570.0
2016-12-29,1143.910994,1158.764623,1143.594695,1156.600178,950.0
2016-12-30,1161.932357,1161.932357,1149.774606,1149.98968,16.0
2017-01-03,1155.427779,1160.841549,1146.543267,1160.59937,52.0
2017-01-04,1156.012769,1165.077131,1156.012769,1163.945875,36.0
2017-01-05,1172.074168,1183.240043,1171.524318,1179.658142,500.0
2017-01-06,1176.495347,1176.498933,1172.094239,1172.255248,16.0
2017-01-09,1173.832952,1183.751241,1172.920961,1183.751241,62.0
2017-01-10,1184.234741,1188.734221,1182.187275,1184.463003,8.0
2017-01-11,1187.596932,1196.867609,1176.535001,1195.712482,20.0
2017-01-12,1192.723322,1204.340583,1192.283362,1198.931549,110.0
2017-01-13,1195.802738,1195.998187,1187.49097,1195.183725,65.0
2017-01-17,1205.702367,1214.558268,1200.844562,1212.100941,79.0
2017-01-18,1213.347852,1214.649543,1203.049115,1211.310853,114.0
2017-01-19,1200.215009,1204.094685,1195.781519,1201.019208,26.0
2017-01-20,1202.6846,1212.111274,1202.6846,1204.177719,38.0
2017-01-23,1212.019148,1215.082632,1209.849835,1214.853742,16.0
2017-01-24,1218.980783,1219.16712,1207.654759,1210.279664,24.0
2017-01-25,1201.829437,1202.886816,1194.75221,1197.384834,403.0
2017-01-26,1199.635387,1199.910085,1185.771304,1189.559898,19.0
2017-01-27,1187.867631,1188.234058,1187.845248,1188.024179,234364.0
2017-01-30,1191.682732,1198.62131,1187.125922,1193.048825,50501.0
2017-01-31,1194.806968,1214.928582,1193.696734,1208.56905,3212.0
2017-02-01,1212.072231,1212.072231,1197.831825,1205.660762,1145.0
2017-02-02,1209.433788,1224.286845,1208.747643,1216.876715,1512.0
2017-02-03,1214.880051,1220.616032,1206.008634,1218.328799,865.0
2017-02-06,1221.837522,1235.55956,1218.510137,1230.218952,908.0
2017-02-07,1234.081418,1236.336773,1228.452786,1234.289354,1177.0
2017-02-08,1231.92815,1243.907817,1231.206691,1237.501192,288.0
2017-02-09,1239.180967,1243.44011,1226.823573,1235.075199,885.0
2017-02-10,1227.582605,1234.456819,1221.375473,1234.456819,391.0
2017-02-13,1230.35746,1231.141025,1219.099526,1224.406824,398.0
2017-02-14,1225.750116,1233.481575,1222.122631,1223.856265,159.0
2017-02-15,1225.297287,1231.841849,1217.189422,1231.678671,175.0
2017-02-16,1234.424288,1240.568136,1232.999596,1239.99234,87.0
2017-02-17,1240.557575,1241.048511,1234.869782,1237.720678,301.0
2017-02-21,1237.454324,1237.757009,1228.093976,1237.458057,119.0
2017-02-22,1236.024918,1238.607241,1231.791667,1232.015454,36.0
2017-02-23,1236.004081,1250.215766,1235.996599,1249.959916,112.0
2017-02-24,1250.026702,1259.103751,1250.026702,1257.013222,1264.0
2017-02-27,1254.540349,1263.160065,1250.278641,1257.398123,544.0
2017-02-28,1253.63092,1256.950108,1247.363794,1252.680607,721.0
2017-03-01,1247.820421,1248.946184,1236.753637,1248.946184,138.0
2017-03-02,1247.137778,1247.632047,1231.029935,1232.202196,79.0
2017-03-03,1231.613623,1235.06626,1222.993256,1225.568052,121.0
2017-03-06,1235.165077,1235.165077,1224.527743,1224.564302,29.0
2017-03-07,1224.353506,1225.493287,1213.802222,1215.192247,53.0
2017-03-08,1212.321395,1212.321395,1206.651727,1208.643343,24.0
2017-03-09,1204.317791,1205.612369,1202.307668,1202.424972,37.0
2017-03-10,1196.184216,1203.232015,1196.000898,1200.831557,3.0
2017-03-13,1206.226976,1209.905643,1202.26588,1202.520817,35.0
2017-03-14,1203.03807,1205.885271,1196.833941,1201.906628,22.0
2017-03-15,1198.303376,1221.411205,1197.801043,1199.912943,36.0
2017-03-16,1222.127955,1231.329378,1222.127955,1226.605348,47.0
2017-03-17,1226.986937,1230.624467,1226.986937,1229.768202,26.0
2017-03-20,1229.162455,1234.342921,1229.162455,1233.429315,23.0
2017-03-21,1226.126958,1246.107596,1226.126958,1246.107596,11.0
2017-03-22,1248.040697,1249.680451,1247.659234,1249.406615,3.0
2017-03-23,1246.294226,1247.521206,1244.97245,1246.975706,16.0
2017-03-24,1248.145137,1248.252898,1247.741987,1248.252898,3.0
2017-03-27,1255.894945,1257.699372,1253.643519,1255.280771,72.0
2017-03-28,1255.803228,1255.803228,1255.090284,1255.090284,19.0
2017-03-29,1252.267325,1253.311509,1251.771768,1253.311509,190677.0
2017-03-30,1252.899814,1253.48123,1241.151372,1245.174404,51332.0
2017-03-31,1241.886584,1248.784645,1238.707606,1247.362892,8223.0
2017-04-03,1247.581099,1252.51454,1243.457958,1250.991758,1160.0
2017-04-04,1253.012686,1260.138591,1252.927448,1254.758009,724.0
2017-04-05,1255.403129,1255.403129,1242.827907,1245.494578,907.0
2017-04-06,1256.008416,1257.661441,1249.056651,1250.672681,169.0
2017-04-07,1249.558844,1269.03876,1249.491541,1254.2179,445.0
2017-04-10,1252.606719,1255.273539,1246.893952,1251.314227,182.0
2017-04-11,1254.566742,1273.601015,1254.337857,1271.311289,401.0
2017-04-12,1275.203289,1285.017729,1272.124198,1275.215238,492.0
2017-04-13,1285.371109,1287.405193,1282.126452,1285.816727,915.0
2017-04-17,1291.873489,1294.722924,1284.176047,1289.461612,73.0
2017-04-18,1283.835596,1291.77067,1278.585439,1291.661178,394.0
2017-04-19,1287.794977,1287.841939,1274.07452,1281.21854,194.0
2017-04-20,1279.608649,1281.802536,1276.184195,1281.683623,127.0
2017-04-21,1279.601767,1287.361673,1278.868787,1287.225315,474.0
2017-04-24,1274.941696,1276.239364,1264.98513,1275.601294,605.0
2017-04-25,1275.788172,1276.966819,1262.147454,1265.757939,356.0
2017-04-26,1266.161522,1266.161522,1261.90344,1261.945589,1156.0
2017-04-27,1266.71906,1267.30279,1262.354516,1263.724887,206.0
2017-04-28,1265.886663,1267.073866,1264.284868,1266.180426,85.0
2017-05-01,1268.71168,1269.187052,1253.293474,1253.365072,34.0
2017-05-02,1256.215275,1256.215275,1251.266411,1255.373745,90.0
2017-05-03,1255.116886,1255.591472,1238.786616,1246.371354,195.0
2017-05-04,1239.869942,1239.869942,1224.105875,1226.412911,72.0
2017-05-05,1227.184377,1233.634671,1224.785764,1224.785764,16.0
2017-05-08,1223.817441,1233.688444,1223.817441,1225.322041,43.0
2017-05-09,1225.817183,1226.193818,1214.044447,1214.044447,55.0
2017-05-10,1219.802419,1220.274077,1217.117375,1217.174542,23.0
2017-05-11,1218.32426,1222.855586,1218.32426,1222.855586,13.0
2017-05-12,1227.927753,1229.562355,1226.023254,1226.023254,29.0
2017-05-15,1227.556458,1232.643853,1227.492844,1228.545641,13.0
2017-05-16,1230.386112,1237.283995,1230.386112,1235.203195,20.0
2017-05-17,1241.062079,1259.241252,1240.600021,1257.557314,26.0
2017-05-18,1254.780354,1259.921603,1245.863036,1251.801463,43.0
2017-05-19,1252.513527,1252.809547,1252.513527,1252.809547,14.0
2017-05-22,1251.696978,1260.831423,1251.696978,1260.831423,14.0
2017-05-23,1261.610287,1261.724454,1250.580551,1254.59393,20.0
2017-05-24,1251.912459,1257.959077,1249.750077,1252.530654,14.0
2017-05-25,1256.866018,1258.562686,1255.795149,1255.795149,11.0
2017-05-26,1267.688761,1267.688761,1267.507316,1267.507316,271428.0
2017-05-30,1267.466356,1270.174842,1258.415518,1262.175117,129806.0
2017-05-31,1262.43382,1273.209539,1258.594609,1271.847505,2712.0
2017-06-01,1268.037307,1269.22425,1260.576125,1267.140533,825.0
2017-06-02,1265.076384,1278.921903,1259.059761,1276.762269,1732.0
2017-06-05,1279.185667,1282.073661,1277.20872,1279.19809,433.0
2017-06-06,1279.440347,1294.997187,1279.423489,1294.620585,942.0
2017-06-07,1291.657217,1293.025769,1284.36767,1290.16743,641.0
2017-06-08,1285.444546,1287.425919,1267.856785,1276.434809,319.0
2017-06-09,1277.930268,1277.930268,1264.492444,1268.504198,467.0
2017-06-12,1266.288911,1269.317786,1263.223029,1265.878908,255.0
2017-06-13,1263.955886,1267.072199,1259.817069,1265.861326,150.0
2017-06-14,1269.421406,1278.083552,1256.65163,1272.970924,336.0
2017-06-15,1263.140972,1263.91646,1250.285857,1252.180032,743.0
2017-06-16,1252.813781,1255.152946,1251.124671,1254.069433,34.0
2017-06-19,1251.919734,1252.118646,1241.859797,1244.302837,108.0
2017-06-20,1242.087615,1245.439592,1240.391482,1240.66898,75.0
2017-06-21,1244.188905,1244.973392,1239.919377,1243.350719,205.0
2017-06-22,1251.144488,1252.748257,1246.280107,1247.658421,156.0
2017-06-23,1249.985188,1273.664015,1249.722995,1256.401847,269.0
2017-06-26,1260.154733,1260.154733,1241.718922,1246.223868,194.0
2017-06-27,1251.421846,1251.860228,1246.065576,1246.572148,111.0
2017-06-28,1248.541147,1248.541147,1247.687198,1247.687198,370.0
2017-06-29,1248.402119,1250.690935,1238.034418,1244.248752,540.0
2017-06-30,1243.633722,1243.633722,1239.236671,1240.408835,43.0
2017-07-03,1236.240327,1236.240327,1217.840097,1217.958605,33.0
2017-07-05,1222.51028,1225.103974,1216.952703,1220.484218,40.0
2017-07-06,1224.972265,1224.972265,1222.163249,1222.163249,5.0
2017-07-07,1219.087965,1220.489158,1208.497071,1208.569848,116.0
2017-07-10,1211.447739,1212.252023,1209.37377,1212.208428,28.0
2017-07-11,1208.495212,1214.937647,1208.495212,1213.772012,12.0
2017-07-12,1218.209058,1219.423601,1218.018145,1218.018145,7.0
2017-07-13,1221.364524,1221.364524,1216.420156,1216.562617,7.0
2017-07-14,1214.974341,1227.462725,1214.755356,1226.521421,23.0
2017-07-17,1229.951289,1233.345983,1229.821548,1232.75824,7.0
2017-07-18,1236.262327,1241.448901,1236.262327,1240.901464,29.0
2017-07-19,1240.438813,1241.359238,1240.210696,1241.359238,3.0
2017-07-20,1236.716068,1244.856684,1236.629455,1244.856684,5.0
2017-07-21,1250.746984,1254.354743,1250.411538,1254.354743,16.0
2017-07-24,1256.105444,1256.105444,1254.003605,1254.003605,8.0
2017-07-25,1252.752918,1253.512624,1249.265463,1251.642244,18.0
2017-07-26,1244.888661,1248.982541,1244.806186,1248.982541,7.0
2017-07-27,1259.572554,1259.572554,1259.491655,1259.491655,220327.0
2017-07-28,1258.438948,1270.025293,1256.928682,1268.47348,64177.0
2017-07-31,1268.815687,1270.752975,1265.550738,1266.637911,7781.0
2017-08-01,1268.492036,1273.286204,1262.108596,1272.487992,1061.0
2017-08-02,1268.537877,1272.148217,1262.815053,1271.715596,393.0
2017-08-03,1265.886599,1269.953667,1256.657985,1268.027771,878.0
2017-08-04,1269.029647,1269.608066,1253.815137,1258.265546,521.0
2017-08-07,1258.80673,1259.076954,1255.154689,1258.151591,260.0
2017-08-08,1256.965201,1264.029694,1251.323022,1256.348291,555.0
2017-08-09,1260.205333,1277.760492,1260.146182,1272.960215,574.0
2017-08-10,1276.849717,1287.432781,1274.952682,1283.680404,608.0
2017-08-11,1286.299887,1291.096104,1282.116356,1287.924198,139.0
2017-08-14,1288.389453,1288.440815,1278.948238,1284.284747,338.0
2017-08-15,1280.319866,1280.58927,1267.302897,1273.777602,188.0
2017-08-16,1271.335619,1282.346887,1269.522519,1276.753496,110.0
2017-08-17,1283.719522,1288.544676,1283.275218,1286.425268,43.0
2017-08-18,1288.600004,1300.659771,1284.270236,1285.736122,358.0
2017-08-21,1285.27861,1290.833138,1284.713536,1290.833138,18.0
2017-08-22,1287.149422,1288.325441,1283.238292,1284.889911,100.0
2017-08-23,1289.415528,1289.454078,1287.114588,1288.889119,250.0
2017-08-24,1288.729917,1288.729917,1283.946554,1286.529416,550.0
2017-08-25,1285.42236,1292.470152,1280.282385,1292.364772,280.0
2017-08-28,1293.815032,1311.352624,1293.655638,1309.650469,145.0
2017-08-29,1318.66186,1323.841551,1313.16028,1313.16028,1178.0
2017-08-30,1308.336674,1312.577299,1304.949385,1308.116877,1178.0
2017-08-31,1306.770125,1322.147563,1301.58758,1316.19927,373.0
2017-09-01,1320.218689,1327.609621,1317.067202,1324.417729,313.0
2017-09-05,1335.249574,1339.301306,1328.648055,1339.301306,39.0
2017-09-06,1340.121589,1340.121589,1332.800825,1333.873652,20.0
2017-09-07,1336.367294,1348.863022,1336.367294,1345.168946,26.0
2017-09-08,1351.052147,1355.504367,1345.349981,1346.138429,37.0
2017-09-11,1330.774944,1331.1118,1327.470892,1331.1118,9.0
2017-09-12,1326.938772,1328.28979,1325.23348,1328.28979,15.0
2017-09-13,1323.409891,1323.456775,1323.317492,1323.317492,16.0
2017-09-14,1319.687008,1329.352808,1319.687008,1324.844457,316.0
2017-09-15,1320.760137,1321.29732,1319.824128,1320.592019,15.0
2017-09-18,1309.720838,1310.478412,1305.955626,1306.281274,129.0
2017-09-19,1308.087775,1310.306915,1305.117069,1305.978651,20.0
2017-09-20,1311.839148,1312.002381,1298.872768,1311.96238,12.0
2017-09-21,1298.751794,1304.263975,1290.335909,1290.579448,336.0
2017-09-22,1295.112564,1295.735949,1293.123292,1293.123292,209.0
2017-09-25,1293.126936,1308.923526,1290.986152,1306.768416,51.0
2017-09-26,1304.574019,1305.740353,1296.884809,1296.978179,39.0
2017-09-27,1283.373899,1283.560164,1283.373899,1283.560164,19488.0
2017-09-28,1283.009969,1288.237535,1277.089533,1285.566715,5225.0
2017-09-29,1284.253138,1289.275904,1281.324522,1281.554592,492.0
2017-10-02,1275.086714,1276.393244,1270.659701,1272.697372,136.0
2017-10-03,1269.871767,1273.04265,1268.536662,1271.79995,192.0
2017-10-04,1273.903697,1280.855608,1270.03767,1273.861562,218.0
2017-10-05,1277.825985,1277.825985,1267.771346,1270.009305,36.0
2017-10-06,1267.350586,1272.039743,1260.434641,1271.640807,46.0
2017-10-09,1280.76369,1283.98107,1278.973881,1281.598451,19.0
2017-10-10,1282.639371,1293.087914,1281.771073,1290.513811,18.0
2017-10-11,1287.142562,1291.906945,1284.839982,1285.916969,21.0
2017-10-12,1291.310164,1294.523978,1289.164246,1293.042173,14.0
2017-10-13,1293.70739,1301.796236,1291.715772,1301.513038,74.0
2017-10-16,1302.069681,1303.889808,1291.782727,1299.970919,173.0
2017-10-17,1295.129858,1295.175606,1282.938904,1282.938904,571.0
2017-10-18,1280.059235,1280.059235,1279.993556,1279.993556,163.0
2017-10-19,1286.272408,1287.159822,1285.084191,1287.159822,134.0
2017-10-20,1279.714153,1279.714153,1277.369392,1277.369392,304.0
2017-10-23,1274.723178,1280.826661,1271.332314,1277.762631,115.0
2017-10-24,1275.229711,1275.55957,1273.660018,1275.023446,111.0
2017-10-25,1269.957695,1275.501827,1269.859909,1275.344955,105.0
2017-10-26,1273.362594,1273.479913,1264.812172,1266.486865,39.0
2017-10-27,1268.315409,1268.577015,1267.324213,1268.577015,567.0
2017-10-30,1270.087112,1274.085037,1267.694922,1273.924193,222.0
2017-10-31,1273.194271,1274.573846,1266.051026,1266.92523,235.0
2017-11-01,1272.055221,1275.046547,1270.200369,1273.975664,78.0
2017-11-02,1274.803542,1274.975669,1274.803542,1274.975669,70.0
2017-11-03,1265.329323,1267.869647,1265.329323,1266.42825,75.0
2017-11-06,1269.074671,1280.329528,1268.924548,1279.487786,128.0
2017-11-07,1276.752253,1276.774302,1270.437339,1273.561693,11.0
2017-11-08,1275.676662,1284.724056,1274.681735,1281.761079,15.0
2017-11-09,1279.771159,1286.690322,1279.771159,1285.579192,18.0
2017-11-10,1283.615496,1283.615496,1272.301968,1272.301968,10.0
2017-11-13,1277.479879,1277.479879,1277.140699,1277.335422,3.0
2017-11-14,1276.9494,1281.778316,1276.739687,1281.45808,4.0
2017-11-15,1281.347381,1284.430369,1275.773298,1276.696941,13.0
2017-11-16,1277.398019,1277.647414,1277.340617,1277.340617,43.0
2017-11-17,1288.342725,1295.937177,1288.246301,1295.937177,1.0
2017-11-20,1274.894077,1275.87606,1274.5362,1274.5362,1.0
2017-11-21,1281.138264,1281.239998,1281.138264,1281.239998,4.0
2017-11-22,1284.805788,1291.649146,1282.927408,1291.571301,4.0
2017-11-24,1286.64685,1286.835159,1286.64685,1286.681308,0.0
2017-11-27,1294.220161,1294.220161,1293.925176,1293.925176,1.0
2017-11-28,1294.757263,1294.974177,1294.450287,1294.450287,275433.0
2017-11-29,1293.62605,1296.270851,1281.153104,1281.97704,47244.0
2017-11-30,1283.069935,1284.542489,1269.668152,1273.247085,3049.0
2017-12-01,1273.952839,1288.390761,1270.899102,1278.747095,823.0
2017-12-04,1272.691892,1276.073689,1270.346321,1274.288787,850.0
2017-12-05,1275.509562,1275.697858,1260.137413,1261.277006,1499.0
2017-12-06,1264.882327,1267.76532,1261.776217,1262.821378,373.0
2017-12-07,1262.310538,1262.431604,1243.902299,1249.802237,358.0
2017-12-08,1246.43565,1249.475233,1241.527075,1245.167044,157.0
2017-12-11,1248.456528,1249.370955,1239.899604,1243.728835,146.0
2017-12-12,1241.651908,1244.201466,1236.345292,1238.670458,692.0
2017-12-13,1242.030167,1254.460007,1239.84713,1245.483286,349.0
2017-12-14,1252.978529,1257.665803,1250.272413,1253.81383,139.0
2017-12-15,1252.921569,1260.249964,1252.921569,1254.088722,578.0
2017-12-18,1256.23797,1262.403533,1255.858789,1262.143938,45.0
2017-12-19,1261.085065,1264.161512,1259.44932,1260.625905,329.0
2017-12-20,1261.36704,1266.880549,1261.231252,1266.107061,63.0
2017-12-21,1266.37243,1267.355761,1264.311137,1267.278357,226.0
2017-12-22,1266.44213,1276.268608,1266.378909,1275.48267,119.0
2017-12-26,1282.548134,1284.240415,1281.880701,1284.240415,84.0
2017-12-27,1284.217138,1286.931026,1284.052315,1286.931026,456.0
2017-12-28,1288.220311,1294.088995,1288.045768,1294.088995,245.0
2017-12-29,1294.437172,1306.333539,1294.003426,1306.333539,65.0
2018-01-02,1302.281122,1317.479464,1302.281122,1313.760584,68.0
2018-01-03,1320.239186,1320.239186,1312.004534,1316.146887,42.0
2018-01-04,1319.378203,1322.341761,1319.378203,1319.487993,2.0
2018-01-05,1320.13386,1320.491984,1320.13386,1320.155806,1.0
2018-01-08,1320.009094,1320.011769,1314.675712,1318.684145,41.0
2018-01-09,1309.47368,1311.795659,1309.418353,1311.557593,16.0
2018-01-10,1320.282669,1320.563161,1315.266927,1317.346256,70.0
2018-01-11,1317.113479,1320.673713,1316.427002,1320.673713,9.0
2018-01-12,1327.798401,1338.129763,1327.769403,1333.314604,14.0
2018-01-16,1331.269714,1335.420863,1330.976902,1335.221227,13.0
2018-01-17,1334.341785,1338.254616,1326.823607,1338.254616,27.0
2018-01-18,1328.826506,1328.8292,1325.763945,1326.219708,211.0
2018-01-19,1330.167094,1332.895655,1330.01351,1331.866385,50.0
2018-01-22,1328.602049,1331.020786,1328.448475,1331.020786,162.0
2018-01-23,1335.719208,1336.038361,1335.428911,1335.428911,47.0
2018-01-24,1356.004606,1357.382515,1355.905122,1356.019677,18.0
2018-01-25,1356.165664,1362.500595,1346.561512,1362.362926,4.0
2018-01-26,1351.378844,1351.966635,1350.792964,1351.481911,280559.0
2018-01-30,1338.757956,1347.845692,1332.921549,1335.371607,52107.0
2018-01-31,1337.498388,1346.84688,1331.775454,1338.975209,4881.0
2018-02-01,1343.846978,1350.714507,1336.878499,1344.431623,1680.0
2018-02-02,1348.419775,1352.170374,1327.585917,1333.687875,2841.0
2018-02-05,1331.188924,1340.169126,1328.911053,1333.121763,641.0
2018-02-06,1338.20247,1343.734444,1319.614081,1326.103053,529.0
2018-02-07,1325.515865,1331.032358,1310.66566,1311.421496,491.0
2018-02-08,1317.172789,1321.104504,1306.855598,1317.026448,459.0
2018-02-09,1320.620689,1321.998431,1311.954871,1312.865249,451.0
2018-02-12,1323.787833,1325.570598,1317.948897,1324.274219,140.0
2018-02-13,1324.358282,1329.329661,1323.253389,1328.386751,71.0
2018-02-14,1332.773881,1355.475473,1323.969602,1355.475473,400.0
2018-02-15,1352.13671,1356.027521,1349.42165,1351.971908,111.0
2018-02-16,1353.982701,1361.521854,1344.878473,1353.115895,110.0
2018-02-20,1348.529883,1350.323338,1328.675351,1328.830171,283.0
2018-02-21,1326.870199,1331.693032,1324.260581,1330.007598,119.0
2018-02-22,1321.831639,1331.424782,1321.831639,1330.385251,70.0
2018-02-23,1328.078589,1332.137681,1327.75721,1328.131555,427.0
2018-02-26,1335.021628,1340.530112,1330.653648,1330.770579,652.0
2018-02-27,1331.863902,1332.79301,1312.819907,1315.280581,710.0
2018-02-28,1315.361437,1321.260204,1315.330257,1315.330257,58.0
2018-03-01,1310.135598,1317.987413,1301.813342,1302.997929,43.0
2018-03-02,1314.37001,1322.94912,1314.254856,1321.08839,155.0
2018-03-05,1323.441538,1326.157994,1318.201813,1318.201813,18.0
2018-03-06,1321.593142,1333.816794,1321.448777,1333.816794,18.0
2018-03-07,1338.11322,1338.11322,1325.980925,1325.980925,27.0
2018-03-08,1324.678608,1326.641695,1319.014397,1319.825086,62.0
2018-03-09,1316.851316,1322.479593,1312.986166,1322.457511,88.0
2018-03-12,1319.138407,1319.517489,1319.138407,1319.517489,0.0
2018-03-13,1325.841215,1326.02225,1325.291259,1325.754686,13.0
2018-03-14,1322.076092,1324.309245,1322.076092,1324.309245,19.0
2018-03-15,1316.741356,1317.014975,1316.741356,1316.874771,0.0
2018-03-16,1310.208177,1311.388998,1310.147328,1311.388998,34.0
2018-03-19,1309.413068,1317.036119,1307.213689,1316.666847,6.0
2018-03-20,1310.906205,1311.355772,1310.906205,1311.242996,4.0
2018-03-21,1312.437038,1328.910617,1312.437038,1320.664913,34.0
2018-03-22,1326.735914,1326.735914,1326.654677,1326.654677,0.0
2018-03-23,1343.210348,1349.441909,1343.210348,1349.213838,8.0
2018-03-26,1348.358378,1354.519541,1345.373478,1354.33902,10.0
2018-03-27,1341.322432,1341.322784,1341.234934,1341.322784,290913.0
2018-03-28,1345.083552,1346.239302,1322.286528,1324.294085,59291.0
2018-03-29,1324.045393,1327.183269,1321.774336,1322.714686,5585.0
2018-04-02,1327.068122,1344.121522,1324.724847,1342.030871,649.0
2018-04-03,1340.156572,1341.589849,1328.503805,1332.831784,702.0
2018-04-04,1331.883311,1347.381238,1331.395569,1335.616448,718.0
2018-04-05,1333.313726,1333.631693,1322.415915,1324.369588,258.0
2018-04-06,1326.559453,1332.862297,1318.80793,1331.907211,348.0
2018-04-09,1333.070165,1337.586011,1326.972384,1335.998516,290.0
2018-04-10,1335.413464,1342.111619,1332.904727,1342.111619,105.0
2018-04-11,1340.119389,1365.29177,1340.089002,1356.747773,118.0
2018-04-12,1351.321061,1351.398067,1334.692386,1338.403686,34.0
2018-04-13,1335.737598,1346.047147,1335.737598,1344.709385,67.0
2018-04-16,1341.079279,1348.917605,1341.079279,1347.585474,60.0
2018-04-17,1347.983653,1348.13568,1339.351613,1347.280618,409.0
2018-04-18,1343.454439,1353.990568,1343.454439,1351.250345,45.0
2018-04-19,1348.733543,1355.167664,1341.657407,1346.6198,387.0
2018-04-20,1342.35733,1343.556911,1335.348855,1336.651711,310.0
2018-04-23,1333.908407,1334.423107,1322.345257,1322.524197,68.0
2018-04-24,1326.163415,1331.879818,1326.163415,1331.286775,28.0
2018-04-25,1323.658559,1325.229268,1320.002872,1321.218672,278.0
2018-04-26,1315.594698,1316.228541,1315.594698,1316.063933,569.0
2018-04-27,1315.18679,1321.609562,1312.965723,1320.112827,622.0
2018-04-30,1309.716952,1316.341686,1309.535994,1316.341686,49.0
2018-05-01,1313.254707,1313.885893,1303.412007,1303.904126,28.0
2018-05-02,1308.929363,1309.403094,1302.57486,1302.77967,23.0
2018-05-03,1310.651024,1310.651024,1310.495216,1310.495216,4.0
2018-05-04,1312.782645,1312.870209,1312.64852,1312.775346,0.0
2018-05-07,1310.711958,1312.570604,1310.209374,1312.1845,4.0
2018-05-08,1310.016277,1312.085229,1308.52476,1311.927346,337.0
2018-05-09,1311.506193,1311.506193,1311.060604,1311.060604,70.0
2018-05-10,1312.21436,1320.953842,1312.21436,1320.953842,8.0
2018-05-11,1319.172942,1319.172942,1319.000687,1319.050124,3.0
2018-05-14,1320.047204,1320.047204,1316.644678,1316.644678,4.0
2018-05-15,1304.58851,1304.63333,1288.910978,1288.922806,8.0
2018-05-16,1290.900889,1294.128518,1285.558141,1290.497445,26.0
2018-05-17,1291.331329,1291.331329,1287.985502,1287.99367,2.0
2018-05-18,1285.507376,1290.104259,1285.121411,1290.104259,2.0
2018-05-21,1287.465292,1292.171904,1287.465292,1290.125693,52.0
2018-05-22,1291.722029,1291.815764,1291.560239,1291.560239,50.0
2018-05-23,1289.254049,1289.286978,1289.254049,1289.286978,10.0
2018-05-24,1303.511184,1303.814195,1303.511184,1303.770634,0.0
2018-05-25,1303.303796,1303.303796,1302.942793,1303.254609,1.0
2018-05-29,1298.570954,1298.676673,1298.570954,1298.676673,386281.0
2018-05-30,1298.274663,1303.487156,1295.144747,1301.471717,50847.0
2018-05-31,1301.094783,1306.969179,1296.361997,1300.141568,4082.0
2018-06-01,1298.65684,1299.500542,1288.88784,1294.777172,663.0
2018-06-04,1293.914606,1297.073361,1290.04461,1293.005115,144.0
2018-06-05,1292.094933,1299.816682,1289.857324,1297.732104,357.0
2018-06-06,1295.994818,1300.378778,1294.055018,1297.265847,373.0
2018-06-07,1298.422497,1302.861785,1296.403194,1298.49723,79.0
2018-06-08,1295.204155,1299.677469,1295.063387,1298.191696,650.0
2018-06-11,1299.479018,1301.937713,1294.988321,1298.859041,71.0
2018-06-12,1297.867988,1298.326155,1292.574831,1295.131706,153.0
2018-06-13,1293.96659,1299.612678,1290.993356,1296.821939,135.0
2018-06-14,1297.242974,1307.57576,1297.189201,1304.308407,42.0
2018-06-15,1297.103505,1307.810679,1274.168314,1274.482409,589.0
2018-06-18,1280.588807,1280.805337,1275.969715,1275.969715,35.0
2018-06-19,1278.802064,1281.899361,1270.01778,1275.593978,34.0
2018-06-20,1274.128484,1274.488832,1271.188433,1271.188433,7.0
2018-06-21,1262.637666,1269.085423,1259.983728,1267.061312,46.0
2018-06-22,1268.250754,1270.205788,1267.021436,1267.388268,74.0
2018-06-25,1270.580681,1271.538774,1265.656272,1265.656272,37.0
2018-06-26,1267.200774,1267.208698,1256.604037,1256.604037,89.0
2018-06-27,1255.584916,1255.584916,1252.396558,1252.694281,1162.0
2018-06-28,1251.782437,1251.844864,1244.755505,1247.742358,378.0
2018-06-29,1250.273321,1253.230806,1249.086375,1251.588825,48.0
2018-07-02,1249.746859,1250.184248,1239.586356,1239.948714,29.0
2018-07-03,1238.299821,1254.011836,1237.073832,1251.514733,36.0
2018-07-05,1255.476556,1257.290419,1253.535672,1257.290419,9.0
2018-07-06,1255.363026,1255.363026,1254.16566,1254.448201,7.0
2018-07-09,1258.122375,1262.439139,1257.636462,1258.057758,37.0
2018-07-10,1256.175329,1256.876755,1249.55629,1253.729785,65.0
2018-07-11,1253.413936,1253.413936,1242.783326,1242.87937,30.0
2018-07-12,1240.81999,1246.588741,1240.81999,1245.12593,7.0
2018-07-13,1244.712035,1246.900202,1239.539016,1239.539016,2.0
2018-07-16,1242.639336,1243.696783,1237.889231,1237.994474,2.0
2018-07-17,1225.764948,1225.885714,1225.667538,1225.667538,0.0
2018-07-18,1226.715464,1226.852152,1222.320662,1226.152189,67.0
2018-07-19,1227.103526,1228.093055,1211.90336,1222.592903,33.0
2018-07-20,1229.497946,1229.532423,1229.408543,1229.466797,0.0
2018-07-23,1221.732475,1224.139234,1221.732475,1224.139234,1.0
2018-07-24,1224.106652,1224.106652,1223.828894,1224.100205,0.0
2018-07-25,1231.399459,1231.537148,1231.364635,1231.461168,0.0
2018-07-26,1227.80811,1227.80811,1225.17334,1225.17334,1.0
2018-07-27,1222.690069,1222.690069,1222.568956,1222.665368,254445.0
2018-07-30,1222.440584,1223.780736,1218.037752,1221.302327,62246.0
2018-07-31,1220.315374,1228.036213,1212.8766,1223.675266,2722.0
2018-08-01,1222.885804,1223.827933,1214.209897,1217.744569,1026.0
2018-08-02,1214.675132,1219.341979,1205.745223,1210.437162,411.0
2018-08-03,1206.215446,1218.800212,1205.031637,1214.102452,784.0
2018-08-06,1214.37208,1214.37208,1206.523531,1208.669539,297.0
2018-08-07,1207.832839,1214.786531,1207.683169,1209.763476,715.0
2018-08-08,1212.006299,1215.068237,1205.918588,1212.499192,209.0
2018-08-09,1214.528602,1215.243636,1211.544747,1212.14424,44.0
2018-08-10,1212.512549,1216.210351,1205.521187,1211.073289,75.0
2018-08-13,1207.049637,1207.513499,1191.114262,1191.114262,78.0
2018-08-14,1193.072327,1197.523901,1192.842389,1193.15768,92.0
2018-08-15,1188.054655,1188.128429,1174.451365,1177.593369,71.0
2018-08-16,1173.100801,1180.40907,1161.190814,1176.215816,123.0
2018-08-17,1174.893262,1181.190417,1174.667049,1176.553416,66.0
2018-08-20,1184.944268,1190.046384,1184.405998,1186.62017,68.0
2018-08-21,1189.694492,1192.506373,1189.614017,1192.380237,22.0
2018-08-22,1194.651824,1196.479293,1194.651824,1196.397145,17.0
2018-08-23,1189.377525,1190.050621,1184.988017,1187.092388,95.0
2018-08-24,1185.266575,1207.785107,1185.167809,1206.106018,12.0
2018-08-27,1210.109364,1211.470651,1205.137049,1209.140295,154.0
2018-08-28,1209.693678,1216.874591,1202.237012,1207.388221,136.0
2018-08-29,1205.074332,1205.410671,1202.384208,1204.571554,817.0
2018-08-30,1205.3908,1205.480187,1196.05636,1197.796006,493.0
2018-08-31,1206.862898,1208.251199,1198.93403,1200.324121,191.0
2018-09-04,1193.88482,1193.926009,1189.936412,1192.778618,26.0
2018-09-05,1192.298348,1196.155958,1192.298348,1194.982774,21.0
2018-09-06,1202.085295,1202.085295,1197.732679,1197.964554,7.0
2018-09-07,1198.340579,1198.340579,1193.053626,1193.535083,29.0
2018-09-10,1192.943233,1193.110893,1192.943233,1193.089518,11.0
2018-09-11,1190.416338,1196.142244,1190.346802,1195.338184,21.0
2018-09-12,1205.182664,1205.182664,1204.612017,1204.612017,37.0
2018-09-13,1203.348006,1203.493027,1200.004169,1202.126734,22.0
2018-09-14,1195.150752,1195.159179,1194.953197,1195.159179,1.0
2018-09-17,1199.693806,1199.834667,1199.693806,1199.834667,0.0
2018-09-18,1198.676623,1198.676623,1196.794156,1196.794156,2.0
2018-09-19,1202.327574,1202.349169,1202.089299,1202.089299,0.0
2018-09-20,1206.030319,1206.325283,1206.030319,1206.325283,0.0
2018-09-21,1196.159578,1196.402215,1196.159578,1196.402215,0.0
2018-09-24,1199.33398,1199.433203,1199.162454,1199.162454,0.0
2018-09-25,1202.317147,1202.816859,1199.756649,1199.756649,21.0
2018-09-26,1194.076022,1194.094958,1194.070062,1194.094958,17858.0
2018-09-27,1194.727158,1197.214834,1180.425986,1182.375335,4946.0
2018-09-28,1181.636087,1192.134667,1180.074616,1191.452621,404.0
2018-10-01,1191.422679,1191.529088,1185.72569,1187.087788,180.0
2018-10-02,1193.089005,1205.973912,1190.391381,1202.434852,451.0
2018-10-03,1202.592461,1202.592461,1196.68501,1198.436053,76.0
2018-10-04,1199.205073,1204.738026,1197.039265,1197.429914,496.0
2018-10-05,1197.018759,1205.33544,1197.018759,1201.060069,34.0
2018-10-08,1200.910832,1201.012493,1183.582137,1184.383929,250.0
2018-10-09,1185.459443,1189.094811,1185.459443,1187.113953,9.0
2018-10-10,1189.460864,1192.200988,1189.336273,1189.336273,1078.0
2018-10-11,1198.121107,1224.78197,1196.163622,1223.431447,126.0
2018-10-12,1221.52061,1221.590129,1215.795068,1218.066289,122.0
2018-10-15,1222.405309,1232.234829,1222.405309,1226.303085,136.0
2018-10-16,1227.112306,1230.502523,1227.086226,1227.157933,426.0
2018-10-17,1225.998066,1225.998066,1223.833163,1223.833163,1.0
2018-10-18,1226.440615,1226.568045,1226.353351,1226.353351,165.0
2018-10-19,1225.440731,1225.440731,1225.355869,1225.355869,55.0
2018-10-22,1224.578224,1224.639443,1219.673353,1221.124936,18.0
2018-10-23,1224.586598,1237.623517,1224.586598,1233.321769,33.0
2018-10-24,1231.609576,1231.609576,1227.717298,1227.717298,36.0
2018-10-25,1238.589791,1238.589791,1229.184937,1229.184937,7.0
2018-10-26,1234.149839,1234.742911,1232.395345,1232.526901,20.0
2018-10-29,1224.2911,1224.701755,1224.2911,1224.606802,214.0
2018-10-30,1227.890591,1227.890591,1219.948582,1222.588674,72.0
2018-10-31,1215.872911,1216.644073,1212.128914,1212.203863,121.0
2018-11-01,1215.112772,1236.03407,1215.112772,1235.766577,14.0
2018-11-02,1233.201626,1233.201626,1230.811422,1231.089244,18.0
2018-11-05,1230.539663,1231.655257,1226.502429,1229.889695,15.0
2018-11-06,1230.644124,1233.84078,1223.754144,1223.754144,4.0
2018-11-07,1228.889864,1228.889864,1225.995134,1226.128141,1.0
2018-11-08,1222.888403,1222.888403,1222.87127,1222.87127,2.0
2018-11-09,1208.000696,1208.000696,1206.133,1206.133,14.0
2018-11-12,1201.543975,1201.592275,1201.308337,1201.344453,1.0
2018-11-13,1196.450835,1201.239035,1196.38607,1199.090937,5.0
2018-11-14,1207.909636,1208.231202,1207.723706,1207.993519,0.0
2018-11-15,1212.984112,1212.984112,1212.810237,1212.810237,0.0
2018-11-16,1216.579815,1223.940478,1216.579815,1220.93558,5.0
2018-11-19,1223.17779,1223.17779,1223.016717,1223.016717,0.0
2018-11-20,1225.363394,1228.857946,1218.866463,1218.866463,12.0
2018-11-21,1225.811167,1225.899899,1225.61643,1225.899899,0.0
2018-11-23,1224.675463,1224.762295,1220.770134,1220.770134,1.0
2018-11-26,1220.014606,1222.149008,1220.014606,1220.205092,2.0
2018-11-27,1221.941821,1221.941821,1211.045926,1211.186562,5.0
2018-11-28,1211.382224,1221.42613,1211.382224,1221.42613,247171.0
2018-11-29,1220.966737,1228.651715,1220.782342,1223.94898,55476.0
2018-11-30,1224.105971,1225.226958,1216.056855,1220.139419,2060.0
2018-12-03,1222.505226,1234.251488,1221.201517,1233.828461,751.0
2018-12-04,1230.88498,1241.340881,1230.373765,1241.11495,474.0
2018-12-06,1237.579655,1244.237442,1234.683833,1238.170269,434.0
2018-12-07,1238.113873,1249.988,1237.719461,1246.611461,211.0
2018-12-10,1249.57062,1249.57062,1241.629696,1243.58171,131.0
2018-12-11,1245.882099,1248.571516,1241.597612,1241.778371,117.0
2018-12-12,1245.209201,1245.495977,1244.174332,1244.524205,84.0
2018-12-13,1243.504467,1243.504467,1241.212159,1242.613156,194.0
2018-12-14,1241.78674,1241.78674,1233.907425,1236.967337,33.0
2018-12-17,1239.287579,1247.535206,1239.287579,1247.426448,10.0
2018-12-18,1248.184042,1249.390822,1245.724261,1249.390822,31.0
2018-12-19,1256.033441,1256.033441,1252.001503,1252.001503,268.0
2018-12-20,1243.229792,1263.698328,1243.229792,1263.698328,49.0
2018-12-21,1260.440077,1261.07727,1253.767822,1253.767822,96.0
2018-12-24,1260.088719,1268.563968,1260.088719,1267.439554,27.0
2018-12-26,1269.444175,1277.382109,1269.218471,1269.220921,63.0
2018-12-27,1276.736576,1277.414723,1276.702871,1277.414723,480.0
2018-12-28,1273.565067,1280.231283,1273.565067,1279.890037,805.0
2018-12-31,1277.842767,1281.187862,1277.676469,1278.362194,19.0
2019-01-02,1286.047873,1286.061025,1277.467721,1281.073756,149.0
2019-01-03,1286.704585,1292.159437,1286.704585,1291.827934,10.0
2019-01-04,1294.230035,1294.230035,1275.480525,1282.614041,34.0
2019-01-07,1286.799133,1286.826207,1286.438028,1286.826207,2.0
2019-01-08,1280.412049,1283.20573,1278.136074,1283.20573,54.0
2019-01-09,1279.401553,1289.330672,1279.07948,1289.330672,102.0
2019-01-10,1284.813011,1284.813011,1284.48517,1284.659838,0.0
2019-01-11,1291.243806,1291.243806,1286.454143,1287.082258,11.0
2019-01-14,1292.344725,1294.149479,1289.053453,1289.252682,7.0
2019-01-15,1290.260739,1293.093144,1286.010763,1286.162725,3.0
2019-01-16,1291.480046,1291.752795,1291.480046,1291.752795,2.0
2019-01-17,1291.731292,1292.651129,1288.350795,1290.847157,10.0
2019-01-18,1281.317389,1281.455979,1281.201298,1281.201298,3.0
2019-01-22,1282.505278,1283.351958,1282.462463,1282.462637,7.0
2019-01-23,1281.958988,1284.119631,1278.706252,1283.187754,14.0
2019-01-24,1279.213479,1279.252999,1278.547339,1279.252999,1.0
2019-01-25,1297.368612,1297.416641,1297.368612,1297.416641,0.0
2019-01-28,1300.688447,1307.240308,1298.373898,1302.422534,54.0
2019-01-29,1308.259652,1308.259652,1308.12405,1308.12405,213615.0
2019-01-30,1310.464749,1323.366635,1308.161097,1309.909003,54958.0
2019-01-31,1319.935825,1325.353238,1316.61842,1319.734216,1970.0
2019-02-01,1320.296914,1320.866451,1315.490693,1316.889386,878.0
2019-02-04,1318.018349,1318.018349,1308.179985,1314.264368,675.0
2019-02-05,1311.111712,1315.296103,1311.111712,1314.172755,362.0
2019-02-06,1312.433378,1313.470906,1305.04747,1309.430619,358.0
2019-02-07,1303.070873,1310.478116,1302.176857,1309.347095,203.0
2019-02-08,1309.600171,1314.277625,1307.964998,1313.678695,122.0
2019-02-11,1313.647393,1313.647393,1304.695371,1307.011453,119.0
2019-02-12,1310.121816,1312.097799,1307.446351,1309.166828,109.0
2019-02-13,1311.636548,1315.968422,1308.14619,1310.608409,143.0
2019-02-14,1305.095203,1311.795311,1301.56183,1309.834461,858.0
2019-02-15,1313.502655,1318.665006,1313.502655,1318.227273,190.0
2019-02-19,1320.926258,1340.160604,1320.637281,1339.850599,390.0
2019-02-20,1342.126948,1344.015192,1338.134281,1343.389923,581.0
2019-02-21,1331.478964,1335.217009,1320.779285,1323.460446,414.0
2019-02-22,1324.228689,1331.387169,1320.865903,1329.062403,718.0
2019-02-25,1329.153806,1331.357776,1325.525936,1325.819082,185.0
2019-02-26,1323.364504,1325.6721,1323.364504,1324.87408,939.0
2019-02-27,1327.476353,1327.853203,1316.430996,1317.799105,604.0
2019-02-28,1321.136686,1323.697924,1311.347083,1312.816066,141.0
2019-03-01,1312.319256,1312.319256,1288.917896,1296.546144,110.0
2019-03-04,1285.451253,1286.800408,1281.988505,1284.879438,28.0
2019-03-05,1286.992151,1287.133303,1281.876675,1282.002163,114.0
2019-03-06,1287.378426,1287.378426,1282.650281,1285.041664,14.0
2019-03-07,1280.888963,1284.790736,1280.888963,1283.516833,11.0
2019-03-08,1292.210549,1297.47062,1291.614506,1297.088483,10.0
2019-03-11,1291.061922,1291.12236,1288.828942,1288.828942,9.0
2019-03-12,1294.941773,1296.422089,1294.589768,1296.422089,1.0
2019-03-13,1307.450189,1307.450189,1307.285758,1307.285758,0.0
2019-03-14,1293.505165,1293.505165,1293.474362,1293.474362,1.0
2019-03-15,1300.686286,1304.753125,1300.400262,1301.896211,26.0
2019-03-18,1297.215981,1302.220363,1297.209952,1300.559287,8.0
2019-03-19,1306.915321,1306.915321,1304.775892,1304.980851,20.0
2019-03-20,1300.715616,1300.715616,1300.401858,1300.543657,2.0
2019-03-21,1306.304742,1306.304742,1305.984183,1306.169098,0.0
2019-03-22,1311.582689,1311.818565,1311.429839,1311.818565,0.0
2019-03-25,1320.890241,1322.687373,1320.817942,1321.876939,19.0
2019-03-26,1315.879672,1315.879672,1314.293112,1314.480193,1.0
2019-03-27,1309.835643,1309.97601,1309.835643,1309.846797,206256.0
2019-03-28,1308.238138,1311.130482,1287.790257,1289.774301,87800.0
2019-03-29,1289.455028,1298.483353,1286.116094,1293.011297,1265.0
2019-04-01,1291.860876,1295.714349,1285.782651,1288.363411,675.0
2019-04-02,1286.166463,1290.932083,1284.701468,1290.368614,525.0
2019-04-03,1291.5125,1293.163445,1287.414205,1289.810669,172.0
2019-04-04,1290.66161,1292.766706,1279.59351,1289.021923,269.0
2019-04-05,1291.967846,1292.176197,1283.570093,1290.543073,181.0
2019-04-08,1292.098899,1302.009352,1291.692838,1296.971489,63.0
2019-04-09,1298.583459,1304.833614,1298.469403,1303.662405,30.0
2019-04-10,1304.089302,1309.164618,1301.571345,1309.164618,66.0
2019-04-11,1306.815955,1307.003516,1288.630631,1288.630631,420.0
2019-04-12,1293.674001,1293.674001,1289.210274,1290.495723,607.0
2019-04-15,1284.822528,1287.190235,1282.097816,1286.671001,523.0
2019-04-16,1285.478312,1285.478312,1272.119308,1272.752802,643.0
2019-04-17,1273.550139,1273.599478,1271.701511,1272.117622,308.0
2019-04-18,1270.72382,1273.709382,1270.28702,1271.870048,27.0
2019-04-22,1273.612279,1273.612279,1273.441335,1273.441335,147.0
2019-04-23,1266.224746,1269.864063,1266.061807,1269.373349,206.0
2019-04-24,1268.272485,1275.490029,1268.116321,1275.317558,518.0
2019-04-25,1280.53853,1280.835143,1275.682196,1275.882121,95.0
2019-04-26,1284.783524,1285.085741,1284.783524,1284.89198,804.0
2019-04-29,1284.979025,1285.059342,1277.01905,1278.560835,568.0
2019-04-30,1281.575241,1283.26149,1280.729269,1282.891762,114.0
2019-05-01,1278.560579,1283.213775,1278.560579,1281.350243,70.0
2019-05-02,1269.05995,1270.724825,1266.600387,1269.492984,63.0
2019-05-03,1270.330068,1279.338613,1270.008196,1279.022545,15.0
2019-05-06,1281.862791,1282.192737,1280.234972,1281.815877,12.0
2019-05-07,1280.335076,1283.497451,1280.335076,1283.389525,8.0
2019-05-08,1279.455172,1279.455172,1279.355056,1279.355056,5.0
2019-05-09,1279.002758,1284.931364,1278.945974,1283.662689,38.0
2019-05-10,1285.106594,1286.575766,1283.4428,1285.839716,6.0
2019-05-13,1286.705253,1300.146767,1281.876296,1300.146767,56.0
2019-05-14,1297.914896,1297.914896,1294.682431,1294.682431,6.0
2019-05-15,1296.886697,1296.886697,1296.147992,1296.292004,55.0
2019-05-16,1285.198064,1285.515318,1285.132767,1285.132767,3.0
2019-05-17,1280.180429,1280.180429,1274.261028,1274.261028,1.0
2019-05-20,1276.232035,1276.232035,1275.968616,1276.119158,20.0
2019-05-21,1272.09541,1272.09541,1272.02,1272.02,0.0
2019-05-22,1273.671107,1273.671107,1273.615529,1273.66034,0.0
2019-05-23,1284.661554,1284.910377,1284.661554,1284.910377,0.0
2019-05-24,1282.967662,1283.152037,1282.967662,1283.152037,9.0
2019-05-28,1276.761502,1276.776015,1276.609673,1276.776015,0.0
2019-05-29,1280.934096,1280.934096,1280.382498,1280.72006,189690.0
2019-05-30,1279.892646,1288.444756,1274.106833,1287.105981,55568.0
2019-05-31,1287.552199,1306.376711,1287.36521,1305.666187,2814.0
2019-06-03,1306.926392,1327.938783,1306.919424,1322.429439,812.0
2019-06-04,1324.25754,1328.727851,1320.60647,1323.39455,302.0
2019-06-05,1329.012216,1343.408292,1326.259104,1328.380665,622.0
2019-06-06,1331.177282,1338.699525,1326.046981,1337.626764,161.0
2019-06-07,1333.151714,1347.589269,1329.812014,1340.954995,240.0
2019-06-10,1336.001297,1336.311522,1324.18638,1324.845361,268.0
2019-06-11,1328.421356,1328.421356,1319.148474,1326.475847,201.0
2019-06-12,1326.966716,1334.596441,1326.959261,1331.9564,139.0
2019-06-13,1331.323177,1340.930174,1331.323177,1339.027691,157.0
2019-06-14,1345.252218,1355.516722,1339.505646,1340.101045,914.0
2019-06-17,1339.321819,1340.378523,1335.031818,1338.489552,76.0
2019-06-18,1349.221056,1349.274241,1341.573917,1346.563166,29.0
2019-06-19,1344.024323,1344.7215,1343.920142,1344.542103,129.0
2019-06-20,1381.434724,1392.81726,1379.638515,1392.81726,76.0
2019-06-21,1405.983482,1405.997434,1390.456035,1396.150283,35.0
2019-06-24,1406.080859,1420.440984,1402.072091,1414.118194,125.0
2019-06-25,1418.123089,1433.351352,1414.710647,1414.710647,105.0
2019-06-26,1407.027757,1413.299731,1405.983159,1411.651969,1333.0
2019-06-27,1406.779507,1410.85719,1399.779398,1408.358147,437.0
2019-06-28,1408.234483,1421.977935,1408.098269,1409.739255,356.0
2019-07-01,1386.529559,1395.705687,1382.808109,1385.702201,214.0
2019-07-02,1390.963551,1418.64036,1390.731005,1404.521958,38.0
2019-07-03,1430.892647,1433.850398,1413.115627,1417.705123,46.0
2019-07-05,1418.046766,1418.180547,1390.561061,1396.595943,20.0
2019-07-08,1395.718786,1396.984664,1393.673728,1396.984664,14.0
2019-07-09,1394.537751,1397.498484,1386.1006,1397.434536,53.0
2019-07-10,1409.706609,1410.282026,1409.706609,1410.282026,50.0
2019-07-11,1424.07009,1424.155597,1404.027338,1404.329126,6.0
2019-07-12,1405.576156,1410.163124,1405.576156,1409.883606,8.0
2019-07-15,1414.272486,1415.137845,1411.528279,1411.542694,25.0
2019-07-16,1413.640579,1413.89593,1404.887423,1409.317807,13.0
2019-07-17,1404.589186,1421.585796,1404.589186,1421.585796,6.0
2019-07-18,1422.277697,1444.251643,1419.478519,1426.339033,66.0
2019-07-19,1440.613587,1442.14254,1425.000376,1425.000376,22.0
2019-07-22,1425.440761,1425.440761,1423.945699,1425.387884,1.0
2019-07-23,1418.613487,1421.506434,1415.905237,1420.201353,5.0
2019-07-24,1422.915504,1422.915504,1422.517139,1422.517139,20.0
2019-07-25,1413.806592,1414.028004,1413.806592,1413.860493,4.0
2019-07-26,1422.844791,1422.981736,1418.272942,1418.272942,5.0
2019-07-29,1419.388562,1419.47589,1419.265686,1419.307616,224262.0
2019-07-30,1426.151417,1433.814154,1422.013943,1429.761483,73890.0
2019-07-31,1431.25052,1435.912551,1411.09194,1426.154199,3294.0
2019-08-01,1411.486881,1445.037505,1400.847446,1420.854892,2431.0
2019-08-02,1447.901558,1447.901558,1432.326324,1445.476126,1873.0
2019-08-05,1440.457619,1469.912509,1440.423038,1464.767944,1008.0
2019-08-06,1469.816893,1474.565541,1457.763166,1472.527329,460.0
2019-08-07,1473.573262,1509.863629,1473.348386,1507.624826,824.0
2019-08-08,1498.398838,1508.583254,1491.836628,1497.654693,367.0
2019-08-09,1506.140221,1507.246243,1495.574014,1496.534034,74.0
2019-08-12,1496.245149,1514.492058,1488.135354,1505.525748,257.0
2019-08-13,1510.514396,1531.077353,1483.66013,1502.090634,672.0
2019-08-14,1499.971188,1520.541068,1496.893472,1516.029436,328.0
2019-08-15,1519.693384,1522.96996,1510.360532,1519.509378,87.0
2019-08-16,1524.639738,1524.788516,1504.914662,1512.445299,1815.0
2019-08-19,1507.226026,1507.785972,1493.114691,1500.293731,205.0
2019-08-20,1497.491944,1506.101187,1497.491944,1504.75802,486.0
2019-08-21,1504.780108,1504.890507,1498.827496,1504.714328,350.0
2019-08-22,1495.271076,1497.498961,1493.67816,1497.498961,686.0
2019-08-23,1493.822181,1527.62338,1493.684496,1526.785589,983.0
2019-08-26,1543.272127,1543.340946,1524.415128,1526.46846,334.0
2019-08-27,1530.820228,1541.864393,1528.76392,1540.541564,166.0
2019-08-28,1538.063843,1538.063843,1537.723109,1537.723109,2756.0
2019-08-29,1537.573941,1549.02233,1519.548172,1526.625359,704.0
2019-08-30,1524.577891,1530.224465,1516.581773,1519.420688,276.0
2019-09-03,1522.739635,1547.328879,1521.131733,1546.130794,139.0
2019-09-04,1549.056776,1553.102241,1534.729873,1550.172925,46.0
2019-09-05,1551.322263,1551.322263,1511.063774,1515.495601,125.0
2019-09-06,1517.440545,1525.989063,1504.564312,1505.975344,54.0
2019-09-09,1509.262266,1513.066072,1498.009647,1502.504785,69.0
2019-09-10,1498.462347,1498.483402,1486.802012,1490.306787,23.0
2019-09-11,1491.585045,1496.822016,1490.187583,1494.554966,8.0
2019-09-12,1499.165219,1515.401348,1498.812772,1499.00272,27.0
2019-09-13,1490.76707,1491.03969,1486.794119,1491.03969,1.0
2019-09-16,1506.564712,1506.747763,1497.188501,1502.975974,21.0
2019-09-17,1497.837642,1505.254959,1497.721365,1505.107274,3.0
2019-09-18,1508.693984,1509.402043,1489.432584,1507.698791,8.0
2019-09-19,1495.923752,1502.216645,1495.923752,1498.151523,10.0
2019-09-20,1502.923394,1507.42859,1502.623285,1507.42859,2.0
2019-09-23,1515.788473,1523.639227,1515.571492,1523.639227,5.0
2019-09-24,1515.031104,1533.041075,1515.031104,1532.336862,25.0
2019-09-25,1527.604883,1527.871626,1504.479611,1504.611408,25.0
2019-09-26,1507.674319,1507.795103,1507.396773,1507.396773,8177.0
2019-09-27,1504.202626,1506.105288,1485.574305,1499.062828,7826.0
2019-09-30,1495.936037,1495.936037,1463.433818,1465.768274,1078.0
2019-10-01,1468.828746,1485.25346,1458.168848,1482.035039,219.0
2019-10-02,1476.552074,1503.57691,1474.055353,1501.124296,205.0
2019-10-03,1497.58978,1518.084,1496.58212,1507.155287,1213.0
2019-10-04,1505.824309,1508.549738,1497.352284,1506.279996,233.0
2019-10-07,1504.620504,1505.658158,1488.820277,1497.988701,121.0
2019-10-08,1489.418965,1506.312026,1489.186835,1497.110515,46.0
2019-10-09,1507.813952,1507.813952,1498.529616,1506.201835,120.0
2019-10-10,1511.252728,1511.455358,1490.694488,1494.580209,78.0
2019-10-11,1491.841767,1495.058543,1476.838126,1482.65493,57.0
2019-10-14,1484.285614,1493.585364,1481.297875,1491.446182,400.0
2019-10-15,1489.136782,1495.38545,1476.468838,1477.60866,367.0
2019-10-16,1482.008941,1488.110525,1479.961381,1488.075207,383.0
2019-10-17,1485.964319,1493.197419,1485.939454,1492.553634,271.0
2019-10-18,1487.382974,1488.811059,1486.472935,1488.476055,82.0
2019-10-21,1490.068067,1490.068067,1481.231991,1482.305608,72.0
2019-10-22,1483.287212,1483.593327,1481.57005,1481.57005,99.0
2019-10-23,1486.312299,1490.121877,1486.312299,1489.951614,67.0
2019-10-24,1490.634503,1501.284139,1485.763855,1498.936899,115.0
2019-10-25,1501.569476,1514.36996,1498.890633,1499.66905,93.0
2019-10-28,1503.973949,1504.074631,1489.885595,1489.885595,37.0
2019-10-29,1485.809109,1487.140315,1485.809109,1487.140315,425.0
2019-10-30,1487.297717,1495.556699,1481.005458,1493.380372,320.0
2019-10-31,1496.01525,1513.3274,1495.947778,1511.520444,210.0
2019-11-01,1510.922804,1511.674566,1502.960838,1508.018807,235.0
2019-11-04,1511.487974,1511.572143,1507.895521,1507.895521,101.0
2019-11-05,1507.010533,1507.076011,1480.833666,1480.886694,31.0
2019-11-06,1483.305442,1490.860857,1483.305442,1490.249691,567.0
2019-11-07,1489.482378,1489.482378,1464.10715,1464.234345,581.0
2019-11-08,1469.142191,1469.142191,1461.095412,1461.620553,21.0
2019-11-11,1460.993564,1460.993564,1449.41712,1455.632603,22.0
2019-11-12,1454.987983,1454.987983,1446.993913,1452.1903,6.0
2019-11-13,1456.741074,1463.535804,1456.741074,1461.673246,56.0
2019-11-14,1463.780411,1471.992358,1463.471956,1471.992358,83.0
2019-11-15,1468.844289,1469.17789,1467.031522,1467.031522,13.0
2019-11-18,1471.729823,1471.909518,1469.801045,1471.015554,141.0
2019-11-19,1467.759752,1474.243674,1467.757665,1473.410725,18.0
2019-11-20,1472.553701,1474.648545,1467.547702,1473.392943,31.0
2019-11-21,1463.312924,1463.312924,1462.915492,1462.915492,16.0
2019-11-22,1468.196872,1468.511227,1463.258604,1463.258604,19.0
2019-11-25,1456.90911,1457.080379,1455.678347,1456.559135,14.0
2019-11-26,1459.88846,1459.935502,1459.8678,1459.893841,346387.0
2019-11-27,1461.06215,1462.173855,1451.967059,1453.580517,88369.0
2019-11-29,1453.64984,1465.68201,1452.127906,1465.41681,7019.0
2019-12-02,1462.777155,1464.679587,1453.110609,1462.457967,2172.0
2019-12-03,1461.30047,1480.870333,1459.302962,1478.000002,1460.0
2019-12-04,1477.43096,1483.105673,1471.351516,1473.895969,613.0
2019-12-05,1474.64448,1477.765418,1472.490853,1477.027915,907.0
2019-12-06,1475.093115,1475.969766,1457.984102,1459.012977,899.0
2019-12-09,1458.86235,1464.152028,1458.379413,1459.260532,1461.0
2019-12-10,1460.885877,1467.149016,1460.852182,1462.557288,367.0
2019-12-11,1463.293679,1475.05928,1463.135559,1469.274282,393.0
2019-12-12,1474.932535,1483.799341,1463.602577,1466.720046,955.0
2019-12-13,1463.280407,1475.767507,1463.002805,1475.767507,468.0
2019-12-16,1473.794128,1475.335707,1473.774518,1474.831615,99.0
2019-12-17,1474.062055,1476.849159,1474.062055,1474.57763,410.0
2019-12-18,1472.754645,1472.754645,1472.410404,1472.653666,250.0
2019-12-19,1475.670031,1478.893515,1473.291514,1478.056046,319.0
2019-12-20,1476.780736,1478.393295,1474.655845,1474.727563,118.0
2019-12-23,1482.476907,1482.779002,1479.730349,1482.44175,391.0
2019-12-24,1488.778894,1499.088296,1488.764927,1499.035606,52.0
2019-12-26,1504.860231,1512.362458,1504.860231,1509.231912,126.0
2019-12-27,1514.019221,1514.019221,1513.741037,1513.889088,839.0
2019-12-30,1512.527341,1515.086159,1510.122693,1514.442892,446.0
2019-12-31,1513.864137,1523.383956,1513.864137,1519.39631,301.0
2020-01-02,1518.206664,1528.585074,1518.206664,1524.34064,214.0
2020-01-03,1529.839266,1552.682341,1529.839266,1549.528543,107.0
2020-01-06,1580.06209,1580.06209,1560.435727,1566.289229,416.0
2020-01-07,1558.54872,1576.129791,1558.456655,1571.795371,47.0
2020-01-08,1579.798969,1604.123688,1552.259335,1557.273386,236.0
2020-01-09,1555.360542,1555.767656,1543.312433,1551.797086,54.0
2020-01-10,1550.947584,1558.538875,1545.239301,1557.581727,16.0
2020-01-13,1557.491696,1558.149728,1548.39426,1548.427848,48.0
2020-01-14,1546.596468,1546.597645,1534.963262,1542.404762,32.0
2020-01-15,1547.651704,1553.931726,1545.444529,1552.06711,11.0
2020-01-16,1555.821514,1555.908839,1548.364893,1548.89519,98.0
2020-01-17,1554.250133,1558.916212,1553.651559,1558.885483,108.0
2020-01-21,1559.554549,1566.354173,1550.99517,1556.228608,45.0
2020-01-22,1549.979667,1557.080134,1549.953206,1555.564131,42.0
2020-01-23,1553.161105,1564.742594,1552.306157,1564.524076,15.0
2020-01-24,1556.016703,1571.189078,1556.016703,1570.815968,43.0
2020-01-27,1584.118667,1584.811976,1576.655862,1577.042027,22.0
2020-01-28,1576.495661,1576.6255,1569.081506,1569.081506,3.0
2020-01-29,1569.984821,1570.108228,1569.854403,1570.108228,251273.0
2020-01-30,1576.465363,1584.922762,1571.481668,1583.536323,62325.0
2020-01-31,1573.447491,1588.872691,1569.832368,1582.954146,1095.0
2020-02-03,1592.642296,1593.294598,1568.041403,1577.304792,1062.0
2020-02-04,1577.581913,1577.98135,1547.510267,1550.45482,978.0
2020-02-05,1553.400435,1561.039453,1547.39824,1557.752182,1305.0
2020-02-06,1553.678631,1565.622937,1551.455035,1565.051768,110.0
2020-02-07,1564.822571,1571.546488,1560.459258,1568.673599,431.0
2020-02-10,1569.232339,1574.750139,1568.648714,1574.750139,128.0
2020-02-11,1570.805124,1570.876773,1561.792243,1565.551958,440.0
2020-02-12,1565.088203,1568.770215,1561.14293,1567.414288,36.0
2020-02-13,1569.999885,1574.988437,1569.958082,1574.988437,74.0
2020-02-14,1575.96862,1582.646566,1574.884069,1582.646566,68.0
2020-02-18,1580.010804,1604.367498,1580.010804,1600.074906,310.0
2020-02-19,1600.872741,1610.559819,1599.866084,1607.504086,542.0
2020-02-20,1606.473648,1620.810274,1603.09978,1616.508439,117.0
2020-02-21,1619.329191,1644.969188,1619.209422,1644.560312,186.0
2020-02-24,1656.971758,1686.774795,1650.129872,1672.647534,435.0
2020-02-25,1645.005668,1653.695328,1632.107399,1646.53859,409.0
2020-02-26,1644.158602,1648.311394,1636.28207,1640.155956,1990.0
2020-02-27,1641.076791,1657.73845,1638.436528,1639.895973,707.0
2020-02-28,1640.399574,1642.602036,1563.966959,1564.152158,289.0
2020-03-02,1583.820895,1608.502701,1574.284148,1592.37015,537.0
2020-03-03,1594.554541,1645.423095,1594.167229,1642.068201,610.0
2020-03-04,1645.445848,1645.8974,1631.229011,1641.123135,83.0
2020-03-05,1637.47767,1672.942796,1637.12808,1666.469905,154.0
2020-03-06,1670.624265,1686.343057,1647.349834,1670.622055,175.0
2020-03-09,1696.327415,1702.030347,1657.94689,1674.707863,161.0
2020-03-10,1671.455897,1674.413933,1643.052944,1659.132053,48.0
2020-03-11,1656.336626,1666.134046,1635.150195,1641.114144,47.0
2020-03-12,1637.008139,1647.590932,1566.780382,1589.456144,256.0
2020-03-13,1574.798631,1589.810259,1513.730955,1515.659454,89.0
2020-03-16,1569.370625,1569.370625,1452.118716,1485.945667,193.0
2020-03-17,1469.094301,1537.515398,1469.094301,1525.015095,122.0
2020-03-18,1537.458162,1542.272529,1477.191694,1477.191694,333.0
2020-03-19,1481.615869,1491.613496,1470.960326,1478.499979,262.0
2020-03-20,1483.525047,1484.096538,1483.525047,1484.096538,14.0
2020-03-23,1505.162346,1567.193077,1490.244904,1566.816013,51.0
2020-03-24,1592.62304,1685.642931,1592.62304,1660.203915,442.0
2020-03-25,1676.728397,1676.728397,1631.09899,1632.251099,476.0
2020-03-26,1660.531302,1660.79833,1650.244174,1650.244174,3.0
2020-03-27,1624.066572,1624.066572,1624.022431,1624.022431,100621.0
2020-03-30,1641.245287,1652.672535,1607.251112,1621.767116,16390.0
2020-03-31,1618.691863,1620.920771,1575.580011,1583.430487,2874.0
2020-04-01,1569.933193,1600.109298,1569.883352,1578.250052,2158.0
2020-04-02,1590.793621,1631.415499,1585.970964,1625.583273,1294.0
2020-04-03,1624.666421,1636.143116,1619.726951,1633.961982,643.0
2020-04-06,1629.06881,1696.669838,1626.216355,1676.933348,1063.0
2020-04-07,1695.825347,1724.714124,1658.389717,1664.688595,1144.0
2020-04-08,1669.483677,1677.124442,1662.293213,1665.422795,747.0
2020-04-09,1662.942576,1736.446602,1662.505985,1735.914737,825.0
2020-04-13,1721.862215,1757.130869,1710.659799,1744.871643,696.0
2020-04-14,1756.897993,1775.094705,1739.461929,1756.655035,675.0
2020-04-15,1739.432506,1744.974806,1722.372471,1727.06751,642.0
2020-04-16,1730.837334,1750.525125,1715.069001,1720.294777,162.0
2020-04-17,1715.826814,1724.967639,1684.827589,1689.247698,223.0
2020-04-20,1685.672425,1701.706598,1680.102511,1701.706598,106.0
2020-04-21,1696.869602,1707.145803,1659.875735,1678.345506,666.0
2020-04-22,1696.029331,1728.700962,1684.76494,1728.700962,453.0
2020-04-23,1733.857533,1744.827203,1733.036976,1733.289973,482.0
2020-04-24,1743.745371,1744.035506,1714.463582,1723.490859,221.0
2020-04-27,1731.960461,1732.149844,1711.975563,1711.975563,169.0
2020-04-28,1716.495107,1716.683721,1707.181607,1710.530287,1255.0
2020-04-29,1710.262336,1713.342225,1702.021737,1703.465163,373.0
2020-04-30,1719.104167,1719.414938,1680.981465,1684.197809,327.0
2020-05-01,1686.796986,1701.61607,1670.817876,1694.658292,337.0
2020-05-04,1702.462237,1708.648712,1699.815469,1707.041685,320.0
2020-05-05,1701.580428,1704.710613,1697.6047,1704.710613,82.0
2020-05-06,1704.06252,1704.06252,1684.170469,1684.318439,469.0
2020-05-07,1686.331328,1721.804928,1685.600958,1721.73386,853.0
2020-05-08,1726.169665,1729.264055,1703.800146,1709.543083,330.0
2020-05-11,1702.306088,1704.346893,1689.869415,1695.523677,749.0
2020-05-12,1699.235009,1712.960602,1699.235009,1704.164145,324.0
2020-05-13,1701.975541,1721.370402,1701.896371,1713.621863,431.0
2020-05-14,1724.385676,1743.095326,1720.554176,1738.176642,672.0
2020-05-15,1739.711879,1753.228626,1739.711879,1753.172374,719.0
2020-05-18,1755.746184,1770.43718,1731.527871,1731.527871,229.0
2020-05-19,1744.258931,1749.671359,1744.126469,1744.126469,167.0
2020-05-20,1751.723795,1751.919735,1745.498375,1750.657137,16.0
2020-05-21,1746.759665,1746.934567,1720.377555,1720.585925,528.0
2020-05-22,1726.334528,1734.518989,1726.334528,1734.518989,6.0
2020-05-26,1726.550153,1726.63138,1704.596,1705.058357,39.0
2020-05-27,1685.461302,1710.324319,1685.461302,1710.324319,137409.0
2020-05-28,1709.35484,1727.843675,1705.23409,1713.484797,23356.0
2020-05-29,1732.638289,1754.446922,1725.602975,1751.566018,150129.0
2020-06-01,1749.845293,1760.677504,1737.819215,1750.437014,146130.0
2020-06-02,1750.250956,1756.997946,1728.052297,1733.971126,175343.0
2020-06-03,1733.980773,1739.502777,1690.168205,1704.801911,256597.0
2020-06-04,1702.878053,1729.116732,1698.591541,1727.434565,198747.0
2020-06-05,1720.775102,1723.13622,1671.885808,1682.876385,273646.0
2020-06-08,1687.131158,1707.396449,1680.562679,1705.053317,154808.0
2020-06-09,1704.125567,1729.407438,1697.467214,1721.678962,182886.0
2020-06-10,1718.658618,1749.305517,1713.853857,1720.762179,198736.0
2020-06-11,1746.892834,1754.743952,1727.416617,1739.781429,205337.0
2020-06-12,1733.509872,1752.742619,1728.611064,1737.374415,151418.0
2020-06-15,1740.610483,1743.981696,1705.932857,1727.274032,200208.0
2020-06-16,1732.182874,1741.246402,1721.689825,1736.241522,182419.0
2020-06-17,1735.368456,1738.954827,1717.412133,1735.630418,140067.0
2020-06-18,1735.512629,1748.938325,1722.7272,1731.170025,155925.0
2020-06-19,1729.804979,1760.899412,1727.930211,1752.867605,181139.0
2020-06-22,1765.823572,1779.034149,1753.340419,1766.551993,228703.0
2020-06-23,1764.871118,1786.966542,1758.470109,1781.895149,194645.0
2020-06-24,1784.58486,1796.10485,1770.805368,1774.964845,239530.0
2020-06-25,1772.303396,1779.644744,1763.935924,1770.872326,152210.0
2020-06-26,1774.590141,1786.177875,1754.172986,1780.429204,201201.0
2020-06-29,1789.001066,1790.157612,1776.438671,1780.677503,130499.0
2020-06-30,1784.406242,1804.095682,1775.200905,1800.608704,199441.0
2020-07-01,1799.080232,1807.406904,1767.923579,1779.930819,263246.0
2020-07-02,1779.137006,1792.03368,1766.253374,1789.816297,186316.0
2020-07-06,1788.104342,1798.95824,1779.064179,1793.353114,184663.0
2020-07-07,1793.872514,1810.656794,1781.044322,1810.155966,221722.0
2020-07-08,1807.619361,1829.930545,1803.751918,1820.628358,247495.0
2020-07-09,1818.8708,1825.756289,1799.859452,1803.912534,283352.0
2020-07-10,1808.266336,1816.850866,1796.408214,1802.159989,223843.0
2020-07-13,1803.747191,1818.633309,1801.838212,1814.179842,230432.0
2020-07-14,1805.15829,1814.798256,1791.033548,1813.222428,253218.0
2020-07-15,1811.100431,1819.671053,1804.194163,1813.874085,183065.0
2020-07-16,1813.163112,1815.877149,1794.235116,1800.195551,196585.0
2020-07-17,1797.001865,1813.787431,1794.905327,1810.125278,167005.0
2020-07-20,1812.514236,1823.11601,1806.488083,1817.420637,177733.0
2020-07-21,1819.500407,1844.97876,1817.281119,1843.887223,271086.0
2020-07-22,1843.14551,1871.810678,1841.871335,1865.209159,382220.0
2020-07-23,1871.806986,1897.803103,1862.802637,1889.712955,418663.0
2020-07-24,1884.853377,1905.033301,1880.456064,1897.443718,300183.0
2020-07-27,1900.857352,1941.887776,1899.23084,1930.870104,428209.0
2020-07-28,1937.164182,1974.731042,1900.408077,1944.520202,434426.0
2020-07-29,1950.640151,1974.7891,1935.044053,1953.018709,209842.0
2020-07-30,1963.456362,1965.193973,1930.208715,1942.228552,28853.0
2020-07-31,1948.698301,1981.259902,1947.777561,1962.390256,2914.0
2020-08-03,1984.275325,1984.347222,1955.953076,1965.747941,178752.0
2020-08-04,1993.429994,2037.38636,1982.650241,2021.048617,274456.0
2020-08-05,2037.108633,2070.016158,2027.350109,2049.361636,366403.0
2020-08-06,2055.180223,2081.496703,2048.956841,2069.484882,312779.0
2020-08-07,2076.537627,2089.56794,2024.411169,2028.269545,398132.0
2020-08-10,2044.599435,2061.045041,2028.154376,2039.592294,251290.0
2020-08-11,2038.352569,2040.447083,1911.492549,1946.203951,564942.0
2020-08-12,1921.210157,1961.199997,1873.861768,1949.457446,459822.0
2020-08-13,1927.296747,1974.486047,1922.918082,1970.546461,349905.0
2020-08-14,1963.804311,1970.205432,1939.456757,1950.002499,241791.0
2020-08-17,1956.48954,2000.73834,1938.677347,1998.493184,289478.0
2020-08-18,1993.555395,2024.815825,1985.042058,2013.272419,361465.0
2020-08-19,2010.603922,2015.534021,1930.579493,1970.507357,443219.0
2020-08-20,1934.399534,1962.992442,1928.965863,1946.63448,383336.0
2020-08-21,1955.704782,1963.23238,1916.24541,1946.715335,355054.0
2020-08-24,1947.775028,1970.237243,1930.605488,1939.50774,286244.0
2020-08-25,1935.916088,1943.958099,1918.78731,1923.177815,274112.0
2020-08-26,1939.257293,1963.395728,1908.293138,1952.274831,342212.0
2020-08-27,1962.995677,1987.035253,1914.690536,1932.586331,467208.0
2020-08-28,1937.52032,1982.740912,1928.055579,1975.050388,334067.0
2020-08-31,1973.615244,1985.372095,1962.497817,1978.251152,245113.0
2020-09-01,1973.440793,2001.287747,1969.159356,1978.631007,304938.0
2020-09-02,1976.658729,1980.26347,1938.942759,1944.461471,332628.0
2020-09-03,1948.899785,1956.556512,1927.056965,1938.151026,303022.0
2020-09-04,1938.140751,1956.655171,1921.648846,1934.00891,304779.0
2020-09-08,1938.256183,1948.193426,1911.957211,1943.084862,416028.0
2020-09-09,1939.430973,1959.385572,1926.53637,1955.250211,227185.0
2020-09-10,1955.281013,1975.213357,1948.539855,1963.805433,271464.0
2020-09-11,1953.806017,1963.217199,1943.708733,1947.928898,205203.0
2020-09-14,1948.701925,1972.573773,1945.280973,1963.828064,200080.0
2020-09-15,1965.983814,1982.173404,1955.600028,1966.250902,239504.0
2020-09-16,1961.128277,1983.878223,1957.237191,1970.463925,298420.0
2020-09-17,1967.458023,1969.162309,1938.280461,1950.130292,273158.0
2020-09-18,1951.053824,1968.337999,1951.053824,1961.849607,176098.0
2020-09-21,1957.237016,1962.679642,1885.556239,1910.573367,386640.0
2020-09-22,1917.863839,1925.415698,1898.664142,1907.974715,282753.0
2020-09-23,1904.971941,1910.338254,1855.783839,1868.200888,411531.0
2020-09-24,1866.846305,1880.837388,1851.068732,1876.816639,344982.0
2020-09-25,1872.918611,1879.150996,1854.253803,1866.41818,230852.0
2020-09-28,1862.984911,1888.407127,1851.038397,1882.178897,235859.0
2020-09-29,1886.381334,1904.693817,1880.836939,1903.073828,217808.0
2020-09-30,1903.354729,1908.113752,1886.076426,1895.526931,259890.0
2020-10-01,1891.225637,1918.119616,1889.858091,1916.546647,262111.0
2020-10-02,1910.698418,1923.916513,1895.16779,1907.514987,212734.0
2020-10-05,1911.23773,1924.883582,1891.44687,1920.163948,177599.0
2020-10-06,1917.594212,1926.919088,1878.13972,1908.633558,219436.0
2020-10-07,1882.537726,1902.487472,1877.014981,1891.061545,188566.0
2020-10-08,1890.645601,1905.529342,1885.309177,1895.136941,185442.0
2020-10-09,1898.213997,1936.873106,1898.213997,1926.297888,229848.0
2020-10-12,1935.057022,1939.571101,1923.83106,1928.6215,157219.0
2020-10-13,1926.961103,1930.612431,1889.104899,1894.362733,267518.0
2020-10-14,1895.302169,1917.329949,1884.94415,1907.150242,188330.0
2020-10-15,1905.952065,1913.542093,1892.913319,1908.774924,213571.0
2020-10-16,1912.710459,1918.641212,1901.40156,1906.228368,146896.0
2020-10-19,1903.087568,1923.528907,1900.018555,1911.503184,159836.0
2020-10-20,1906.282384,1917.324016,1896.048423,1915.379778,163892.0
2020-10-21,1911.6178,1935.895876,1911.153007,1929.243665,201249.0
2020-10-22,1927.300692,1929.771456,1894.12538,1904.353693,215620.0
2020-10-23,1906.531093,1917.476744,1894.85108,1905.335048,172981.0
2020-10-26,1906.114414,1911.127059,1892.113695,1905.599144,166324.0
2020-10-27,1904.530446,1913.181926,1899.122495,1911.974117,153274.0
2020-10-28,1909.810395,1912.329349,1869.223279,1879.12718,297036.0
2020-10-29,1877.770147,1885.073505,1859.297516,1867.976139,225177.0
2020-10-30,1867.76525,1891.14262,1863.629869,1879.64152,213181.0
2020-11-02,1876.873423,1897.266332,1873.046048,1892.457279,164938.0
2020-11-03,1896.351039,1912.206223,1887.514814,1910.083605,171351.0
2020-11-04,1910.156,1917.962269,1881.688979,1895.977848,293948.0
2020-11-05,1903.185066,1954.304321,1902.142666,1947.08627,297529.0
2020-11-06,1950.077151,1961.881145,1937.695805,1951.820894,246760.0
2020-11-09,1956.198397,1966.283008,1847.724775,1854.556537,496136.0
2020-11-10,1864.295551,1888.781467,1859.008578,1876.274316,264878.0
2020-11-11,1875.865742,1882.357655,1853.687547,1861.687808,215157.0
2020-11-12,1863.903168,1883.029519,1860.546534,1873.435557,209926.0
2020-11-13,1875.503056,1895.850486,1872.350476,1886.315074,162539.0
2020-11-16,1886.566461,1897.934821,1861.274108,1887.966988,222959.0
2020-11-17,1888.146994,1892.578737,1876.229015,1885.378237,160908.0
2020-11-18,1879.286038,1884.167013,1860.477272,1873.737024,208965.0
2020-11-19,1871.891703,1872.603478,1849.815022,1861.625536,222331.0
2020-11-20,1864.56224,1878.837781,1859.226991,1872.473815,186149.0
2020-11-23,1869.616575,1874.842662,1827.976987,1837.84013,319620.0
2020-11-24,1835.851989,1836.926171,1797.10029,1804.711558,367849.0
2020-11-25,1805.267907,1816.231038,1798.796484,1805.158313,205734.0
2020-11-27,1806.318127,1817.298864,1770.484799,1782.030404,71800.0
2020-11-30,1784.760826,1787.029004,1762.125122,1775.658786,3145.0
2020-12-01,1774.851396,1815.657986,1774.822096,1814.071581,203657.0
2020-12-02,1819.05557,1835.402725,1810.776262,1830.394816,185344.0
2020-12-03,1833.778902,1847.496835,1826.940099,1841.429036,180355.0
2020-12-04,1844.553552,1852.844081,1832.197048,1840.247901,171220.0
2020-12-07,1841.192881,1873.235434,1824.780655,1866.051784,209026.0
2020-12-08,1866.155471,1879.570724,1863.95472,1874.817821,151776.0
2020-12-09,1875.426819,1876.123924,1827.821857,1838.603626,219594.0
2020-12-10,1842.82317,1854.282933,1831.730467,1837.506165,164793.0
2020-12-11,1839.955598,1851.483373,1826.747386,1843.762613,153816.0
2020-12-14,1844.792044,1845.729988,1820.023575,1832.300385,168495.0
2020-12-15,1830.613024,1859.075371,1828.462815,1855.265947,173610.0
2020-12-16,1857.725875,1870.240177,1848.29861,1859.313614,199704.0
2020-12-17,1868.399797,1901.860663,1865.669986,1890.392218,219875.0
2020-12-18,1891.416533,1895.540443,1881.84596,1889.096017,153246.0
2020-12-21,1892.999628,1911.909307,1859.271844,1883.143206,232053.0
2020-12-22,1883.108665,1889.339545,1863.617515,1870.378012,176021.0
2020-12-23,1865.460313,1884.05758,1860.985354,1878.293809,162538.0
2020-12-24,1877.019098,1887.669213,1873.266092,1882.739288,89407.0
2020-12-28,1886.811586,1903.894106,1872.631455,1880.904325,196784.0
2020-12-29,1877.680428,1891.262682,1875.733146,1882.9457,149277.0
2020-12-30,1881.790026,1899.653543,1879.344078,1893.418981,133645.0
2020-12-31,1898.794071,1904.961662,1889.247995,1895.259304,130632.0
2021-01-04,1908.294441,1948.878691,1906.373544,1946.203611,273369.0
2021-01-05,1946.301671,1957.311005,1938.483409,1954.315547,201936.0
2021-01-06,1952.747622,1962.424143,1902.595829,1908.431263,366528.0
2021-01-07,1921.382173,1929.532612,1907.745207,1913.330683,199977.0
2021-01-08,1915.275695,1918.118122,1827.7909,1835.803601,443564.0
2021-01-11,1849.73998,1856.269302,1816.757346,1850.655572,268323.0
2021-01-12,1845.338216,1864.075786,1835.835602,1844.185836,240703.0
2021-01-13,1855.272396,1862.982696,1841.593506,1855.154594,225988.0
2021-01-14,1845.33034,1857.355584,1826.583903,1851.513151,257698.0
2021-01-15,1847.168405,1856.690469,1822.08215,1829.772051,231115.0
2021-01-19,1828.841267,1844.776047,1800.697576,1840.501536,331601.0
2021-01-20,1839.903994,1872.171193,1830.851619,1866.473966,274377.0
2021-01-21,1871.199054,1874.653464,1857.609488,1865.997145,196927.0
2021-01-22,1870.050736,1870.266124,1836.621802,1856.195851,249674.0
2021-01-25,1855.197697,1867.35733,1846.137706,1855.377417,212013.0
2021-01-26,1855.117965,1860.825109,1847.1141,1851.067543,170261.0
2021-01-27,1849.725453,1851.475955,1828.843096,1844.768959,195557.0
2021-01-28,1843.643586,1863.148339,1831.503881,1838.195607,27281.0
2021-01-29,1842.01291,1875.926864,1838.93508,1847.213235,276139.0
2021-02-01,1864.690319,1876.353144,1851.860473,1863.935581,242080.0
2021-02-02,1863.649913,1866.458971,1830.535197,1833.348081,236001.0
2021-02-03,1838.430823,1845.747836,1830.144381,1835.503924,137232.0
2021-02-04,1834.492936,1835.671936,1784.65573,1791.329779,279655.0
2021-02-05,1794.485528,1816.291616,1791.833741,1812.841075,205732.0
2021-02-08,1817.99617,1840.704079,1807.762119,1834.551165,177547.0
2021-02-09,1832.717981,1849.324751,1830.502867,1837.708989,154414.0
2021-02-10,1838.378188,1856.594638,1834.171829,1842.527287,176463.0
2021-02-11,1844.486956,1848.481887,1821.640113,1826.920235,147027.0
2021-02-12,1825.258717,1831.812787,1810.092398,1823.259757,171927.0
2021-02-16,1825.959275,1827.252303,1787.976386,1799.10454,355887.0
2021-02-17,1792.994125,1794.063832,1768.080189,1772.898721,257361.0
2021-02-18,1776.185687,1789.084755,1766.669599,1774.938441,224744.0
2021-02-19,1774.713385,1790.912216,1758.675335,1777.327224,251763.0
2021-02-22,1781.623853,1812.359072,1778.548464,1808.40952,221234.0
2021-02-23,1809.183942,1815.35828,1794.672655,1805.694191,191163.0
2021-02-24,1805.013752,1813.464287,1782.065858,1797.811231,224091.0
2021-02-25,1804.969788,1805.034702,1763.811371,1775.226013,316256.0
2021-02-26,1770.83159,1773.717702,1714.878961,1728.81392,362524.0
2021-03-01,1732.824107,1757.455414,1717.235853,1722.774813,241937.0
2021-03-02,1722.877703,1738.254079,1704.809556,1733.670255,235985.0
2021-03-03,1736.364545,1739.0667,1699.219998,1715.872154,255670.0
2021-03-04,1708.574902,1721.520627,1687.438195,1700.851416,277452.0
2021-03-05,1695.242986,1705.506191,1683.071617,1698.274366,269333.0
2021-03-08,1701.777857,1712.026296,1673.202566,1677.794169,273916.0
2021-03-09,1679.412701,1718.683393,1676.875965,1717.048482,248947.0
2021-03-10,1714.673241,1725.36021,1705.538935,1721.710376,226931.0
2021-03-11,1725.011267,1738.082616,1716.821958,1722.407863,215332.0
2021-03-12,1720.583141,1728.158535,1696.333122,1719.999322,232197.0
2021-03-15,1726.492434,1733.428076,1719.385647,1729.319972,163065.0
2021-03-16,1730.86423,1740.508428,1724.308,1730.84472,173857.0
2021-03-17,1729.753092,1750.780096,1722.189909,1727.043434,220587.0
2021-03-18,1744.120242,1753.923384,1716.74691,1732.580165,251788.0
2021-03-19,1733.57572,1746.435796,1727.464725,1741.755216,213239.0
2021-03-22,1745.643723,1747.289572,1726.386829,1737.981135,196323.0
2021-03-23,1738.200435,1741.953209,1722.884473,1725.099803,226218.0
2021-03-24,1725.950695,1737.596468,1722.090251,1732.994485,186543.0
2021-03-25,1733.072812,1744.685451,1720.532757,1725.086088,226245.0
2021-03-26,1725.372638,1735.319263,1718.638308,1732.001894,172928.0
2021-03-29,1731.542651,1732.598072,1703.374872,1712.257024,135431.0
2021-03-30,1710.932173,1712.574254,1676.758687,1683.829551,25315.0
2021-03-31,1683.534791,1713.824767,1676.636386,1713.648161,210750.0
2021-04-01,1709.024651,1731.790634,1706.333021,1728.370099,170420.0
2021-04-05,1730.227899,1734.267514,1721.835175,1728.963532,101737.0
2021-04-06,1729.412259,1746.377091,1727.946211,1743.098407,152607.0
2021-04-07,1744.282452,1745.29655,1731.071907,1741.613467,122782.0
2021-04-08,1738.443015,1759.274043,1733.551259,1758.152294,144585.0
2021-04-09,1756.416235,1758.219425,1730.740582,1744.622481,171396.0
2021-04-12,1744.715697,1746.128099,1727.075563,1732.542846,125363.0
2021-04-13,1732.054513,1749.571518,1723.214778,1747.266035,175629.0
2021-04-14,1746.417695,1750.797232,1732.154206,1736.189016,145258.0
2021-04-15,1736.531217,1770.546674,1734.524402,1766.884865,198111.0
2021-04-16,1764.458441,1784.836334,1760.239516,1780.322662,173502.0
2021-04-19,1778.820182,1790.426733,1766.582285,1770.536126,180696.0
2021-04-20,1770.495377,1780.961905,1763.371058,1778.210768,169034.0
2021-04-21,1778.711862,1798.525012,1776.582484,1793.020706,173972.0
2021-04-22,1794.484396,1797.890247,1777.215104,1782.099143,163735.0
2021-04-23,1783.945002,1795.978847,1769.604997,1777.556266,175825.0
2021-04-26,1776.04018,1783.0766,1767.988855,1779.859965,143350.0
2021-04-27,1781.185825,1785.8324,1773.921813,1778.787933,147958.0
2021-04-28,1775.94145,1782.67909,1761.612924,1773.713828,198582.0
2021-04-29,1781.874291,1790.01075,1754.536116,1768.578849,231505.0
2021-04-30,1772.49933,1773.363833,1763.362896,1767.371037,167306.0
2021-05-03,1767.797411,1798.975027,1765.723549,1791.891932,204530.0
2021-05-04,1792.958173,1799.20103,1769.062149,1776.107058,246591.0
2021-05-05,1778.474984,1787.871244,1769.466028,1784.113728,178815.0
2021-05-06,1787.232888,1818.624306,1781.788058,1815.453901,287615.0
2021-05-07,1815.300303,1844.58143,1813.401428,1830.922636,367673.0
2021-05-10,1835.615572,1846.545673,1830.583847,1837.542217,269692.0
2021-05-11,1836.157034,1842.144585,1817.790515,1836.136483,311152.0
2021-05-12,1838.516467,1844.756408,1812.841948,1822.837154,339218.0
2021-05-13,1816.194384,1828.657662,1808.450495,1823.606322,249900.0
2021-05-14,1826.700362,1847.436228,1818.881664,1838.574607,224370.0
2021-05-17,1845.801071,1869.399116,1840.875403,1867.96174,267726.0
2021-05-18,1867.265133,1876.101573,1863.185382,1868.100276,228998.0
2021-05-19,1870.343172,1891.221959,1852.223732,1881.605185,398282.0
2021-05-20,1869.929809,1885.245291,1864.130455,1881.990352,223604.0
2021-05-21,1878.529597,1890.073724,1870.306958,1876.785667,234277.0
2021-05-24,1883.340119,1887.759971,1875.565253,1884.701654,183304.0
2021-05-25,1881.434046,1901.417444,1873.222893,1898.088577,316636.0
2021-05-26,1900.125596,1913.43331,1890.916996,1901.414423,170558.0
2021-05-27,1897.004255,1903.893023,1888.112365,1895.62326,35794.0
2021-05-28,1897.344358,1905.460773,1881.985159,1902.750069,198128.0
2021-06-01,1906.8845,1919.164343,1894.221402,1905.154041,290697.0
2021-06-02,1903.126059,1911.717283,1896.464383,1909.757895,166037.0
2021-06-03,1910.48724,1912.122164,1866.937195,1873.362222,278569.0
2021-06-04,1872.971853,1899.064093,1855.618818,1891.833695,228830.0
2021-06-07,1894.153539,1902.773406,1883.486915,1898.792614,146021.0
2021-06-08,1901.585902,1907.009924,1885.725006,1894.675579,173606.0
2021-06-09,1894.413691,1901.738352,1889.343329,1895.269528,147322.0
2021-06-10,1891.643011,1903.15751,1871.666026,1896.33186,250506.0
2021-06-11,1901.927159,1905.784579,1875.940977,1879.382778,220487.0
2021-06-14,1879.572697,1879.896884,1845.973809,1865.814652,242332.0
2021-06-15,1867.851055,1870.76284,1852.93553,1856.560788,155353.0
2021-06-16,1860.918404,1866.048689,1804.189725,1861.754067,234113.0
2021-06-17,1812.235037,1826.541608,1768.004674,1775.075033,385934.0
2021-06-18,1773.897711,1797.774279,1761.076814,1768.907304,264566.0
2021-06-21,1764.240727,1786.763799,1763.940185,1782.999655,195502.0
2021-06-22,1782.889568,1790.457831,1771.341347,1777.322645,172722.0
2021-06-23,1779.059649,1795.557542,1772.999964,1783.503636,179283.0
2021-06-24,1778.160194,1788.550772,1772.766972,1776.675516,152222.0
2021-06-25,1775.645867,1790.906815,1773.658566,1777.58088,161191.0
2021-06-28,1781.997977,1786.189687,1770.632712,1780.934617,160791.0
2021-06-29,1778.597504,1778.963298,1749.966848,1763.365877,239910.0
2021-06-30,1761.635788,1774.335454,1753.354744,1771.759278,177872.0
2021-07-01,1770.69388,1783.464555,1765.80933,1776.883495,171443.0
2021-07-02,1777.431473,1796.036226,1774.63972,1783.40935,205887.0
2021-07-06,1787.494247,1815.981097,1784.625437,1794.207842,276607.0
2021-07-07,1796.985768,1810.304374,1793.921675,1801.925689,171072.0
2021-07-08,1803.915114,1819.436236,1793.407194,1800.524307,249328.0
2021-07-09,1803.433833,1813.043833,1796.396028,1810.359639,185560.0
2021-07-12,1808.545853,1810.957877,1791.133331,1805.767208,201413.0
2021-07-13,1806.663856,1818.272262,1798.591202,1809.652117,242210.0
2021-07-14,1808.241683,1831.017564,1804.897254,1825.380164,229879.0
2021-07-15,1828.892472,1835.264213,1820.287328,1828.932709,175637.0
2021-07-16,1830.744279,1832.815024,1809.226605,1815.169296,184642.0
2021-07-19,1811.580014,1817.901947,1795.255784,1809.11683,249695.0
2021-07-20,1813.453304,1825.970996,1804.945753,1811.545571,221129.0
2021-07-21,1811.015374,1814.446336,1794.440994,1803.699199,218629.0
2021-07-22,1803.912527,1808.444866,1791.841646,1805.247507,193338.0
2021-07-23,1807.960374,1810.572428,1788.815725,1801.973065,236746.0
2021-07-26,1802.404602,1812.002589,1796.028679,1799.384072,204542.0
2021-07-27,1797.037882,1805.338102,1792.57406,1799.720674,177042.0
2021-07-28,1798.681313,1809.151759,1790.62882,1799.579951,209771.0
2021-07-29,1806.750585,1832.352405,1805.807178,1831.296582,30496.0
2021-07-30,1827.692713,1830.682495,1808.874969,1812.651508,157146.0
2021-08-02,1816.937569,1822.895099,1808.221131,1822.363959,159751.0
2021-08-03,1816.600329,1818.345096,1809.553016,1813.77909,103438.0
2021-08-04,1813.618628,1835.977616,1808.507166,1814.659303,244700.0
2021-08-05,1814.971661,1818.102634,1799.668509,1809.134252,169815.0
2021-08-06,1806.802391,1806.859657,1759.487717,1763.207824,323163.0
2021-08-09,1764.828272,1765.540125,1677.862,1726.569035,289516.0
2021-08-10,1732.306387,1739.590055,1718.323489,1731.867167,182582.0
2021-08-11,1730.206062,1756.497239,1724.980656,1753.435553,185434.0
2021-08-12,1752.811871,1759.666008,1742.43799,1751.95594,137137.0
2021-08-13,1754.303994,1781.952002,1753.249852,1778.258522,144799.0
2021-08-16,1780.931915,1791.108634,1772.062125,1789.871214,137717.0
2021-08-17,1788.976521,1798.018671,1782.148595,1787.809917,144793.0
2021-08-18,1788.002697,1795.692029,1778.876387,1784.489036,132724.0
2021-08-19,1789.466176,1795.073924,1774.689933,1783.043325,151253.0
2021-08-20,1782.815147,1791.023156,1780.187744,1783.845556,107966.0
2021-08-23,1781.161425,1809.282249,1778.195188,1806.088916,156308.0
2021-08-24,1807.064656,1812.031839,1802.592512,1808.676795,114765.0
2021-08-25,1804.699777,1805.320883,1783.755747,1791.070778,163485.0
2021-08-26,1793.237984,1800.479989,1781.538191,1795.12809,134524.0
2021-08-27,1795.342246,1821.940167,1784.825845,1819.671613,203656.0
2021-08-30,1821.5945,1826.504137,1810.29887,1811.894848,104875.0
2021-08-31,1812.436482,1822.132563,1803.431607,1818.202922,170393.0
2021-09-01,1816.539905,1822.917875,1810.501909,1816.008149,140106.0
2021-09-02,1816.458318,1819.402244,1806.480084,1811.505776,113036.0
2021-09-03,1811.477216,1836.895672,1811.012083,1833.782964,184969.0
2021-09-07,1833.377084,1833.377084,1793.867564,1798.812476,252474.0
2021-09-08,1796.212998,1804.30821,1783.38935,1793.199913,161278.0
2021-09-09,1790.684544,1803.340762,1784.854526,1799.983021,154134.0
2021-09-10,1795.958564,1806.121762,1788.463331,1792.29578,136235.0
2021-09-13,1789.56437,1800.279283,1784.435812,1794.324752,114320.0
2021-09-14,1795.23286,1810.736108,1780.49148,1807.277776,197977.0
2021-09-15,1806.597621,1808.439049,1791.934963,1794.867402,139319.0
2021-09-16,1795.536847,1797.315427,1745.590519,1756.784545,255234.0
2021-09-17,1754.782314,1767.723962,1746.739155,1751.015589,183260.0
2021-09-20,1753.944355,1768.345178,1742.504719,1763.903471,152467.0
2021-09-21,1765.413939,1782.974988,1758.39901,1778.639345,141628.0
2021-09-22,1775.07479,1788.417052,1764.749643,1778.788551,172358.0
2021-09-23,1769.033375,1777.347495,1737.374198,1749.591239,225488.0
2021-09-24,1743.648113,1757.853427,1740.374922,1751.59393,151578.0
2021-09-27,1751.800971,1760.722779,1744.790021,1752.10638,137566.0
2021-09-28,1749.806685,1753.944151,1727.781697,1737.473182,215804.0
2021-09-29,1733.715147,1746.006558,1721.363102,1722.684341,177406.0
2021-09-30,1726.275443,1764.877939,1721.98458,1757.059559,246407.0
2021-10-01,1757.304506,1765.3967,1750.150498,1758.396023,151181.0
2021-10-04,1762.454179,1771.576228,1747.582386,1767.92489,166146.0
2021-10-05,1771.139519,1771.139519,1748.612365,1760.835539,151450.0
2021-10-06,1760.746409,1766.133237,1745.586128,1761.747448,159223.0
2021-10-07,1763.686423,1767.943938,1752.093507,1759.211256,146410.0
2021-10-08,1757.223609,1782.320613,1753.988992,1757.2772,240379.0
2021-10-11,1757.325502,1760.857508,1749.744361,1756.04989,114756.0
2021-10-12,1753.598011,1769.880369,1750.490226,1759.385034,168109.0
2021-10-13,1760.362271,1797.692398,1757.895835,1794.824918,299033.0
2021-10-14,1793.92647,1801.791082,1787.498906,1798.095856,164637.0
2021-10-15,1797.145588,1797.699863,1765.198171,1768.095608,202602.0
2021-10-18,1767.826161,1772.478278,1760.181137,1765.785704,152747.0
2021-10-19,1765.032667,1786.116173,1763.335719,1770.651749,166976.0
2021-10-20,1769.099173,1789.514773,1767.409537,1784.689201,174106.0
2021-10-21,1782.547114,1790.546153,1776.914981,1781.88624,138715.0
2021-10-22,1783.772673,1815.436661,1783.686903,1796.24717,312808.0
2021-10-25,1794.3966,1811.42188,1793.018338,1807.010427,153594.0
2021-10-26,1808.855742,1810.110512,1782.976537,1793.409715,197956.0
2021-10-27,1795.091796,1800.93591,1784.269742,1798.861434,182807.0
2021-10-28,1798.738751,1812.386795,1793.037184,1802.274232,220838.0
2021-10-29,1801.209627,1803.041651,1772.189713,1783.842479,254495.0
2021-11-01,1785.38034,1797.56008,1780.440345,1795.94237,143313.0
2021-11-02,1795.107572,1798.031119,1787.24842,1789.360422,145802.0
2021-11-03,1789.297839,1789.297839,1758.748367,1763.938915,257418.0
2021-11-04,1769.945325,1800.488835,1769.272583,1793.344213,222594.0
2021-11-05,1792.630079,1819.731169,1785.33861,1816.861519,299592.0
2021-11-08,1820.361765,1828.289772,1813.983756,1828.19956,200433.0
2021-11-09,1826.975833,1834.669689,1820.951043,1830.758132,224417.0
2021-11-10,1834.4801,1870.894927,1823.296875,1847.703894,352844.0
2021-11-11,1851.488887,1868.827776,1845.094362,1863.853339,205317.0
2021-11-12,1864.299674,1871.17272,1846.918743,1868.311358,201368.0
2021-11-15,1872.605169,1873.18676,1858.774801,1866.627922,221193.0
2021-11-16,1864.709981,1879.589726,1851.312026,1854.475435,220418.0
2021-11-17,1851.751095,1870.563137,1850.862643,1870.134558,172422.0
2021-11-18,1869.403627,1873.259438,1856.620837,1861.154534,186068.0
2021-11-19,1860.806708,1867.827081,1844.086723,1851.478289,234035.0
2021-11-22,1848.279346,1850.21586,1802.083906,1806.424354,352909.0
2021-11-23,1807.61704,1812.443113,1781.90722,1783.619861,311333.0
2021-11-24,1789.682145,1796.334776,1777.484105,1784.131997,203237.0
2021-11-26,1789.793473,1816.47175,1778.766165,1785.279336,186775.0
2021-11-29,1791.79744,1798.634298,1778.949277,1782.133931,26929.0
2021-11-30,1784.222906,1807.736381,1768.855476,1773.779695,242836.0
2021-12-01,1777.608687,1795.86465,1773.476926,1784.233197,180378.0
2021-12-02,1783.539739,1785.215859,1762.311372,1762.770211,172739.0
2021-12-03,1769.53303,1787.956574,1766.094002,1783.6869,175166.0
2021-12-06,1787.438609,1788.840352,1776.510164,1779.686761,104484.0
2021-12-07,1779.681886,1789.197609,1772.371991,1784.947179,129889.0
2021-12-08,1785.112951,1794.537564,1780.129088,1785.701184,109712.0
2021-12-09,1784.311596,1788.225447,1773.040465,1776.916192,123978.0
2021-12-10,1776.532571,1790.830385,1770.518426,1785.004417,142002.0
2021-12-13,1784.089899,1792.920185,1782.37764,1788.091555,106054.0
2021-12-14,1787.806218,1789.941352,1766.3082,1772.276241,153254.0
2021-12-15,1772.272835,1781.111794,1752.880779,1764.650229,161092.0
2021-12-16,1777.841496,1800.489048,1775.883646,1798.127212,167807.0
2021-12-17,1801.387101,1815.589399,1796.279909,1804.88556,156633.0
2021-12-20,1800.286115,1804.491834,1788.850888,1794.430329,105379.0
2021-12-21,1791.365146,1801.737199,1785.062426,1788.482717,134151.0
2021-12-22,1789.084672,1806.111434,1785.982128,1802.407115,110399.0
2021-12-23,1805.541998,1811.819139,1798.768694,1811.819139,104842.0
2021-12-27,1810.396958,1814.223561,1803.468494,1808.879954,84225.0
2021-12-28,1811.959167,1821.83465,1805.752308,1810.819143,100558.0
2021-12-29,1806.44999,1807.922416,1789.141579,1805.846497,138696.0
2021-12-30,1805.433203,1818.077644,1796.063273,1813.939892,113429.0
2021-12-31,1817.173033,1831.332206,1815.122993,1828.467361,106622.0
2022-01-03,1829.778638,1832.6435,1798.347393,1800.060778,168299.0
2022-01-04,1801.255221,1816.967017,1798.398229,1814.670187,167680.0
2022-01-05,1814.999643,1830.581197,1808.169738,1824.972142,173347.0
2022-01-06,1810.547663,1811.578629,1785.115691,1788.852723,238675.0
2022-01-07,1790.913973,1798.437118,1781.324066,1797.47805,238921.0
2022-01-10,1796.550792,1801.694328,1789.537754,1798.747952,173034.0
2022-01-11,1801.606271,1823.092714,1799.83735,1818.30632,184122.0
2022-01-12,1821.324405,1828.386732,1814.54472,1827.111899,192974.0
2022-01-13,1825.755392,1828.192175,1811.587203,1821.501984,215524.0
2022-01-14,1822.249467,1829.045452,1814.046609,1816.37883,174941.0
2022-01-18,1818.838481,1822.675489,1804.748504,1812.423713,362909.0
2022-01-19,1812.489349,1844.00064,1809.218857,1843.042567,318499.0
2022-01-20,1839.888289,1848.454767,1835.850662,1842.3746,233869.0
2022-01-21,1840.535099,1843.840068,1828.292857,1831.974713,225252.0
2022-01-24,1835.253,1844.63,1829.510975,1841.915683,244344.0
2022-01-25,1842.991365,1854.043889,1834.39896,1852.710018,197787.0
2022-01-26,1848.106705,1850.321792,1814.023891,1829.85854,269977.0
2022-01-27,1819.277923,1821.592151,1790.673163,1793.339387,196046.0
2022-01-28,1797.668673,1798.200781,1778.763251,1784.889159,28519.0
2022-01-31,1788.879067,1798.645425,1784.93395,1794.999729,139420.0
2022-02-01,1799.074499,1809.469709,1796.345776,1801.264876,128882.0
2022-02-02,1800.617975,1812.061033,1794.464009,1810.38846,123026.0
2022-02-03,1807.61224,1809.629164,1788.438235,1804.16563,173706.0
2022-02-04,1805.421657,1815.747522,1791.828122,1807.710364,177715.0
2022-02-07,1808.120565,1824.484676,1807.628429,1821.368637,139820.0
2022-02-08,1821.474277,1829.810941,1815.864115,1828.150333,142412.0
2022-02-09,1826.840949,1837.137734,1825.284213,1836.677099,136719.0
2022-02-10,1834.02033,1843.218582,1821.736933,1837.463726,227433.0
2022-02-11,1827.151511,1867.719671,1821.305457,1842.288066,239104.0
2022-02-14,1862.437942,1876.430858,1851.906311,1869.498069,231006.0
2022-02-15,1873.739343,1881.981613,1845.506771,1856.135841,214882.0
2022-02-16,1855.792379,1874.702122,1851.712628,1871.239558,141495.0
2022-02-17,1871.922335,1903.798066,1869.755512,1901.847107,268566.0
2022-02-18,1901.421562,1905.170547,1887.945318,1899.772275,161731.0
2022-02-22,1903.407726,1918.21229,1889.71986,1907.771491,334608.0
2022-02-23,1901.243456,1913.17622,1891.034505,1910.585056,154822.0
2022-02-24,1912.025841,1976.659932,1878.392205,1926.230037,423079.0
2022-02-25,1906.733416,1925.11805,1883.896422,1887.919359,229763.0
2022-02-28,1920.876484,1935.163291,1892.115208,1900.661553,249282.0
2022-03-01,1908.525609,1952.590629,1902.848069,1943.761863,223965.0
2022-03-02,1945.337979,1951.57148,1916.009966,1922.303373,227972.0
2022-03-03,1931.65381,1944.347013,1923.164443,1936.156922,180216.0
2022-03-04,1938.327989,1974.98674,1931.520032,1966.278485,241539.0
2022-03-07,1978.5652,2007.47742,1964.254761,1996.148424,372204.0
2022-03-08,2001.232838,2078.724058,1985.689127,2043.516461,447574.0
2022-03-09,2060.03944,2068.590937,1980.609463,1987.959626,360410.0
2022-03-10,1992.808077,2015.171029,1974.830083,2000.312353,303265.0
2022-03-11,2000.281386,2004.039857,1960.861607,1984.815586,262087.0
2022-03-14,1988.819949,1994.796986,1951.931409,1960.701854,162186.0
2022-03-15,1953.589466,1957.029122,1908.059066,1930.146332,220337.0
2022-03-16,1920.307651,1930.036578,1895.186975,1909.519619,195469.0
2022-03-17,1928.593244,1951.18752,1924.095121,1943.446236,149827.0
2022-03-18,1944.021702,1946.146149,1917.758571,1929.00709,150855.0
2022-03-21,1922.506211,1941.69131,1917.133514,1929.780142,146433.0
2022-03-22,1935.934582,1939.192622,1910.228616,1921.779922,153293.0
2022-03-23,1920.796007,1948.724857,1915.724652,1937.334171,153317.0
2022-03-24,1944.210578,1967.161456,1937.636071,1962.093853,181230.0
2022-03-25,1957.773558,1965.157257,1942.532218,1954.253235,147878.0
2022-03-28,1958.799359,1959.476258,1915.865135,1939.770064,181358.0
2022-03-29,1922.012866,1929.266617,1888.43114,1911.990545,128051.0
2022-03-30,1918.351826,1937.273103,1914.550611,1933.192864,17762.0
2022-03-31,1933.359148,1950.003186,1919.017668,1948.997394,155281.0
2022-04-01,1942.280698,1944.364747,1921.363224,1924.010968,135139.0
2022-04-04,1926.804852,1941.79618,1918.188975,1934.024015,108441.0
2022-04-05,1937.25367,1948.835307,1921.014247,1927.700747,147275.0
2022-04-06,1927.613162,1937.504812,1915.856071,1923.270992,153955.0
2022-04-07,1927.913729,1941.67589,1922.933498,1937.773426,122824.0
2022-04-08,1934.464405,1951.892308,1930.381506,1945.75073,142484.0
2022-04-11,1949.639095,1974.074986,1942.693501,1948.102319,184394.0
2022-04-12,1957.2259,1982.648886,1953.044876,1976.236886,172367.0
2022-04-13,1970.65565,1985.788525,1966.095898,1984.601312,132033.0
2022-04-14,1981.750454,1983.974991,1962.748166,1975.162958,139420.0
2022-04-18,1978.465355,2003.184233,1974.612249,1986.518068,138114.0
2022-04-19,1980.977071,1985.223448,1945.278261,1958.908397,181422.0
2022-04-20,1952.885457,1960.704483,1940.862888,1955.645076,139500.0
2022-04-21,1959.775468,1960.171805,1937.97332,1948.309464,154907.0
2022-04-22,1953.024605,1957.75373,1928.061606,1934.604377,176644.0
2022-04-25,1931.71462,1935.703961,1891.685122,1896.399471,231539.0
2022-04-26,1899.886058,1912.280329,1896.240132,1904.122963,166221.0
2022-04-27,1907.153035,1908.050907,1881.312534,1888.870569,178196.0
2022-04-28,1886.674416,1897.817188,1871.007193,1891.087532,170922.0
2022-04-29,1895.438989,1921.286996,1893.335496,1911.802072,177175.0
2022-05-02,1896.392167,1900.488774,1853.364377,1863.448353,193841.0
2022-05-03,1863.525848,1878.158544,1849.76167,1870.433393,167404.0
2022-05-04,1868.182509,1892.115442,1861.010364,1868.797905,161486.0
2022-05-05,1883.96022,1910.604927,1872.485003,1875.586552,218380.0
2022-05-06,1877.704447,1893.839001,1864.892218,1882.946374,194274.0
2022-05-09,1883.972283,1885.694045,1851.16286,1858.683033,218841.0
2022-05-10,1853.71629,1864.953231,1834.565217,1841.058121,260849.0
2022-05-11,1836.576064,1857.645845,1830.222672,1853.844984,243565.0
2022-05-12,1852.473859,1858.607905,1819.830079,1824.739816,255594.0
2022-05-13,1821.466159,1827.408135,1796.942377,1808.132027,179500.0
2022-05-16,1809.005021,1826.257621,1785.048219,1814.088333,159469.0
2022-05-17,1823.878255,1835.04164,1811.271553,1818.599691,137303.0
2022-05-18,1813.449225,1822.739579,1804.662891,1815.675052,150362.0
2022-05-19,1815.08135,1848.175736,1808.599794,1841.275037,175256.0
2022-05-20,1839.52104,1847.804623,1830.766456,1842.073991,143054.0
2022-05-23,1844.265377,1864.466698,1843.587613,1847.782093,163285.0
2022-05-24,1852.341027,1868.915258,1847.962363,1865.266904,174755.0
2022-05-25,1865.311686,1866.468099,1838.643348,1846.430801,182812.0
2022-05-26,1851.940779,1852.700054,1836.818273,1847.472617,123358.0
2022-05-27,1848.02592,1860.864753,1846.065415,1851.73785,30090.0
2022-05-31,1850.165312,1862.142993,1832.32444,1842.499783,201816.0
2022-06-01,1840.165996,1852.990025,1830.299679,1848.529457,158026.0
2022-06-02,1849.758129,1874.997021,1846.631433,1871.491953,127466.0
2022-06-03,1872.730008,1878.772304,1849.611913,1850.234303,115321.0
2022-06-06,1853.83183,1861.359541,1843.337693,1843.590716,103190.0
2022-06-07,1843.515921,1858.522209,1838.516497,1852.199088,119202.0
2022-06-08,1854.791318,1862.433908,1846.60033,1856.250253,114121.0
2022-06-09,1855.087266,1857.795612,1841.717439,1853.133457,131301.0
2022-06-10,1850.296903,1879.504439,1826.6436,1875.358669,267203.0
2022-06-13,1879.220773,1882.779864,1818.857692,1831.984081,252516.0
2022-06-14,1820.697764,1833.250387,1806.322193,1813.575781,165121.0
2022-06-15,1809.73021,1845.498316,1808.312599,1818.973407,203424.0
2022-06-16,1835.951867,1860.394826,1815.76181,1850.006248,180882.0
2022-06-17,1859.450178,1861.441969,1836.135281,1840.452317,141714.0
2022-06-21,1840.452136,1847.733294,1830.895458,1838.615655,176283.0
2022-06-22,1834.824146,1850.314318,1824.314863,1838.108381,149550.0
2022-06-23,1839.837147,1848.725023,1823.6342,1829.671229,167063.0
2022-06-24,1824.152186,1833.607208,1817.488868,1830.590084,139703.0
2022-06-27,1839.501718,1842.769151,1821.814491,1824.882082,143806.0
2022-06-28,1823.265534,1830.825959,1818.998205,1821.265973,111416.0
2022-06-29,1821.35599,1834.708243,1810.573821,1817.500703,155519.0
2022-06-30,1819.168636,1826.793503,1802.74711,1807.24527,208900.0
2022-07-01,1808.230993,1813.475322,1783.314816,1801.189372,249545.0
2022-07-05,1814.469776,1815.354651,1763.045615,1763.584827,310411.0
2022-07-06,1764.24289,1771.285382,1730.763594,1736.577362,258819.0
2022-07-07,1737.26839,1748.320748,1734.647066,1739.60435,151269.0
2022-07-08,1738.674494,1751.731904,1725.863008,1742.486356,189199.0
2022-07-11,1741.354806,1743.037002,1729.184801,1731.502119,171891.0
2022-07-12,1731.694359,1742.223905,1721.882017,1724.683863,255183.0
2022-07-13,1723.954168,1744.4819,1704.791015,1735.533462,300537.0
2022-07-14,1733.36829,1734.800476,1694.775193,1705.890303,266328.0
2022-07-15,1708.346817,1714.180093,1696.335435,1703.512063,176786.0
2022-07-18,1706.407386,1722.475264,1704.447402,1710.318987,157550.0
2022-07-19,1706.917224,1716.481517,1702.732343,1710.757491,131737.0
2022-07-20,1709.338288,1712.524835,1690.021351,1700.269312,174458.0
2022-07-21,1693.622018,1719.453517,1678.447723,1713.173575,248836.0
2022-07-22,1717.067861,1738.226757,1711.670281,1727.362551,200606.0
2022-07-25,1726.089538,1734.914811,1712.996396,1719.230045,160707.0
2022-07-26,1718.010278,1726.404866,1711.503268,1717.437999,147348.0
2022-07-27,1715.211097,1739.423804,1708.780333,1719.057988,144844.0
2022-07-28,1731.954502,1755.169193,1731.954502,1750.343753,37241.0
2022-07-29,1753.978379,1765.799867,1749.923933,1762.934245,140670.0
2022-08-01,1782.431536,1792.746524,1774.450391,1787.737256,133727.0
2022-08-02,1789.231443,1805.200745,1775.507218,1790.119049,174158.0
2022-08-03,1777.335747,1789.334198,1769.77526,1776.115689,151730.0
2022-08-04,1781.708391,1811.861385,1779.330214,1807.086618,153252.0
2022-08-05,1807.794206,1811.75237,1780.102517,1791.081772,168874.0
2022-08-08,1790.216207,1806.198614,1787.104291,1805.28581,103680.0
2022-08-09,1805.546246,1817.151334,1799.361475,1812.512422,120504.0
2022-08-10,1811.375848,1824.504858,1803.39737,1813.875295,154612.0
2022-08-11,1807.944706,1814.822629,1798.689715,1807.265717,121268.0
2022-08-12,1805.21988,1819.078326,1799.530908,1815.333548,118646.0
2022-08-15,1818.768772,1818.768772,1787.543094,1798.316931,137779.0
2022-08-16,1795.587443,1797.746954,1785.543878,1789.599601,94393.0
2022-08-17,1790.573874,1796.918439,1773.859218,1776.779974,137818.0
2022-08-18,1777.079556,1786.301399,1768.475246,1770.943509,124329.0
2022-08-19,1773.080431,1773.288214,1758.981808,1763.007177,138707.0
2022-08-22,1760.800243,1762.124133,1740.030737,1748.085275,142855.0
2022-08-23,1749.952423,1767.55045,1743.183497,1761.331763,145268.0
2022-08-24,1761.290503,1769.691678,1754.502698,1761.375244,112650.0
2022-08-25,1764.4476,1778.431324,1762.961291,1771.65843,117570.0
2022-08-26,1771.861148,1772.384993,1746.071867,1749.629255,176947.0
2022-08-29,1748.317867,1757.938148,1731.521003,1749.674956,156240.0
2022-08-30,1749.605401,1753.061022,1732.97219,1736.203102,130685.0
2022-08-31,1735.510011,1738.093249,1720.484749,1726.579071,176753.0
2022-09-01,1723.305329,1723.305329,1698.952742,1709.22061,198624.0
2022-09-02,1707.71339,1729.475985,1706.152102,1722.503877,174634.0
2022-09-06,1724.222008,1737.195851,1710.960951,1712.949777,206271.0
2022-09-07,1712.825584,1731.142201,1701.79492,1728.150719,173643.0
2022-09-08,1729.52227,1739.307429,1713.8893,1720.0812,184148.0
2022-09-09,1719.723844,1740.46525,1719.360527,1728.556032,154697.0
2022-09-12,1728.587285,1746.13129,1722.372998,1740.696655,154386.0
2022-09-13,1735.888706,1742.913717,1706.765485,1717.091955,232688.0
2022-09-14,1711.285396,1717.678182,1703.471181,1709.377042,163273.0
2022-09-15,1707.133004,1707.84252,1668.878456,1677.194356,268078.0
2022-09-16,1673.402834,1689.729637,1662.094586,1683.406295,217211.0
2022-09-19,1685.296111,1688.576199,1667.478115,1678.309274,141170.0
2022-09-20,1684.73625,1689.013209,1668.07964,1671.310007,143950.0
2022-09-21,1673.17009,1697.036865,1661.174645,1675.852837,227902.0
2022-09-22,1682.593881,1693.613835,1663.153055,1681.346252,241279.0
2022-09-23,1679.863748,1684.767814,1646.724349,1655.700422,243028.0
2022-09-26,1651.152161,1657.12482,1627.53851,1633.565723,219832.0
2022-09-27,1629.043512,1650.17278,1628.963896,1635.93295,197081.0
2022-09-28,1636.399686,1671.498519,1622.257984,1669.814343,279855.0
2022-09-29,1669.017198,1673.191168,1649.331275,1668.688039,201949.0
2022-09-30,1669.892397,1684.169363,1667.38961,1671.877205,180029.0
2022-10-03,1670.386352,1710.103754,1666.544845,1701.8118,215489.0
2022-10-04,1708.522213,1738.991429,1704.102629,1730.644167,205116.0
2022-10-05,1734.42458,1736.412476,1709.121863,1720.925513,173239.0
2022-10-06,1725.226511,1734.360188,1714.726721,1720.861714,139444.0
2022-10-07,1721.101562,1722.665744,1698.438646,1709.296729,157458.0
2022-10-10,1703.536719,1707.498115,1672.399198,1674.909949,157160.0
2022-10-11,1675.323986,1691.47334,1667.481912,1686.223055,171802.0
2022-10-12,1673.144617,1685.136626,1667.939558,1677.610675,131739.0
2022-10-13,1680.209967,1688.906608,1648.570497,1676.996593,236973.0
2022-10-14,1672.907323,1677.655496,1645.622197,1648.594781,183182.0
2022-10-17,1650.116765,1673.920617,1649.182503,1664.052987,148903.0
2022-10-18,1655.951645,1665.748367,1650.82034,1656.016754,163173.0
2022-10-19,1657.439756,1660.05308,1632.355066,1633.952189,179245.0
2022-10-20,1634.558205,1650.125599,1626.442312,1636.875272,163722.0
2022-10-21,1632.685727,1663.448037,1620.990491,1656.190798,271082.0
2022-10-24,1663.007929,1675.409574,1648.186451,1654.201404,171016.0
2022-10-25,1654.739359,1666.614042,1641.16565,1658.057988,182833.0
2022-10-26,1657.504833,1679.386541,1653.868119,1669.105957,186941.0
2022-10-27,1668.538973,1674.708806,1658.319244,1665.726517,189300.0
2022-10-28,1667.008203,1670.969135,1640.505969,1644.966302,196396.0
2022-10-31,1647.036722,1648.401764,1634.586365,1640.704918,128419.0
2022-11-01,1636.035477,1660.22838,1633.622861,1649.822357,197990.0
2022-11-02,1651.425322,1673.062639,1637.268176,1649.735979,220908.0
2022-11-03,1639.121836,1643.136759,1618.205654,1630.765169,254731.0
2022-11-04,1631.871989,1686.373345,1630.928696,1676.767934,293487.0
2022-11-07,1678.427919,1685.548253,1669.937591,1680.53511,187590.0
2022-11-08,1677.798095,1720.236069,1666.915071,1716.100417,297575.0
2022-11-09,1714.938328,1725.883392,1704.872902,1713.806463,239644.0
2022-11-10,1709.950583,1760.271342,1705.73317,1753.74766,305770.0
2022-11-11,1758.057361,1775.945322,1750.132739,1769.391541,227057.0
2022-11-14,1769.581096,1778.37536,1756.020689,1776.813923,191379.0
2022-11-15,1773.891871,1791.957954,1769.871121,1776.866918,282967.0
2022-11-16,1781.98455,1788.544684,1773.281041,1775.815092,200760.0
2022-11-17,1776.957455,1777.444388,1756.470766,1762.798121,169100.0
2022-11-18,1763.075207,1769.622913,1749.502002,1754.326946,137334.0
2022-11-21,1751.7299,1755.019053,1733.967189,1739.806237,166085.0
2022-11-22,1739.917119,1750.653339,1737.362247,1740.312174,153061.0
2022-11-23,1740.453456,1754.953388,1718.932734,1745.834501,167765.0
2022-11-25,1751.099738,1761.221121,1746.128367,1754.015684,134297.0
2022-11-28,1754.776237,1763.841898,1738.390251,1740.393156,132757.0
2022-11-29,1739.683722,1757.909648,1737.811203,1748.563599,19414.0
2022-11-30,1748.118194,1769.182356,1745.471275,1745.824065,192213.0
2022-12-01,1783.399902,1818.040405,1782.729214,1815.011253,226176.0
2022-12-02,1816.962197,1818.692339,1791.942615,1809.435363,183733.0
2022-12-05,1810.37977,1822.902256,1778.023531,1781.040329,179806.0
2022-12-06,1780.760415,1793.10092,1779.141387,1782.723673,127861.0
2022-12-07,1783.240633,1803.126151,1780.527268,1797.973148,155575.0
2022-12-08,1799.621604,1806.984295,1793.352855,1801.31798,116280.0
2022-12-09,1801.739952,1819.156632,1800.480919,1810.694753,150959.0
2022-12-12,1807.918494,1809.3033,1789.177587,1792.475897,107784.0
2022-12-13,1792.052985,1837.12825,1791.964317,1825.309922,230921.0
2022-12-14,1822.845204,1825.245429,1805.955593,1818.690262,143802.0
2022-12-15,1818.87236,1819.637066,1781.763302,1787.785436,185346.0
2022-12-16,1786.946968,1804.096219,1783.99979,1800.115477,128783.0
2022-12-19,1801.568655,1808.245788,1793.006062,1797.599142,86097.0
2022-12-20,1796.699351,1832.551045,1793.645919,1825.781315,197505.0
2022-12-21,1827.661998,1833.817133,1821.129605,1825.200951,110173.0
2022-12-22,1823.581123,1829.203987,1792.912155,1795.337443,175784.0
2022-12-23,1800.756135,1812.308564,1798.564035,1804.200924,105449.0
2022-12-27,1808.423055,1842.08066,1807.94577,1822.970026,159593.0
2022-12-28,1822.243289,1822.922262,1804.250591,1815.666145,118063.0
2022-12-29,1812.310449,1827.432301,1811.049046,1826.076933,105990.0
2022-12-30,1821.888964,1832.562428,1819.674313,1825.858426,107487.0
2023-01-03,1832.179422,1856.561071,1831.3349,1846.264254,212266.0
2023-01-04,1845.010127,1871.278859,1841.775026,1859.021764,198361.0
2023-01-05,1861.074636,1864.522669,1830.020434,1840.279851,188633.0
2023-01-06,1835.74021,1875.156576,1834.996167,1869.376881,215363.0
2023-01-09,1872.957088,1886.546777,1869.517795,1877.78099,204578.0
2023-01-10,1875.879974,1885.102164,1871.923146,1876.630712,170505.0
2023-01-11,1880.865722,1890.990154,1870.6822,1878.831327,222256.0
2023-01-12,1879.686858,1906.723247,1872.546818,1898.64586,265137.0
2023-01-13,1898.634466,1925.388535,1894.831467,1921.702186,247892.0
2023-01-17,1923.798346,1932.073895,1906.211917,1909.629265,268396.0
2023-01-18,1910.810519,1929.707293,1898.453003,1906.993637,218941.0
2023-01-19,1907.056244,1936.647643,1902.087413,1924.010257,214227.0
2023-01-20,1933.570524,1939.027821,1922.306021,1927.867052,165305.0
2023-01-23,1928.049276,1936.91079,1912.316843,1928.705724,190083.0
2023-01-24,1932.089477,1943.848553,1918.247428,1935.311598,201704.0
2023-01-25,1938.852213,1949.631566,1920.418493,1942.418981,190276.0
2023-01-26,1948.038347,1949.505797,1917.997683,1930.126254,223258.0
2023-01-27,1929.184398,1935.438065,1916.435334,1929.442722,150907.0
2023-01-30,1928.164865,1933.996942,1920.265459,1922.771643,27218.0
2023-01-31,1923.112288,1930.314025,1900.549665,1929.683753,194053.0
2023-02-01,1944.049993,1970.938754,1936.035246,1943.033886,210612.0
2023-02-02,1966.883647,1975.719369,1925.610118,1930.87,259860.0
2023-02-03,1926.590751,1932.636723,1874.685887,1876.649411,310610.0
2023-02-06,1877.90512,1893.838214,1873.026496,1879.598065,164518.0
2023-02-07,1880.354834,1897.015798,1877.646823,1884.976038,179646.0
2023-02-08,1885.051071,1898.785665,1881.407824,1890.610461,131926.0
2023-02-09,1888.294979,1902.366755,1870.409371,1878.507134,183538.0
2023-02-10,1873.557675,1883.283917,1863.289823,1874.616178,155271.0
2023-02-13,1876.531728,1877.296293,1860.576497,1863.507199,131193.0
2023-02-14,1863.958109,1881.270299,1852.575024,1865.286801,217009.0
2023-02-15,1865.072685,1870.923119,1839.104841,1845.437333,169537.0
2023-02-16,1846.388155,1854.633899,1836.680403,1851.66403,168516.0
2023-02-17,1845.463384,1852.913043,1827.988356,1849.903154,165090.0
2023-02-21,1850.217882,1856.467337,1838.972907,1842.197388,210168.0
2023-02-22,1843.936726,1854.961438,1831.775094,1841.433244,141507.0
2023-02-23,1834.721556,1840.838654,1825.036023,1826.74202,179985.0
2023-02-24,1829.434508,1835.132831,1815.571862,1817.286028,169467.0
2023-02-27,1817.778172,1827.384366,1812.031743,1824.844916,130433.0
2023-02-28,1823.897758,1838.626438,1810.536025,1836.622333,184495.0
2023-03-01,1833.820963,1852.420306,1829.54546,1845.293102,182583.0
2023-03-02,1843.583917,1845.413192,1835.876069,1840.781188,139759.0
2023-03-03,1842.130181,1864.303049,1842.004329,1854.365398,158960.0
2023-03-06,1860.997506,1864.354244,1850.957093,1854.852526,136187.0
2023-03-07,1852.950643,1857.044428,1817.158885,1819.802871,248227.0
2023-03-08,1817.961159,1828.596264,1813.693527,1818.693381,208303.0
2023-03-09,1818.015769,1839.165637,1815.732191,1834.587961,228489.0
2023-03-10,1835.049894,1874.432657,1830.16081,1867.463538,345803.0
2023-03-13,1876.495308,1919.882704,1875.586949,1916.580882,452272.0
2023-03-14,1919.550405,1919.550405,1900.069485,1911.114577,261259.0
2023-03-15,1908.570429,1942.20866,1889.550296,1931.38811,385400.0
2023-03-16,1922.980314,1937.875725,1911.267169,1922.877227,248109.0
2023-03-17,1925.819679,1993.73515,1921.95889,1973.261349,351077.0
2023-03-20,1990.08644,2014.758463,1970.052694,1982.836221,338029.0
2023-03-21,1983.239165,1988.902558,1938.614324,1941.20265,248935.0
2023-03-22,1943.569454,1982.162359,1936.339848,1950.075216,245041.0
2023-03-23,1974.241381,2005.970727,1967.455864,1996.116701,262221.0
2023-03-24,1995.969667,2006.753415,1977.529205,1983.80413,285415.0
2023-03-27,1982.302748,1984.01904,1944.77148,1953.813462,206662.0
2023-03-28,1957.889693,1976.912219,1949.961147,1973.601339,183593.0
2023-03-29,1975.613917,1975.790698,1959.520589,1966.952086,88569.0
2023-03-30,1966.070271,1984.2609,1954.89813,1980.313857,10119.0
2023-03-31,1980.800978,1986.863431,1967.941555,1968.879654,162242.0
2023-04-03,1990.01312,2007.726311,1966.073878,2000.573708,187977.0
2023-04-04,2001.190041,2043.574006,1993.75195,2038.262655,233343.0
2023-04-05,2038.143511,2049.531759,2025.987619,2035.568272,197340.0
2023-04-06,2037.186649,2037.660078,2016.407322,2026.547007,0.0
2023-04-10,2008.626577,2021.407258,1996.584042,2003.953182,136217.0
2023-04-11,2006.76056,2022.39749,2003.805298,2018.879954,126386.0
2023-04-12,2019.140185,2043.877761,2015.583964,2024.970017,228496.0
2023-04-13,2029.726202,2062.815861,2028.361462,2055.433072,198479.0
2023-04-14,2054.993436,2061.369508,2006.166567,2015.718303,262822.0
2023-04-17,2013.987552,2027.760978,1993.643218,2006.892762,183451.0
2023-04-18,2007.947133,2024.82732,2003.24309,2019.881538,164997.0
2023-04-19,2017.789318,2020.479704,1981.09432,2007.368277,218800.0
2023-04-20,2007.481427,2024.258165,2002.522599,2019.173303,162825.0
2023-04-21,2016.128391,2017.053982,1982.327973,1990.295332,210520.0
2023-04-24,1991.713797,2001.507079,1984.410753,1999.852953,139904.0
2023-04-25,1999.46155,2014.577835,1986.255604,2004.336846,222589.0
2023-04-26,2007.474043,2020.073205,1993.790324,1996.379168,241425.0
2023-04-27,1999.580253,2013.053298,1982.036768,1998.818393,203901.0
2023-04-28,1997.295426,2004.136723,1984.375701,1998.918084,172460.0
2023-05-01,1999.831253,2015.487596,1986.21224,1992.444995,173025.0
2023-05-02,1990.516558,2028.791921,1986.69999,2023.793007,245616.0
2023-05-03,2026.587195,2049.980164,2016.205021,2036.853764,229661.0
2023-05-04,2054.64775,2085.116276,2038.535903,2055.49152,310975.0
2023-05-05,2058.150706,2061.251404,2006.778874,2024.637501,283326.0
2023-05-08,2024.676272,2037.243735,2022.106213,2032.951586,182206.0
2023-05-09,2028.475083,2045.119267,2026.069224,2043.095813,199688.0
2023-05-10,2041.87768,2055.828616,2028.394368,2037.13656,260825.0
2023-05-11,2036.898429,2047.99687,2016.857214,2020.038129,296948.0
2023-05-12,2020.4811,2027.552344,2005.724394,2019.552803,220491.0
2023-05-15,2013.320828,2027.322534,2011.115598,2022.613485,163246.0
2023-05-16,2021.266223,2022.594681,1989.090181,1992.765493,229923.0
2023-05-17,1993.170223,1996.978647,1978.150963,1984.640221,206551.0
2023-05-18,1985.370641,1988.572482,1954.389041,1959.872682,227757.0
2023-05-19,1960.614428,1987.374778,1956.081158,1981.465135,234582.0
2023-05-22,1979.180455,1984.797518,1970.786714,1977.394234,165746.0
2023-05-23,1973.834611,1980.302006,1956.025604,1974.380221,214307.0
2023-05-24,1977.517089,1987.423059,1958.505793,1964.480598,229850.0
2023-05-25,1959.488106,1965.184911,1938.680305,1943.396961,253912.0
2023-05-26,1941.270313,1957.250013,1936.438135,1944.473087,166048.0
2023-05-30,1942.766281,1962.419466,1931.138039,1957.908644,37845.0
2023-05-31,1958.045354,1973.002047,1952.925794,1964.044402,207701.0
2023-06-01,1981.482832,2000.47076,1970.118906,1995.314774,176906.0
2023-06-02,1994.879972,2000.27607,1964.007458,1969.547754,209689.0
2023-06-05,1961.959964,1980.487901,1953.762332,1974.318427,179988.0
2023-06-06,1977.777648,1982.664097,1970.442453,1981.558665,135976.0
2023-06-07,1980.25308,1986.794579,1955.37468,1958.473665,189508.0
2023-06-08,1955.988999,1985.995136,1955.349546,1978.576249,191825.0
2023-06-09,1980.549015,1987.616449,1970.943614,1976.869261,130443.0
2023-06-12,1975.363077,1981.424604,1963.030297,1969.947105,122549.0
2023-06-13,1971.528245,1986.175941,1953.33851,1958.815917,198420.0
2023-06-14,1957.171862,1973.554747,1952.693405,1969.082781,199723.0
2023-06-15,1955.96873,1973.132102,1935.992164,1970.837171,266386.0
2023-06-16,1970.314508,1980.158248,1965.506685,1971.279358,160509.0
2023-06-20,1970.721717,1971.929078,1940.976218,1947.861518,250135.0
2023-06-21,1947.933608,1950.608922,1929.560999,1945.275291,182027.0
2023-06-22,1943.414684,1945.139657,1922.327323,1923.841574,171780.0
2023-06-23,1923.517535,1948.765055,1919.988069,1929.678932,186861.0
2023-06-26,1936.325039,1943.050796,1931.207735,1933.825309,147745.0
2023-06-27,1932.672423,1940.570468,1919.973688,1923.654497,180453.0
2023-06-28,1923.062964,1925.956063,1911.486381,1922.082153,162468.0
2023-06-29,1916.5475,1921.174021,1900.699496,1917.746695,205253.0
2023-06-30,1916.283694,1930.609724,1908.229267,1929.589319,180669.0
2023-07-03,1927.652353,1939.818887,1917.927149,1929.413206,152942.0
2023-07-05,1928.926124,1943.4141,1922.293703,1927.235576,245930.0
2023-07-06,1922.770234,1933.609252,1908.722344,1915.229004,231551.0
2023-07-07,1916.741245,1941.335297,1915.437601,1932.293688,214286.0
2023-07-10,1930.832248,1933.846689,1917.546801,1930.989737,208122.0
2023-07-11,1930.631168,1944.023563,1929.749357,1937.430933,189376.0
2023-07-12,1938.305419,1965.061292,1937.48517,1961.841988,270856.0
2023-07-13,1962.704707,1968.360596,1956.501892,1964.029684,241199.0
2023-07-14,1965.468967,1967.947611,1954.572992,1963.999062,209308.0
2023-07-17,1958.376159,1963.563482,1948.8569,1956.269936,165856.0
2023-07-18,1958.036277,1988.421915,1957.814295,1980.700814,264098.0
2023-07-19,1982.708686,1984.79653,1973.21329,1980.827869,159437.0
2023-07-20,1980.215248,1989.558312,1967.333882,1970.894588,189945.0
2023-07-21,1971.654354,1975.701877,1958.900406,1966.591402,156534.0
2023-07-24,1963.761329,1970.072159,1955.569465,1962.322338,197212.0
2023-07-25,1956.967225,1966.674149,1951.768082,1963.760067,188857.0
2023-07-26,1966.293325,1979.656218,1963.06569,1970.076977,208099.0
2023-07-27,1973.486881,1982.493459,1941.783829,1945.923824,194256.0
2023-07-28,1945.383953,1962.055534,1944.131241,1960.371497,23155.0
2023-07-31,1959.252883,1971.412029,1950.308119,1970.39744,139985.0
2023-08-01,2004.130863,2004.776234,1978.265311,1978.813895,167761.0
2023-08-02,1988.78372,1992.272644,1969.009123,1975.348796,169650.0
2023-08-03,1970.669319,1974.216532,1964.564061,1968.907876,141372.0
2023-08-04,1969.866119,1984.162957,1954.470648,1976.258835,156409.0
2023-08-07,1977.525308,1981.798324,1966.303748,1969.984756,104403.0
2023-08-08,1971.51745,1972.86357,1956.321298,1960.147664,142355.0
2023-08-09,1959.438385,1966.001477,1946.876214,1950.615533,139258.0
2023-08-10,1947.534798,1963.543676,1944.22039,1948.747495,168299.0
2023-08-11,1945.025347,1953.607424,1942.510902,1946.527341,122326.0
2023-08-14,1945.533657,1948.048876,1933.863187,1943.987176,120958.0
2023-08-15,1939.208665,1944.570752,1927.739609,1934.810516,167166.0
2023-08-16,1933.101393,1937.872998,1922.300326,1928.578223,128602.0
2023-08-17,1922.39919,1933.406753,1914.480932,1915.240203,152336.0
2023-08-18,1919.126116,1926.063627,1916.043413,1916.311155,114741.0
2023-08-21,1918.462696,1928.168977,1913.578329,1922.925504,138118.0
2023-08-22,1924.181861,1933.12827,1917.53671,1925.830055,131082.0
2023-08-23,1926.768382,1949.622242,1925.993385,1947.987703,170034.0
2023-08-24,1944.752346,1951.460759,1939.249998,1947.000267,137395.0
2023-08-25,1945.092317,1950.60574,1931.0821,1939.739318,166975.0
2023-08-28,1943.891438,1954.363715,1939.754478,1947.001805,115573.0
2023-08-29,1948.64272,1966.331303,1941.748178,1965.154857,174215.0
2023-08-30,1966.028869,1977.211165,1962.899636,1972.970302,142394.0
2023-08-31,1970.40845,1975.185686,1965.366175,1965.579127,133714.0
2023-09-01,1966.244062,1980.438097,1960.359174,1967.093092,160740.0
2023-09-05,1966.60905,1972.723465,1950.652779,1952.239283,192794.0
2023-09-06,1951.109696,1955.016764,1939.579311,1944.466852,148770.0
2023-09-07,1942.404727,1948.06784,1939.772072,1942.382372,117169.0
2023-09-08,1944.074548,1954.021341,1940.629492,1942.726339,138698.0
2023-09-11,1943.640414,1954.458217,1939.692614,1947.62865,131060.0
2023-09-12,1945.659299,1947.538763,1929.71899,1935.360351,162032.0
2023-09-13,1935.300525,1938.368255,1927.162506,1932.567666,160994.0
2023-09-14,1930.497811,1934.62164,1921.888465,1932.66847,201748.0
2023-09-15,1932.440445,1952.413093,1931.274087,1946.142375,199779.0
2023-09-18,1945.514033,1955.962124,1943.872867,1953.582334,138037.0
2023-09-19,1955.190927,1958.933159,1950.509042,1953.455606,131083.0
2023-09-20,1952.913137,1968.853247,1948.475581,1966.990519,220999.0
2023-09-21,1951.875502,1952.093449,1933.226318,1939.326864,225895.0
2023-09-22,1939.66001,1948.968514,1939.567716,1945.679773,139922.0
2023-09-25,1944.614363,1946.563756,1934.184288,1936.547108,164240.0
2023-09-26,1935.162019,1935.485356,1917.491756,1919.855327,212250.0
2023-09-27,1918.753139,1921.255546,1890.574311,1890.574311,238456.0
2023-09-28,1893.568824,1896.600539,1874.328152,1878.230691,231436.0
2023-09-29,1882.327345,1896.877407,1862.288783,1865.897739,245123.0
2023-10-02,1864.322584,1864.797183,1842.585981,1847.42721,202149.0
2023-10-03,1845.098371,1849.219615,1831.006832,1841.388332,216771.0
2023-10-04,1838.884425,1846.730168,1831.453093,1834.56189,195018.0
2023-10-05,1837.694773,1843.395326,1826.258935,1831.774773,172482.0
2023-10-06,1834.14074,1849.13187,1823.567458,1845.204734,231000.0
2023-10-09,1861.237148,1877.365286,1857.778717,1864.192391,187821.0
2023-10-10,1875.474619,1879.089098,1866.17643,1875.417533,157338.0
2023-10-11,1873.843941,1890.73326,1871.891987,1887.567412,169934.0
2023-10-12,1888.214495,1898.567742,1880.281859,1883.18991,163481.0
2023-10-13,1881.707258,1946.472077,1881.471095,1941.811052,312956.0
2023-10-16,1941.133381,1943.057815,1921.392076,1934.334332,182823.0
2023-10-17,1933.449696,1944.493255,1924.289618,1935.874274,165059.0
2023-10-18,1936.333106,1975.797539,1936.098081,1968.477151,270039.0
2023-10-19,1960.228853,1990.356941,1957.129967,1980.697279,264815.0
2023-10-20,1987.736361,2009.215901,1983.746946,1994.176503,289148.0
2023-10-23,1987.735451,1994.457052,1971.008826,1987.834213,212304.0
2023-10-24,1984.013652,1991.706808,1964.579201,1986.228007,200966.0
2023-10-25,1982.621318,1998.943762,1973.540876,1994.859521,240635.0
2023-10-26,1991.53462,2003.481078,1981.4882,1997.569814,214031.0
2023-10-27,1995.257903,2019.692612,1986.747142,1998.357575,213740.0
2023-10-30,2013.680139,2016.646505,1999.476359,2005.675313,181341.0
2023-10-31,2006.340822,2017.600053,1987.608527,1994.174289,214764.0
2023-11-01,1993.098522,2005.966108,1978.011568,1987.50972,197664.0
2023-11-02,1992.111391,1999.379115,1986.231465,1993.534373,158626.0
2023-11-03,1993.421732,2011.897976,1989.493004,1999.301071,222204.0
2023-11-06,1999.219613,2000.225467,1984.141582,1988.797084,146279.0
2023-11-07,1984.955765,1985.522547,1962.781386,1973.653902,218949.0
2023-11-08,1975.130551,1977.56861,1952.974276,1958.031287,189358.0
2023-11-09,1955.85147,1971.696343,1948.512108,1969.432639,214126.0
2023-11-10,1964.112511,1965.598537,1936.778376,1937.620334,229631.0
2023-11-13,1943.745636,1953.262109,1935.767632,1950.113279,183722.0
2023-11-14,1950.490398,1975.069578,1938.887795,1966.233769,180742.0
2023-11-15,1966.694069,1979.225984,1958.806239,1963.988018,142918.0
2023-11-16,1962.901188,1991.412454,1959.086207,1987.186894,186821.0
2023-11-17,1984.370546,1996.190773,1981.231079,1984.582674,133140.0
2023-11-20,1981.168835,1987.932986,1967.136214,1980.399281,177897.0
2023-11-21,1980.290049,2009.631333,1979.776433,2001.595408,230004.0
2023-11-22,1999.955693,2008.224898,1988.932015,1992.883281,199385.0
2023-11-23,1990.996387,1999.528772,1990.918599,1993.15294,199377.0
2023-11-24,1991.249986,2004.535387,1990.549618,2002.903162,214885.0
2023-11-27,2002.536776,2018.516769,2001.296468,2012.15225,251203.0
2023-11-28,2014.089578,2043.911629,2011.26572,2040.279387,174661.0
2023-11-29,2041.480648,2052.179249,2035.646807,2047.216883,15290.0
2023-11-30,2045.972655,2047.332496,2032.920358,2038.089461,151890.0
2023-12-01,2056.351711,2095.661107,2052.707153,2089.704038,241638.0
2023-12-04,2094.578308,2152.061933,2038.536326,2042.048069,378227.0
2023-12-05,2048.89125,2059.425665,2027.581668,2036.597772,209556.0
2023-12-06,2037.689951,2053.313493,2035.051136,2047.769739,154243.0
2023-12-07,2043.431367,2057.298385,2036.91551,2046.612156,173974.0
2023-12-08,2045.853953,2050.703171,2010.808767,2013.940142,237282.0
2023-12-11,2020.429566,2023.863404,1991.14209,1993.359269,160073.0
2023-12-12,1997.847878,2012.299391,1992.19067,1992.805066,148555.0
2023-12-13,1995.175166,2043.321708,1988.001353,1997.072729,192690.0
2023-12-14,2043.032023,2062.721347,2038.987455,2044.798763,231136.0
2023-12-15,2051.401158,2059.771403,2029.150547,2035.930814,172141.0
2023-12-18,2033.468004,2048.186711,2029.398234,2040.555838,141417.0
2023-12-19,2041.22779,2061.011257,2035.116042,2051.975333,134793.0
2023-12-20,2053.721126,2057.256646,2040.722784,2047.731571,122560.0
2023-12-21,2044.400042,2057.791026,2042.994266,2051.297193,119958.0
2023-12-22,2061.194788,2083.242877,2058.274825,2068.991321,170143.0
2023-12-26,2066.048392,2080.686367,2065.228574,2069.652689,79571.0
2023-12-27,2078.870917,2095.813587,2073.080559,2093.132359,128161.0
2023-12-28,2089.454373,2097.880271,2074.912122,2083.14912,129548.0
2023-12-29,2075.789486,2084.183289,2067.570388,2071.609076,105712.0
2024-01-02,2072.508493,2087.901308,2064.607852,2073.370295,157569.0
2024-01-03,2068.17105,2074.186898,2038.054078,2042.898721,221684.0
2024-01-04,2049.355663,2057.952728,2043.094252,2049.818669,130250.0
2024-01-05,2051.466794,2071.234822,2030.733926,2049.87872,214678.0
2024-01-08,2052.827193,2052.827193,2022.658267,2033.293699,220998.0
2024-01-09,2034.434943,2048.596832,2032.046057,2033.19278,218732.0
2024-01-10,2036.056086,2046.321975,2025.526477,2027.794721,205035.0
2024-01-11,2029.171898,2056.279851,2017.372216,2019.099686,301372.0
2024-01-12,2032.845106,2067.088065,2032.785515,2051.819986,272328.0
2024-01-16,2053.672417,2062.807975,2027.421931,2030.052815,285187.0
2024-01-17,2031.43812,2035.83488,2004.450594,2006.70915,254314.0
2024-01-18,2008.940263,2025.703535,2007.845863,2021.464079,171952.0
2024-01-19,2027.226205,2041.980781,2022.326101,2029.321039,172804.0
2024-01-22,2031.53932,2034.015764,2017.413367,2021.884772,152753.0
2024-01-23,2023.142302,2039.723717,2021.172851,2025.967211,156725.0
2024-01-24,2031.085674,2038.060328,2011.577133,2016.441664,234473.0
2024-01-25,2014.899353,2025.934208,2004.05916,2018.058512,196687.0
2024-01-26,2021.241482,2028.022044,2015.71271,2017.410193,119597.0
2024-01-29,2024.722496,2037.234206,2018.969273,2025.388324,150703.0
2024-01-30,2032.513023,2048.644936,2028.031897,2031.571374,26904.0
2024-01-31,2035.511696,2054.905301,2030.114546,2048.394467,238363.0
2024-02-01,2057.932791,2082.64618,2046.514824,2070.966067,260919.0
2024-02-02,2072.095522,2074.677967,2043.756065,2053.6447,219772.0
2024-02-05,2057.97575,2058.811176,2030.84412,2042.885477,170406.0
2024-02-06,2041.328172,2055.28736,2038.66597,2051.510256,126366.0
2024-02-07,2052.474833,2061.2412,2046.325767,2051.701241,125637.0
2024-02-08,2051.143421,2053.584514,2034.486891,2047.831863,137061.0
2024-02-09,2049.743782,2051.684604,2034.432472,2038.418395,116044.0
2024-02-12,2038.298299,2041.998812,2025.290681,2032.978257,116035.0
2024-02-13,2033.984614,2047.33384,2002.912881,2007.079584,217605.0
2024-02-14,2006.117815,2008.580675,1996.33917,2004.425679,193629.0
2024-02-15,2005.033428,2020.139444,2001.702541,2015.099711,204259.0
2024-02-16,2015.840888,2027.371025,2006.809174,2024.188523,162335.0
2024-02-20,2027.67026,2042.624841,2023.99337,2039.724557,202423.0
2024-02-21,2035.92486,2043.375599,2030.798868,2034.297327,120573.0
2024-02-22,2036.485826,2045.486282,2028.988266,2030.401319,147966.0
2024-02-23,2034.267581,2053.073845,2025.765468,2049.157577,212028.0
2024-02-26,2043.931069,2046.789747,2034.446423,2039.042613,129023.0
2024-02-27,2041.305257,2049.133181,2038.236975,2043.755497,148780.0
2024-02-28,2039.60668,2047.138409,2033.289516,2042.640754,137084.0
2024-02-29,2043.396753,2059.534647,2036.221165,2054.646973,227095.0
2024-03-01,2052.679465,2096.975241,2047.046098,2095.860661,330598.0
2024-03-04,2091.792608,2128.690769,2088.289249,2126.309987,328258.0
2024-03-05,2123.116666,2150.38333,2118.136385,2142.388832,283142.0
2024-03-06,2136.408943,2160.696576,2131.730748,2158.521106,319780.0
2024-03-07,2156.557816,2171.972867,2151.568855,2165.070711,267805.0
2024-03-08,2166.413787,2202.57508,2161.389847,2185.69941,389723.0
2024-03-11,2187.331556,2195.308284,2180.828257,2188.585681,242420.0
2024-03-12,2189.26563,2190.689224,2156.477119,2165.878876,316303.0
2024-03-13,2163.373353,2185.028455,2161.769529,2181.058027,232297.0
2024-03-14,2179.632731,2180.793269,2156.946978,2167.584559,207227.0
2024-03-15,2166.315174,2176.863335,2158.582584,2161.528761,187808.0
2024-03-18,2159.924443,2166.891034,2149.275703,2164.372861,211894.0
2024-03-19,2164.146423,2166.146579,2150.298442,2159.759109,178159.0
2024-03-20,2161.135207,2192.065843,2152.227482,2160.834138,233576.0
2024-03-21,2190.29993,2225.313429,2168.600985,2184.563126,391756.0
2024-03-22,2183.088417,2188.178296,2158.51277,2160.337104,205820.0
2024-03-25,2166.876152,2181.739589,2164.126602,2176.537574,211617.0
2024-03-26,2173.178564,2200.589551,2168.052078,2177.066128,202378.0
2024-03-27,2179.434851,2196.263552,2171.994656,2190.608085,31200.0
2024-03-28,2193.899193,2234.312211,2187.019886,2217.405071,250247.0
2024-04-01,2259.024206,2286.594265,2249.057905,2257.271799,220788.0
2024-04-02,2272.728568,2301.806197,2267.006442,2282.034164,277198.0
2024-04-03,2301.848673,2321.689289,2285.501296,2315.238996,254605.0
2024-04-04,2320.930515,2325.022322,2298.945223,2308.546271,236228.0
2024-04-05,2309.480862,2349.699361,2285.877409,2345.696976,293210.0
2024-04-08,2343.48013,2372.451959,2322.048336,2351.175879,285511.0
2024-04-09,2358.224241,2384.65032,2355.172541,2362.224379,279562.0
2024-04-10,2372.419341,2377.903914,2337.230765,2348.49031,353852.0
2024-04-11,2351.591539,2395.901348,2343.597895,2372.560355,260367.0
2024-04-12,2389.722571,2449.075335,2350.387005,2374.288596,479952.0
2024-04-15,2369.473092,2404.205485,2340.310922,2383.261996,343742.0
2024-04-16,2398.914514,2415.173533,2379.063448,2407.720923,297576.0
2024-04-17,2398.202149,2411.863113,2370.733053,2388.053593,284346.0
2024-04-18,2377.303602,2407.981897,2376.900395,2398.274323,200567.0
2024-04-19,2393.850845,2433.920769,2386.522882,2413.863172,275411.0
2024-04-22,2403.253856,2404.352615,2338.559248,2346.057317,262688.0
2024-04-23,2342.174194,2347.91341,2304.908415,2342.419435,270215.0
2024-04-24,2335.933213,2350.599105,2324.485831,2338.474104,187664.0
2024-04-25,2327.468224,2357.709555,2316.29326,2342.360993,224484.0
2024-04-26,2344.156888,2363.89394,2338.020437,2347.121309,170962.0
2024-04-29,2347.876585,2359.118176,2330.445796,2357.961888,187347.0
2024-04-30,2346.886225,2347.587532,2296.213584,2302.924331,229046.0
2024-05-01,2298.511203,2340.029229,2291.881871,2311.051704,227373.0
2024-05-02,2329.805405,2336.137567,2294.252124,2309.282857,193646.0
2024-05-03,2313.171136,2330.696368,2284.860095,2309.091872,231369.0
2024-05-06,2312.718393,2342.059664,2300.567826,2331.109134,191909.0
2024-05-07,2334.900637,2338.577291,2318.119431,2324.381865,204611.0
2024-05-08,2321.693633,2329.120461,2311.633562,2321.712001,214736.0
2024-05-09,2316.404555,2353.892154,2312.729772,2340.407003,249084.0
2024-05-10,2353.712337,2385.1005,2352.079469,2374.83747,275238.0
2024-05-13,2369.058512,2371.247825,2337.798506,2342.7444,243098.0
2024-05-14,2342.30563,2365.292214,2340.486658,2359.405155,192066.0
2024-05-15,2362.810142,2395.918012,2356.552549,2394.514726,249813.0
2024-05-16,2391.362014,2402.364965,2375.236427,2385.568911,191039.0
2024-05-17,2381.717108,2427.363002,2377.571107,2417.402093,218564.0
2024-05-20,2422.067059,2454.324415,2410.767602,2438.264929,281412.0
2024-05-21,2431.599998,2437.889737,2408.237077,2425.950191,229434.0
2024-05-22,2425.206689,2430.658342,2377.991556,2392.577295,253844.0
2024-05-23,2383.43495,2385.46846,2328.287369,2336.977469,273657.0
2024-05-24,2330.513169,2348.51388,2326.17758,2334.496979,178367.0
2024-05-28,2337.882004,2365.697719,2333.573342,2356.832513,316279.0
2024-05-29,2362.284909,2363.785113,2334.033149,2341.216202,119333.0
2024-05-30,2336.875282,2349.317065,2320.904611,2342.875875,32588.0
2024-05-31,2344.298882,2354.369979,2319.099111,2322.798927,183424.0
2024-06-03,2347.870871,2375.595321,2334.525441,2369.359985,173186.0
2024-06-04,2371.028869,2372.915795,2334.93841,2347.299205,171550.0
2024-06-05,2347.139547,2377.190005,2344.935616,2375.724155,171859.0
2024-06-06,2375.116109,2397.787159,2372.49609,2391.081784,172240.0
2024-06-07,2396.189414,2406.708688,2304.167107,2324.994106,314526.0
2024-06-10,2311.284515,2331.631532,2304.327788,2327.273161,142903.0
2024-06-11,2329.701949,2337.44352,2314.363438,2326.084852,145515.0
2024-06-12,2334.482392,2359.091764,2327.814278,2355.261067,241681.0
2024-06-13,2340.792326,2342.534544,2311.059039,2317.645068,182654.0
2024-06-14,2319.42715,2352.212454,2317.076595,2348.671437,163355.0
2024-06-17,2348.217254,2348.41011,2324.707425,2328.966417,122703.0
2024-06-18,2333.405545,2348.095608,2320.410996,2347.18592,154242.0
2024-06-20,2344.455619,2379.726031,2338.473322,2368.570577,252658.0
2024-06-21,2373.873339,2382.395613,2329.477107,2331.17165,194827.0
2024-06-24,2333.733518,2347.295326,2329.301288,2343.690521,117630.0
2024-06-25,2347.21275,2349.750636,2327.310732,2330.649435,144301.0
2024-06-26,2331.426695,2336.20114,2304.983299,2313.062679,191604.0
2024-06-27,2309.269119,2341.965172,2306.982139,2336.845651,140213.0
2024-06-28,2338.800329,2351.036945,2329.436143,2339.394444,135382.0
2024-07-01,2336.435082,2349.56796,2327.611871,2338.56508,142616.0
2024-07-02,2341.351569,2345.898815,2327.285448,2332.915932,153704.0
2024-07-03,2338.65424,2374.532952,2335.690096,2368.887973,193669.0
2024-07-05,2366.058922,2401.426907,2355.861453,2397.551493,293217.0
2024-07-08,2396.102395,2398.866404,2358.51263,2363.565758,240775.0
2024-07-09,2366.365862,2378.164954,2356.193071,2368.281719,252519.0
2024-07-10,2370.924391,2393.194111,2369.476614,2379.554589,163910.0
2024-07-11,2377.351778,2430.371602,2376.427285,2422.002009,303471.0
2024-07-12,2421.106485,2423.214133,2396.29635,2420.762413,220931.0
2024-07-15,2419.364857,2445.094527,2405.950246,2428.906092,193502.0
2024-07-16,2427.097506,2474.307175,2424.724677,2467.959592,246080.0
2024-07-17,2473.190735,2488.787312,2455.324341,2459.796054,259550.0
2024-07-18,2462.810615,2479.144411,2442.183494,2456.611974,192746.0
2024-07-19,2447.964089,2448.443714,2395.26875,2398.970701,254391.0
2024-07-22,2403.478717,2414.178001,2385.180459,2394.856506,197604.0
2024-07-23,2398.273164,2413.803526,2389.638308,2406.701809,171210.0
2024-07-24,2410.544345,2432.98284,2397.720095,2415.916067,245857.0
2024-07-25,2398.216806,2400.477913,2351.680167,2353.60343,294902.0
2024-07-26,2363.364677,2389.510952,2354.517293,2381.627331,154531.0
2024-07-29,2386.670106,2401.955642,2367.319101,2377.845506,126402.0
2024-07-30,2380.755008,2409.006844,2373.730261,2404.497909,25943.0
2024-07-31,2407.402244,2447.29586,2402.774885,2426.669748,176278.0
2024-08-01,2493.252728,2506.561538,2474.004438,2481.247781,219845.0
2024-08-02,2491.068917,2522.543187,2452.977197,2470.001156,309881.0
2024-08-05,2490.349007,2501.030857,2403.900406,2444.495541,352252.0
2024-08-06,2451.784248,2460.017551,2421.857572,2431.851457,186093.0
2024-08-07,2432.73141,2447.330412,2418.539295,2432.312079,166087.0
2024-08-08,2422.847798,2468.165501,2420.182907,2463.434342,178527.0
2024-08-09,2467.199493,2476.304139,2455.975011,2473.084257,152180.0
2024-08-12,2469.949716,2512.991652,2462.712061,2504.058855,171215.0
2024-08-13,2512.649702,2517.292655,2498.464079,2507.736349,155069.0
2024-08-14,2506.557348,2519.733146,2476.229547,2479.75018,187374.0
2024-08-15,2485.891222,2507.981421,2469.106313,2492.516467,169320.0
2024-08-16,2494.665097,2548.191666,2487.314118,2537.983802,223902.0
2024-08-19,2549.722342,2549.722342,2523.525319,2541.433173,156000.0
2024-08-20,2542.350527,2570.006127,2535.030551,2550.560848,191175.0
2024-08-21,2552.051877,2558.247497,2528.054151,2547.480403,148897.0
2024-08-22,2549.804967,2550.931365,2506.534681,2516.824385,177394.0
2024-08-23,2521.005875,2554.167339,2520.110282,2545.825214,164613.0
2024-08-26,2544.935865,2562.837032,2543.649796,2555.162362,127499.0
2024-08-27,2553.52846,2561.432626,2538.576001,2552.771151,146199.0
2024-08-28,2560.179207,2564.264767,2527.384429,2537.687031,165123.0
2024-08-29,2539.278498,2562.432446,2536.953715,2560.177231,159986.0
2024-08-30,2552.644635,2560.539114,2526.853408,2527.559001,175670.0
2024-09-03,2536.051322,2539.403823,2504.949071,2523.15405,273561.0
2024-09-04,2524.477019,2531.38585,2502.513873,2525.859436,167968.0
2024-09-05,2526.525244,2554.313489,2523.711325,2543.192478,152691.0
2024-09-06,2547.077288,2560.023975,2513.579349,2524.672004,228129.0
2024-09-09,2526.280347,2536.362323,2514.284214,2532.967845,140595.0
2024-09-10,2535.757985,2547.541138,2528.459093,2543.081035,156109.0
2024-09-11,2545.674287,2558.391511,2528.938656,2542.874745,194087.0
2024-09-12,2541.093406,2588.989772,2538.605287,2580.280226,233666.0
2024-09-13,2587.209602,2614.255129,2585.240264,2610.807903,174699.0
2024-09-16,2608.165492,2617.860896,2602.178878,2608.434976,127565.0
2024-09-17,2610.186822,2613.473668,2587.23744,2592.387892,159517.0
2024-09-18,2596.038446,2627.239338,2572.688263,2598.774854,233156.0
2024-09-19,2585.557404,2620.78938,2575.054439,2614.580633,204496.0
2024-09-20,2611.284452,2651.208384,2608.975883,2645.946251,207217.0
2024-09-23,2645.998614,2659.662555,2638.41966,2652.18401,170461.0
2024-09-24,2652.898708,2689.671999,2647.108948,2677.640384,216558.0
2024-09-25,2682.914114,2694.747298,2673.366447,2684.563842,189948.0
2024-09-26,2681.009899,2708.84828,2677.672004,2694.755772,217640.0
2024-09-27,2695.044269,2697.521554,2665.458617,2668.15635,196762.0
2024-09-30,2680.387366,2687.838658,2646.006777,2658.96025,173234.0
2024-10-01,2656.089693,2694.821239,2653.643078,2690.344761,202748.0
2024-10-02,2684.350806,2684.880574,2662.32321,2669.984667,128671.0
2024-10-03,2680.101363,2683.146902,2657.592573,2679.475938,138543.0
2024-10-04,2675.279139,2690.368061,2651.331099,2667.860735,192665.0
2024-10-07,2671.327498,2679.321675,2657.27651,2666.290662,130700.0
2024-10-08,2663.067204,2672.235999,2623.591151,2635.223829,233865.0
2024-10-09,2640.432966,2642.889255,2622.951193,2626.026586,143001.0
2024-10-10,2626.298525,2648.953231,2619.018029,2639.347718,195583.0
2024-10-11,2647.454751,2679.169124,2645.332193,2676.170116,168606.0
2024-10-14,2673.146064,2684.378142,2660.05471,2665.762746,123362.0
2024-10-15,2663.687986,2685.680035,2654.603813,2678.946718,160561.0
2024-10-16,2679.88554,2702.057805,2674.654131,2691.131332,156874.0
2024-10-17,2691.031791,2712.213379,2688.177636,2707.300282,181817.0
2024-10-18,2708.001871,2737.907089,2707.022156,2729.889332,178967.0
2024-10-21,2736.261527,2755.328695,2728.607055,2738.851493,210459.0
2024-10-22,2734.234445,2763.360632,2733.582128,2760.181437,173699.0
2024-10-23,2763.366453,2772.215232,2722.531291,2729.107088,214493.0
2024-10-24,2729.41424,2756.043033,2729.112496,2749.373782,175878.0
2024-10-25,2748.725848,2761.133097,2729.006165,2754.624928,153482.0
2024-10-28,2748.927423,2758.363265,2736.97741,2756.124885,161894.0
2024-10-29,2754.194048,2787.13799,2751.973374,2780.943978,207405.0
2024-10-30,2786.766392,2801.533054,2782.691768,2800.623546,191545.0
2024-10-31,2799.04378,2802.080735,2742.170239,2748.973285,242566.0
2024-11-01,2753.497927,2772.786169,2742.719391,2748.638959,180648.0
2024-11-04,2743.64509,2757.636863,2739.473117,2746.480238,145225.0
2024-11-05,2745.911338,2759.73361,2732.88947,2749.991848,151440.0
2024-11-06,2752.183439,2758.768338,2660.670723,2676.400824,361343.0
2024-11-07,2667.728748,2718.180091,2650.29408,2705.451759,292904.0
2024-11-08,2713.404948,2717.624554,2686.88945,2694.962181,233106.0
2024-11-11,2692.356146,2693.715086,2616.993092,2617.890315,281891.0
2024-11-12,2625.641615,2633.506899,2595.66058,2606.254053,282725.0
2024-11-13,2604.388843,2624.635386,2578.353592,2585.96682,262808.0
2024-11-14,2577.608088,2585.42411,2541.194025,2572.718942,266142.0
2024-11-15,2570.375806,2580.842712,2558.680062,2570.214445,179889.0
2024-11-18,2571.329528,2620.065138,2567.962422,2614.428217,195320.0
2024-11-19,2616.069131,2643.150228,2614.182664,2630.58302,202272.0
2024-11-20,2635.581501,2658.481071,2621.67827,2651.411241,182009.0
2024-11-21,2653.756141,2676.663226,2651.916651,2674.922986,186297.0
2024-11-22,2672.308649,2718.866953,2669.92434,2712.602854,220543.0
2024-11-25,2716.369294,2723.296672,2616.722716,2618.353213,305338.0
2024-11-26,2626.218311,2642.319762,2605.281557,2621.603973,177872.0
2024-11-27,2633.481237,2657.889982,2627.044975,2640.038293,61645.0
2024-11-29,2636.157479,2664.265908,2620.213275,2656.923788,180790.0
2024-12-02,2673.938982,2678.652057,2644.400272,2659.010419,163544.0
2024-12-03,2662.01697,2678.566378,2656.79293,2667.862686,140960.0
2024-12-04,2665.973502,2681.775167,2654.166332,2676.161878,171786.0
2024-12-05,2674.213664,2679.688871,2646.326039,2648.651704,156109.0
2024-12-06,2655.079733,2668.055227,2635.505181,2660.098413,167169.0
2024-12-09,2665.439584,2700.349098,2649.681097,2685.570305,182159.0
2024-12-10,2684.705519,2721.787241,2681.023518,2718.216132,181502.0
2024-12-11,2721.269486,2759.490753,2719.092142,2756.755048,265018.0
2024-12-12,2753.757038,2761.065147,2696.457546,2709.21915,219454.0
2024-12-13,2705.529504,2715.964818,2663.448334,2675.658965,178662.0
2024-12-16,2668.226993,2683.32393,2661.353748,2670.498692,115993.0
2024-12-17,2669.779383,2676.000228,2645.916459,2661.897047,147043.0
2024-12-18,2662.741607,2667.854054,2597.967173,2653.101769,156343.0
2024-12-19,2600.609488,2640.814285,2596.799449,2608.221559,191575.0
2024-12-20,2609.442888,2654.00805,2603.592958,2645.276841,153550.0
2024-12-23,2639.078331,2647.052878,2622.806673,2628.256209,105121.0
2024-12-24,2629.401523,2635.968467,2624.025394,2635.968467,53378.0
2024-12-26,2638.65313,2655.832541,2634.296546,2653.709019,79272.0
2024-12-27,2653.54222,2654.220945,2624.853312,2632.091077,93882.0
2024-12-30,2636.537342,2640.66897,2608.793747,2618.055303,110914.0
2024-12-31,2620.152716,2642.168966,2614.372081,2641.032506,86298.0
2025-01-02,2640.610903,2673.657363,2635.585465,2668.864563,144497.0
2025-01-03,2670.993191,2680.730492,2649.907931,2654.51546,121173.0
2025-01-06,2653.145992,2663.759809,2624.59664,2647.286836,169912.0
2025-01-07,2647.317191,2678.671819,2643.826931,2665.010781,161641.0
2025-01-08,2662.852347,2687.212992,2658.065045,2672.084101,197361.0
2025-01-09,2679.699429,2696.707553,2673.768131,2691.125791,156660.0
2025-01-10,2692.920456,2735.355717,2686.899141,2714.904385,298440.0
2025-01-13,2716.68889,2723.594672,2674.763654,2678.566517,211095.0
2025-01-14,2681.93985,2694.182733,2671.829228,2682.063601,179404.0
2025-01-15,2692.762276,2722.761188,2685.566712,2717.668074,193715.0
2025-01-16,2722.750178,2757.770617,2721.095424,2751.601499,186601.0
2025-01-17,2746.873952,2759.316648,2729.128226,2748.519133,156849.0
2025-01-21,2739.201342,2761.946669,2715.792935,2759.573409,294147.0
2025-01-22,2759.188763,2774.32566,2756.123082,2771.244845,158133.0
2025-01-23,2765.426819,2767.219631,2741.213268,2764.787113,194717.0
2025-01-24,2761.845593,2795.117604,2761.138915,2779.229862,199579.0
2025-01-27,2777.967614,2778.205097,2732.32506,2738.53379,215520.0
2025-01-28,2742.204581,2774.592362,2737.540304,2767.681466,171384.0
2025-01-29,2771.68206,2778.354706,2760.906866,2770.129718,125704.0
2025-01-30,2772.513906,2829.10411,2770.421028,2822.764586,40133.0
2025-01-31,2829.009131,2837.720406,2803.57045,2812.428813,165664.0
2025-02-03,2846.880337,2871.792819,2801.961737,2857.145773,181345.0
2025-02-04,2850.380538,2876.748316,2837.341389,2875.800939,145867.0
2025-02-05,2873.743122,2905.951029,2869.77045,2892.68297,167363.0
2025-02-06,2884.845351,2894.50813,2855.144393,2877.510536,167680.0
2025-02-07,2880.222349,2910.897543,2876.103794,2887.216404,192557.0
2025-02-10,2884.818417,2937.877624,2880.057362,2933.761526,167201.0
2025-02-11,2937.282704,2968.344208,2907.282935,2932.64172,218485.0
2025-02-12,2927.069671,2936.243414,2886.258053,2928.698985,204626.0
2025-02-13,2928.342968,2958.381926,2925.765791,2945.682836,169521.0
2025-02-14,2957.427914,2964.15786,2889.692589,2900.724845,228117.0
2025-02-18,2894.978083,2956.869562,2887.263601,2948.868583,218781.0
2025-02-19,2954.517137,2964.730796,2933.721024,2936.061132,159333.0
2025-02-20,2949.715827,2973.699432,2939.295592,2956.445548,172183.0
2025-02-21,2955.865573,2964.791728,2929.925179,2953.159831,163662.0
2025-02-24,2950.581416,2974.156519,2936.516001,2963.149195,162801.0
2025-02-25,2968.518486,2970.596225,2897.024968,2918.518844,234856.0
2025-02-26,2929.22214,2941.640118,2902.885959,2930.84448,163365.0
2025-02-27,2931.247399,2936.033695,2879.081831,2895.670154,207622.0
2025-02-28,2889.147872,2896.339998,2843.646221,2848.293825,210542.0
2025-03-03,2872.459095,2906.058386,2865.913352,2901.219559,177023.0
2025-03-04,2904.824062,2939.768137,2892.809661,2920.424913,188502.0
2025-03-05,2928.889739,2940.743735,2903.152532,2925.642438,183026.0
2025-03-06,2929.366327,2936.12071,2897.84532,2926.396829,166345.0
2025-03-07,2919.233872,2939.028871,2905.479462,2913.641858,237588.0
2025-03-10,2919.745197,2926.560429,2885.336601,2899.59925,221644.0
2025-03-11,2892.779168,2929.275345,2882.635424,2920.782797,194128.0
2025-03-12,2922.334312,2948.360315,2911.577674,2946.391644,209780.0
2025-03-13,2943.152087,3001.261383,2942.151533,2991.401831,256579.0
2025-03-14,3000.921043,3017.062907,2988.306147,3001.29733,181517.0
2025-03-17,2994.534583,3010.969831,2991.582196,3005.607568,142134.0
2025-03-18,3009.637045,3047.075666,3008.344484,3040.906255,177078.0
2025-03-19,3041.453733,3061.727203,3031.788439,3041.750738,145429.0
2025-03-20,3057.946026,3064.595847,3032.806337,3044.297611,141217.0
2025-03-21,3053.14115,3055.164415,3004.440034,3022.297733,190456.0
2025-03-24,3026.985641,3038.435194,3007.633508,3015.706793,202861.0
2025-03-25,3017.651055,3042.08428,3010.453839,3026.018932,172621.0
2025-03-26,3026.081683,3036.372246,3017.994735,3021.930855,172012.0
2025-03-27,3025.308693,3071.061704,3022.321641,3060.758636,124338.0
2025-03-28,3070.112785,3094.936341,3067.103286,3086.537312,31211.0
2025-03-31,3091.368824,3132.134927,3085.254558,3123.036622,228361.0
2025-04-01,3157.242747,3176.859821,3130.826863,3145.938514,197314.0
2025-04-02,3147.195117,3201.411496,3135.944521,3166.667257,223138.0
2025-04-03,3196.964337,3196.964337,3073.63319,3121.086577,382878.0
2025-04-04,3138.301252,3160.120502,3033.007908,3035.302633,341188.0
2025-04-07,3055.18866,3084.244462,2970.464167,2974.143102,328509.0
2025-04-08,2997.571691,3037.6697,2988.899077,2989.636854,197599.0
2025-04-09,2998.080267,3119.013789,2983.570051,3079.550165,298337.0
2025-04-10,3099.240779,3194.849679,3085.932727,3177.776357,234953.0
2025-04-11,3193.953675,3261.983452,3193.613507,3245.215368,247291.0
2025-04-14,3245.910647,3261.491865,3208.452105,3225.985212,189590.0
2025-04-15,3225.578792,3250.648322,3225.578792,3240.5741,123483.0
2025-04-16,3248.159547,3358.414743,3244.62941,3346.871819,258403.0
2025-04-17,3357.282226,3371.886408,3296.390883,3327.731522,242039.0
2025-04-21,3347.277087,3441.893995,3343.888672,3425.00592,243434.0
2025-04-22,3435.232855,3510.16572,3379.281433,3419.769462,423054.0
2025-04-23,3367.790039,3396.100342,3270.869739,3294.422856,377433.0
2025-04-24,3302.356003,3377.624198,3301.365204,3347.93054,239608.0
2025-04-25,3361.950629,3383.990765,3274.73535,3298.240917,241292.0
2025-04-28,3336.243556,3363.591617,3278.26128,3348.139512,218040.0
2025-04-29,3354.94493,3359.751996,3309.36053,3333.584889,170155.0
2025-04-30,3324.441758,3337.235731,3275.036498,3319.143372,207687.0
2025-05-01,3298.60673,3300.974077,3209.224004,3221.938677,214676.0
2025-05-02,3247.475178,3277.466432,3229.577537,3243.537056,210997.0
2025-05-05,3247.574464,3347.018249,3243.005776,3322.549184,184896.0
2025-05-06,3345.41874,3444.299158,3332.203387,3422.251538,268087.0
2025-05-07,3448.04835,3448.04835,3366.835853,3391.509197,304264.0
2025-05-08,3373.172189,3422.224654,3293.163074,3306.06032,327075.0
2025-05-09,3310.183265,3352.687056,3279.042498,3344.051996,232450.0
2025-05-12,3280.97707,3295.579271,3211.550961,3228.347245,308547.0
2025-05-13,3240.651988,3270.405574,3220.074831,3247.620324,214421.0
2025-05-14,3254.25667,3261.308891,3170.919375,3187.937935,233915.0
2025-05-15,3180.954825,3244.401805,3123.152331,3226.785283,253084.0
2025-05-16,3243.63505,3255.996402,3156.649267,3187.573606,245491.0
2025-05-19,3220.340927,3252.970782,3208.85567,3233.745665,185103.0
2025-05-20,3232.677104,3298.299123,3207.065946,3284.272406,224106.0
2025-05-21,3293.175863,3327.612095,3287.698711,3313.646295,229491.0
2025-05-22,3318.300239,3346.982182,3277.563793,3295.455701,234629.0
2025-05-23,3295.170087,3366.191691,3285.069356,3366.083495,247234.0
2025-05-27,3355.243481,3355.638198,3283.071977,3301.163433,297282.0
2025-05-28,3301.031629,3324.229191,3273.448616,3294.919704,127741.0
2025-05-29,3284.082118,3328.398283,3242.607941,3317.298514,24371.0
2025-05-30,3315.32883,3318.527126,3271.028067,3288.525823,184773.0
2025-06-02,3322.754418,3408.388986,3318.935199,3396.803139,180959.0
2025-06-03,3406.307279,3417.858852,3357.268196,3377.037774,168211.0
2025-06-04,3377.990044,3409.612556,3366.909902,3398.845937,167208.0
2025-06-05,3398.076963,3427.277598,3362.549835,3374.995287,224893.0
2025-06-06,3377.131928,3399.030048,3329.370621,3346.415137,185362.0
2025-06-09,3332.996767,3358.269104,3313.162799,3354.965195,142019.0
2025-06-10,3345.611754,3370.71499,3321.412829,3343.988214,158873.0
2025-06-11,3344.51486,3381.973049,3334.835169,3343.496353,201528.0
2025-06-12,3377.348353,3419.579205,3358.968677,3402.597692,230152.0
2025-06-13,3406.894844,3468.1841,3399.491311,3452.905784,270644.0
2025-06-16,3472.855103,3476.176337,3401.043966,3417.306213,192504.0
2025-06-17,3404.297223,3422.952391,3384.345675,3406.955593,209100.0
2025-06-18,3409.165813,3418.375577,3379.83247,3408.693895,0.0
2025-06-20,3387.204808,3405.472479,3356.316898,3385.739629,280839.0
2025-06-23,3400.295539,3413.902923,3361.126259,3394.68476,193891.0
2025-06-24,3383.852752,3384.933639,3308.48987,3334.033807,227441.0
2025-06-25,3338.436082,3350.990683,3325.862153,3343.055652,130039.0
2025-06-26,3348.007195,3364.37196,3322.333123,3347.58763,155572.0
2025-06-27,3340.799013,3341.495234,3266.535149,3287.234158,218867.0
2025-06-30,3284.84768,3321.859806,3250.227952,3307.279596,144209.0
2025-07-01,3316.270476,3370.694322,3313.155977,3349.033535,168844.0
2025-07-02,3349.470606,3370.663497,3337.570377,3359.237783,132182.0
2025-07-03,3368.665513,3376.667381,3321.427211,3342.936978,0.0
2025-07-04,3335.006797,3355.135751,3332.763757,3346.082778,0.0
2025-07-07,3344.241718,3352.663002,3304.131949,3343.149921,235747.0
2025-07-08,3348.535425,3355.274529,3295.529668,3316.854563,218055.0
2025-07-09,3310.808095,3325.342366,3289.878824,3320.864988,167968.0
2025-07-10,3322.111328,3339.57441,3319.039537,3325.708542,168168.0
2025-07-11,3333.879458,3381.713604,3331.953407,3364.136006,216864.0
2025-07-14,3376.189749,3389.070604,3348.639956,3358.791219,195355.0
2025-07-15,3352.586248,3375.741097,3327.604635,3337.11356,179886.0
2025-07-16,3330.488313,3385.847432,3325.972885,3359.463871,235169.0
2025-07-17,3354.505367,3357.977201,3314.428824,3345.347392,161727.0
2025-07-18,3346.813968,3367.755484,3336.899192,3359.047061,115415.0
2025-07-21,3355.590057,3417.15986,3350.453608,3406.42344,191216.0
2025-07-22,3410.435394,3447.687212,3394.746305,3443.351837,227359.0
2025-07-23,3443.848283,3451.877303,3390.441977,3397.086187,263038.0
2025-07-24,3398.71663,3401.063394,3355.002283,3373.14335,215224.0
2025-07-25,3371.425818,3376.788905,3325.537605,3335.729953,196394.0
2025-07-28,3321.440149,3345.733949,3300.195078,3309.577646,180217.0
2025-07-29,3313.170261,3332.295251,3306.077576,3324.045358,113125.0
2025-07-30,3326.526131,3331.790592,3264.130454,3295.233978,19254.0
2025-07-31,3273.05451,3312.483657,3273.05451,3292.849623,158025.0
2025-08-01,3342.048065,3417.570136,3331.762064,3399.430863,229973.0
2025-08-04,3416.38859,3439.858519,3397.765374,3426.530382,138261.0
2025-08-05,3428.894146,3444.817621,3404.320595,3434.878617,154170.0
2025-08-06,3435.228658,3440.179927,3412.208166,3433.143385,151556.0
2025-08-07,3432.386684,3483.04976,3430.103614,3453.49033,249105.0
2025-08-08,3487.849111,3534.098214,3444.667044,3491.1038,321356.0
2025-08-11,3458.119197,3465.54934,3392.905594,3404.053802,224527.0
2025-08-12,3393.545153,3411.17427,3378.993673,3399.414729,193829.0
2025-08-13,3399.782137,3422.578434,3392.930818,3408.027838,135848.0
2025-08-14,3407.018125,3423.627629,3375.283518,3383.189156,165695.0
2025-08-15,3382.770263,3395.26913,3377.450527,3382.895129,118474.0
2025-08-18,3382.377825,3403.355679,3368.084199,3378.090321,119145.0
2025-08-19,3378.24411,3389.496938,3358.495682,3358.939411,133493.0
2025-08-20,3359.325553,3393.653319,3353.612106,3388.109868,135496.0
2025-08-21,3392.034532,3394.991352,3367.523605,3381.876568,123518.0
2025-08-22,3382.818013,3423.150101,3363.203677,3418.78974,186067.0
2025-08-25,3417.70163,3421.36664,3405.805459,3417.505366,97783.0
2025-08-26,3410.708335,3443.169262,3396.578448,3433.08748,176306.0
2025-08-27,3443.372128,3452.794775,3422.436831,3448.72895,153817.0
2025-08-28,3453.130972,3478.393895,3442.557463,3474.433053,156581.0
2025-08-29,3477.082439,3518.736457,3463.025411,3516.191681,0.0
2025-09-02,3518.117113,3602.465113,3506.076996,3592.881341,374124.0
2025-09-03,3599.533666,3639.514461,3592.317875,3635.680137,220785.0
2025-09-04,3620.024966,3621.932522,3573.703422,3607.085737,232580.0
2025-09-05,3602.626599,3655.02569,3595.619342,3653.858221,237622.0
2025-09-08,3635.624999,3685.525562,3621.875134,3678.10762,227609.0
2025-09-09,3676.759729,3715.391909,3664.724799,3682.236955,262645.0
2025-09-10,3661.932643,3697.677377,3651.708379,3682.53738,182052.0
2025-09-11,3680.657409,3687.739033,3651.055361,3674.323259,214615.0
2025-09-12,3672.239823,3695.416415,3667.226377,3685.924609,154566.0
2025-09-15,3680.11692,3725.000802,3662.895604,3718.440624,189457.0
2025-09-16,3719.85214,3739.966974,3711.1588,3724.739066,192289.0
2025-09-17,3728.124386,3743.803764,3679.937884,3717.721088,256046.0
2025-09-18,3692.751802,3707.818635,3660.640806,3678.057001,224135.0
2025-09-19,3678.525469,3719.78165,3664.449419,3705.936151,186939.0
2025-09-22,3721.089775,3782.846602,3717.52802,3774.860654,219200.0
2025-09-23,3781.803439,3824.840777,3773.339121,3815.498461,291577.0
2025-09-24,3796.376841,3811.950542,3750.324149,3767.960522,236576.0
2025-09-25,3767.927466,3792.014726,3751.377023,3771.076395,262158.0
2025-09-26,3781.902803,3814.267239,3764.184986,3809.595527,214102.0
2025-09-29,3789.077221,3863.971135,3786.366716,3855.383154,258143.0
2025-09-30,3862.6857,3899.403037,3819.921324,3872.906972,312278.0
2025-10-01,3887.424888,3922.835362,3879.991409,3897.882503,290468.0
2025-10-02,3892.714167,3923.444331,3842.159482,3868.012282,284183.0
2025-10-03,3881.054233,3917.36383,3861.054937,3909.604854,218240.0
2025-10-06,3913.687167,3994.475819,3908.622199,3976.577047,278146.0
2025-10-07,3983.630819,4014.611627,3964.00283,4004.367678,297512.0
2025-10-08,4006.854109,4080.524049,4005.893425,4069.662294,348799.0
2025-10-09,4061.837557,4078.272278,3957.869639,3972.23138,461076.0
2025-10-10,3990.582663,4038.08009,3961.515559,3999.963849,357564.0
2025-10-13,4018.429577,4137.201356,4011.743899,4132.837141,357522.0
2025-10-14,4130.419452,4191.191745,4104.676017,4162.767159,406007.0
2025-10-15,4160.042686,4236.653068,4157.098021,4201.761133,309926.0
2025-10-16,4225.103971,4347.178451,4214.107563,4304.316731,375215.0
2025-10-17,4347.71054,4391.867752,4195.743471,4213.412977,569892.0
2025-10-20,4269.515122,4398.141659,4230.127372,4360.027971,338242.0
2025-10-21,4370.711158,4393.339384,4092.595538,4109.327978,535274.0
2025-10-22,4137.461189,4174.518675,4021.326299,4065.742277,468748.0
2025-10-23,4113.932026,4170.832294,4079.650565,4145.168489,271998.0
2025-10-24,4144.263404,4159.762324,4055.527023,4137.565112,297621.0
2025-10-27,4103.046999,4124.058386,3985.488277,4019.918342,330753.0
2025-10-28,3999.716402,4033.983936,3900.615181,3983.092341,338431.0
2025-10-29,3967.266179,4046.396246,3929.267644,4000.54067,288247.0
2025-10-30,3943.204488,4041.313393,3925.427648,4015.953947,246354.0
2025-10-31,4038.270991,4059.437237,3982.41952,3996.363213,237145.0
2025-11-03,4001.268466,4043.086528,3971.087548,4013.949862,0.0
2025-11-04,4013.582633,4017.171771,3937.019085,3959.928899,250227.0
2025-11-05,3939.95899,4000.630015,3935.771355,3994.150651,175167.0
2025-11-06,3991.71189,4027.95433,3973.735644,3991.14631,188698.0
2025-11-07,3986.506197,4035.141559,3981.124598,4010.063649,208650.0
2025-11-10,4008.248454,4123.355634,4003.839803,4122.442487,253806.0
2025-11-11,4124.172556,4154.546492,4102.409747,4116.76599,252246.0
2025-11-12,4131.910432,4218.199142,4104.512103,4213.913621,296843.0
2025-11-13,4203.1937,4249.983297,4148.45762,4194.527865,319243.0
2025-11-14,4174.207762,4215.224518,4033.04356,4094.23249,342160.0
2025-11-17,4084.862949,4107.998558,4007.04786,4075.326769,235390.0
2025-11-18,4045.605461,4083.622603,3997.814267,4066.284869,233270.0
2025-11-19,4067.678897,4134.464675,4055.571419,4082.063063,233617.0
2025-11-20,4079.136452,4109.647094,4033.859927,4060.027461,272352.0
2025-11-21,4074.93216,4101.368254,4017.476079,4079.093954,257806.0
2025-11-24,4068.925145,4137.812097,4036.354182,4094.675719,223048.0
2025-11-25,4133.602387,4156.25715,4106.451219,4139.576071,132700.0
2025-11-26,4128.385264,4170.367601,4128.009461,4165.488827,25089.0
2025-11-28,4198.645359,4263.373679,4173.829477,4255.062809,154829.0
2025-12-01,4258.723496,4299.533138,4240.901188,4274.918034,227587.0
2025-12-02,4265.044853,4268.51051,4194.598234,4221.24186,215929.0
2025-12-03,4241.203853,4273.70831,4225.39928,4233.163674,176427.0
2025-12-04,4234.347926,4250.64631,4203.513127,4242.71561,161250.0
2025-12-05,4239.122398,4290.427148,4221.99187,4241.7512,193572.0
2025-12-08,4227.676659,4248.039187,4204.124323,4216.954727,149804.0
2025-12-09,4219.785447,4251.505892,4197.373742,4236.372471,177367.0
2025-12-10,4236.849263,4268.339763,4208.096444,4224.864819,186147.0
2025-12-11,4258.589385,4317.764611,4231.701038,4312.983013,228307.0
2025-12-12,4309.050267,4388.14436,4286.69904,4327.659945,292188.0
2025-12-15,4330.209101,4384.854022,4316.300045,4335.268838,207711.0
2025-12-16,4334.858045,4367.174509,4296.93897,4331.738339,212308.0
2025-12-17,4332.346822,4383.759143,4331.133528,4373.840623,212384.0
2025-12-18,4371.447228,4409.207721,4338.160056,4365.095031,234451.0
2025-12-19,4363.890349,4389.907598,4335.701966,4386.791751,165223.0
2025-12-22,4369.296273,4484.45229,4367.888321,4469.960249,203056.0
2025-12-23,4481.910573,4531.054774,4458.102686,4506.5911,248385.0
2025-12-24,4517.011495,4555.725675,4474.564319,4502.2892,151601.0
2025-12-26,4522.648693,4584.788226,4517.610544,4553.087041,181232.0
2025-12-29,4567.798133,4580.573229,4316.552897,4343.094137,316970.0
2025-12-30,4349.998478,4420.626143,4338.763541,4386.481486,189758.0
2025-12-31,4353.328861,4385.561548,4283.577695,4341.021694,161795.0
2026-01-02,4340.401173,4415.575346,4318.987977,4329.276768,154807.0
2026-01-05,4367.470614,4467.126872,4354.656034,4450.963039,211715.0
2026-01-06,4459.802272,4507.774611,4438.604046,4496.437061,176567.0
2026-01-07,4505.682749,4513.256035,4432.908266,4462.439554,202801.0
2026-01-08,4466.950082,4488.94154,4415.544311,4460.736581,208952.0
2026-01-09,4488.900323,4526.518832,4461.856304,4501.259055,217944.0
2026-01-12,4529.129774,4640.595728,4521.180477,4615.223383,307996.0
2026-01-13,4610.010688,4644.72681,4576.830021,4599.550904,267422.0
2026-01-14,4594.190428,4651.164506,4594.190428,4636.441959,306319.0
2026-01-15,4635.671889,4637.416017,4584.362702,4623.166915,226495.0
2026-01-16,4621.542369,4625.790682,4539.493751,4595.277175,246120.0
2026-01-20,4633.449697,4772.453067,4621.816174,4766.11061,414423.0
2026-01-21,4767.622868,4891.919612,4756.385686,4837.139201,400552.0
2026-01-22,4835.360662,4944.027275,4772.763349,4914.352252,265137.0
2026-01-23,4939.443677,4991.630804,4900.925632,4979.79911,276571.0
2026-01-26,5014.264868,5107.873787,4984.535657,5082.303641,433134.0
2026-01-27,5005.843584,5189.999206,5004.450647,5081.510986,325758.0
2026-01-28,5179.76475,5415.664378,5155.456354,5303.549838,112054.0
2026-01-29,5415.71933,5586.051932,5097.639698,5317.935576,570051.0
2026-01-30,5408.9281,5480.180757,4700.761693,4744.275226,507974.0
2026-02-02,4816.513817,4905.561229,4423.042832,4652.563198,385991.0
2026-02-03,4690.624351,5018.540751,4689.693658,4934.532805,260071.0
2026-02-04,4966.252656,5114.149536,4867.488082,4951.132661,245911.0
2026-02-05,4986.415814,5045.817556,4779.28193,4888.366647,234587.0
2026-02-06,4800.136823,4995.790471,4669.477154,4979.308717,177851.0
2026-02-09,5003.306816,5111.628631,4988.247627,5078.809578,124139.0
2026-02-10,5083.992328,5103.097345,5011.302114,5031.220287,105660.0
2026-02-11,5047.304053,5145.060175,5035.986884,5098.296886,129958.0
2026-02-12,5107.663434,5123.287383,4899.766009,4947.851804,161602.0
2026-02-13,4950.126634,5069.829508,4908.270079,5045.827949,123013.0
2026-02-17,5049.784369,5073.389351,4853.973648,4906.341952,166703.0
2026-02-18,4898.604132,5032.478393,4868.746516,5009.75415,98213.0
2026-02-19,4993.557304,5042.57968,4971.08906,4998.029308,87025.0
2026-02-20,5014.971964,5131.121766,4998.082294,5080.265011,136749.0
2026-02-23,5129.911638,5257.72168,5119.698809,5225.931914,140954.0
2026-02-24,5247.984681,5269.740732,5108.897543,5175.463103,145948.0
2026-02-25,5159.814034,5237.194119,5136.105239,5225.748132,110988.0
2026-02-26,5175.086871,5221.991508,5144.511923,5193.611037,131647.0
2026-02-27,5202.547609,5298.613221,5183.425759,5248.125877,151656.0
2026-03-02,5360.970438,5434.74316,5272.440803,5311.588337,227868.0
2026-03-03,5335.469102,5394.247806,5004.579949,5124.009119,273174.0
2026-03-04,5110.098829,5218.986481,5092.322246,5134.212367,146868.0
2026-03-05,5156.337558,5204.467429,5057.936234,5078.828978,151851.0
2026-03-06,5100.020424,5185.227843,5070.57927,5157.895153,160272.0
2026-03-09,5186.830849,5208.929138,5021.068878,5104.218707,181743.0
2026-03-10,5152.499064,5248.936992,5128.040747,5242.168354,179629.0
2026-03-11,5193.813536,5230.180505,5154.763282,5179.206118,140334.0
2026-03-12,5185.214344,5197.067159,5058.163934,5126.639444,153538.0
2026-03-13,5084.149762,5132.828557,5014.092033,5061.346694,160324.0
2026-03-16,5010.152905,5043.554233,4969.525816,5001.490182,170917.0
2026-03-17,5012.376234,5048.970037,4976.782486,5008.512661,119439.0
2026-03-18,5010.480343,5022.175755,4810.466318,4896.170779,217333.0
2026-03-19,4826.969638,4868.124676,4505.252755,4605.289025,303861.0
2026-03-20,4654.399838,4738.298736,4479.12407,4575.11259,226862.0
2026-03-23,4450.432479,4536.092796,4100.18793,4406.956653,398633.0
2026-03-24,4414.474835,4484.882263,4306.506484,4403.002199,209748.0
2026-03-25,4473.735736,4600.879296,4457.847946,4552.462965,245178.0
2026-03-26,4508.852393,4541.082601,4347.780701,4376.861015,247409.0
2026-03-27,4371.88104,4552.399391,4369.8323,4492.869772,74342.0
2026-03-30,4482.585202,4578.947557,4413.050807,4525.827229,10815.0
2026-03-31,4509.409565,4684.483494,4508.355423,4647.744054,176401.0
2026-04-01,4698.745064,4821.477369,4690.20805,4812.943543,166765.0
2026-04-02,4783.506091,4825.383559,4579.940546,4679.577215,0.0
2026-04-06,4675.2123,4732.174836,4626.46903,4684.628513,89392.0
2026-04-07,4678.177538,4746.98109,4632.094309,4684.697921,145734.0
2026-04-08,4747.055927,4888.72573,4720.225264,4777.574652,215090.0
2026-04-09,4745.19648,4826.11034,4718.442267,4818.178518,133632.0
2026-04-10,4790.539484,4819.914164,4752.64099,4788.222123,121575.0
2026-04-13,4708.853157,4774.598168,4626.073758,4767.97475,127321.0
2026-04-14,4768.762558,4870.163629,4767.725922,4850.415396,129575.0
2026-04-15,4862.701859,4895.288067,4807.133779,4824.092538,106689.0
2026-04-16,4813.488221,4861.159867,4791.430304,4808.700575,108850.0
2026-04-17,4812.128741,4918.201488,4786.293635,4880.143346,135435.0
2026-04-20,4811.97191,4847.514729,4751.500882,4828.911575,123218.0
2026-04-21,4842.403307,4855.775072,4685.790497,4719.33649,177099.0
2026-04-22,4739.272767,4790.712346,4732.85963,4753.054249,100065.0
2026-04-23,4758.823307,4771.290006,4680.09102,4723.274173,153524.0
2026-04-24,4715.567199,4757.180481,4672.275983,4740.269753,103210.0
2026-04-27,4713.014066,4746.787255,4680.712361,4694.154413,85756.0
2026-04-28,4697.312764,4716.779859,4567.848708,4608.538319,144739.0
2026-04-29,4610.47178,4624.055266,4522.507967,4561.215723,126413.0
2026-04-30,4557.874205,4658.894303,4550.97576,4629.08669,119634.0
2026-05-01,4637.560151,4672.550459,4569.882182,4644.4111,93238.0
2026-05-04,4644.040871,4650.325181,4510.052089,4533.632333,117016.0
2026-05-05,4533.808805,4598.143195,4522.952114,4568.162361,88278.0
2026-05-06,4569.707055,4734.609415,4555.995783,4693.792642,160447.0
2026-05-07,4702.544919,4774.634231,4693.481294,4711.03465,159555.0
2026-05-08,4682.498144,4760.013999,4671.294549,4730.851645,122021.0
2026-05-11,4690.230405,4758.52759,4654.90463,4728.373432,147418.0
2026-05-12,4745.592294,4783.443689,4644.901292,4687.194025,146298.0
2026-05-13,4722.771787,4735.187825,4676.051551,4706.471829,120034.0
2026-05-14,4697.13522,4726.55654,4648.761448,4685.200885,102959.0
2026-05-15,4653.692092,4670.712047,4513.922579,4562.114854,169756.0
2026-05-18,4547.825405,4587.625893,4483.84385,4558.068628,151963.0
2026-05-19,4571.198902,4592.954121,4467.298206,4511.084665,140961.0
2026-05-20,4486.5669,4557.903738,4455.500422,4534.734912,152280.0
2026-05-21,4547.617665,4572.533644,4488.308889,4542.461404,153240.0
2026-05-22,4544.454703,4546.2422,4487.497033,4523.647601,108481.0
2026-05-26,4531.710794,4584.106837,4480.382022,4502.735271,254524.0
2026-05-27,4507.610021,4528.506684,4398.055724,4447.747094,81059.0
2026-05-28,4453.531684,4512.905972,4363.003618,4499.577439,153461.0
2026-05-29,4527.968194,4626.561408,4519.1296,4592.883489,133443.0
2026-06-01,4576.049505,4576.747123,4476.148834,4506.186176,116786.0
2026-06-02,4515.515076,4570.723071,4491.429439,4520.004518,100317.0
2026-06-03,4520.607498,4525.412449,4454.125438,4466.238795,106674.0
2026-06-04,4462.985917,4543.638659,4450.494244,4504.320532,109657.0
2026-06-05,4503.507016,4508.79837,4336.671046,4365.423285,179340.0
2026-06-08,4353.506011,4377.326581,4293.056012,4363.360519,144107.0
2026-06-09,4354.965052,4388.547674,4260.697019,4286.37495,138128.0
2026-06-10,4275.193584,4281.038731,4090.5677,4133.192268,206011.0
2026-06-11,4094.636299,4241.384472,4046.154434,4113.691279,206297.0
2026-06-12,4235.415562,4267.011147,4191.284857,4238.588721,136163.0
2026-06-15,4289.157458,4391.429727,4283.083055,4351.75093,132141.0
2026-06-16,4331.391922,4376.122863,4326.25225,4354.69696,89922.0
2026-06-17,4351.571466,4403.527614,4237.353772,4381.382053,160553.0
2026-06-18,4274.98448,4350.672851,4220.406805,4246.189008,139512.0
2026-06-22,4163.661903,4238.286466,4150.95722,4203.155751,177652.0
2026-06-23,4210.448335,4215.247613,4108.640364,4149.40311,118503.0
2026-06-24,4129.765839,4132.774584,3975.431809,4008.927911,189362.0
2026-06-25,4019.613762,4059.348007,3975.509953,4047.20108,147348.0
2026-06-26,4043.906953,4110.491049,3997.270509,4096.598695,118982.0
2026-06-29,4101.336978,4102.662866,4012.61215,4038.362031,107438.0
2026-06-30,4032.202499,4077.945562,3955.619171,4038.382678,125441.0
2026-07-01,4024.916862,4130.844834,3972.739005,4082.755555,146946.0
2026-07-02,4049.356854,4158.097801,4042.678635,4125.090003,0.0
2026-07-06,4186.992767,4215.119283,4141.199628,4168.584624,147564.0
2026-07-07,4176.185616,4192.673799,4103.482912,4157.549727,110321.0
2026-07-08,4106.34416,4143.940408,4032.495749,4082.475827,170857.0
2026-07-09,4087.393439,4148.70897,4063.057043,4141.139648,125038.0
2026-07-10,4135.030067,4144.495124,4081.5085,4113.780759,98760.0
2026-07-13,4106.923528,4112.008711,3993.278582,4006.103814,154841.0
2026-07-14,4005.434497,4113.018477,3990.788982,4070.479255,151139.0
2026-07-15,4059.590329,4089.094135,4022.718827,4051.274031,113038.0
2026-07-16,4068.822606,4072.42102,3973.50243,3992.49083,125058.0
2026-07-17,3980.089287,4029.026973,3963.519787,4018.663393,112266.0
2026-07-20,4005.955074,4046.139153,3986.562384,4015.633665,102845.0
2026-07-21,4013.88664,4092.440924,4003.448798,4076.408093,119967.0
2026-07-22,4084.286694,4171.213296,4080.855994,4151.200054,132801.0
2026-07-23,4126.176083,4143.882083,4042.088932,4050.516022,159883.0
2026-07-24,4053.613645,4085.380591,4023.874809,4070.188749,120079.0
2026-07-27,4097.249998,4119.058699,4067.118003,4075.815338,135087.0
2026-07-28,4082.699979,4085.633532,4010.735625,4038.358425,167745.0
2026-07-29,4020.930645,4115.352189,3993.245538,4035.820765,89649.0
2026-07-30,4060.696958,4118.59215,4028.808963,4100.077913,149397.0
2026-07-31,4163.669373,4170.88037,4076.829159,4106.734241,110641.0
2026-08-03,4135.0979,4145.293497,4073.917903,4090.240039,93299.0
2026-08-04,4110.015127,4163.834382,4098.093229,4153.640736,118837.0
2026-08-05,4133.831979,4328.064963,4121.381669,4305.148713,211871.0
2026-08-06,4305.759528,4363.372172,4281.081146,4299.420678,167622.0
2026-08-07,4297.852992,4432.830679,4287.768189,4399.872403,190622.0
2026-08-10,4400.233082,4454.020193,4374.098792,4420.118858,118605.0
2026-08-11,4446.80471,4495.768766,4416.127384,4441.565904,138125.0
2026-08-12,4430.70825,4502.513054,4421.491718,4467.383284,153106.0
2026-08-13,4468.386328,4509.814624,4400.169898,4420.775614,139217.0
2026-08-14,4408.655873,4454.993551,4365.272136,4437.154569,126959.0
2026-08-17,4439.674662,4486.728111,4421.829548,4473.579665,121052.0
2026-08-18,4472.928991,4493.241691,4383.411753,4420.643703,131179.0
2026-08-19,4391.578375,4583.03445,4378.000761,4544.908285,250524.0
2026-08-20,4580.68259,4597.091812,4506.293224,4571.451598,186456.0
2026-08-21,4577.052723,4689.255041,4566.310474,4681.230506,195592.0
2026-08-24,4672.859681,4739.313684,4651.919855,4697.720644,206807.0
2026-08-25,4709.539285,4754.731604,4660.088168,4694.632865,176777.0
2026-08-26,4715.724107,4731.172539,4637.442243,4654.055848,151442.0
2026-08-27,4650.362646,4697.954426,4616.546438,4664.822368,140287.0
2026-08-28,4656.831729,4688.01392,4494.946841,4530.504018,274595.0
2026-08-31,4482.925332,4521.795552,4445.466119,4480.5777,152220.0
2026-09-01,4498.90031,4510.804976,4369.170306,4395.815362,198533.0
2026-09-02,4377.292062,4443.879724,4329.145893,4414.62011,187531.0
2026-09-03,4436.183253,4557.892824,4425.740803,4539.217857,209161.0
2026-09-04,4522.364591,4537.369864,4412.545401,4476.575163,189660.0
2026-09-08,4466.536727,4488.673435,4381.333277,4439.055978,217172.0
2026-09-09,4398.506071,4478.552483,4384.270385,4460.328784,164424.0
2026-09-10,4447.871201,4480.226021,4354.373589,4407.601806,201348.0
2026-09-11,4359.607902,4445.69321,4333.629866,4409.624904,187978.0
2026-09-14,4374.145819,4397.507141,4293.077183,4352.556985,164487.0
2026-09-15,4340.545752,4357.231541,4301.302846,4332.604625,146014.0
2026-09-16,4333.490133,4413.093689,4273.83574,4387.126458,249153.0
2026-09-17,4301.608477,4423.046973,4294.829212,4399.760014,169183.0
2026-09-18,4381.604349,4439.96545,4371.707488,4424.623938,142917.0
2026-09-21,4413.108185,4422.355413,4360.613354,4384.188211,138189.0
2026-09-22,4382.560642,4414.096498,4328.207071,4376.469715,178148.0
2026-09-23,4394.292085,4407.200522,4310.123489,4317.979809,143869.0
2026-09-24,4324.432917,4337.963629,4278.252851,4298.439808,164847.0
2026-09-25,4308.984785,4351.77698,4288.814888,4321.514235,164823.0
2026-09-29,4215.504661,4219.417296,4209.39777,4211.024477,4454.0
