Date,Open,High,Low,Close,Volume
2016-01-04,17349.508312,17400.957542,16862.4935,17080.866202,220261.0
2016-01-05,17086.174799,17150.638631,16939.91241,17079.087343,190444.0
2016-01-06,17074.557898,17094.864787,16724.204974,16839.616862,232514.0
2016-01-07,16859.915848,16879.135816,16368.176732,16418.802332,311961.0
2016-01-08,16447.355552,16665.477747,16207.337459,16236.742739,301359.0
2016-01-11,16260.941383,16369.33558,16086.809983,16287.610674,277563.0
2016-01-12,16279.38271,16501.715938,16163.375261,16361.733631,260363.0
2016-01-13,16348.334142,16532.471331,16024.470974,16054.818968,305044.0
2016-01-14,16068.604428,16392.043815,15978.623709,16281.049596,304878.0
2016-01-15,16267.167144,16333.397587,15747.944749,15909.897284,357606.0
2016-01-19,15876.313235,16190.632478,15797.435465,15911.659286,348984.0
2016-01-20,15888.335641,15935.373002,15363.492798,15720.332272,373894.0
2016-01-21,15704.829441,15957.33555,15560.948344,15787.691082,355633.0
2016-01-22,15755.421801,16051.982017,15727.733093,16002.481215,205197.0
2016-01-25,16009.135256,16036.669465,15788.176108,15812.800969,179717.0
2016-01-26,15810.280659,16103.429066,15638.807241,16066.253279,193781.0
2016-01-27,15997.747968,16150.285554,15788.7362,15850.866207,261821.0
2016-01-28,15861.41608,16055.94455,15766.987358,15973.022122,268705.0
2016-01-29,15957.569668,16377.717305,15938.082648,16357.291193,217301.0
2016-02-01,16368.349111,16425.63521,16208.596014,16338.059969,178473.0
2016-02-02,16318.178144,16328.677935,16021.320611,16090.47819,205812.0
2016-02-03,16073.539976,16297.652227,15876.441809,16262.483483,357137.0
2016-02-04,16257.190723,16409.968368,16123.922078,16326.754742,269229.0
2016-02-05,16309.987858,16380.854196,16047.150755,16131.7987,256026.0
2016-02-08,16144.258758,16198.415973,15728.046661,15983.727324,295345.0
2016-02-09,15966.240846,16070.415856,15774.501447,15962.75182,296239.0
2016-02-10,15950.66091,16153.43457,15827.476413,15866.676123,273576.0
2016-02-11,15829.332329,15864.297227,15451.711122,15610.413083,349184.0
2016-02-12,15627.255219,15930.425969,15592.09791,15910.823937,216002.0
2016-02-16,15953.897124,16205.951282,15953.897124,16130.175263,221679.0
2016-02-17,16129.513069,16456.618157,16077.570147,16412.268255,169496.0
2016-02-18,16448.462868,16513.450192,16356.262531,16391.300464,158922.0
2016-02-19,16392.845996,16441.539376,16245.927778,16359.600323,142407.0
2016-02-22,16341.977077,16635.423802,16315.868374,16535.496313,112387.0
2016-02-23,16524.412865,16574.326299,16373.150762,16394.358479,129469.0
2016-02-24,16381.4997,16503.914872,16129.7902,16473.594124,199839.0
2016-02-25,16498.517115,16677.368677,16399.081418,16671.819418,151782.0
2016-02-26,16663.729682,16821.334529,16585.658258,16600.101029,157716.0
2016-02-29,16600.427092,16708.543921,16477.328825,16499.132641,161128.0
2016-03-01,16495.315873,16858.578805,16431.377381,16847.338317,173093.0
2016-03-02,16841.050964,16905.696312,16741.435848,16869.247136,165085.0
2016-03-03,16856.555715,16935.972369,16795.601806,16917.028735,122906.0
2016-03-04,16926.858246,17043.849215,16876.044387,16967.594258,166570.0
2016-03-07,16972.088658,17077.702786,16898.34406,17046.770922,130848.0
2016-03-08,17055.92605,17061.983527,16907.915422,16969.994306,148139.0
2016-03-09,16983.641508,17077.393568,16941.945013,17009.406952,140131.0
2016-03-10,17015.129622,17171.981073,16814.945453,16993.636998,244086.0
2016-03-11,16995.035682,17220.591883,16985.472912,17184.101563,95539.0
2016-03-14,17184.537709,17281.196866,17146.808749,17222.885556,38348.0
2016-03-15,17218.774899,17252.42216,17119.557598,17241.405774,30476.0
2016-03-16,17245.486785,17383.841318,17190.1742,17332.765297,28665.0
2016-03-17,17331.360964,17532.174289,17243.030601,17482.590778,31635.0
2016-03-18,17500.279303,17559.304449,17466.766846,17559.304449,128244.0
2016-03-21,17489.758446,17553.36307,17441.716294,17527.946735,102159.0
2016-03-22,17530.769282,17552.7913,17431.356215,17502.609742,128397.0
2016-03-23,17496.692703,17518.377681,17386.172229,17424.702913,144410.0
2016-03-24,17423.483695,17462.049821,17301.341107,17437.285404,134489.0
2016-03-28,17460.219426,17524.847044,17391.931497,17447.777757,82564.0
2016-03-29,17443.223186,17554.794596,17331.851312,17537.994377,133943.0
2016-03-30,17541.93095,17694.317859,17538.538563,17622.690057,121187.0
2016-03-31,17628.538755,17660.077749,17565.561131,17595.4824,120670.0
2016-04-01,17614.557416,17713.548466,17469.373653,17707.062705,163740.0
2016-04-04,17703.693464,17758.539398,17616.691605,17642.69486,124153.0
2016-04-05,17617.854331,17627.172656,17486.776143,17528.271518,148246.0
2016-04-06,17558.078643,17640.012374,17452.465122,17627.760191,168193.0
2016-04-07,17627.118247,17647.903126,17395.997933,17457.199931,169323.0
2016-04-08,17457.729619,17607.894884,17421.603665,17485.61634,157037.0
2016-04-11,17487.580977,17647.041436,17411.895572,17474.218833,165012.0
2016-04-12,17459.267132,17659.002723,17437.713612,17638.708249,174959.0
2016-04-13,17634.279821,17834.824011,17627.568221,17830.035234,154913.0
2016-04-14,17831.906297,17882.842527,17772.108329,17844.202165,129165.0
2016-04-15,17848.474904,17873.235889,17779.853646,17809.597222,95926.0
2016-04-18,17733.05825,17935.966198,17688.092526,17927.065617,128800.0
2016-04-19,17880.302785,18018.502524,17880.147205,17962.601196,146248.0
2016-04-20,17957.588188,18085.383114,17892.028559,18036.389529,140870.0
2016-04-21,18036.395589,18083.335931,17867.999628,17898.508606,151054.0
2016-04-22,17887.477918,17949.94482,17823.26867,17917.626638,140138.0
2016-04-25,17964.869551,17970.99645,17772.825346,17901.173844,123632.0
2016-04-26,17909.491082,17970.733676,17850.568041,17917.913422,120625.0
2016-04-27,17879.47698,18004.497738,17840.065009,17961.192494,160319.0
2016-04-28,17977.930399,17990.144031,17715.372756,17763.660456,192708.0
2016-04-29,17764.019549,17788.876882,17570.833868,17693.586997,207617.0
2016-05-02,17738.140202,17830.709091,17667.73279,17799.359836,129887.0
2016-05-03,17804.126877,17815.715989,17582.437036,17676.314932,165956.0
2016-05-04,17677.063304,17699.317172,17526.671955,17581.373508,162188.0
2016-05-05,17576.070763,17680.475949,17532.666663,17573.954942,130178.0
2016-05-06,17567.76704,17687.700161,17474.272707,17671.410695,161215.0
2016-05-09,17673.876751,17724.817792,17597.158745,17644.788333,120190.0
2016-05-10,17643.525086,17864.153894,17605.613251,17856.752755,142360.0
2016-05-11,17826.794835,17852.265511,17655.882634,17660.580782,138976.0
2016-05-12,17664.944847,17754.941331,17573.818043,17670.788583,163398.0
2016-05-13,17671.607783,17687.161641,17462.209107,17494.578024,183046.0
2016-05-16,17466.057673,17704.199179,17420.089684,17660.932078,135164.0
2016-05-17,17661.730209,17718.927294,17424.535864,17490.738241,185518.0
2016-05-18,17497.469297,17609.617481,17385.726154,17475.581034,232527.0
2016-05-19,17494.867924,17499.971323,17298.543786,17413.766642,189930.0
2016-05-20,17414.506259,17551.195554,17406.157896,17482.053273,128695.0
2016-05-23,17503.158085,17532.55757,17433.096712,17472.994778,113794.0
2016-05-24,17469.5691,17717.885071,17437.182729,17690.139826,136077.0
2016-05-25,17694.159673,17866.704781,17678.63323,17817.775134,124621.0
2016-05-26,17828.235331,17864.568975,17774.403962,17816.352108,106960.0
2016-05-27,17824.905964,17862.268784,17804.001202,17849.461513,84717.0
2016-05-31,17875.31611,17907.988364,17707.795425,17775.171577,138970.0
2016-06-01,17773.605815,17809.03643,17646.096458,17780.867279,119658.0
2016-06-02,17772.850499,17835.663937,17690.896571,17828.540361,113526.0
2016-06-03,17818.745791,17849.184071,17673.17255,17798.780059,153501.0
2016-06-06,17806.356718,17936.86742,17779.790444,17914.696375,119858.0
2016-06-07,17911.425787,17991.849845,17900.861475,17935.085808,94979.0
2016-06-08,17931.269996,18013.469975,17902.566502,17993.333692,101955.0
2016-06-09,17994.714949,17999.88942,17904.174754,17973.021376,123850.0
2016-06-10,17973.557723,17976.820375,17802.172923,17865.409483,96660.0
2016-06-13,17826.24928,17887.986177,17709.486463,17727.603818,81694.0
2016-06-14,17716.733404,17759.843801,17590.390625,17663.257101,53326.0
2016-06-15,17649.316216,17777.168108,17626.548341,17646.142789,33574.0
2016-06-16,17635.075673,17755.78495,17470.185045,17737.415715,33344.0
2016-06-17,17737.203613,17779.649902,17703.854675,17731.84678,168072.0
2016-06-20,17638.339269,17854.727708,17637.836121,17711.870432,145413.0
2016-06-21,17754.909478,17794.833124,17703.272246,17738.881406,125877.0
2016-06-22,17727.800292,17824.939764,17673.875573,17682.275593,129604.0
2016-06-23,17739.247786,17969.933243,17738.410261,17915.325096,145958.0
2016-06-24,17988.636214,18026.580278,17183.563869,17248.489315,440298.0
2016-06-27,17182.489047,17274.106036,16957.817352,16986.698693,296613.0
2016-06-28,16979.772725,17306.223391,16978.544144,17301.673217,191252.0
2016-06-29,17300.267881,17692.198492,17251.139773,17624.969895,170589.0
2016-06-30,17668.013508,17830.008508,17557.810044,17819.955806,173048.0
2016-07-01,17789.221491,17899.297206,17763.087252,17867.204782,115491.0
2016-07-05,17881.435238,17921.830783,17690.683875,17763.744504,150854.0
2016-07-06,17774.365617,17836.613204,17616.352719,17836.370342,179299.0
2016-07-07,17824.411813,17894.144993,17725.303792,17819.910193,134777.0
2016-07-08,17820.743542,18081.525575,17782.718546,18039.772764,166589.0
2016-07-11,18045.004124,18195.029749,18029.48219,18145.436751,133928.0
2016-07-12,18150.986234,18286.483109,18135.050625,18264.546467,131749.0
2016-07-13,18266.305227,18305.036785,18222.986902,18287.140156,124223.0
2016-07-14,18288.075645,18476.214475,18264.236882,18423.647113,148877.0
2016-07-15,18427.379849,18487.819441,18346.732747,18416.840451,129060.0
2016-07-18,18423.306385,18493.420802,18410.478045,18453.983369,108245.0
2016-07-19,18460.68896,18494.046043,18399.897959,18478.84377,105413.0
2016-07-20,18495.369823,18565.481026,18455.339448,18527.904427,107693.0
2016-07-21,18532.508952,18548.31478,18395.482898,18438.8155,109864.0
2016-07-22,18443.278814,18491.909992,18419.244077,18475.942427,94192.0
2016-07-25,18490.439018,18527.386759,18378.248011,18422.731729,104719.0
2016-07-26,18431.597852,18446.702964,18311.040399,18398.380977,137660.0
2016-07-27,18426.853523,18470.52299,18355.638355,18391.020823,145048.0
2016-07-28,18413.038063,18454.940013,18298.526759,18377.152835,131759.0
2016-07-29,18376.493952,18405.772729,18293.903636,18363.293494,138953.0
2016-08-01,18442.820963,18451.553008,18279.177141,18324.504363,129507.0
2016-08-02,18345.688163,18375.40189,18168.310945,18248.550217,158896.0
2016-08-03,18246.861828,18280.912251,18187.060257,18268.055763,107934.0
2016-08-04,18275.692826,18336.482467,18249.836492,18273.037087,103792.0
2016-08-05,18273.034823,18471.388349,18271.964647,18451.771591,122773.0
2016-08-08,18455.422516,18507.342919,18435.704615,18460.626495,84634.0
2016-08-09,18463.437495,18519.903933,18441.688294,18466.651569,87296.0
2016-08-10,18467.960502,18516.874078,18416.489304,18450.169594,96003.0
2016-08-11,18447.892712,18595.765031,18432.217058,18565.647812,111147.0
2016-08-12,18564.771342,18585.658151,18488.221725,18524.337058,90687.0
2016-08-15,18536.176766,18625.58655,18525.918275,18581.449863,80689.0
2016-08-16,18587.502429,18591.410596,18507.284726,18523.127012,103486.0
2016-08-17,18532.408991,18559.669661,18444.170798,18538.260201,127974.0
2016-08-18,18553.223395,18577.00133,18503.14516,18563.958406,92423.0
2016-08-19,18565.511486,18576.802554,18468.615453,18538.319968,112218.0
2016-08-22,18544.135342,18563.338439,18445.00002,18521.070852,141848.0
2016-08-23,18519.694516,18614.504499,18505.078155,18529.044401,110655.0
2016-08-24,18537.769712,18544.306051,18426.704764,18470.954869,111875.0
2016-08-25,18468.704582,18485.805144,18404.664299,18449.742551,116870.0
2016-08-26,18450.511439,18555.633062,18311.740721,18380.680262,193982.0
2016-08-29,18381.669333,18501.736601,18353.014676,18486.313548,105457.0
2016-08-30,18492.271609,18515.65846,18398.450244,18447.627866,114693.0
2016-08-31,18452.520598,18452.686728,18326.143357,18397.633753,132603.0
2016-09-01,18393.52351,18462.151423,18288.099564,18395.328315,169689.0
2016-09-02,18395.734552,18535.603715,18380.033354,18479.847827,158486.0
2016-09-06,18488.378974,18540.862418,18436.758459,18523.239214,124947.0
2016-09-07,18536.000479,18539.103108,18467.231632,18514.39191,104353.0
2016-09-08,18514.950344,18548.047113,18438.443406,18461.074568,149567.0
2016-09-09,18452.551129,18459.954827,18015.163188,18043.194342,178673.0
2016-09-12,18028.129576,18355.064112,17898.046805,18324.456241,104080.0
2016-09-13,18291.376601,18305.016387,18026.908999,18086.555228,84686.0
2016-09-14,18113.502611,18158.020135,17988.503966,18000.189624,45824.0
2016-09-15,18017.487926,18251.795496,17961.834206,18198.81339,26693.0
2016-09-16,18196.457064,18196.457064,18122.231735,18167.068175,149865.0
2016-09-19,18059.50321,18171.532362,18006.544551,18051.24071,122949.0
2016-09-20,18060.611659,18143.054751,18029.920726,18048.209073,111844.0
2016-09-21,18039.700571,18226.350894,18010.7246,18219.507689,189567.0
2016-09-22,18215.52681,18363.356413,18193.225744,18301.902011,128685.0
2016-09-23,18298.93245,18307.55455,18164.716263,18190.447965,104655.0
2016-09-26,18173.256206,18202.352993,17993.154693,18012.738624,128493.0
2016-09-27,18011.141982,18149.982908,17959.04986,18139.091982,153630.0
2016-09-28,18124.241227,18260.640491,18090.991972,18234.590816,155580.0
2016-09-29,18232.022879,18278.909272,17998.75408,18093.614516,194377.0
2016-09-30,18069.341449,18284.122479,17988.014832,18220.045227,166322.0
2016-10-03,18201.369756,18250.858399,18110.410661,18154.698172,121068.0
2016-10-04,18166.454637,18228.288255,18024.135064,18090.247827,207334.0
2016-10-05,18085.305752,18233.621135,18055.724991,18201.643584,137430.0
2016-10-06,18191.904114,18224.333108,18076.15433,18197.193113,130224.0
2016-10-07,18190.395027,18251.071082,18064.612584,18155.564608,191012.0
2016-10-11,18262.421797,18276.834677,17964.73934,18068.501301,190899.0
2016-10-12,18054.745862,18121.967118,17990.119227,18052.658059,147005.0
2016-10-13,18016.475673,18052.177854,17870.15147,18022.770567,185067.0
2016-10-14,18012.889973,18177.336328,17984.627762,18060.261332,170627.0
2016-10-17,18051.840486,18078.731077,17973.596398,18011.989264,137655.0
2016-10-18,17992.953761,18142.057352,17977.353037,18067.057134,120222.0
2016-10-19,18057.827115,18172.010893,18028.996987,18122.962021,108345.0
2016-10-20,18128.368385,18177.29953,18046.554577,18107.370612,156267.0
2016-10-21,18092.747819,18116.186353,17965.900987,18066.364816,144857.0
2016-10-24,18080.609967,18200.418698,18063.269379,18132.862596,111905.0
2016-10-25,18135.463331,18172.543161,18069.819619,18097.519255,125490.0
2016-10-26,18074.620168,18155.757731,17975.830183,18127.228855,186085.0
2016-10-27,18127.071392,18182.067324,18064.931522,18083.649094,181635.0
2016-10-28,18093.666878,18175.24573,18011.197228,18098.707629,278914.0
2016-10-31,18065.96535,18147.202752,18035.782919,18064.569186,133437.0
2016-11-01,18082.958848,18124.484919,17852.239254,17938.900667,228072.0
2016-11-02,17934.984069,17959.144274,17827.239931,17879.974453,200703.0
2016-11-03,17861.900558,17933.764817,17818.128337,17850.961739,155396.0
2016-11-04,17843.992861,17898.565003,17799.72937,17805.693684,196085.0
2016-11-07,18000.198708,18210.311621,17982.903871,18191.134889,172019.0
2016-11-08,18190.246382,18347.047912,18131.305989,18289.031892,162194.0
2016-11-09,18306.336067,18593.315091,17416.673664,18532.059764,651900.0
2016-11-10,18529.062206,18820.186886,18489.76995,18782.322173,339185.0
2016-11-14,18808.243945,18919.968548,18757.040621,18820.72363,212508.0
2016-11-15,18820.588009,18889.712582,18756.840119,18880.001586,146306.0
2016-11-16,18877.117655,18910.13666,18791.58219,18831.086148,129364.0
2016-11-17,18833.838589,18874.082805,18813.034232,18866.357515,119810.0
2016-11-18,18871.788136,18887.272196,18822.795986,18854.396505,113079.0
2016-11-21,18851.000786,18932.877998,18835.847377,18911.035671,112689.0
2016-11-22,18916.435355,19012.989774,18916.435355,18993.017136,115559.0
2016-11-23,19000.426634,19060.097164,18974.34588,19056.399117,120462.0
2016-11-25,19066.809626,19147.642054,19030.883909,19146.660522,84521.0
2016-11-28,19126.378507,19126.378507,19040.118276,19079.727525,128402.0
2016-11-29,19088.464919,19129.955362,19059.624547,19114.971999,119191.0
2016-11-30,19119.401501,19214.435023,19105.664985,19129.868003,162265.0
2016-12-01,19144.346161,19202.550856,19112.7793,19199.11757,185987.0
2016-12-02,19187.382983,19194.265454,19132.923207,19155.297364,136554.0
2016-12-05,19109.693247,19276.39766,19086.30752,19208.118778,141692.0
2016-12-06,19210.972401,19245.67493,19179.98016,19232.489542,103824.0
2016-12-07,19236.862116,19561.797346,19217.743829,19516.12065,164286.0
2016-12-08,19521.359057,19667.421088,19496.4198,19621.465701,192368.0
2016-12-09,19615.069892,19784.573511,19612.477377,19768.82579,71094.0
2016-12-12,19775.029647,19877.434434,19749.832862,19783.655121,68755.0
2016-12-13,19789.089962,19956.745045,19775.121453,19912.346946,55556.0
2016-12-14,19906.17338,19970.512439,19750.040726,19823.343342,52315.0
2016-12-15,19825.685543,19955.826348,19778.04636,19867.829064,41666.0
2016-12-16,19881.269036,19917.898439,19854.995095,19916.889215,129995.0
2016-12-19,19801.504779,19860.05145,19792.805999,19835.188989,87033.0
2016-12-20,19836.391075,19933.859831,19836.391075,19901.224102,81790.0
2016-12-21,19917.614375,19928.911107,19872.419521,19889.161441,64395.0
2016-12-22,19878.016881,19900.93843,19829.979468,19873.421567,71700.0
2016-12-23,19863.746178,19895.519647,19844.537396,19875.16337,42120.0
2016-12-27,19865.410013,19919.859965,19860.098243,19874.988886,45584.0
2016-12-28,19878.101704,19918.854461,19770.134995,19775.818679,88837.0
2016-12-29,19777.438794,19816.634951,19724.80916,19759.31038,86349.0
2016-12-30,19769.967236,19817.383972,19661.169043,19719.984,109497.0
2017-01-03,19761.094144,19877.650894,19705.02761,19796.875121,151863.0
2017-01-04,19794.377892,19883.340594,19789.717542,19859.487144,104354.0
2017-01-05,19863.692105,19871.787418,19730.795375,19823.437098,108848.0
2017-01-06,19821.046704,19927.195435,19756.376136,19895.939741,121938.0
2017-01-09,19888.262321,19923.70359,19813.959932,19829.455454,85845.0
2017-01-10,19825.738082,19884.372332,19770.461319,19789.164911,110903.0
2017-01-11,19798.816137,19905.14814,19755.971039,19879.961383,185280.0
2017-01-12,19877.900666,19886.816994,19691.486893,19803.369648,151825.0
2017-01-13,19808.498629,19877.366776,19775.413372,19833.015494,99775.0
2017-01-17,19830.06054,19830.06054,19697.235315,19742.661491,140692.0
2017-01-18,19743.781802,19795.423507,19671.835532,19735.831834,121028.0
2017-01-19,19726.405629,19757.715774,19607.730062,19693.436308,119375.0
2017-01-20,19652.747989,19777.180736,19650.470661,19743.772206,150979.0
2017-01-23,19746.62569,19767.07548,19665.97719,19734.790937,129844.0
2017-01-24,19726.014098,19883.269423,19720.475095,19841.589819,121977.0
2017-01-25,19848.532999,20016.54884,19846.661631,20005.839192,123957.0
2017-01-26,20002.178053,20065.485976,19990.123917,20055.41559,109281.0
2017-01-27,20049.980065,20073.467234,20005.112234,20012.253788,77797.0
2017-01-30,19971.69237,19989.344444,19802.246611,19888.885775,148351.0
2017-01-31,19882.781487,19892.291651,19715.685899,19794.064658,149444.0
2017-02-01,19812.965298,19898.537841,19776.993711,19815.750687,133909.0
2017-02-02,19824.16293,19851.291342,19735.387412,19822.625733,130375.0
2017-02-03,19817.972426,20009.957255,19784.00131,19986.046105,132984.0
2017-02-06,19994.370311,20017.623365,19930.734816,19969.823684,108417.0
2017-02-07,19962.851337,20081.844702,19955.46832,20017.777185,111297.0
2017-02-08,20006.203463,20053.979414,19965.546317,20000.26367,107588.0
2017-02-09,20010.997593,20154.902494,19981.96256,20137.130184,113825.0
2017-02-10,20137.006967,20247.633662,20129.245586,20223.281663,99922.0
2017-02-13,20234.358978,20399.655429,20224.536652,20385.671733,106396.0
2017-02-14,20384.751633,20497.336143,20348.262759,20478.998834,120447.0
2017-02-15,20482.063307,20631.493265,20472.193839,20623.621262,133229.0
2017-02-16,20614.083213,20625.567456,20536.927972,20593.407276,137894.0
2017-02-17,20591.018332,20607.324887,20510.251307,20589.90923,122291.0
2017-02-21,20581.478423,20733.189865,20567.52878,20686.028444,147866.0
2017-02-22,20693.252342,20769.630824,20662.962162,20746.084122,120227.0
2017-02-23,20761.367536,20817.265999,20725.874413,20796.635694,138580.0
2017-02-24,20782.989991,20799.495694,20691.059016,20785.300275,138252.0
2017-02-27,20780.759288,20833.52969,20749.405578,20810.666473,122674.0
2017-02-28,20802.94345,20832.318291,20771.008639,20807.536966,113250.0
2017-03-01,20833.763269,21158.800917,20809.924097,21092.034856,204352.0
2017-03-02,21079.053158,21132.130243,20974.494929,21005.898685,151872.0
2017-03-03,20984.620025,21036.299754,20927.38321,20981.506344,135124.0
2017-03-06,20973.547629,20982.210752,20896.441746,20954.400582,117687.0
2017-03-07,20922.59649,20966.204991,20892.260778,20917.067852,113946.0
2017-03-08,20911.665378,20952.350473,20837.305278,20868.628857,151427.0
2017-03-09,20860.438009,20908.190575,20779.525111,20869.51718,178649.0
2017-03-10,20877.674005,21020.314453,20825.164158,20892.620663,110710.0
2017-03-13,20883.235479,20927.622063,20853.170418,20890.379361,53340.0
2017-03-14,20884.250383,20887.803174,20790.063376,20849.537975,60302.0
2017-03-15,20857.502267,20979.765083,20851.845502,20941.748406,44293.0
2017-03-16,20930.901335,21031.869612,20891.460754,20940.535397,25422.0
2017-03-17,20934.550942,20975.093138,20913.738558,20975.093138,105029.0
2017-03-20,20852.216786,20900.551744,20825.456527,20870.449548,104832.0
2017-03-21,20858.196942,20917.319397,20602.368936,20630.46029,266689.0
2017-03-22,20597.118939,20634.706922,20522.752142,20597.013039,208660.0
2017-03-23,20590.786352,20703.662011,20563.396704,20586.492631,187182.0
2017-03-24,20602.450684,20672.492768,20478.765143,20575.277373,180173.0
2017-03-27,20528.808899,20528.808899,20360.630466,20496.233026,175563.0
2017-03-28,20524.874771,20679.811644,20458.801258,20623.17849,158919.0
2017-03-29,20635.248013,20661.331111,20565.836356,20600.469584,103584.0
2017-03-30,20595.874201,20694.13971,20569.012281,20660.07869,104371.0
2017-03-31,20666.440344,20670.433864,20594.403317,20605.582792,105496.0
2017-04-03,20596.815182,20647.994034,20451.334324,20591.014633,151659.0
2017-04-04,20580.095697,20648.926213,20512.978818,20633.007807,112388.0
2017-04-05,20656.22727,20829.394587,20555.591572,20575.218198,184185.0
2017-04-06,20567.966557,20689.737461,20513.149002,20602.60811,159517.0
2017-04-07,20623.113426,20670.634649,20459.333581,20598.208994,166454.0
2017-04-10,20605.121774,20692.946107,20552.980445,20596.3493,139608.0
2017-04-11,20609.71091,20624.697796,20447.058984,20591.647468,191191.0
2017-04-12,20591.447723,20640.766853,20488.59245,20518.57578,157282.0
2017-04-13,20499.932012,20550.810253,20385.419521,20414.476716,161543.0
2017-04-17,20380.378715,20584.15993,20370.189739,20566.630166,98948.0
2017-04-18,20558.624377,20583.202379,20394.251457,20433.155405,163303.0
2017-04-19,20422.942096,20482.308238,20310.386119,20335.562273,134884.0
2017-04-20,20332.89236,20566.979072,20328.720485,20530.336243,149087.0
2017-04-21,20528.011113,20553.216969,20442.47517,20503.238262,117718.0
2017-04-24,20600.831047,20733.658561,20597.825354,20697.523948,135580.0
2017-04-25,20693.526451,20967.662221,20686.029301,20944.493341,126532.0
2017-04-26,20925.912614,21009.408299,20899.557884,20904.293964,164781.0
2017-04-27,20902.35376,20951.252197,20872.512207,20898.721779,116428.0
2017-04-28,20896.817855,20928.685928,20860.278578,20873.384034,89508.0
2017-05-01,20893.997429,20920.200073,20829.078869,20872.968794,86527.0
2017-05-02,20870.393512,20889.683752,20831.757289,20862.965793,75135.0
2017-05-03,20857.46466,20905.79858,20803.618851,20878.199119,97928.0
2017-05-04,20872.780002,20950.578117,20774.770524,20870.127932,132695.0
2017-05-05,20875.751641,20971.940954,20812.311671,20951.97157,95636.0
2017-05-08,20999.736359,21008.931839,20898.967758,20940.78279,83331.0
2017-05-09,20945.28282,20987.235797,20875.198775,20905.994572,88492.0
2017-05-10,20894.076637,20931.594869,20842.328267,20892.404573,95713.0
2017-05-11,20887.992084,20901.447924,20758.552862,20870.590194,125730.0
2017-05-12,20879.336653,20879.336653,20821.654451,20850.085846,83767.0
2017-05-15,20856.478056,20959.846455,20845.128588,20928.316267,90412.0
2017-05-16,20940.39417,20994.004414,20894.200357,20935.26035,101243.0
2017-05-17,20939.227602,20939.227602,20579.606959,20608.554353,246949.0
2017-05-18,20566.616087,20742.257349,20476.623484,20641.646061,284777.0
2017-05-19,20640.549623,20838.423594,20619.00045,20791.504529,154510.0
2017-05-22,20787.248834,20894.149915,20767.376576,20879.276848,99258.0
2017-05-23,20889.0184,20936.959738,20835.242983,20915.877984,101969.0
2017-05-24,20903.431028,21001.204519,20892.899023,20986.560253,95788.0
2017-05-25,20995.446578,21095.974622,20988.369966,21064.293922,113079.0
2017-05-26,21052.691751,21074.947867,21023.43624,21067.233975,78300.0
2017-05-30,21065.326006,21088.872064,21000.354207,21017.581849,101698.0
2017-05-31,21022.329143,21061.134516,20929.139704,20999.606922,128435.0
2017-06-01,21030.293426,21137.541967,20984.488879,21133.156666,120299.0
2017-06-02,21134.109768,21226.167471,21125.105591,21200.751528,127110.0
2017-06-05,21185.816517,21224.116874,21165.311544,21177.300456,72057.0
2017-06-06,21174.322634,21183.956668,21116.465852,21156.035717,114808.0
2017-06-07,21146.928578,21188.513521,21110.449221,21162.782452,121195.0
2017-06-08,21169.02738,21269.827742,21132.690933,21180.046267,131816.0
2017-06-09,21135.929381,21303.901366,21125.699489,21252.034351,121240.0
2017-06-12,21253.564782,21265.865783,21177.346663,21230.893651,63281.0
2017-06-13,21225.442947,21338.197287,21219.614279,21322.771316,55556.0
2017-06-14,21324.458051,21390.484483,21287.59357,21372.088479,34524.0
2017-06-15,21363.433269,21376.402909,21260.280372,21364.58692,41582.0
2017-06-16,21361.169854,21413.574165,21339.657009,21358.908182,116394.0
2017-06-19,21363.53989,21481.952955,21349.857461,21462.995145,107517.0
2017-06-20,21468.578854,21492.470368,21412.867318,21436.211219,114961.0
2017-06-21,21420.910692,21445.262455,21343.074876,21374.628008,144471.0
2017-06-22,21364.291252,21409.473423,21343.620866,21348.380436,100298.0
2017-06-23,21351.382397,21374.150264,21279.225533,21342.593633,106189.0
2017-06-26,21320.659473,21454.021902,21308.579149,21366.678495,117048.0
2017-06-27,21368.188448,21389.675553,21268.631778,21286.478607,165478.0
2017-06-28,21264.030438,21440.140498,21253.296693,21400.174111,157376.0
2017-06-29,21424.450003,21448.310599,21138.525846,21255.458927,239985.0
2017-06-30,21261.536038,21368.688318,21230.353928,21298.453868,147362.0
2017-07-03,21306.153095,21508.847749,21306.153095,21433.920372,93482.0
2017-07-05,21416.386032,21472.270175,21348.330498,21423.125792,159874.0
2017-07-06,21418.736745,21440.458251,21258.101714,21283.209817,143714.0
2017-07-07,21281.960141,21377.212614,21265.434425,21370.85356,106483.0
2017-07-10,21361.175235,21403.196226,21316.39414,21358.211861,88387.0
2017-07-11,21355.365162,21389.965476,21224.750606,21367.977405,131421.0
2017-07-12,21379.782533,21529.158211,21361.479479,21481.615058,120425.0
2017-07-13,21480.766899,21517.134304,21454.344452,21511.203762,76752.0
2017-07-14,21515.602545,21628.024606,21468.48095,21597.135663,101208.0
2017-07-17,21593.991562,21618.13775,21558.995572,21579.370592,77039.0
2017-07-18,21588.820685,21613.463061,21417.216896,21520.024852,115601.0
2017-07-19,21517.722323,21608.916854,21502.011073,21594.900614,75845.0
2017-07-20,21582.189551,21623.767889,21525.52986,21583.742198,99126.0
2017-07-21,21582.169702,21591.676934,21450.213902,21516.754409,98860.0
2017-07-24,21518.049307,21525.178076,21442.673952,21498.921156,77342.0
2017-07-25,21497.065609,21646.085949,21480.631901,21563.761917,115416.0
2017-07-26,21562.576611,21684.624482,21549.338114,21643.004949,103266.0
2017-07-27,21637.477285,21747.168053,21632.909514,21743.818868,145895.0
2017-07-28,21739.191006,21790.427922,21685.068282,21776.453275,106345.0
2017-07-31,21773.014064,21875.48346,21749.376301,21835.797371,94737.0
2017-08-01,21853.654422,21963.093163,21851.668736,21899.318157,104885.0
2017-08-02,21930.754353,22023.073363,21911.296776,21957.613399,98540.0
2017-08-03,21973.152035,21989.419385,21928.935008,21972.748639,85531.0
2017-08-04,21982.564239,22047.891841,21960.460478,22017.467124,99372.0
2017-08-07,22022.132813,22082.428667,22017.713839,22060.252044,58493.0
2017-08-08,22067.341978,22132.577051,22007.915302,22031.324499,108197.0
2017-08-09,22021.780192,22031.644087,21959.668081,22016.672647,142074.0
2017-08-10,22032.766093,22035.005262,21799.607514,21838.069023,209531.0
2017-08-11,21817.380236,21885.820148,21788.913469,21853.600495,147316.0
2017-08-14,21850.339401,21991.755974,21846.574764,21949.500104,104811.0
2017-08-15,21958.531125,22033.301769,21942.586967,21979.083174,100764.0
2017-08-16,21987.70927,22066.818939,21971.384967,22005.582464,108637.0
2017-08-17,22015.805607,22017.921015,21689.213349,21728.876252,193661.0
2017-08-18,21719.325442,21772.751417,21621.66819,21682.694446,181912.0
2017-08-21,21687.286545,21719.863857,21577.192689,21690.603174,128749.0
2017-08-22,21698.455742,21898.04278,21689.556493,21887.56369,121881.0
2017-08-23,21885.675017,21899.550867,21781.699633,21795.273915,129601.0
2017-08-24,21793.18158,21867.864352,21740.534791,21786.916001,131397.0
2017-08-25,21802.271452,21894.822126,21757.654928,21809.125759,116042.0
2017-08-28,21804.09616,21860.238144,21752.409029,21792.197032,89944.0
2017-08-29,21753.978256,21881.176058,21647.009542,21874.481091,159923.0
2017-08-30,21866.442136,21958.963146,21833.416924,21866.658226,115721.0
2017-08-31,21887.224951,21988.746216,21874.898602,21947.2119,114421.0
2017-09-01,21976.747069,22035.062529,21967.094344,21982.975329,87129.0
2017-09-05,21886.329684,21945.940747,21704.210964,21767.723529,211620.0
2017-09-06,21781.180824,21845.33787,21742.395945,21808.453429,134467.0
2017-09-07,21798.675236,21853.692247,21745.887445,21807.505871,150025.0
2017-09-08,21801.711277,21843.600406,21712.18596,21811.056203,103111.0
2017-09-11,21847.707457,22075.595736,21847.707457,22053.582013,69556.0
2017-09-12,22066.129629,22133.847424,22054.77347,22124.297812,40737.0
2017-09-13,22128.803079,22161.881916,22086.11534,22150.182048,35403.0
2017-09-14,22154.682282,22243.947685,22113.169368,22215.610197,26365.0
2017-09-15,22214.327156,22286.668916,22174.672437,22286.668916,102056.0
2017-09-18,22228.973774,22315.70651,22221.350337,22297.92775,106602.0
2017-09-19,22299.059286,22345.257624,22298.533564,22335.563614,84462.0
2017-09-20,22344.328502,22391.263776,22272.716784,22378.168639,118819.0
2017-09-21,22371.679538,22385.919134,22318.230371,22333.983427,96184.0
2017-09-22,22328.144268,22335.15546,22255.553251,22296.309097,112068.0
2017-09-25,22299.154091,22346.090711,22176.330627,22276.08236,144995.0
2017-09-26,22282.471803,22324.714993,22235.293317,22258.716317,102472.0
2017-09-27,22250.370326,22325.173325,22208.944628,22301.513042,115428.0
2017-09-28,22287.16404,22345.014252,22238.758018,22321.81032,94346.0
2017-09-29,22319.788823,22353.00031,22281.476362,22346.692016,82465.0
2017-10-02,22358.843671,22517.776219,22347.920238,22505.823138,104298.0
2017-10-03,22512.113021,22623.979798,22495.911195,22608.174756,75514.0
2017-10-04,22613.49696,22629.184168,22578.337385,22609.357209,73332.0
2017-10-05,22599.269154,22744.272387,22597.996399,22740.761018,71118.0
2017-10-06,22730.568774,22737.899053,22679.980034,22693.139798,77791.0
2017-10-09,22677.74529,22751.386116,22676.497701,22709.314053,62206.0
2017-10-10,22710.473255,22796.695313,22709.675989,22786.038767,86334.0
2017-10-11,22778.215706,22818.062961,22764.161627,22816.751474,68162.0
2017-10-12,22814.794938,22834.99054,22771.908517,22797.41182,70444.0
2017-10-13,22789.028022,22849.44017,22777.562031,22826.57549,74009.0
2017-10-16,22823.471113,22903.660159,22822.130483,22897.395329,75419.0
2017-10-17,22898.281946,22976.237747,22886.540084,22948.224002,77243.0
2017-10-18,22965.712119,23125.317287,22962.058436,23115.995588,85644.0
2017-10-19,23111.297333,23124.088386,22954.777248,23113.97379,138842.0
2017-10-20,23116.254364,23283.398321,23102.673571,23276.351331,121596.0
2017-10-23,23268.854345,23319.148493,23213.592717,23228.199199,103266.0
2017-10-24,23217.309664,23437.507731,23217.309664,23407.233373,132153.0
2017-10-25,23385.60908,23416.764596,23203.064938,23297.907635,189247.0
2017-10-26,23311.763598,23402.266009,23289.784263,23347.63436,125505.0
2017-10-27,23355.255126,23407.623272,23298.791772,23370.430201,126154.0
2017-10-30,23359.342249,23386.081578,23272.064591,23289.328369,117372.0
2017-10-31,23288.878239,23352.510272,23267.868177,23327.040494,85164.0
2017-11-01,23333.907945,23460.814053,23321.965256,23367.661314,135433.0
2017-11-02,23358.31459,23473.696805,23288.119692,23445.478117,135681.0
2017-11-03,23453.915588,23493.69464,23415.437661,23447.946855,97920.0
2017-11-06,23444.469176,23508.402874,23405.248144,23488.985037,90268.0
2017-11-07,23498.833291,23555.97727,23414.753985,23487.536142,116812.0
2017-11-08,23459.80725,23504.060763,23433.546237,23492.672453,97488.0
2017-11-09,23493.828827,23531.316207,23256.677519,23418.55731,222948.0
2017-11-10,23403.904726,23442.149149,23336.988078,23380.524304,113924.0
2017-11-13,23392.824481,23426.980327,23288.458999,23403.993851,110330.0
2017-11-14,23401.737695,23424.994198,23230.73187,23375.929478,143448.0
2017-11-15,23364.073001,23369.850543,23202.236499,23261.489834,166050.0
2017-11-16,23263.956606,23463.673023,23242.879419,23424.740282,136365.0
2017-11-17,23416.316773,23437.029976,23305.974835,23315.060929,125422.0
2017-11-20,23320.355891,23427.479824,23246.239805,23390.704298,110133.0
2017-11-21,23393.900365,23585.740763,23370.995502,23542.974565,113822.0
2017-11-22,23548.231239,23600.186642,23475.945234,23489.877677,74052.0
2017-11-24,23483.534021,23566.180095,23435.316905,23516.332497,74052.0
2017-11-27,23513.718292,23616.451399,23474.552867,23563.24096,101453.0
2017-11-28,23561.185019,23825.413919,23522.371194,23809.318255,143577.0
2017-11-29,23802.52483,23948.200071,23787.77567,23915.761264,158614.0
2017-11-30,23917.738989,24326.50026,23894.987404,24274.09254,210825.0
2017-12-01,24233.537811,24325.686363,23927.424656,24240.85302,346000.0
2017-12-04,24345.660071,24537.059213,24265.952168,24306.837074,196163.0
2017-12-05,24294.829102,24391.357792,24158.501519,24171.632222,159357.0
2017-12-06,24172.719361,24230.351971,24078.41639,24156.756602,133140.0
2017-12-07,24166.440734,24261.964246,24074.496448,24229.420164,127103.0
2017-12-08,24231.652232,24331.497368,24216.713194,24315.658763,102287.0
2017-12-11,24324.76927,24430.909121,24320.367674,24398.551229,66304.0
2017-12-12,24429.497503,24556.614758,24401.258856,24524.414939,58810.0
2017-12-13,24521.571245,24669.667671,24463.511599,24627.103862,53863.0
2017-12-14,24629.050868,24686.532265,24512.197796,24538.402015,40782.0
2017-12-15,24545.263536,24670.799046,24534.071964,24668.224941,117095.0
2017-12-18,24705.592565,24902.78022,24687.369321,24820.572554,114170.0
2017-12-19,24823.695958,24896.969053,24729.747599,24777.802414,114515.0
2017-12-20,24774.219319,24881.898611,24706.379205,24736.515054,117521.0
2017-12-21,24736.737883,24861.466385,24712.355671,24778.228297,89249.0
2017-12-22,24793.14446,24845.068414,24726.047168,24765.804093,43681.0
2017-12-26,24777.763281,24795.271244,24706.085921,24792.774976,43675.0
2017-12-27,24792.682009,24821.812871,24759.922653,24786.431774,65191.0
2017-12-28,24792.690158,24839.215274,24786.067711,24794.490511,59444.0
2017-12-29,24806.362237,24885.697174,24665.696927,24733.063057,74022.0
2018-01-02,24736.165492,24856.968769,24718.525604,24766.983701,105407.0
2018-01-03,24793.151358,24908.839646,24768.760136,24874.58514,93396.0
2018-01-04,24881.073921,25080.08061,24879.458007,25053.216529,115655.0
2018-01-05,25068.378944,25279.780569,25057.755988,25263.697473,106859.0
2018-01-08,25271.450772,25356.919582,25210.297955,25250.333787,108708.0
2018-01-09,25243.965179,25417.622271,25239.265321,25369.825766,125124.0
2018-01-10,25354.884609,25383.119419,25220.872093,25348.938524,143680.0
2018-01-11,25352.796286,25560.152629,25329.153289,25560.152629,115633.0
2018-01-12,25539.132053,25815.809673,25533.929773,25795.374522,152579.0
2018-01-16,25816.790537,26061.78519,25679.274113,25813.881682,309904.0
2018-01-17,25826.24093,26120.390479,25773.670743,26099.703472,188043.0
2018-01-18,26082.311217,26149.401854,25912.769206,25937.910282,190662.0
2018-01-19,25946.387757,26081.606685,25876.150894,26041.445531,166326.0
2018-01-22,25978.408811,26222.971695,25944.810463,26192.930592,140641.0
2018-01-23,26202.867873,26311.854192,26140.159938,26199.563337,183129.0
2018-01-24,26180.806509,26384.418355,26087.715967,26270.528719,239680.0
2018-01-25,26262.408938,26437.592282,26207.1258,26374.838029,222390.0
2018-01-26,26380.546516,26614.932449,26377.072936,26602.06799,145939.0
2018-01-29,26582.929226,26687.476109,26414.795881,26427.780926,212380.0
2018-01-30,26421.015971,26480.996902,26005.19205,26053.620073,306904.0
2018-01-31,26042.52723,26306.925824,26025.513255,26135.705793,243893.0
2018-02-01,26161.918795,26282.847378,25918.976637,26169.459298,290169.0
2018-02-02,26172.410751,26215.098236,25412.254761,25430.229951,353756.0
2018-02-05,25430.735076,25474.419764,23691.895124,23936.959158,596750.0
2018-02-06,24089.723392,24888.424166,23086.262964,24801.47411,655908.0
2018-02-07,24740.604588,25240.905166,24505.386552,24737.448661,429684.0
2018-02-08,24714.734626,24935.94387,23801.525979,23970.500072,492375.0
2018-02-09,23966.654127,24350.011682,23321.865285,24163.535939,523002.0
2018-02-12,24253.120503,24733.75646,24218.129681,24583.21357,300815.0
2018-02-13,24573.641961,24676.694192,24370.087881,24626.861569,257785.0
2018-02-14,24629.680874,24895.395951,24280.764969,24863.034276,335674.0
2018-02-15,24859.535136,25252.526974,24791.928974,25237.372088,283551.0
2018-02-16,25227.225635,25426.958883,25115.590516,25240.080773,260412.0
2018-02-20,25229.256995,25344.934042,24866.646368,24946.786121,286743.0
2018-02-21,24951.801453,25257.405744,24724.155557,24779.051628,254298.0
2018-02-22,24786.531235,25136.136318,24575.458554,25018.126116,276501.0
2018-02-23,25020.064499,25321.400449,24993.574776,25312.722129,0.0
2018-02-26,25326.049175,25779.054675,25296.330169,25762.167487,192617.0
2018-02-27,25757.240394,25806.889023,25384.095461,25428.625171,310008.0
2018-02-28,25415.540037,25577.902575,25020.506201,25039.238492,271849.0
2018-03-01,25087.04374,25185.896985,24432.593106,24625.338528,453125.0
2018-03-02,24612.712018,24669.724013,24199.224468,24536.136684,397256.0
2018-03-05,24483.600504,24958.171428,24309.157124,24860.146882,309955.0
2018-03-06,24888.577746,25052.937809,24698.771409,24852.738981,262665.0
2018-03-07,24659.200978,24845.383339,24408.172236,24791.928859,314557.0
2018-03-08,24781.160869,24958.370453,24703.714627,24895.772902,230614.0
2018-03-09,24884.412906,25348.440633,24842.776403,25334.496884,153028.0
2018-03-12,25333.120602,25509.969009,25153.249545,25211.011729,116780.0
2018-03-13,25198.077523,25378.683908,24943.574644,25028.397706,102186.0
2018-03-14,24988.597568,25153.783173,24672.169659,24769.088903,83887.0
2018-03-15,24784.263585,25057.552049,24674.083628,24905.086995,60742.0
2018-03-16,24922.51976,24950.04923,24826.517423,24879.294032,173956.0
2018-03-19,24979.681569,24986.277699,24463.604974,24691.939073,272796.0
2018-03-20,24667.902929,24812.791591,24605.351601,24766.203425,190957.0
2018-03-21,24770.957623,25001.339293,24664.643456,24727.994906,225012.0
2018-03-22,24734.922602,24799.686028,23935.372609,23963.172793,408377.0
2018-03-23,24002.01426,24100.092444,23493.334013,23613.116351,483201.0
2018-03-26,23608.060723,24227.066829,23549.857488,24189.566515,321501.0
2018-03-27,24202.117038,24432.364955,23692.403452,23861.739355,380163.0
2018-03-28,23852.679233,24077.794599,23711.408161,23858.768056,492044.0
2018-03-29,23887.617499,24285.686449,23793.003325,24150.422467,300086.0
2018-04-02,24094.809246,24148.619803,23305.992801,23552.544867,358571.0
2018-04-03,23610.494441,24010.829087,23542.685543,23982.513948,359077.0
2018-04-04,23981.498199,24281.606047,23356.864021,24262.132296,382529.0
2018-04-05,24252.75242,24596.180153,24233.132129,24467.903773,274202.0
2018-04-06,24477.274963,24505.542793,23699.847066,23927.354519,426667.0
2018-04-09,23945.92575,24342.003905,23905.895199,24013.448404,271263.0
2018-04-10,24004.813465,24483.699941,23948.500768,24355.620118,358812.0
2018-04-11,24364.21449,24364.81211,24064.314664,24167.121964,242686.0
2018-04-12,24174.333777,24564.481196,24140.439332,24462.709702,231552.0
2018-04-13,24448.773746,24629.399331,24208.831415,24337.233159,276569.0
2018-04-16,24442.645486,24641.803711,24377.072026,24565.43335,199919.0
2018-04-17,24559.876938,24829.865062,24547.435977,24701.59075,176922.0
2018-04-18,24701.061585,24808.886294,24675.019082,24737.290265,150513.0
2018-04-19,24744.842439,24775.691612,24510.955467,24636.707199,192280.0
2018-04-20,24634.823389,24666.884947,24334.715194,24433.395684,201065.0
2018-04-23,24541.861346,24553.062712,24288.168791,24410.747144,174302.0
2018-04-24,24436.145809,24598.570427,23787.23607,23979.12233,342254.0
2018-04-25,23996.457162,24109.034574,23783.760452,24077.46662,284621.0
2018-04-26,24116.097047,24365.386633,24015.975751,24313.073791,204764.0
2018-04-27,24312.523974,24316.842448,24147.909702,24286.851365,173868.0
2018-04-30,24277.87626,24458.49973,24093.907467,24132.792964,186441.0
2018-05-01,24105.563355,24183.491771,23755.658964,24073.036645,215031.0
2018-05-02,24093.638973,24135.719764,23800.951579,23826.879552,211129.0
2018-05-03,23817.988884,23938.881657,23465.62989,23908.870409,329123.0
2018-05-04,23903.676033,24279.622748,23720.10577,24223.092337,233217.0
2018-05-07,24225.750965,24427.307233,24204.314307,24300.206698,172186.0
2018-05-08,24289.565922,24356.431793,24136.982334,24305.289512,219358.0
2018-05-09,24295.107664,24544.72047,24267.83943,24501.624305,191819.0
2018-05-10,24507.491588,24763.566944,24470.567644,24690.148869,155965.0
2018-05-11,24678.995,24844.326997,24675.172761,24822.83696,146137.0
2018-05-14,24808.588582,24972.795781,24808.588582,24887.730996,134523.0
2018-05-15,24869.216455,24893.234826,24606.478394,24659.43102,204071.0
2018-05-16,24672.186814,24780.976146,24613.928127,24745.703349,137034.0
2018-05-17,24742.963586,24832.883084,24624.546803,24704.360793,165073.0
2018-05-18,24703.799663,24803.807381,24648.494811,24723.458963,154186.0
2018-05-21,24850.949123,25080.605184,24850.949123,25003.352599,162333.0
2018-05-22,24998.233549,25059.347073,24801.792966,24846.55842,143050.0
2018-05-23,24838.270751,24879.159758,24627.741531,24863.924359,219950.0
2018-05-24,24850.158782,24870.945862,24583.480123,24803.767991,204215.0
2018-05-25,24804.640048,24906.405609,24676.187572,24729.753145,179839.0
2018-05-29,24767.020465,24788.758215,24226.691195,24376.861588,351071.0
2018-05-30,24400.146015,24715.739462,24325.787271,24667.850694,220220.0
2018-05-31,24630.967536,24704.746711,24341.51419,24418.415933,249080.0
2018-06-01,24438.84179,24679.462309,24418.388646,24626.060664,180917.0
2018-06-04,24623.983052,24860.824901,24566.990233,24796.076283,138694.0
2018-06-05,24804.836488,24861.692115,24712.451199,24819.925008,140332.0
2018-06-06,24823.869317,25161.238088,24812.316297,25138.788962,181641.0
2018-06-07,25145.91211,25325.514767,25118.68143,25265.906093,227972.0
2018-06-08,25258.125703,25327.069378,25078.982592,25305.380619,118436.0
2018-06-11,25274.981235,25399.586314,25226.565643,25325.259646,73737.0
2018-06-12,25319.655561,25384.990499,25238.931909,25293.298475,64687.0
2018-06-13,25326.299573,25354.800876,25179.441039,25185.172512,49135.0
2018-06-14,25177.586755,25327.463096,25131.305418,25184.494636,40977.0
2018-06-15,25206.457369,25210.780627,24962.431423,25052.190663,240924.0
2018-06-18,25072.783447,25149.476953,24841.212493,25016.443175,163176.0
2018-06-19,25002.801552,25015.66988,24565.747711,24716.900176,268336.0
2018-06-20,24718.52747,24856.328221,24633.407626,24671.438108,181053.0
2018-06-21,24674.392555,24792.600113,24404.14363,24471.461552,237156.0
2018-06-22,24460.281401,24663.168302,24449.799287,24599.523299,156283.0
2018-06-25,24596.261261,24615.231192,24081.185142,24283.045671,310526.0
2018-06-26,24282.172782,24376.250406,24214.516054,24303.469342,197410.0
2018-06-27,24279.622146,24567.936422,24082.840158,24132.47924,311833.0
2018-06-28,24141.410851,24296.69247,23978.041845,24220.435309,263074.0
2018-06-29,24250.341735,24490.858456,24210.378286,24264.44282,207506.0
2018-07-02,24277.126659,24320.135889,24026.378116,24289.749289,199529.0
2018-07-03,24299.326198,24440.30114,24128.263067,24161.394921,134149.0
2018-07-05,24161.626312,24362.523864,24114.50247,24335.101082,203167.0
2018-07-06,24318.909533,24507.492156,24241.977629,24454.541899,168024.0
2018-07-09,24454.678669,24791.175933,24454.1698,24774.582674,142181.0
2018-07-10,24778.731465,24931.622165,24746.374265,24926.223581,160503.0
2018-07-11,24751.611286,24805.436524,24616.134547,24688.595814,220441.0
2018-07-12,24710.783451,24921.496943,24682.210031,24889.432295,168065.0
2018-07-13,24902.905102,25028.106575,24868.705095,25008.95291,140814.0
2018-07-16,25025.918054,25091.524166,24962.242881,25038.24191,108195.0
2018-07-17,25053.002807,25141.566588,24974.159262,25104.055146,139247.0
2018-07-18,25116.390638,25199.272097,25084.435338,25160.343435,108767.0
2018-07-19,25164.656138,25207.018728,25029.099328,25056.598427,140994.0
2018-07-20,25059.594719,25108.55826,24914.465212,25026.212772,141065.0
2018-07-23,25084.253622,25086.579941,24954.039407,25032.639869,114421.0
2018-07-24,25028.058715,25267.594425,25022.24471,25211.023772,183679.0
2018-07-25,25218.045205,25446.886325,25086.926575,25407.397958,183823.0
2018-07-26,25437.090364,25569.439508,25398.950424,25527.787785,156236.0
2018-07-27,25505.453394,25575.786032,25349.909311,25413.727392,194290.0
2018-07-30,25421.25596,25475.248275,25269.220904,25281.202632,152252.0
2018-07-31,25304.155103,25483.689937,25268.049343,25396.341323,148680.0
2018-08-01,25471.324678,25471.324678,25245.057049,25288.302427,142696.0
2018-08-02,25309.535171,25329.044039,25088.664101,25310.101671,155364.0
2018-08-03,25330.59728,25436.884069,25261.955538,25412.651674,115266.0
2018-08-06,25425.04694,25504.589879,25346.398363,25468.63314,96922.0
2018-08-07,25471.95751,25660.296918,25459.066303,25596.864584,108101.0
2018-08-08,25623.568032,25631.161996,25499.84035,25539.988351,97160.0
2018-08-09,25504.575629,25596.426591,25458.61514,25494.64366,96596.0
2018-08-10,25479.851894,25494.148379,25214.020982,25330.407923,174866.0
2018-08-13,25329.140899,25375.391338,25136.077101,25214.853344,166876.0
2018-08-14,25222.791039,25333.199088,25186.487031,25296.573749,122409.0
2018-08-15,25320.925296,25321.457159,24954.277043,25191.04916,222609.0
2018-08-16,25212.873098,25608.817352,25147.152891,25589.49659,170510.0
2018-08-17,25582.951499,25732.564469,25508.258344,25671.590908,148779.0
2018-08-20,25706.856973,25792.764553,25666.022189,25759.225639,102534.0
2018-08-21,25758.801586,25880.791298,25724.805661,25803.454291,106828.0
2018-08-22,25731.555676,25837.255921,25674.770601,25712.267343,120091.0
2018-08-23,25727.752179,25766.994048,25607.582205,25674.020596,127113.0
2018-08-24,25676.244753,25830.665459,25655.739075,25791.598828,111237.0
2018-08-27,25809.548489,26092.824738,25804.662736,26077.368422,108036.0
2018-08-28,26078.672942,26154.527864,26045.762926,26080.23653,110147.0
2018-08-29,26096.206017,26180.052508,26053.638585,26149.40598,104642.0
2018-08-30,26154.709152,26166.93359,25945.155091,26009.162979,141386.0
2018-08-31,25978.448158,26044.005275,25892.458787,25988.799698,133449.0
2018-09-04,26017.277856,26081.975521,25813.967941,25985.607867,180658.0
2018-09-05,26004.817977,26025.135706,25837.457934,25972.999226,173923.0
2018-09-06,25990.122349,26103.325406,25898.79182,26018.861754,201884.0
2018-09-07,26006.820067,26036.871911,25829.228979,25959.443641,206048.0
2018-09-10,25942.838181,26065.758418,25873.150954,25906.981469,145086.0
2018-09-11,25895.104599,26032.398403,25765.768691,26000.256955,153168.0
2018-09-12,26010.640829,26164.922252,25937.463233,26016.414548,198742.0
2018-09-13,26002.776695,26201.132587,25981.49236,26162.600774,162897.0
2018-09-14,26163.641369,26236.396514,26080.874182,26157.563882,108427.0
2018-09-17,26160.861564,26199.681504,26041.042413,26074.590511,81127.0
2018-09-18,26069.434581,26329.109153,25966.352082,26274.41664,58839.0
2018-09-19,26289.929866,26477.209716,26241.253535,26432.478795,56269.0
2018-09-20,26447.714606,26716.99657,26430.514428,26695.078014,36168.0
2018-09-21,26689.522993,26799.794976,26689.522993,26775.296789,145771.0
2018-09-24,26703.000024,26737.528228,26578.288796,26611.791159,148669.0
2018-09-25,26623.943076,26702.390456,26499.806013,26518.431613,136460.0
2018-09-26,26524.152929,26623.485939,26370.841095,26418.40706,152956.0
2018-09-27,26417.925633,26577.272908,26358.967158,26473.189846,163394.0
2018-09-28,26495.91591,26535.557147,26347.274828,26476.815074,177163.0
2018-10-01,26525.154145,26746.998902,26512.709064,26677.136981,164214.0
2018-10-02,26684.128822,26835.329573,26551.125705,26813.219924,164693.0
2018-10-03,26817.571241,26966.956549,26776.792125,26867.900949,166510.0
2018-10-04,26828.603696,26830.978709,26487.619452,26654.737842,266935.0
2018-10-05,26674.651484,26735.379318,26309.51985,26495.508579,273815.0
2018-10-08,26518.237392,26546.632376,26223.002213,26545.681769,222599.0
2018-10-09,26532.302867,26564.509445,26335.528117,26480.194528,235026.0
2018-10-10,26471.669449,26530.061695,25431.817946,25517.028217,413543.0
2018-10-11,25453.870809,25678.08457,24891.14548,25181.639304,696278.0
2018-10-12,25204.157483,25543.210886,24997.776093,25320.30539,438101.0
2018-10-15,25346.183803,25470.286933,25112.480848,25202.543664,294502.0
2018-10-16,25162.001725,25807.640078,25162.001725,25782.573043,250416.0
2018-10-17,25724.120218,25848.746002,25457.659971,25733.881092,270472.0
2018-10-18,25707.657105,25726.822183,25215.204102,25379.462889,314775.0
2018-10-19,25386.685507,25596.442671,25338.11675,25427.625341,267846.0
2018-10-22,25370.029061,25568.820414,25218.219598,25289.868271,229973.0
2018-10-23,25293.20947,25308.198873,24751.498258,25248.471081,344586.0
2018-10-24,25239.961203,25339.74665,24507.467007,24613.805917,348936.0
2018-10-25,24724.455837,25076.538681,24569.327786,24876.511986,321168.0
2018-10-26,24802.288673,24884.500879,24410.249954,24743.155158,430340.0
2018-10-29,24718.573895,25010.080188,24088.938108,24430.05344,371421.0
2018-10-30,24368.840638,24898.231762,24332.224989,24859.463459,345478.0
2018-10-31,24883.052989,25301.846429,24820.837009,25071.763017,246444.0
2018-11-01,25047.006529,25358.73004,25047.006529,25325.074042,214676.0
2018-11-02,25204.845165,25679.497863,25033.487865,25242.977839,304414.0
2018-11-05,25217.927026,25466.999036,25129.693066,25439.180931,175789.0
2018-11-06,25439.787294,25658.057777,25368.024713,25640.404301,152619.0
2018-11-07,25624.372986,26199.38057,25537.509016,26185.93973,245251.0
2018-11-08,26182.377992,26267.149228,26075.729671,26203.839828,177091.0
2018-11-09,26184.457295,26234.262498,25876.098256,25974.056,208216.0
2018-11-12,25976.344235,26099.206026,25327.184966,25381.810979,247398.0
2018-11-13,25406.290722,25563.686598,25183.418134,25330.641993,276949.0
2018-11-14,25372.496397,25490.364033,24923.390994,25046.172373,294588.0
2018-11-15,25075.389497,25345.379554,24783.652974,25302.962141,350727.0
2018-11-16,25312.028149,25504.565921,25097.790557,25450.63697,238929.0
2018-11-19,25385.654056,25492.325758,24891.174633,25026.909877,248313.0
2018-11-20,25029.909837,25044.874371,24353.059492,24439.363839,338537.0
2018-11-21,24429.873428,24658.771295,24381.451413,24463.92433,200213.0
2018-11-23,24341.51727,24427.20316,24247.986036,24258.751164,170995.0
2018-11-26,24274.001185,24667.362164,24272.163779,24598.959761,189546.0
2018-11-27,24505.462465,24779.946944,24399.546678,24737.694349,231370.0
2018-11-28,24771.601261,25372.798881,24720.801561,25341.646222,248226.0
2018-11-29,25325.360822,25486.875971,25205.266936,25389.11605,195515.0
2018-11-30,25377.651409,25603.683669,25221.748686,25540.703996,167041.0
2018-12-03,25803.926754,26088.906984,25682.603683,25846.120361,246878.0
2018-12-04,25837.320522,25840.49671,25002.36018,25052.746754,333828.0
2018-12-06,25131.152762,25143.203392,24256.557435,24905.089193,487490.0
2018-12-07,24914.877044,25112.127756,24298.884327,24429.09391,396888.0
2018-12-10,24308.61255,24515.059058,23892.902713,24491.373816,431762.0
2018-12-11,24476.416823,24820.194646,24228.964386,24421.587011,347288.0
2018-12-12,24349.635471,24842.242064,24329.864471,24571.732561,282683.0
2018-12-13,24574.37963,24751.910888,24477.64068,24569.105175,274349.0
2018-12-14,24589.053498,24614.30711,24042.231218,24111.28089,173865.0
2018-12-17,24000.513848,24227.291272,23463.234743,23668.849311,153483.0
2018-12-18,23684.675303,23940.115716,23530.802923,23601.247845,109462.0
2018-12-19,23538.770756,24084.47365,23166.093212,23314.498003,79982.0
2018-12-20,23315.36737,23451.390284,22641.173541,23001.460636,55982.0
2018-12-21,23031.219818,23089.259471,22786.441665,22786.441665,425472.0
2018-12-24,22374.313622,22572.33556,21683.67139,21698.209246,247749.0
2018-12-26,21732.986435,22967.995909,21448.041315,22898.562099,359466.0
2018-12-27,22874.486846,23197.641784,22237.673303,23157.975733,359388.0
2018-12-28,23114.936771,23372.616051,22953.176433,23033.897463,317870.0
2018-12-31,23135.98701,23351.902585,23087.859041,23269.244181,173052.0
2019-01-02,23319.038747,23414.865302,22787.387971,23327.770851,315937.0
2019-01-03,23064.848749,23123.056995,22614.41097,22660.307257,346008.0
2019-01-04,22706.522394,23503.638627,22563.558784,23396.94925,320770.0
2019-01-07,23471.731443,23670.201486,23276.937332,23513.948535,238532.0
2019-01-08,23531.580497,23845.940478,23500.26654,23747.641733,246039.0
2019-01-09,23722.899674,23964.709876,23710.205169,23828.511118,235905.0
2019-01-10,23826.05116,23997.37237,23641.723733,23949.944385,228638.0
2019-01-11,23961.710143,23995.103433,23763.477217,23953.278758,173623.0
2019-01-14,23919.371701,23938.178392,23695.059448,23865.909174,163414.0
2019-01-15,23865.913176,24069.911354,23826.189803,23981.426095,224208.0
2019-01-16,23984.367509,24258.584041,23958.435347,24154.044691,184077.0
2019-01-17,24158.436422,24448.121721,24014.45425,24321.013741,201782.0
2019-01-18,24336.180882,24745.79809,24294.624577,24689.442635,215579.0
2019-01-22,24687.015877,24699.444247,24214.929989,24388.56783,280466.0
2019-01-23,24387.862168,24674.014785,24272.977832,24545.655681,250045.0
2019-01-24,24510.637807,24608.970928,24389.327297,24457.147695,209724.0
2019-01-25,24477.351863,24827.961277,24462.161818,24695.803719,195062.0
2019-01-28,24667.558545,24716.22149,24284.61161,24473.458032,210941.0
2019-01-29,24456.91622,24636.005347,24347.319463,24554.692368,180581.0
2019-01-30,24636.847922,25067.818865,24542.713821,24968.352689,242149.0
2019-01-31,24930.769924,25047.77694,24798.173518,24972.498802,230840.0
2019-02-01,25016.756508,25144.182829,24927.817688,24997.500778,200852.0
2019-02-04,24937.041769,25195.07257,24923.592471,25182.830164,140087.0
2019-02-05,25170.690918,25374.299152,25141.282315,25322.108057,159403.0
2019-02-06,25324.620689,25384.054459,25255.820679,25326.680632,157030.0
2019-02-07,25311.349663,25330.449869,24966.080489,25130.247034,274522.0
2019-02-08,25124.280138,25124.280138,24863.777653,25078.671508,223270.0
2019-02-11,25089.753188,25230.77036,24984.067067,25015.155252,183988.0
2019-02-12,25015.543152,25443.215901,25005.780573,25403.032343,172620.0
2019-02-13,25398.766764,25606.962726,25383.336388,25487.937647,170313.0
2019-02-14,25492.153442,25619.182293,25300.145801,25424.03462,241765.0
2019-02-15,25408.085702,25905.244603,25277.167554,25889.449718,216997.0
2019-02-19,25888.829711,25964.147937,25785.173133,25885.030377,206830.0
2019-02-20,25876.045649,25984.159873,25828.452442,25966.18754,187878.0
2019-02-21,25961.9739,26080.53251,25754.116719,25829.501687,207223.0
2019-02-22,25841.943959,26047.307403,25807.537999,26000.074731,179495.0
2019-02-25,26074.314065,26233.559741,26042.387077,26099.637556,175429.0
2019-02-26,26094.941116,26144.486675,25957.052901,26032.382412,194081.0
2019-02-27,26009.180113,26057.729936,25873.553217,26004.619407,174318.0
2019-02-28,26025.876695,26025.876695,25880.876429,25910.472869,179971.0
2019-03-01,25923.373322,26144.146684,25891.974406,26030.016766,178632.0
2019-03-04,26107.684262,26173.838098,25601.784438,25814.646451,293707.0
2019-03-05,25808.361521,25889.263814,25721.103213,25825.068739,172910.0
2019-03-06,25793.750704,25836.140818,25626.390216,25659.757126,198143.0
2019-03-07,25672.483893,25705.217324,25332.786955,25465.949259,275270.0
2019-03-08,25451.745725,25518.533018,25211.380203,25491.673879,159361.0
2019-03-11,25463.136272,25693.583119,25217.820072,25653.766068,113260.0
2019-03-12,25664.766012,25759.112865,25512.533585,25554.64865,81967.0
2019-03-13,25576.661618,25772.551674,25462.424686,25736.186754,63396.0
2019-03-14,25762.114444,25797.963226,25621.994308,25713.579308,39434.0
2019-03-15,25698.878669,25852.373778,25683.748242,25756.770203,213655.0
2019-03-18,25860.648774,25976.770142,25810.490929,25969.530893,138465.0
2019-03-19,25965.317862,26149.722979,25847.027647,25904.105001,201557.0
2019-03-20,25913.698313,25969.918846,25689.712234,25731.135298,235266.0
2019-03-21,25702.479461,26047.602164,25607.53135,26014.707863,227942.0
2019-03-22,25979.087712,26039.460587,25528.037381,25567.941013,291931.0
2019-03-25,25576.97055,25648.358745,25380.424559,25579.704784,248239.0
2019-03-26,25596.521019,25824.468685,25560.725819,25675.440075,199344.0
2019-03-27,25672.576979,25781.307041,25438.998442,25663.402226,242915.0
2019-03-28,25624.256102,25754.371767,25527.00597,25738.328419,181848.0
2019-03-29,25727.869904,25964.471836,25722.972837,25931.665781,191229.0
2019-04-01,25980.807083,26281.33907,25978.294889,26257.609029,158745.0
2019-04-02,26238.607449,26275.663284,26125.238756,26151.845931,155128.0
2019-04-03,26147.509744,26301.745065,26136.009539,26240.198778,175374.0
2019-04-04,26298.24157,26412.741348,26192.523377,26384.910121,173321.0
2019-04-05,26385.735604,26505.255762,26363.531862,26395.562392,157748.0
2019-04-08,26389.900452,26405.803396,26249.64646,26334.096721,133524.0
2019-04-09,26344.400254,26345.718283,26103.50696,26156.056139,156723.0
2019-04-10,26141.746929,26228.580735,26111.30887,26165.239673,132464.0
2019-04-11,26185.723461,26229.336462,26062.783308,26129.308792,156466.0
2019-04-12,26156.015395,26436.689607,26143.547972,26409.696541,173291.0
2019-04-15,26405.453818,26476.63711,26315.564684,26367.7605,135935.0
2019-04-16,26387.564593,26557.111029,26376.603579,26443.751986,189110.0
2019-04-17,26428.693791,26518.81581,26387.899349,26430.938707,182981.0
2019-04-18,26442.303736,26598.977411,26310.013565,26569.205796,181039.0
2019-04-22,26565.161142,26632.580525,26446.245464,26511.37464,122939.0
2019-04-23,26519.218506,26690.141383,26462.771704,26639.332901,165639.0
2019-04-24,26650.484577,26695.552202,26518.671312,26542.670677,139862.0
2019-04-25,26539.236371,26578.237933,26294.2817,26440.54989,189552.0
2019-04-26,26414.780891,26522.719127,26348.885074,26519.576812,168308.0
2019-04-29,26499.572704,26581.951931,26490.12713,26547.351189,117080.0
2019-04-30,26561.886442,26657.201048,26396.169014,26582.491621,186171.0
2019-05-01,26644.669508,26688.370865,26335.262088,26387.605759,178466.0
2019-05-02,26338.383004,26462.895093,26148.503302,26265.929358,258284.0
2019-05-03,26276.693605,26516.26672,26248.3356,26500.564629,169701.0
2019-05-06,26283.478375,26447.130507,25929.461308,26403.483202,282577.0
2019-05-07,26219.833874,26389.557068,25750.199602,25976.58658,378205.0
2019-05-08,25939.523868,26076.120869,25797.562563,26016.407325,306210.0
2019-05-09,25984.862938,25993.937639,25498.750909,25815.000726,364979.0
2019-05-10,25799.243764,26016.486978,25463.061386,25964.341101,368283.0
2019-05-13,25762.280865,25814.460149,25213.140447,25277.993017,357291.0
2019-05-14,25279.241049,25672.409984,25220.02538,25565.774131,250547.0
2019-05-15,25566.256482,25715.765535,25330.779456,25676.681899,255280.0
2019-05-16,25670.854249,25956.68711,25559.56675,25870.528774,232026.0
2019-05-17,25879.963283,25950.901946,25632.283375,25777.693809,280225.0
2019-05-20,25770.265105,25904.977855,25552.759735,25691.290254,246503.0
2019-05-21,25721.831964,25897.899115,25713.447773,25871.862383,208609.0
2019-05-22,25863.436378,25905.91725,25735.094372,25775.015969,196569.0
2019-05-23,25778.6509,25781.068319,25321.050894,25459.00897,300237.0
2019-05-24,25491.231933,25664.043231,25457.583414,25619.635575,200995.0
2019-05-28,25609.003172,25717.166819,25333.181462,25366.749736,262892.0
2019-05-29,25354.647702,25378.592999,24938.32817,25108.268982,300774.0
2019-05-30,25108.369093,25220.428267,25056.55649,25185.925781,202316.0
2019-05-31,25177.886096,25195.828438,24786.068955,24818.178727,276427.0
2019-06-03,24742.709972,24939.088229,24608.352877,24868.150491,322980.0
2019-06-04,24919.53576,25365.554831,24827.292933,25348.280208,251862.0
2019-06-05,25350.714487,25576.201579,25345.745052,25557.736064,219174.0
2019-06-06,25530.29655,25807.806926,25432.814353,25744.574193,202039.0
2019-06-07,25699.290799,26083.309768,25682.766494,26006.909162,202165.0
2019-06-10,26148.08249,26288.675071,26047.245603,26081.790518,183856.0
2019-06-11,26098.301987,26261.033996,26009.124131,26063.207315,181050.0
2019-06-12,26061.972856,26096.737228,25961.66569,26012.473734,153260.0
2019-06-13,26019.101287,26150.604849,25888.237096,26115.106755,175891.0
2019-06-14,26132.169039,26179.789624,26005.743315,26124.237955,114689.0
2019-06-17,26116.194043,26216.033383,26057.668523,26128.585824,69022.0
2019-06-18,26149.432859,26539.639607,26073.59021,26493.844711,84757.0
2019-06-19,26467.649679,26590.55491,26422.611893,26528.962106,55745.0
2019-06-20,26522.858791,26799.902499,26511.004606,26763.258241,34544.0
2019-06-21,26760.10024,26784.400659,26680.826332,26746.156524,203168.0
2019-06-24,26675.807911,26816.394504,26661.721557,26759.313415,136463.0
2019-06-25,26759.449417,26824.877813,26544.463964,26560.759912,216571.0
2019-06-26,26565.368467,26706.251921,26508.908339,26545.395602,180346.0
2019-06-27,26522.41914,26664.947061,26448.820207,26545.179491,172195.0
2019-06-28,26559.150625,26672.21299,26521.585649,26598.34614,161241.0
2019-07-01,26814.243662,26893.152724,26606.330359,26703.463466,202632.0
2019-07-02,26699.131092,26799.10739,26619.710263,26795.740168,163486.0
2019-07-03,26795.599047,26978.980157,26751.484266,26969.401093,119169.0
2019-07-05,26974.284413,27012.053644,26731.418818,26882.960338,199718.0
2019-07-08,26890.170931,26919.637015,26738.19943,26791.222428,147094.0
2019-07-09,26791.98313,26805.373668,26658.202044,26782.038388,150809.0
2019-07-10,26786.102771,26981.482957,26687.461749,26862.546841,209454.0
2019-07-11,26858.770908,27088.19977,26848.093766,27078.151566,184858.0
2019-07-12,27074.183569,27329.442167,27070.415094,27306.043674,146921.0
2019-07-15,27308.786924,27397.213317,27262.580914,27338.59496,129831.0
2019-07-16,27341.988775,27396.142161,27275.68585,27324.683913,134701.0
2019-07-17,27317.860887,27379.62145,27185.748047,27236.232272,135805.0
2019-07-18,27166.597758,27305.340079,27055.650475,27198.976956,190617.0
2019-07-19,27304.822786,27347.667267,27069.567817,27127.411298,194384.0
2019-07-22,27109.286079,27220.342693,27080.729554,27174.748139,144406.0
2019-07-23,27175.816497,27358.816793,27161.452123,27322.773439,137695.0
2019-07-24,27306.70839,27347.022231,27171.157911,27237.692897,155957.0
2019-07-25,27251.386903,27348.822507,27048.127071,27094.407756,196767.0
2019-07-26,27081.895657,27194.853632,27076.94754,27148.96522,120594.0
2019-07-29,27138.812633,27254.05619,27115.221204,27197.428492,111354.0
2019-07-30,27213.055541,27252.586589,27037.886243,27161.625273,148144.0
2019-07-31,27208.807174,27260.90263,26690.013525,26848.854785,239790.0
2019-08-01,26747.337813,27150.567297,26513.373776,26541.527674,354554.0
2019-08-02,26520.650234,26665.741974,26218.157951,26448.561547,359293.0
2019-08-05,26427.811371,26459.312283,25476.062428,25549.498471,399213.0
2019-08-06,25453.539108,25998.528109,25030.183853,25923.820297,356733.0
2019-08-07,25891.754497,26031.789095,25390.858125,25941.170396,352257.0
2019-08-08,25938.691389,26368.163838,25844.897505,26363.585653,228952.0
2019-08-09,26286.156868,26394.430097,26076.945552,26266.553417,260159.0
2019-08-12,26264.495155,26357.297025,25802.80079,25860.338048,215263.0
2019-08-13,25868.791607,26401.551091,25752.481078,26310.603456,291651.0
2019-08-14,26306.108504,26349.134171,25410.357336,25455.519017,340963.0
2019-08-15,25369.170395,25709.855369,25225.864533,25571.857109,326591.0
2019-08-16,25584.897583,25930.564188,25576.144969,25904.134444,196947.0
2019-08-19,25910.824355,26238.30191,25910.824355,26118.141901,152100.0
2019-08-20,26104.733606,26198.756538,25884.900634,25931.797715,157393.0
2019-08-21,25880.013152,26268.920083,25871.197394,26223.580892,139900.0
2019-08-22,26242.887715,26374.215098,26080.547435,26223.996097,175626.0
2019-08-23,26224.157363,26346.895543,25493.891767,25668.872136,339663.0
2019-08-26,25461.809302,25984.590282,25264.193442,25940.394321,279403.0
2019-08-27,25924.021316,26065.897458,25713.257025,25739.641576,236939.0
2019-08-28,25757.886172,26049.542438,25616.805387,26034.164223,210907.0
2019-08-29,25994.482223,26405.397759,25931.335271,26377.541606,187214.0
2019-08-30,26365.145514,26554.85253,26295.392399,26401.257916,192163.0
2019-09-03,26242.633683,26373.742376,25978.86092,26123.370146,286379.0
2019-09-04,26102.46762,26382.083106,26085.01642,26368.357702,176032.0
2019-09-05,26373.069645,26844.485726,26348.757615,26704.001468,222279.0
2019-09-06,26687.753502,26864.052413,26680.793017,26807.177281,143574.0
2019-09-09,26808.495518,26912.712606,26770.944096,26845.746657,136600.0
2019-09-10,26853.849111,26919.505573,26714.48112,26895.359991,171682.0
2019-09-11,26903.242371,27164.670408,26854.079741,27138.681839,158603.0
2019-09-12,27156.346464,27321.677517,27106.061472,27196.788029,204350.0
2019-09-13,27194.637822,27328.187221,27192.838266,27218.908393,118937.0
2019-09-16,27119.498382,27181.364465,27014.224409,27088.336665,93737.0
2019-09-17,27109.198302,27138.101999,26990.865126,27108.707772,59073.0
2019-09-18,27122.134339,27189.236525,26904.265208,27153.382354,50738.0
2019-09-19,27169.488327,27273.750182,27001.961503,27088.531144,40320.0
2019-09-20,27089.665368,27171.269803,27078.702625,27137.309382,158499.0
2019-09-23,26920.37093,27045.854181,26805.732229,26961.552746,147365.0
2019-09-24,27007.885444,27116.024205,26686.660824,26815.955751,239983.0
2019-09-25,26836.357069,27017.136077,26714.735084,26955.402446,199435.0
2019-09-26,26963.888424,27039.394792,26781.529004,26887.253563,184022.0
2019-09-27,26897.925951,26995.379365,26692.210388,26793.687172,225715.0
2019-09-30,26894.48467,26969.309853,26805.274019,26904.525752,131811.0
2019-10-01,26962.531386,27038.13873,26511.687239,26522.889766,204707.0
2019-10-02,26557.452038,26614.064551,25931.511188,25985.191291,240220.0
2019-10-03,26006.498261,26187.345212,25704.288981,26184.829126,271800.0
2019-10-04,26160.313595,26549.954796,26058.910155,26529.252791,190661.0
2019-10-07,26375.183648,26615.866891,26335.945641,26437.990998,155871.0
2019-10-08,26417.437228,26543.735141,26093.962931,26134.469286,234026.0
2019-10-09,26138.201481,26405.362241,26080.235281,26307.141584,165164.0
2019-10-10,26323.319673,26600.684513,25979.854228,26484.157349,219332.0
2019-10-11,26545.239347,26976.101709,26489.78416,26776.332658,237588.0
2019-10-14,26759.436925,26894.036545,26635.101777,26746.31983,123136.0
2019-10-15,26750.579042,27077.992482,26750.579042,27000.156356,153076.0
2019-10-16,27002.998184,27018.335577,26885.779839,26938.72353,137351.0
2019-10-17,26931.770361,27091.908433,26877.08706,26992.585642,144370.0
2019-10-18,26995.521614,27019.472722,26726.594349,26750.378598,149064.0
2019-10-21,26725.967651,26838.011798,26699.091488,26794.429044,112068.0
2019-10-22,26800.724082,26903.444857,26712.003645,26764.006404,143612.0
2019-10-23,26751.899901,26853.271088,26589.67541,26800.891342,147114.0
2019-10-24,26819.882776,26868.491609,26648.506041,26780.573342,152043.0
2019-10-25,26779.317925,26966.644372,26711.451562,26905.951013,129488.0
2019-10-28,26929.827341,27121.950853,26925.367608,27052.516894,137594.0
2019-10-29,27060.364327,27115.10913,26970.443161,27044.01353,125021.0
2019-10-30,27049.304533,27230.98698,26933.064962,27130.486696,146037.0
2019-10-31,27174.1097,27184.917592,26850.347419,26985.753854,197512.0
2019-11-01,26990.825857,27277.857358,26958.372822,27255.500772,156762.0
2019-11-04,27276.599504,27451.26164,27272.516897,27384.756226,135063.0
2019-11-05,27397.178292,27489.884256,27362.472792,27423.494334,126835.0
2019-11-06,27418.873612,27471.46448,27340.559049,27432.11069,129282.0
2019-11-07,27451.437708,27737.482674,27388.750415,27666.904302,159336.0
2019-11-08,27671.212401,27720.308983,27542.200124,27632.484659,125903.0
2019-11-11,27644.123357,27668.628694,27470.230385,27662.971214,123451.0
2019-11-12,27658.149136,27725.764155,27594.811768,27658.4899,134395.0
2019-11-13,27665.556661,27765.674468,27526.70876,27763.720748,161025.0
2019-11-14,27769.043123,27808.927569,27636.683755,27746.079511,143728.0
2019-11-15,27749.846003,27970.098324,27737.241794,27951.232018,136563.0
2019-11-18,27958.503879,28059.479885,27925.052411,28006.470694,127733.0
2019-11-19,28012.256507,28127.560734,27855.981155,27896.560094,151365.0
2019-11-20,27884.549632,27887.039975,27639.475142,27803.800393,189275.0
2019-11-21,27728.541351,27842.038076,27652.059991,27747.384241,163125.0
2019-11-22,27754.417441,27881.886663,27720.456552,27858.524284,128341.0
2019-11-25,27927.729436,28044.389978,27908.464457,28034.197563,96936.0
2019-11-26,28026.987885,28151.380187,27999.051903,28134.068423,118699.0
2019-11-27,28122.575599,28171.713857,28056.317525,28147.784674,99877.0
2019-11-29,28148.978675,28159.170893,28041.448554,28075.99606,100110.0
2019-12-02,28082.158507,28199.698318,27772.816225,27784.311874,226036.0
2019-12-03,27788.558352,27847.75467,27309.860895,27488.808633,261019.0
2019-12-04,27473.893457,27726.08914,27398.919931,27642.440463,182057.0
2019-12-05,27646.327549,27774.23468,27556.058403,27676.739013,164770.0
2019-12-06,27688.718655,28038.472284,27674.228106,28013.030877,150623.0
2019-12-09,28022.220181,28043.353747,27877.040919,27905.596614,109247.0
2019-12-10,27901.88421,27957.910896,27725.044699,27914.7165,164914.0
2019-12-11,27920.881792,27977.49547,27806.063895,27920.654375,140805.0
2019-12-12,27931.466891,28233.324967,27858.33506,28134.344788,239181.0
2019-12-13,28181.252924,28301.635744,28035.460708,28163.954082,168883.0
2019-12-16,28188.903106,28339.382601,28159.563734,28251.802944,78473.0
2019-12-17,28238.593483,28336.285898,28172.792177,28272.845225,70695.0
2019-12-18,28253.968607,28332.007881,28238.793444,28269.256121,38634.0
2019-12-19,28279.857177,28413.173108,28240.773598,28389.556346,34966.0
2019-12-20,28391.100965,28609.437521,28375.193567,28609.437521,146944.0
2019-12-23,28492.89433,28578.368475,28474.24077,28553.924284,93606.0
2019-12-24,28556.988182,28586.825266,28501.08315,28505.247055,44122.0
2019-12-26,28517.508193,28623.828907,28509.094089,28619.315076,59107.0
2019-12-27,28602.295178,28720.729238,28597.986988,28610.177048,121530.0
2019-12-30,28622.228958,28662.022477,28402.893788,28442.045469,165273.0
2019-12-31,28432.903931,28554.307548,28339.722947,28511.37435,127523.0
2020-01-02,28558.447314,28873.857692,28537.506832,28841.887651,183579.0
2020-01-03,28837.538833,28895.201594,28430.286464,28598.187617,245743.0
2020-01-06,28494.576973,28701.944047,28353.469929,28639.851014,218785.0
2020-01-07,28632.91816,28737.16454,28444.905406,28526.130746,198208.0
2020-01-08,28502.243283,28831.873847,28085.767226,28767.569937,337262.0
2020-01-09,28771.233205,28950.136359,28746.153952,28926.330505,181589.0
2020-01-10,28925.816648,29023.810471,28756.372401,28774.143942,183363.0
2020-01-13,28772.132234,28909.138694,28772.132234,28864.973513,141610.0
2020-01-14,28876.274419,29015.95434,28739.075982,28931.572227,232566.0
2020-01-15,28934.074583,29091.026409,28839.028481,29029.372436,224034.0
2020-01-16,29032.693064,29257.873209,29032.693064,29242.641864,152873.0
2020-01-17,29245.779302,29363.940381,29238.35259,29280.008164,170079.0
2020-01-21,29277.419141,29316.3692,29104.272373,29182.311509,238626.0
2020-01-22,29179.208542,29311.170531,29091.729836,29140.452029,192724.0
2020-01-23,29111.428742,29149.932315,28926.400052,29131.867468,232291.0
2020-01-24,29132.450654,29243.208375,28795.484776,28929.591705,301294.0
2020-01-27,28714.894241,28731.611898,28402.877128,28479.882889,363745.0
2020-01-28,28480.379215,28781.371796,28472.407382,28713.569201,261224.0
2020-01-29,28735.261762,28886.733221,28643.245026,28704.499228,235928.0
2020-01-30,28714.609353,28846.949938,28436.410037,28790.014762,347494.0
2020-01-31,28835.696672,28878.575883,28104.462299,28194.73897,369100.0
2020-02-03,28159.594809,28570.742737,28134.946305,28358.538906,269214.0
2020-02-04,28368.083663,28843.905176,28287.106929,28784.366684,222761.0
2020-02-05,28775.219446,29276.542096,28691.537641,29243.484573,276324.0
2020-02-06,29247.907318,29474.400334,29185.546606,29324.419417,238294.0
2020-02-07,29356.068506,29366.453506,29007.577767,29047.445972,228300.0
2020-02-10,29019.978073,29252.37429,28856.229166,29242.019356,198779.0
2020-02-11,29242.851706,29395.463554,29168.445364,29225.57651,198863.0
2020-02-12,29263.471902,29540.939204,29206.370298,29528.701778,172696.0
2020-02-13,29533.91741,29542.270134,29242.479257,29435.210731,220201.0
2020-02-14,29445.308764,29522.830624,29264.532613,29405.172819,174919.0
2020-02-18,29385.590456,29475.431277,29101.771159,29215.054232,268701.0
2020-02-19,29240.087531,29396.782914,29237.032418,29337.202665,153013.0
2020-02-20,29369.418888,29439.867613,28933.696675,29172.946208,288107.0
2020-02-21,29155.181715,29173.566751,28872.206711,28977.874105,322655.0
2020-02-24,28749.925811,28754.974194,27888.568331,27970.130029,503592.0
2020-02-25,27927.917429,28229.989759,26974.926128,27118.536548,571353.0
2020-02-26,27123.406958,27518.957907,26693.861119,26916.345191,588225.0
2020-02-27,26817.842356,26974.357156,25499.169847,25556.025827,689019.0
2020-02-28,25520.899143,25775.146601,24677.94807,25367.753851,735812.0
2020-03-02,25198.216351,26711.615104,24848.309225,26463.562578,637920.0
2020-03-03,26561.079492,27057.516779,25672.477763,25879.077052,606929.0
2020-03-04,25809.548886,27074.528783,25689.669685,26967.593071,381720.0
2020-03-05,26923.383242,26971.168009,25916.725556,26061.560249,461159.0
2020-03-06,26146.519802,26284.311936,25195.718568,25785.430661,581217.0
2020-03-09,25353.657055,25355.328212,23549.03271,23877.559833,335682.0
2020-03-10,23726.649563,25021.046456,23421.32223,24845.537904,523556.0
2020-03-11,24835.281792,24890.716828,23304.725454,23573.26745,495342.0
2020-03-12,23565.610308,23851.985559,20874.310966,21085.295986,465631.0
2020-03-13,20769.079407,23151.409543,20387.000293,22988.75753,232382.0
2020-03-16,22867.628317,22897.563657,20061.676677,20398.054075,113120.0
2020-03-17,20378.680082,21380.295074,19872.969619,20968.204049,121868.0
2020-03-18,20790.270758,20950.686072,18902.874782,19980.439466,87315.0
2020-03-19,19992.872228,20497.367924,18994.104735,20001.574352,54053.0
2020-03-20,19713.320298,20998.459428,19541.632254,20254.757237,286169.0
2020-03-23,18503.207811,19806.632713,18086.935812,18495.755265,308199.0
2020-03-24,18582.929828,20711.100446,18582.445038,20609.08893,287346.0
2020-03-25,20679.689513,21890.287278,20280.20531,21026.829212,334535.0
2020-03-26,21059.488585,22447.195459,20509.751088,22346.286568,335374.0
2020-03-27,22518.943406,22547.39593,21316.237357,21434.685115,258099.0
2020-03-30,20926.156295,22237.866071,20775.435917,22169.030294,197980.0
2020-03-31,22186.692156,22384.664723,21641.614805,21749.609186,173674.0
2020-04-01,21701.447612,21701.857487,20646.464872,20738.119192,207304.0
2020-04-02,20817.179477,21375.05578,20500.003692,21272.242846,247187.0
2020-04-03,21270.624538,21351.416746,20743.221677,20958.880387,169265.0
2020-04-06,20945.54964,22663.138485,20945.54964,22487.392242,222365.0
2020-04-07,22496.472987,23475.98541,22301.059603,22492.486596,275784.0
2020-04-08,22476.563805,23390.745007,22244.048684,23246.303732,238334.0
2020-04-09,23296.912339,23885.216585,23021.144462,23617.967809,262864.0
2020-04-13,23840.553574,23907.177641,22971.366443,23312.447224,159056.0
2020-04-14,23320.024981,23920.05466,23245.743892,23877.827126,174557.0
2020-04-15,23909.167457,23967.35828,23107.11308,23390.978852,184455.0
2020-04-16,23329.353172,23767.890565,23079.302098,23406.130642,236073.0
2020-04-17,24072.380916,24326.451043,23703.609741,24158.209144,231630.0
2020-04-20,24091.830304,24207.798969,23440.909209,23488.616228,208123.0
2020-04-21,23456.582457,23680.744169,22812.796567,22925.817225,249737.0
2020-04-22,22974.083538,23504.632598,22812.407808,23356.7481,179279.0
2020-04-23,23372.981147,23770.082249,23230.704766,23339.611103,211344.0
2020-04-24,23334.160824,23728.816092,23148.700526,23659.04223,169737.0
2020-04-27,23642.44194,24100.906038,23534.323278,23997.081581,143552.0
2020-04-28,24013.75196,24433.193259,23877.922136,24042.180341,192230.0
2020-04-29,24035.694779,24684.422236,23972.251134,24568.811017,178474.0
2020-04-30,24674.395047,24787.455921,24072.075862,24231.775782,204611.0
2020-05-01,24056.616258,24074.150541,23536.643465,23617.938865,169775.0
2020-05-04,23364.345317,23659.949359,23208.248847,23570.172633,157511.0
2020-05-05,23587.203023,24056.926664,23578.51894,23761.09209,177203.0
2020-05-06,23764.235872,23993.502027,23498.789217,23512.863933,179253.0
2020-05-07,23492.773435,23997.609692,23428.417416,23842.400321,169841.0
2020-05-08,23850.992628,24323.590409,23850.464626,24288.118533,156052.0
2020-05-11,24228.439369,24469.726514,23972.784026,24127.877745,175626.0
2020-05-12,24103.750321,24292.380537,23466.615178,23575.273585,209813.0
2020-05-13,23492.581615,23781.436495,22977.942344,23169.134018,308748.0
2020-05-14,23234.662441,23599.422104,22701.189799,23534.599551,328572.0
2020-05-15,23523.924811,23677.641971,23239.64496,23514.742185,272420.0
2020-05-18,23599.95449,24638.311324,23537.751582,24510.518971,209124.0
2020-05-19,24478.888553,24766.227686,24119.415982,24156.334416,235959.0
2020-05-20,24125.582239,24583.848857,24078.991175,24518.845573,192882.0
2020-05-21,24549.755474,24657.37449,24301.866483,24374.554272,213848.0
2020-05-22,24374.82669,24504.935008,24100.998266,24424.526791,194118.0
2020-05-26,24410.771598,25126.720803,24378.503995,25001.922039,252090.0
2020-05-27,25009.527475,25570.090012,24912.479377,25533.384453,251074.0
2020-05-28,25543.019505,25793.661207,25312.171287,25456.209592,230296.0
2020-05-29,25446.148651,25503.018916,24987.306559,25377.618656,268969.0
2020-06-01,25229.76434,25521.827753,25086.286255,25465.730112,175629.0
2020-06-02,25460.701627,25718.470497,25288.282436,25702.971661,174026.0
2020-06-03,25697.785695,26327.675348,25678.892215,26227.752272,181741.0
2020-06-04,26269.205338,26368.052376,26058.133643,26254.448418,227982.0
2020-06-05,26287.475244,27324.346139,26211.232236,27071.334992,295029.0
2020-06-08,27124.193442,27563.672481,27033.296122,27527.238387,191244.0
2020-06-09,27562.95187,27619.865909,27131.311317,27264.582098,222328.0
2020-06-10,27258.164431,27488.014529,26899.797998,26960.352734,266724.0
2020-06-11,26953.124798,26994.415487,25061.13576,25166.149704,454075.0
2020-06-12,25200.813851,25953.317209,25066.704337,25534.174035,274169.0
2020-06-15,25170.9482,25882.636855,24552.071111,25805.591196,170684.0
2020-06-16,25829.841308,26773.987089,25788.982776,26318.107125,141034.0
2020-06-17,26246.633803,26623.955287,26050.615383,26147.378897,60270.0
2020-06-18,26139.152604,26272.077309,25741.275736,26024.022937,33187.0
2020-06-19,26060.161753,26486.156703,25980.211617,26483.543218,258199.0
2020-06-22,25370.397846,25982.884956,25232.580105,25951.529683,176349.0
2020-06-23,25956.877802,26296.187356,25515.561074,26023.616596,200197.0
2020-06-24,25985.918053,26131.638737,25159.711136,25393.581191,281367.0
2020-06-25,25378.947285,25665.675286,25003.660933,25598.578006,263077.0
2020-06-26,25541.033686,25654.180195,24836.173195,24954.700438,262661.0
2020-06-29,24774.994544,25547.075895,24742.320825,25505.391019,225670.0
2020-06-30,25476.753661,25774.118688,25305.23882,25685.29785,200328.0
2020-07-01,25651.411141,25893.773241,25378.249014,25576.647101,218337.0
2020-07-02,25545.500231,26083.924329,25519.107888,25757.652719,201496.0
2020-07-06,25687.616379,26200.300911,25653.501741,26178.10235,255587.0
2020-07-07,26166.288497,26281.348453,25741.495809,25768.621363,192255.0
2020-07-08,25767.321331,25999.12831,25657.064593,25969.544281,209639.0
2020-07-09,25992.73786,26030.340578,25402.651307,25573.283035,239990.0
2020-07-10,25587.404156,26003.800354,25296.01766,25975.993829,229586.0
2020-07-13,26027.61126,26525.924803,25912.344262,25966.940458,265033.0
2020-07-14,25989.151195,26572.460846,25870.838727,26486.185292,296458.0
2020-07-15,26641.810147,27064.574631,26568.361017,26761.352886,242941.0
2020-07-16,26816.585678,26856.180328,26469.359308,26555.178493,198314.0
2020-07-17,26564.695312,26721.149761,26501.353243,26518.805829,151723.0
2020-07-20,26538.275974,26655.196596,26328.991198,26636.094873,168312.0
2020-07-21,26624.218395,26921.184459,26590.771081,26724.840876,173809.0
2020-07-22,26725.028723,26927.128692,26523.833498,26878.779772,162974.0
2020-07-23,26882.895879,27054.64571,26450.007787,26544.402496,193084.0
2020-07-24,26544.313537,26614.002674,26290.756049,26323.756547,179313.0
2020-07-27,26275.128595,26525.445948,26231.298819,26483.135789,141716.0
2020-07-28,26507.86091,26599.637629,26251.580585,26298.452623,147526.0
2020-07-29,26293.119616,26499.940392,26190.987455,26440.480658,138129.0
2020-07-30,26455.066398,26478.241856,25882.156536,26217.405381,214121.0
2020-07-31,26418.099048,26455.023855,25906.41369,26318.706578,235877.0
2020-08-03,26399.393481,26605.310139,26199.405392,26554.578902,140680.0
2020-08-04,26560.932926,26745.733943,26435.405859,26714.600092,145536.0
2020-08-05,26750.542741,27116.064394,26662.918754,27051.327061,155153.0
2020-08-06,27066.228046,27299.492269,26922.816052,27281.583057,177384.0
2020-08-07,27295.02482,27371.015332,27104.475667,27333.203483,188782.0
2020-08-10,27357.768541,27716.167688,27257.139635,27679.545043,169078.0
2020-08-11,27690.484454,28069.611381,27535.134284,27616.421972,236370.0
2020-08-12,27697.35895,27964.330655,27613.990505,27866.907924,162058.0
2020-08-13,27857.976601,27931.05141,27708.527514,27823.64451,141151.0
2020-08-14,27830.976717,27908.988672,27593.988274,27795.233113,150500.0
2020-08-17,27839.657461,27926.405446,27737.595164,27779.816415,111607.0
2020-08-18,27777.421869,27900.38277,27601.028083,27721.07449,142734.0
2020-08-19,27743.782646,27856.06535,27557.200781,27632.157899,159847.0
2020-08-20,27643.369293,27717.501705,27394.361645,27667.466868,161166.0
2020-08-21,27675.763892,27902.724867,27475.928339,27859.168218,175749.0
2020-08-24,27898.490363,28269.789986,27878.123595,28239.124083,157190.0
2020-08-25,28241.487327,28475.445809,28039.834222,28190.699081,184063.0
2020-08-26,28210.816596,28343.360437,28092.632477,28302.483187,144022.0
2020-08-27,28313.025154,28591.856423,28176.235205,28468.200318,210272.0
2020-08-28,28513.588789,28717.756796,28441.37364,28611.834433,147821.0
2020-08-31,28674.94342,28784.77005,28331.01224,28420.430571,187228.0
2020-09-01,28375.167186,28659.246475,28262.344172,28620.847745,165091.0
2020-09-02,28636.597457,29151.706023,28614.062901,29088.592477,213518.0
2020-09-03,29072.98869,29186.304618,28050.508608,28351.324055,328202.0
2020-09-04,28300.88419,28589.842017,27645.432671,28076.113678,389682.0
2020-09-08,28138.293781,28396.983005,27435.5135,27527.394218,383771.0
2020-09-09,27383.588199,28193.893789,27185.514731,27973.518899,220358.0
2020-09-10,27944.338092,28164.51799,27429.815116,27543.806849,228799.0
2020-09-11,27567.517081,27831.632987,27439.622436,27607.138418,112992.0
2020-09-14,27701.403778,28085.164513,27701.358594,27992.492621,75172.0
2020-09-15,27975.756095,28240.683783,27934.663065,28027.689292,50842.0
2020-09-16,28036.934694,28367.100704,27961.420296,28052.248708,31922.0
2020-09-17,28069.618023,28112.262986,27544.825966,27942.076588,36697.0
2020-09-18,27895.399523,27994.723956,27764.07404,27803.542047,215710.0
2020-09-21,27570.143629,27656.671215,26585.987738,27056.538082,264271.0
2020-09-22,27000.891089,27205.370934,26861.685139,27142.403245,199348.0
2020-09-23,27219.400323,27392.849728,26588.176151,26685.141453,235981.0
2020-09-24,26690.679366,26972.77319,26405.539305,26715.967191,254558.0
2020-09-25,26770.229961,27119.745424,26425.548745,27042.982322,213683.0
2020-09-28,27062.006448,27597.388928,27058.369246,27481.698483,181936.0
2020-09-29,27497.998597,27618.640071,27214.880634,27411.426353,175151.0
2020-09-30,27352.605487,27906.600604,27039.272096,27662.571977,297627.0
2020-10-01,27606.885646,27965.602297,27545.478078,27683.686623,267530.0
2020-10-02,27676.761396,27738.966297,27105.554119,27564.566446,281112.0
2020-10-05,27738.413213,28041.012392,27643.686436,27991.58709,169813.0
2020-10-06,28008.366711,28233.545336,27531.483115,27703.152649,287059.0
2020-10-07,27568.076764,28251.148604,27538.829263,28178.856305,193675.0
2020-10-08,28177.556665,28450.203182,28151.47874,28309.549949,179031.0
2020-10-09,28378.027854,28565.573163,28326.142005,28516.037055,169834.0
2020-10-12,28513.912597,28844.295693,28429.061732,28802.644812,173920.0
2020-10-13,28803.219712,28822.06546,28485.15503,28579.679789,217625.0
2020-10-14,28577.702281,28729.273325,28345.496319,28412.632629,198469.0
2020-10-15,28404.413895,28452.579398,28020.832544,28385.131099,222158.0
2020-10-16,28414.515578,28728.374706,28333.15682,28412.807985,174896.0
2020-10-19,28496.23603,28670.999073,28024.999231,28101.287672,156917.0
2020-10-20,28182.393302,28468.505351,28050.323086,28180.240334,170409.0
2020-10-21,28189.191471,28382.153637,28077.163715,28134.879499,170685.0
2020-10-22,28130.698595,28313.183875,27895.33819,28268.390042,152056.0
2020-10-23,28310.63268,28390.513951,28043.657621,28188.459528,132097.0
2020-10-26,28149.781224,28149.781224,27256.720141,27584.097129,231104.0
2020-10-27,27583.342233,27707.646181,27229.333082,27361.968572,177024.0
2020-10-28,27242.1365,27266.969856,26389.914497,26412.84304,335803.0
2020-10-29,26480.122836,26799.555371,26161.419483,26554.364403,288619.0
2020-10-30,26305.590033,26532.084498,25952.602972,26390.222599,299865.0
2020-11-02,26369.918706,26936.996545,26176.136675,26793.267403,218362.0
2020-11-03,26851.182095,27528.893643,26804.926598,27375.905944,179216.0
2020-11-04,27396.034285,28195.625919,26904.21859,27734.902137,309167.0
2020-11-05,27831.858854,28387.215788,27645.07576,28297.808438,193698.0
2020-11-06,28319.466629,28457.844157,27971.16723,28206.25474,207263.0
2020-11-09,28385.071125,29998.787836,28325.773706,29048.26453,313061.0
2020-11-10,29091.590389,29390.940889,28783.432538,29317.023871,227528.0
2020-11-11,29357.644226,29567.43043,29182.918658,29309.304538,167387.0
2020-11-12,29367.018224,29371.082483,28812.885432,28998.078003,185691.0
2020-11-13,29058.193208,29482.095406,28865.323251,29412.050209,156883.0
2020-11-16,29436.192467,30000.834734,29435.692581,29864.514268,164300.0
2020-11-17,29892.805734,29902.056615,29453.995978,29723.764171,155933.0
2020-11-18,29692.880591,29893.338913,29332.564298,29386.14735,164835.0
2020-11-19,29370.568258,29478.31106,29181.136603,29449.474186,161840.0
2020-11-20,29270.503791,29437.00475,29121.842635,29212.238387,148846.0
2020-11-23,29132.305458,29620.053939,29111.759483,29550.385106,154466.0
2020-11-24,29555.605023,30067.916808,29548.889221,29997.614964,153605.0
2020-11-25,30033.328285,30165.67281,29752.835988,29828.273823,138705.0
2020-11-27,29868.121456,29976.793221,29694.589213,29872.191389,98418.0
2020-11-30,29914.61491,29968.255487,29427.93673,29626.001345,171281.0
2020-12-01,29677.821131,30056.929807,29612.639382,29798.216395,170014.0
2020-12-02,29765.58178,29904.013041,29588.216914,29871.436242,146401.0
2020-12-03,29882.19076,30095.619721,29755.401463,29929.980713,155244.0
2020-12-04,29946.502144,30213.328111,29936.296104,30197.519554,120258.0
2020-12-07,30178.547465,30263.826399,29955.799759,30051.642861,131520.0
2020-12-08,29989.365323,30236.901018,29851.818878,30168.350901,145636.0
2020-12-09,30207.529398,30301.936388,29943.421234,30067.193327,187330.0
2020-12-10,30056.549368,30146.786085,29864.119687,30009.487002,155172.0
2020-12-11,30042.086688,30091.175451,29719.676673,30038.094628,105652.0
2020-12-14,30130.41488,30328.475101,29847.694285,29866.471728,87521.0
2020-12-15,29942.726925,30241.930102,29840.690225,30207.547406,62654.0
2020-12-16,30237.791512,30321.514131,30086.957526,30157.810714,28506.0
2020-12-17,30171.201097,30339.752105,30146.032279,30297.201008,19481.0
2020-12-18,30290.619141,30388.394631,30166.48547,30361.879171,168193.0
2020-12-21,30303.107942,30337.214935,29316.472106,30112.496624,278403.0
2020-12-22,30101.908814,30153.760131,29882.859153,29917.465288,153115.0
2020-12-23,29901.092331,30179.17163,29728.242431,30034.114273,130365.0
2020-12-24,30084.177063,30150.692427,29995.03363,30109.442085,51425.0
2020-12-28,30029.692082,30420.68348,29958.717305,30306.16934,111123.0
2020-12-29,30317.324297,30502.635034,30163.574912,30231.744005,116982.0
2020-12-30,30275.206696,30416.778639,30213.494131,30299.48421,96122.0
2020-12-31,30326.124385,30528.345344,30230.108091,30495.482007,82979.0
2021-01-04,30482.839377,30692.059528,29762.455404,30101.744445,266241.0
2021-01-05,30111.441578,30390.200688,29970.965348,30282.369154,188617.0
2021-01-06,30288.50376,30913.652753,30157.241348,30718.288253,314973.0
2021-01-07,30787.730663,31088.798706,30696.636689,30940.755448,167880.0
2021-01-08,30952.679495,31148.563781,30682.765065,30997.591555,190461.0
2021-01-11,30972.811965,31021.520579,30635.819925,30902.386735,166384.0
2021-01-12,30930.412989,31011.334355,30776.515669,30970.711197,128879.0
2021-01-13,30953.648046,31056.297577,30872.312754,30957.654043,131908.0
2021-01-14,30990.254506,31113.038117,30884.86294,30907.779074,127430.0
2021-01-15,30905.594103,30954.675467,30506.035125,30719.665965,198853.0
2021-01-19,30637.237741,30988.155534,30602.832298,30820.718446,190991.0
2021-01-20,30852.443533,31135.887989,30767.918285,31095.292709,140784.0
2021-01-21,31063.770497,31187.043667,31014.288876,31077.967767,120335.0
2021-01-22,31061.890168,31088.683987,30786.687494,30906.874781,141790.0
2021-01-25,30919.827752,31017.582223,30455.72085,30869.984167,239903.0
2021-01-26,30853.466829,31016.381931,30663.414055,30841.627129,153214.0
2021-01-27,30853.222989,30886.620711,30054.84658,30190.473304,276268.0
2021-01-28,30194.168116,30841.73678,29956.837257,30505.694563,297312.0
2021-01-29,30446.42811,30515.849658,29757.512184,29877.749979,316407.0
2021-02-01,29808.385497,30234.272555,29549.960819,30112.421692,170385.0
2021-02-02,30113.983333,30740.051037,30064.579423,30589.235491,153475.0
2021-02-03,30609.848813,30725.565025,30412.752628,30629.495601,130671.0
2021-02-04,30691.739007,30984.477467,30543.357906,30954.087703,114240.0
2021-02-05,30971.645007,31143.200305,30927.104154,31040.404808,120884.0
2021-02-08,31129.878848,31291.47669,31055.397985,31266.690929,110811.0
2021-02-09,31290.711804,31338.217764,31140.951245,31274.874309,101804.0
2021-02-10,31314.593258,31453.521078,31124.612365,31328.871232,157709.0
2021-02-11,31369.176259,31471.243286,31168.588761,31355.558209,135575.0
2021-02-12,31350.755798,31424.374101,31215.302715,31390.976872,111288.0
2021-02-16,31428.214454,31656.608445,31374.65706,31455.906472,184825.0
2021-02-17,31466.461379,31577.657434,31271.518089,31550.842279,179769.0
2021-02-18,31548.97652,31634.845087,31228.442911,31430.253469,194025.0
2021-02-19,31444.320705,31582.389174,31300.266754,31432.735102,159142.0
2021-02-22,31458.661233,31593.320365,31190.919269,31467.24498,214686.0
2021-02-23,31499.780839,31613.023891,31094.705673,31491.602338,295721.0
2021-02-24,31485.413214,31968.076646,31330.575698,31912.0131,247667.0
2021-02-25,31937.512367,32030.29778,31243.945984,31366.544146,332318.0
2021-02-26,31311.147983,31455.231252,30801.623638,30903.016545,372619.0
2021-03-01,30980.428224,31634.119873,30932.785489,31505.269995,208010.0
2021-03-02,31538.538032,31590.718671,31285.798255,31358.909371,207245.0
2021-03-03,31366.67537,31606.923576,31216.439756,31235.24064,255158.0
2021-03-04,31258.752882,31437.76684,30511.718053,30878.675797,410076.0
2021-03-05,30894.294851,31548.85936,30641.572349,31467.633027,342895.0
2021-03-08,31558.98281,32114.569869,31287.883688,31775.974734,289380.0
2021-03-09,31856.453582,32112.458356,31788.567596,31808.472731,202630.0
2021-03-10,31863.323713,32377.403352,31729.454181,32280.183455,217016.0
2021-03-11,32347.744152,32642.740803,32251.892318,32476.664907,165780.0
2021-03-12,32492.287695,32826.063294,32392.15768,32764.862898,110358.0
2021-03-15,32830.73127,32965.058609,32624.438001,32956.077584,67984.0
2021-03-16,32943.258065,32973.302161,32767.813344,32836.787056,53888.0
2021-03-17,32864.157909,33060.879264,32779.880453,33014.811881,38624.0
2021-03-18,33015.800831,33224.809646,32840.388856,32882.471566,35817.0
2021-03-19,32900.764188,32996.315058,32804.495373,32804.495373,210492.0
2021-03-22,32464.578467,32687.821015,32314.831324,32612.428078,151403.0
2021-03-23,32643.255853,32696.591918,32233.671901,32301.516665,180134.0
2021-03-24,32352.263446,32674.003234,32237.884417,32317.514004,206170.0
2021-03-25,32338.363746,32565.544102,31956.295696,32502.281658,254531.0
2021-03-26,32553.083095,32983.673482,32492.383288,32952.865378,188393.0
2021-03-29,32948.233442,33131.783596,32745.476132,33033.478148,195230.0
2021-03-30,33063.420374,33125.292105,32859.266324,32926.711501,166317.0
2021-03-31,32939.812982,33039.870637,32865.463482,32901.469386,140687.0
2021-04-01,32914.673509,33057.58299,32843.746316,33043.001628,139323.0
2021-04-05,33234.485884,33506.919801,33155.05015,33418.515448,120590.0
2021-04-06,33423.412058,33449.025371,33269.419384,33316.633167,136523.0
2021-04-07,33332.783159,33410.821313,33233.166358,33330.222884,129153.0
2021-04-08,33349.966807,33456.147555,33224.610027,33392.480371,122896.0
2021-04-09,33451.469082,33689.996799,33370.140772,33686.687053,131729.0
2021-04-12,33665.698864,33690.318143,33554.106701,33631.879731,127122.0
2021-04-13,33652.531386,33714.980155,33429.735466,33573.563433,159146.0
2021-04-14,33572.611276,33801.76652,33518.411864,33625.285778,169949.0
2021-04-15,33660.724262,33960.80369,33647.549167,33924.933653,140824.0
2021-04-16,33939.670451,34144.097594,33883.522585,34083.84404,123247.0
2021-04-19,34017.675946,34057.455076,33852.346262,33963.270953,151898.0
2021-04-20,33993.367759,34074.252751,33577.28854,33709.673553,168387.0
2021-04-21,33688.491599,34043.185767,33623.855575,34012.513806,145321.0
2021-04-22,33996.282406,34041.379624,33610.272746,33707.727467,181668.0
2021-04-23,33717.756194,34054.116296,33608.660844,33946.01757,137979.0
2021-04-26,33958.237664,34041.999574,33826.962472,33874.961187,99775.0
2021-04-27,33890.044946,33970.514326,33766.565554,33884.913395,105783.0
2021-04-28,33816.54745,33862.152271,33688.842602,33723.713066,110992.0
2021-04-29,33718.914584,33980.186717,33630.149906,33950.244313,156880.0
2021-04-30,33916.423728,33934.043659,33673.201043,33765.206185,149358.0
2021-05-03,33827.706549,34113.530492,33820.517765,34010.935883,126274.0
2021-05-04,33990.451012,34041.178711,33653.219839,34027.056962,209842.0
2021-05-05,34021.131164,34219.178864,33925.116727,34113.856456,155860.0
2021-05-06,34123.113716,34459.561883,34071.257866,34443.610429,171793.0
2021-05-07,34451.689549,34724.950401,34366.731628,34692.473931,167972.0
2021-05-10,34722.741515,34997.525996,34617.122351,34671.59211,188736.0
2021-05-11,34646.642812,34733.110179,33986.877932,34182.782347,312284.0
2021-05-12,34146.236208,34223.391976,33459.507137,33512.907047,270383.0
2021-05-13,33473.965231,34089.561658,33201.010818,33933.654168,262421.0
2021-05-14,33961.299293,34382.676727,33922.560295,34319.040733,164574.0
2021-05-17,34323.286789,34374.65187,34096.613139,34255.926364,151434.0
2021-05-18,34295.916699,34422.549878,33902.114694,33998.739397,130437.0
2021-05-19,33900.569308,33999.671334,33397.583834,33832.985467,244154.0
2021-05-20,33785.003483,34185.577315,33584.291399,34029.071966,160602.0
2021-05-21,34027.955424,34373.719921,34018.059864,34152.561354,139418.0
2021-05-24,34154.611749,34431.920523,34099.801924,34345.515255,102696.0
2021-05-25,34396.376564,34481.591907,34223.125345,34267.028155,115185.0
2021-05-26,34296.679326,34420.885102,34225.357587,34281.941275,105500.0
2021-05-27,34291.101207,34581.754478,34176.316418,34438.791831,142144.0
2021-05-28,34556.052166,34634.280871,34490.075592,34516.264612,111054.0
2021-06-01,34569.085245,34830.352996,34410.021962,34544.739473,154703.0
2021-06-02,34556.723452,34691.610199,34486.092836,34594.291091,109762.0
2021-06-03,34591.578795,34659.743534,34308.887258,34564.174867,152940.0
2021-06-04,34574.934757,34758.143558,34473.402859,34743.622033,116045.0
2021-06-07,34753.892984,34823.174894,34557.00818,34618.697313,117615.0
2021-06-08,34622.722049,34647.754053,34428.276553,34588.892543,134849.0
2021-06-09,34588.317211,34645.461489,34425.450739,34441.09161,117422.0
2021-06-10,34468.905269,34736.621047,34382.513817,34463.928327,151862.0
2021-06-11,34455.978679,34615.647704,34318.358997,34465.538684,103635.0
2021-06-14,34445.696998,34561.454179,34203.591692,34379.63465,75562.0
2021-06-15,34365.024072,34475.59531,34190.028372,34287.16868,58352.0
2021-06-16,34293.993729,34316.521421,33894.90018,34011.776682,39915.0
2021-06-17,33946.84482,34080.552468,33610.015475,33806.898252,27516.0
2021-06-18,33837.157844,33865.11856,33419.534582,33419.534582,226084.0
2021-06-21,33072.1193,33811.965559,32906.755299,33762.512022,203060.0
2021-06-22,33812.822604,33929.52714,33623.401551,33836.219215,132468.0
2021-06-23,33859.577989,33957.869696,33754.588011,33757.637254,111657.0
2021-06-24,33789.851329,34178.240409,33771.472648,34077.961728,122504.0
2021-06-25,34190.192141,34377.772538,34132.033061,34330.738162,108999.0
2021-06-28,34392.102915,34410.391598,34068.633773,34170.634062,120052.0
2021-06-29,34187.395214,34362.839715,34111.495409,34166.15936,101865.0
2021-06-30,34186.007565,34447.527499,34005.98258,34399.817068,132379.0
2021-07-01,34448.404179,34553.019969,34375.683595,34511.359339,110348.0
2021-07-02,34506.619368,34709.851013,34490.53965,34675.987813,102656.0
2021-07-06,34679.33847,34753.559055,34244.126418,34461.555173,183151.0
2021-07-07,34396.425583,34595.236057,34319.592983,34568.876766,136388.0
2021-07-08,34580.225518,34595.152646,34004.574965,34294.428475,225076.0
2021-07-09,34288.497557,34784.138224,34136.786984,34749.544576,156196.0
2021-07-12,34767.621376,34910.095583,34552.155394,34874.999914,135567.0
2021-07-13,34887.93057,34908.299201,34744.096351,34772.717215,129197.0
2021-07-14,34782.534386,34946.479908,34664.535264,34816.220928,127632.0
2021-07-15,34802.869679,34882.263192,34587.093829,34869.044913,165540.0
2021-07-16,34837.435521,34978.885803,34520.931633,34565.136508,162541.0
2021-07-19,34554.875296,34579.564861,33620.78561,33838.167343,293550.0
2021-07-20,33917.826341,34503.149642,33840.11058,34395.238661,222424.0
2021-07-21,34431.166025,34739.264708,34359.968497,34691.46653,136901.0
2021-07-22,34735.6669,34788.931158,34559.478795,34713.073629,117284.0
2021-07-23,34764.248749,34995.274867,34734.108237,34946.034379,133061.0
2021-07-26,34939.057895,35076.094561,34653.532793,35037.1678,125665.0
2021-07-27,35036.553513,35036.553513,34762.994034,34953.840319,167100.0
2021-07-28,34842.569785,35021.552096,34761.343462,34841.73625,146928.0
2021-07-29,34863.255429,35057.173266,34773.272695,34968.942831,113188.0
2021-07-30,34980.738038,35004.666804,34759.65311,34827.65958,151866.0
2021-08-02,34872.012284,35083.48082,34697.919659,34721.785293,145751.0
2021-08-03,34767.837084,35013.88524,34598.507235,34997.797667,161418.0
2021-08-04,34963.179312,34998.234698,34665.123366,34688.033048,145598.0
2021-08-05,34712.670257,34947.30342,34671.596228,34940.087108,104946.0
2021-08-06,34928.724358,35136.738442,34890.097141,35090.608552,111968.0
2021-08-09,35105.326087,35107.584542,34940.070512,34999.924556,101443.0
2021-08-10,35015.057773,35177.586445,34921.578128,35156.097302,109808.0
2021-08-11,35160.786339,35401.739849,35106.74424,35367.799389,118049.0
2021-08-12,35377.895593,35439.330103,35250.928841,35403.572935,109875.0
2021-08-13,35430.560165,35518.338306,35384.309231,35418.183923,90599.0
2021-08-16,35380.862424,35543.052633,35144.291615,35535.618173,151703.0
2021-08-17,35508.779362,35513.907288,35036.470352,35256.909565,200948.0
2021-08-18,35217.930029,35286.841264,34793.53022,34884.665814,166006.0
2021-08-19,34859.458393,34934.704406,34493.14651,34820.256376,258159.0
2021-08-20,34845.529774,35121.866741,34568.628995,35058.186409,161427.0
2021-08-23,35032.205063,35375.468861,35015.119594,35284.291047,120422.0
2021-08-24,35328.79228,35399.846914,35295.57271,35307.790895,94280.0
2021-08-25,35322.157016,35445.748804,35226.480348,35361.68311,109218.0
2021-08-26,35377.504622,35439.61792,35142.274215,35162.31197,144169.0
2021-08-27,35181.006658,35429.967407,35116.900899,35405.757802,113756.0
2021-08-30,35416.199107,35472.110877,35326.062169,35345.407936,109480.0
2021-08-31,35392.91379,35489.841563,35254.061829,35345.163571,141528.0
2021-09-01,35381.783757,35500.272857,35276.608348,35290.112052,138552.0
2021-09-02,35296.282326,35462.374569,35217.933263,35423.262104,128789.0
2021-09-03,35421.702796,35503.285694,35244.883557,35348.313895,144738.0
2021-09-07,35354.250117,35481.802035,35037.228379,35092.162762,198670.0
2021-09-08,35063.755554,35154.115316,34879.853364,35007.771648,189644.0
2021-09-09,35008.112576,35200.466794,34773.554346,34871.000998,181906.0
2021-09-10,34872.421387,35114.376128,34591.547783,34605.816225,135317.0
2021-09-13,34649.25775,34929.25562,34599.377847,34869.510055,110528.0
2021-09-14,34920.022891,35021.841777,34508.634719,34574.694913,83070.0
2021-09-15,34597.233959,34882.619586,34508.771841,34816.81779,45025.0
2021-09-16,34849.56312,34935.545807,34535.641461,34749.489648,32170.0
2021-09-17,34744.179023,34840.012558,34665.09512,34694.230324,187005.0
2021-09-20,34401.105632,34411.04739,33479.094099,33838.557214,310848.0
2021-09-21,33803.614964,34231.675019,33710.044013,33798.881079,237039.0
2021-09-22,33760.799018,34325.957346,33636.364371,34129.666865,217007.0
2021-09-23,34151.728063,34747.694066,34146.400604,34641.757689,189423.0
2021-09-24,34650.748256,34734.731161,34461.029954,34674.446508,151197.0
2021-09-27,34690.055239,34938.736785,34655.983975,34741.989965,147056.0
2021-09-28,34727.902596,34851.63475,34121.098577,34180.084185,277950.0
2021-09-29,34231.327613,34449.729653,34166.620294,34266.34284,212649.0
2021-09-30,34324.479623,34551.545826,33681.821216,33722.95014,236658.0
2021-10-01,33750.402031,34358.81409,33377.371632,34161.709982,221695.0
2021-10-04,34229.723895,34294.207694,33677.755042,33867.875143,240221.0
2021-10-05,33883.25913,34367.041019,33676.974807,34187.323244,194331.0
2021-10-06,34209.622589,34321.731336,33715.018616,34291.698372,260690.0
2021-10-07,34300.57878,34852.746819,34300.277462,34638.302627,163021.0
2021-10-08,34645.354184,34754.532964,34531.146255,34625.808644,160329.0
2021-10-11,34618.96902,34831.328054,34320.446958,34377.206028,179555.0
2021-10-12,34357.166522,34486.394468,34128.802574,34257.598204,197762.0
2021-10-13,34190.229799,34342.185554,33986.124275,34257.566564,200884.0
2021-10-14,34248.927079,34851.905783,34248.927079,34780.224629,165313.0
2021-10-15,34829.485487,35201.602001,34787.592258,35162.606391,155291.0
2021-10-18,35208.80591,35222.998691,34902.907199,35131.721581,137833.0
2021-10-19,35120.794703,35363.790119,35066.576183,35317.823346,128854.0
2021-10-20,35355.54086,35540.892998,35267.887077,35483.841402,122183.0
2021-10-21,35445.110957,35538.059971,35308.41908,35485.748655,131286.0
2021-10-22,35474.656189,35648.973658,35403.242044,35561.669645,175498.0
2021-10-25,35505.330647,35672.91491,35455.665485,35618.674807,138326.0
2021-10-26,35638.974238,35782.79886,35617.727642,35645.306334,177880.0
2021-10-27,35644.344552,35715.053665,35383.890395,35389.141263,185256.0
2021-10-28,35424.365891,35676.697063,35384.107878,35606.31701,156523.0
2021-10-29,35632.54736,35751.144981,35483.090535,35700.25352,156107.0
2021-11-01,35794.404245,35889.212484,35683.37947,35803.669525,136293.0
2021-11-02,35791.60311,35971.256514,35702.189784,35934.467607,120728.0
2021-11-03,35920.48879,36064.624089,35770.534181,36031.824158,134636.0
2021-11-04,36023.3903,36080.608562,35866.017766,36003.521809,133194.0
2021-11-05,35991.374809,36375.015388,35942.98057,36214.997845,172249.0
2021-11-08,36133.130174,36444.753152,36117.351209,36312.351934,116172.0
2021-11-09,36291.394601,36324.756123,36067.873376,36211.477514,144956.0
2021-11-10,36164.929643,36260.266663,35901.267596,35991.244458,173317.0
2021-11-11,35988.380757,36059.66598,35821.797568,35828.629741,119934.0
2021-11-12,35863.64735,36071.167743,35835.544804,36009.237122,126149.0
2021-11-15,36053.167493,36180.293344,35952.26788,36006.97366,124982.0
2021-11-16,36023.027134,36233.469617,35943.723842,36060.079831,139675.0
2021-11-17,36077.122033,36100.15672,35819.230133,35866.882695,133056.0
2021-11-18,35840.241329,35964.095931,35590.938428,35813.437717,151542.0
2021-11-19,35824.182777,35984.449197,35490.495506,35549.457469,172834.0
2021-11-22,35587.90483,35882.571319,35535.940107,35570.453901,198418.0
2021-11-23,35626.27009,35790.720936,35372.132376,35762.666238,220547.0
2021-11-24,35759.686529,35789.305743,35532.231956,35744.633871,149798.0
2021-11-26,35780.03138,35897.854696,34627.105392,34854.351284,308003.0
2021-11-29,34741.55974,35247.462905,34739.426195,35077.163512,251037.0
2021-11-30,35126.72733,35239.675156,34384.370945,34458.697449,294058.0
2021-12-01,34526.677507,34990.692849,33925.160215,33999.506093,281271.0
2021-12-02,34047.553133,34743.946563,34019.601615,34621.333024,288476.0
2021-12-03,34716.191218,34794.333758,34248.230469,34567.983675,269221.0
2021-12-06,34591.612903,35339.173754,34583.665786,35209.554986,229683.0
2021-12-07,35250.097432,35804.133111,35189.620126,35704.718311,173919.0
2021-12-08,35785.929667,35927.526114,35588.158089,35743.189674,154875.0
2021-12-09,35749.774636,35856.005445,35566.320588,35755.296151,137721.0
2021-12-10,35748.551558,35994.941696,35707.066621,35970.317901,129463.0
2021-12-13,35977.8417,36127.121265,35605.637041,35641.691075,107182.0
2021-12-14,35684.358863,35791.083146,35436.349084,35552.907114,63721.0
2021-12-15,35557.260923,35970.099387,35388.299714,35926.728073,50024.0
2021-12-16,35934.752968,36205.689899,35778.932467,35904.339746,36898.0
2021-12-17,35965.291332,35975.216872,35643.801573,35675.43402,271465.0
2021-12-20,35249.681964,35324.928811,34547.645898,34810.650111,220108.0
2021-12-21,34902.652945,35415.046514,34858.564182,35374.057887,168402.0
2021-12-22,35407.227762,35660.710373,35284.898534,35628.744922,110153.0
2021-12-23,35643.394413,35943.32433,35619.397415,35832.963145,91404.0
2021-12-27,35837.01276,36207.353955,35761.267728,36174.60196,91654.0
2021-12-28,36172.968113,36399.569493,36112.256706,36281.82415,115499.0
2021-12-29,36277.824947,36463.378358,36258.380773,36381.968688,94681.0
2021-12-30,36396.161113,36575.922554,36260.164431,36287.115718,85647.0
2021-12-31,36289.686358,36368.540925,36118.443236,36229.429165,76943.0
2022-01-03,36307.669479,36468.280975,36114.724785,36457.048865,158875.0
2022-01-04,36426.464074,36807.71878,36407.94298,36672.052156,175637.0
2022-01-05,36657.03587,36832.935348,36275.268909,36289.244655,243967.0
2022-01-06,36309.605726,36421.285105,36068.441871,36119.955507,266002.0
2022-01-07,36173.64644,36262.398565,35986.795765,36108.734592,218033.0
2022-01-10,36123.872436,36174.454781,35522.033258,35953.067788,268663.0
2022-01-11,35950.777392,36149.724795,35640.278672,36128.808483,220394.0
2022-01-12,36127.813819,36332.735127,36038.939436,36160.248078,175013.0
2022-01-13,36175.396385,36392.43449,35922.558393,35986.423135,217138.0
2022-01-14,36002.145674,36115.557806,35515.998464,35791.831684,256913.0
2022-01-18,35849.771029,35913.668612,35135.069182,35263.133768,322088.0
2022-01-19,35305.520378,35430.747184,34885.808853,34909.579925,296113.0
2022-01-20,34952.155045,35380.803264,34402.215372,34616.090235,272454.0
2022-01-21,34563.983346,34786.251136,34104.301792,34153.212543,335755.0
2022-01-24,34144.765919,34404.500967,33034.350613,34252.596614,465716.0
2022-01-25,34291.694961,34475.313533,33419.307793,34183.349138,340856.0
2022-01-26,33965.327412,34698.09265,33746.954172,34056.427374,319034.0
2022-01-27,34075.226466,34658.404004,33529.877173,34039.89017,329861.0
2022-01-28,34228.632842,34623.427167,33611.712089,34598.593675,315156.0
2022-01-31,34574.267718,35021.734953,34309.64695,35005.281267,234744.0
2022-02-01,34922.242327,35318.390749,34831.966801,35277.39829,209607.0
2022-02-02,35231.569197,35590.245016,35169.143164,35491.434756,222526.0
2022-02-03,35547.243459,35570.027099,34943.920336,34970.931144,234703.0
2022-02-04,35112.780315,35216.631207,34660.458062,34983.710775,266514.0
2022-02-07,35003.785966,35203.581788,34807.69376,34970.741743,174162.0
2022-02-08,34997.904637,35427.62237,34928.577171,35340.163238,182368.0
2022-02-09,35382.115985,35756.197026,35374.246853,35639.048331,165998.0
2022-02-10,35721.306451,35749.753795,34986.835619,35140.735458,282644.0
2022-02-11,35127.816004,35334.456172,34508.664949,34621.910239,319664.0
2022-02-14,34665.293989,34751.845037,34209.996,34466.937982,274161.0
2022-02-15,34476.08259,34972.265112,34342.891263,34908.756317,193870.0
2022-02-16,34889.552161,35059.768538,34554.348442,34848.591678,196641.0
2022-02-17,34842.558532,34911.677002,34167.037096,34238.298589,209154.0
2022-02-18,34234.084169,34496.305301,33898.436659,34009.021911,232801.0
2022-02-22,33865.151199,34349.706974,33288.306461,33527.570097,450344.0
2022-02-23,33585.589105,33826.009891,33012.136793,33063.928285,238856.0
2022-02-24,33051.957534,33201.40939,32167.192663,33151.592552,438508.0
2022-02-25,33041.659838,34022.835665,32764.702927,33986.675744,286501.0
2022-02-28,33688.622165,33910.729241,33321.684197,33840.041806,303779.0
2022-03-01,33827.508632,34059.667841,33059.216827,33265.440048,275376.0
2022-03-02,33316.237921,33971.580586,33124.153364,33851.851113,239396.0
2022-03-03,33803.923256,34137.850784,33594.612146,33734.346197,195505.0
2022-03-04,33766.43618,33856.140545,33207.249429,33582.130585,260953.0
2022-03-07,33451.821973,33536.530454,32687.09341,32781.166649,253296.0
2022-03-08,32716.773223,33379.534913,32303.793497,32598.89215,286636.0
2022-03-09,32540.986645,33438.650106,32520.593227,33262.830504,202058.0
2022-03-10,33250.742271,33293.487371,32794.454105,33150.646459,184054.0
2022-03-11,33190.907155,33687.052442,32901.88161,32928.28653,150217.0
2022-03-14,33011.874942,33394.103168,32816.100608,32948.394333,111926.0
2022-03-15,32982.149781,33621.885738,32680.128451,33536.942405,94043.0
2022-03-16,33505.025418,34161.279593,33388.760594,34059.772585,42649.0
2022-03-17,34128.361144,34494.502949,33867.690854,34465.199573,24153.0
2022-03-18,34334.961486,34483.936678,34209.155206,34417.582999,152073.0
2022-03-21,34669.654395,34694.823047,34230.736554,34431.086665,153663.0
2022-03-22,34485.57311,34772.203963,34310.841064,34709.266629,111085.0
2022-03-23,34690.073739,34791.183801,34221.507148,34250.058804,128201.0
2022-03-24,34252.805136,34653.945807,34211.312474,34600.062035,123379.0
2022-03-25,34638.845032,34843.418766,34523.316525,34760.985205,123519.0
2022-03-28,34762.388951,34885.125553,34448.356613,34847.495349,129890.0
2022-03-29,34843.659506,35279.246568,34833.774703,35191.704875,147294.0
2022-03-30,35153.665143,35257.118979,34952.429141,35118.557466,121069.0
2022-03-31,35120.40595,35216.088593,34593.311979,34621.028059,137842.0
2022-04-01,34695.17187,34801.5034,34440.626831,34719.780716,152083.0
2022-04-04,34682.842596,34846.921753,34510.730093,34832.942397,117183.0
2022-04-05,34800.699849,35022.824095,34473.246503,34544.324263,152784.0
2022-04-06,34595.989592,34611.289908,34179.353195,34399.941265,185459.0
2022-04-07,34370.007921,34608.388411,34100.810366,34485.475682,168390.0
2022-04-08,34485.494232,34820.863594,34367.00125,34610.905865,156903.0
2022-04-11,34636.94391,34666.416215,34180.108876,34222.522921,159052.0
2022-04-12,34231.998762,34576.493656,33999.690545,34134.531788,193113.0
2022-04-13,34176.038276,34509.342497,34046.176577,34481.754483,161483.0
2022-04-14,34464.652684,34789.764221,34343.459268,34360.584471,168129.0
2022-04-18,34368.529698,34533.630732,34177.831169,34309.422155,138279.0
2022-04-19,34390.266842,34899.493237,34226.84811,34839.025565,172156.0
2022-04-20,34784.582395,35235.921009,34728.562323,35077.311972,207776.0
2022-04-21,35124.700954,35411.621112,34629.063653,34714.626578,195656.0
2022-04-22,34695.358033,34713.411589,33593.77881,33727.250598,234334.0
2022-04-25,33653.17211,34017.663956,33230.324186,33969.460351,265208.0
2022-04-26,33966.975926,34040.606892,33083.931347,33160.236363,222179.0
2022-04-27,33165.687337,33611.481364,33010.581454,33224.380211,239675.0
2022-04-28,33309.993946,33966.778629,33154.499653,33825.892426,211635.0
2022-04-29,33733.317377,33901.20804,32817.742303,32886.188229,202191.0
2022-05-02,32988.697587,33145.003601,32362.763521,32981.111907,222212.0
2022-05-03,32960.762396,33251.053225,32814.356544,33034.337914,162743.0
2022-05-04,33041.845378,34025.441864,32922.518497,33972.186871,188089.0
2022-05-05,33923.385969,34025.802652,32591.919238,32908.796204,252371.0
2022-05-06,32933.990709,32973.375834,32377.362201,32811.317443,241691.0
2022-05-09,32622.811733,32691.458001,32036.476345,32159.951485,242493.0
2022-05-10,32201.964165,32657.129352,31811.254452,32084.441366,239441.0
2022-05-11,32044.534674,32512.144139,31725.085161,31745.73031,264377.0
2022-05-12,31801.533099,31892.143563,31151.436978,31651.811453,256171.0
2022-05-13,31555.595336,32195.042804,31552.905665,32122.127109,171079.0
2022-05-16,32143.584192,32450.984781,31867.673732,32156.593445,167036.0
2022-05-17,32133.720889,32694.914853,32128.139824,32583.863473,166273.0
2022-05-18,32625.510279,32647.857851,31301.948098,31439.303299,168582.0
2022-05-19,31395.07454,31523.273481,30955.6823,31202.309238,222587.0
2022-05-20,31213.586729,31548.354058,30590.459293,31215.641299,217523.0
2022-05-23,31289.314748,31917.947128,31287.814576,31840.089817,181402.0
2022-05-24,31774.549122,31976.620198,31318.815951,31884.24688,204981.0
2022-05-25,31941.049657,32214.427489,31680.293441,32077.946813,180964.0
2022-05-26,32074.211777,32737.103528,32004.289522,32593.932217,153651.0
2022-05-27,32534.208521,33242.33128,32484.392803,33158.575192,139326.0
2022-05-31,33200.403948,33426.211898,32721.543726,32967.810962,219688.0
2022-06-01,33072.731462,33255.884076,32566.77106,32801.627874,176361.0
2022-06-02,32760.463693,33263.013215,32494.520687,33220.803074,162364.0
2022-06-03,33256.758895,33316.648679,32825.692427,32888.49702,161909.0
2022-06-06,32965.662455,33227.452301,32809.360554,32908.664963,140652.0
2022-06-07,32902.616525,33200.718275,32594.535737,33168.68818,155272.0
2022-06-08,33108.114774,33161.71123,32809.315825,32882.900652,146005.0
2022-06-09,32907.111559,33110.342745,32251.662987,32264.61323,179170.0
2022-06-10,32315.313179,32347.521242,31364.298089,31392.104999,149291.0
2022-06-13,31255.245613,31296.573805,30361.731019,30531.029549,112016.0
2022-06-14,30531.590229,30880.611367,30137.31724,30374.136527,69315.0
2022-06-15,30387.739417,31003.258223,30173.06202,30658.52031,48547.0
2022-06-16,30729.621569,30939.218857,29741.561289,29933.392349,38765.0
2022-06-17,30019.070611,30215.544729,29802.405239,29806.857115,252833.0
2022-06-21,29931.6265,30648.851176,29743.23277,30529.177345,202402.0
2022-06-22,30521.42333,30771.181412,30003.25758,30474.343485,210526.0
2022-06-23,30472.842204,30700.656819,30246.73956,30672.900354,208484.0
2022-06-24,30567.079549,31505.704667,30532.762783,31491.051283,139760.0
2022-06-27,31463.924507,31697.720757,31330.854,31421.437862,125439.0
2022-06-28,31461.53828,31865.294368,30902.143733,30934.842619,163995.0
2022-06-29,30968.711137,31139.73042,30855.833517,30998.07178,147980.0
2022-06-30,31020.535937,31034.514376,30402.548461,30776.847955,186281.0
2022-07-01,30716.798198,31110.692392,30425.11749,31060.788855,180455.0
2022-07-05,31049.10342,31224.21858,30330.550771,30934.451738,213580.0
2022-07-06,30958.425985,31208.822138,30739.983559,31015.408034,169283.0
2022-07-07,31047.138711,31407.549709,30897.547238,31369.728236,123728.0
2022-07-08,31310.08805,31482.816003,31188.314476,31308.386023,146494.0
2022-07-11,31323.303203,31342.873694,31040.300265,31137.818996,130947.0
2022-07-12,31178.074999,31331.028916,30831.483064,30963.534831,148982.0
2022-07-13,30971.731198,31305.757306,30476.011286,30761.323494,198518.0
2022-07-14,30703.562893,30777.818129,30110.867639,30598.679055,172937.0
2022-07-15,30631.209768,31267.130449,30490.034925,31249.331815,190116.0
2022-07-18,31301.118947,31621.611044,30949.331672,31042.161945,147508.0
2022-07-19,31064.254296,31840.805005,31032.198726,31792.795154,143734.0
2022-07-20,31804.84844,31980.398513,31616.375315,31854.188302,153542.0
2022-07-21,31790.545401,32028.586358,31503.945401,32008.164484,158144.0
2022-07-22,31981.126277,32192.031442,31699.373955,31875.771151,155954.0
2022-07-25,31873.180205,32063.544353,31774.028802,31969.418676,137079.0
2022-07-26,31837.090129,31908.165602,31666.205196,31731.156573,166336.0
2022-07-27,31759.003067,32322.247163,31759.003067,32174.921777,210131.0
2022-07-28,32144.669677,32604.619527,31946.70824,32490.05395,206860.0
2022-07-29,32564.293329,32886.042386,32452.542829,32819.753101,162736.0
2022-08-01,32825.137346,32940.562792,32597.179161,32762.447776,191631.0
2022-08-02,32763.414026,32778.509361,32346.504937,32363.66433,228063.0
2022-08-03,32420.80373,32874.677863,32340.776279,32763.598507,161509.0
2022-08-04,32746.346631,32864.288297,32599.275126,32678.249862,132270.0
2022-08-05,32686.225133,32785.199287,32428.489401,32759.256371,175452.0
2022-08-08,32740.211372,33066.295279,32659.674638,32790.689684,181518.0
2022-08-09,32858.866506,32887.230175,32661.053088,32738.865262,145111.0
2022-08-10,32764.557941,33330.209834,32676.749408,33260.64574,176387.0
2022-08-11,33299.036096,33623.239599,33254.710593,33307.557412,172646.0
2022-08-12,33357.929064,33728.10857,33290.327568,33720.191911,136116.0
2022-08-15,33701.403811,33927.798855,33480.809454,33871.464227,128494.0
2022-08-16,33850.351259,34245.881795,33782.466939,34118.995391,138279.0
2022-08-17,34124.764647,34183.195735,33798.220201,33969.357518,163788.0
2022-08-18,33993.250772,34053.328903,33820.672594,33977.513441,123717.0
2022-08-19,34002.943318,34008.464659,33615.663783,33709.675535,139476.0
2022-08-22,33627.34296,33649.586706,33000.725219,33056.746784,145296.0
2022-08-23,33100.904715,33174.006797,32838.335954,32902.694227,152939.0
2022-08-24,32899.538146,33085.335254,32746.289315,32959.661465,146026.0
2022-08-25,32952.372819,33291.549175,32867.601095,33272.958148,166908.0
2022-08-26,33234.560131,33447.590578,32153.68266,32262.290114,202980.0
2022-08-29,32040.471244,32304.485994,31923.313844,32079.255547,182581.0
2022-08-30,32103.725581,32346.26717,31609.057457,31768.378863,189753.0
2022-08-31,31792.127099,32006.660294,31502.140152,31533.766527,194258.0
2022-09-01,31554.485967,31681.132149,31221.604482,31662.306583,209847.0
2022-09-02,31645.222143,32029.613209,31182.30929,31309.630294,205416.0
2022-09-06,31344.062051,31587.916214,31043.51278,31162.476751,238763.0
2022-09-07,31160.330886,31644.041909,30978.268873,31578.052531,142804.0
2022-09-08,31571.11704,31809.912201,31300.500704,31766.319051,172295.0
2022-09-09,31806.733045,32231.167296,31768.826042,32162.25232,101777.0
2022-09-12,32206.555467,32507.557531,32137.70428,32388.097547,73231.0
2022-09-13,32435.808251,32665.744751,31022.000931,31094.15624,85199.0
2022-09-14,31160.759166,31285.188095,30887.111287,31143.43814,52589.0
2022-09-15,31189.250098,31283.027614,30883.093273,30971.152594,34956.0
2022-09-16,30830.666823,30855.574956,30532.770708,30645.105556,186392.0
2022-09-19,30949.946184,31179.712396,30593.126406,31122.321017,155412.0
2022-09-20,31148.607208,31254.693476,30553.084206,30800.581161,180432.0
2022-09-21,30830.727488,31130.825876,30197.250269,30280.820696,246902.0
2022-09-22,30225.346887,30491.231021,30051.937276,30142.487749,206733.0
2022-09-23,30215.323853,30240.166888,29313.673143,29668.470559,217018.0
2022-09-26,29644.595711,29735.512922,29227.304973,29340.35069,210684.0
2022-09-27,29338.834425,29726.076405,29020.620169,29199.362328,200393.0
2022-09-28,29251.714918,29888.003854,28884.440932,29750.186824,232902.0
2022-09-29,29752.818444,29783.356557,29045.059948,29285.794112,191747.0
2022-09-30,29263.649609,29549.153101,28764.481395,28799.362898,217668.0
2022-10-03,28768.734979,29700.52138,28632.220428,29540.186479,194815.0
2022-10-04,29581.913236,30401.252429,29497.244915,30367.0898,176376.0
2022-10-05,30360.306318,30511.73223,29931.871644,30311.860345,154461.0
2022-10-06,30323.443112,30483.454429,29901.837934,29983.39512,166103.0
2022-10-07,29947.051754,30110.084329,29185.544583,29352.360026,158665.0
2022-10-10,29278.9859,29543.561587,29056.940104,29260.249853,171582.0
2022-10-11,29264.456621,29658.56415,28952.288049,29259.849061,203481.0
2022-10-12,29316.414748,29525.945772,29177.078271,29261.625381,169931.0
2022-10-13,29312.779233,30214.088195,28672.81035,30094.195251,299109.0
2022-10-14,30092.726874,30482.275755,29646.939422,29708.956255,242053.0
2022-10-17,29657.102869,30361.909658,29640.590397,30231.621926,160657.0
2022-10-18,30338.192158,30874.908363,30335.390716,30576.368622,217318.0
2022-10-19,30709.3867,30816.277187,30256.104807,30458.612472,183802.0
2022-10-20,30529.182132,30859.097246,30289.296374,30359.610564,204714.0
2022-10-21,30408.495041,31194.225611,30104.808048,31119.980652,252163.0
2022-10-24,31193.370128,31637.487293,30921.072968,31547.602958,213854.0
2022-10-25,31511.141565,31911.886363,31343.470297,31881.659245,184737.0
2022-10-26,31830.591434,32209.681196,31745.790381,31875.04348,189235.0
2022-10-27,31960.983535,32419.092063,31873.147937,32076.822065,229279.0
2022-10-28,32051.663844,33009.498532,31889.376731,32897.019116,230004.0
2022-10-31,32919.453331,32936.545747,32619.093152,32782.009658,201245.0
2022-11-01,32770.047517,33022.821177,32514.255904,32684.141076,224669.0
2022-11-02,32655.302988,33104.378088,32123.771686,32178.142786,260444.0
2022-11-03,32187.403713,32274.583657,31736.909299,32016.414483,199658.0
2022-11-04,31991.739127,32638.162121,31871.019625,32426.317501,276656.0
2022-11-07,32273.977219,32906.838308,32111.874167,32835.041033,184164.0
2022-11-08,32809.955497,33368.384734,32767.015434,33176.180329,223699.0
2022-11-09,33118.64462,33231.787642,32493.694856,32528.884151,217309.0
2022-11-10,32534.400216,33802.299585,32450.74488,33714.975658,260391.0
2022-11-11,33792.427652,33985.206899,33414.846897,33762.634374,229789.0
2022-11-14,33643.798957,33982.615705,33543.548015,33567.212054,178087.0
2022-11-15,33628.877413,34023.351995,33323.73983,33602.73502,257587.0
2022-11-16,33565.616742,33726.564372,33468.072541,33593.366307,178322.0
2022-11-17,33680.866203,33732.401207,33191.015589,33585.952144,170646.0
2022-11-18,33582.762492,33851.770412,33471.33184,33772.600372,162990.0
2022-11-21,33760.469411,33894.508856,33582.478826,33728.162251,144244.0
2022-11-22,33730.111394,34142.343101,33661.765128,34135.618061,142854.0
2022-11-23,34135.025178,34276.574388,34018.263824,34212.530703,161914.0
2022-11-25,34256.685072,34392.043282,34212.522889,34357.450319,98210.0
2022-11-28,34302.799045,34326.561156,33805.419128,33867.350157,177627.0
2022-11-29,33871.882196,33994.876153,33667.206675,33855.80634,173475.0
2022-11-30,33863.248279,34645.888126,33622.951193,34605.253319,285443.0
2022-12-01,34619.070846,34704.312622,34160.457067,34427.807272,246219.0
2022-12-02,34402.735994,34526.653957,33940.192089,34455.451706,217693.0
2022-12-05,34436.783039,34460.307777,33882.735094,33981.346872,170622.0
2022-12-06,34007.159725,34085.902129,33452.749737,33629.976524,196334.0
2022-12-07,33637.477918,33819.28753,33466.728873,33623.905341,187123.0
2022-12-08,33619.548512,33931.9152,33478.021235,33809.444096,163223.0
2022-12-09,33793.481448,33963.565604,33470.76876,33498.314996,135324.0
2022-12-12,33478.279406,34026.495231,33427.873565,34016.671732,83040.0
2022-12-13,33999.620963,34986.34041,33918.675638,34131.620797,83530.0
2022-12-14,34122.536391,34418.79763,33718.834138,33990.694769,45580.0
2022-12-15,34030.208852,34093.816296,33025.432626,33213.599092,36185.0
2022-12-16,33198.671989,33270.584546,32782.64639,32966.158118,175304.0
2022-12-19,33105.970975,33279.382996,32791.461294,32975.382533,138108.0
2022-12-20,32945.935858,33211.905883,32685.773772,33046.819785,156304.0
2022-12-21,33147.595785,33643.963561,33138.929764,33567.849159,150667.0
2022-12-22,33642.264768,33668.993887,32744.778598,33211.12343,165156.0
2022-12-23,33217.528374,33411.855773,32993.493147,33372.745027,158643.0
2022-12-27,33395.392603,33619.589185,33238.646256,33416.915286,125969.0
2022-12-28,33424.233264,33568.673959,33023.697839,33046.540744,137850.0
2022-12-29,33062.077458,33454.168581,32998.837234,33373.466393,105008.0
2022-12-30,33346.182611,33370.303048,32988.659754,33278.919714,119348.0
2023-01-03,33487.737698,33639.094523,32984.735031,33271.149808,196913.0
2023-01-04,33241.022629,33566.279354,33171.907248,33411.937225,187183.0
2023-01-05,33375.811652,33469.985531,32938.746034,33066.195562,173166.0
2023-01-06,33088.189742,33863.361135,33030.538979,33767.993819,238365.0
2023-01-09,33794.509676,34078.565717,33627.191095,33668.771337,153560.0
2023-01-10,33675.956804,33868.7358,33488.3193,33850.944914,141873.0
2023-01-11,33847.537767,34122.895877,33824.787301,34108.04096,122666.0
2023-01-12,34117.193899,34420.07801,33848.644155,34320.27886,206564.0
2023-01-13,34310.765692,34461.449935,34008.105912,34414.969986,152638.0
2023-01-17,34437.844259,34484.461052,33970.809867,34023.986746,189766.0
2023-01-18,34000.977232,34135.537961,33364.75697,33388.514943,200016.0
2023-01-19,33368.767065,33391.1659,33068.444456,33139.232653,176097.0
2023-01-20,33187.689558,33485.541121,33031.849752,33472.610931,165268.0
2023-01-23,33475.64173,33888.789648,33402.611948,33724.542468,176759.0
2023-01-24,33729.128159,33908.636411,33474.706281,33824.934416,160734.0
2023-01-25,33836.865942,33862.965392,33344.124988,33820.202365,182756.0
2023-01-26,33812.372948,34041.687326,33701.338623,34025.931068,163843.0
2023-01-27,33997.349859,34242.761494,33897.436626,34049.734314,141424.0
2023-01-30,34011.956726,34124.981692,33759.614029,33790.358828,150811.0
2023-01-31,33823.560992,34163.654838,33578.356042,34158.52865,147848.0
2023-02-01,34129.019438,34403.302671,33623.937522,34150.116501,207758.0
2023-02-02,34124.204499,34217.74885,33857.637363,34092.219358,194079.0
2023-02-03,34044.677339,34231.49804,33819.784713,33957.927323,226599.0
2023-02-06,33885.043336,34010.997576,33682.121535,33933.408125,164820.0
2023-02-07,33923.529218,34277.957334,33660.595115,34202.415751,273400.0
2023-02-08,34145.610302,34209.328928,33921.891738,33994.460402,176338.0
2023-02-09,34045.523387,34294.575195,33632.653184,33730.317673,194890.0
2023-02-10,33761.976808,33923.623829,33542.179884,33897.440756,186953.0
2023-02-13,33904.380006,34291.220806,33758.711793,34267.372864,145505.0
2023-02-14,34269.801416,34555.408074,33852.199962,34120.743566,242962.0
2023-02-15,34086.663126,34191.512499,33866.22521,34171.831288,158066.0
2023-02-16,34168.858777,34229.863144,33708.586742,33741.006153,193127.0
2023-02-17,33718.150398,33890.759479,33515.876169,33857.14995,183797.0
2023-02-21,33842.440136,33868.622935,33145.426076,33163.424647,192809.0
2023-02-22,33185.243058,33270.015962,32968.914412,33080.441207,161660.0
2023-02-23,33094.63018,33297.722963,32811.795391,33183.139878,173200.0
2023-02-24,33136.356439,33199.784806,32647.820082,32826.306936,179179.0
2023-02-27,32813.884753,33207.401202,32790.557939,32908.035628,156506.0
2023-02-28,32940.705896,33022.164545,32612.823138,32679.835475,158676.0
2023-03-01,32657.541845,32860.54936,32526.393187,32691.86782,188679.0
2023-03-02,32847.039222,33100.621541,32636.900182,33018.398021,163251.0
2023-03-03,32997.740529,33427.756306,32954.352003,33415.920015,148703.0
2023-03-06,33399.489237,33588.354131,33352.160455,33445.46542,135345.0
2023-03-07,33456.761755,33509.376478,32845.213799,32865.453393,192155.0
2023-03-08,32877.783306,32938.019431,32625.254587,32817.93747,171003.0
2023-03-09,32827.144404,33006.745745,32189.29936,32254.931825,203219.0
2023-03-10,32256.99952,32435.293912,31788.624689,31921.513833,306882.0
2023-03-13,32031.718921,32367.64222,31526.68361,31834.563858,201541.0
2023-03-14,31907.613696,32309.091638,31804.170315,32160.026381,95676.0
2023-03-15,32166.009334,32200.523683,31431.775354,31866.740276,59902.0
2023-03-16,31846.365645,32279.240539,31567.24959,32253.947091,39730.0
2023-03-17,32236.464518,32347.576397,31931.386829,32113.294976,233497.0
2023-03-20,32138.222819,32509.102174,31654.091436,32458.922372,221257.0
2023-03-21,32480.373206,32824.52721,32437.222293,32776.650067,136923.0
2023-03-22,32789.817082,32997.101143,32228.000307,32259.40443,185820.0
2023-03-23,32299.284616,32732.077817,32048.849129,32321.920538,214716.0
2023-03-24,32383.098555,32487.732806,31944.064558,32430.261732,193243.0
2023-03-27,32489.797955,32771.216619,32423.003783,32633.516441,136407.0
2023-03-28,32668.364246,32781.324162,32486.927226,32586.265287,120188.0
2023-03-29,32625.0607,32922.399328,32619.165379,32904.725282,135012.0
2023-03-30,32890.566426,33128.203869,32862.426591,33045.164325,132089.0
2023-03-31,33039.041279,33546.831921,32998.87072,33452.243916,136583.0
2023-04-03,33437.173094,33822.265539,33437.173094,33784.737203,131804.0
2023-04-04,33766.133517,33881.268212,33461.293594,33574.111616,138767.0
2023-04-05,33627.109632,33717.992917,33505.656123,33658.856984,138443.0
2023-04-06,33634.01997,33719.03839,33482.929953,33655.358999,13567.0
2023-04-10,33702.997095,33781.054242,33509.551969,33748.626719,109247.0
2023-04-11,33769.200434,33954.012826,33732.064174,33852.435461,121304.0
2023-04-12,33883.514664,34120.728147,33765.185961,33811.10258,170018.0
2023-04-13,33791.635334,34215.749422,33751.165307,34189.295409,142659.0
2023-04-14,34135.460141,34280.75213,33877.606079,34041.199646,187296.0
2023-04-17,34122.703415,34147.239753,33941.626945,34126.27388,128258.0
2023-04-18,34122.123286,34291.519842,33931.083142,34127.214813,140648.0
2023-04-19,34104.560417,34105.04971,33941.108458,34037.611518,124522.0
2023-04-20,34011.075688,34033.056966,33808.603716,33912.795089,147306.0
2023-04-21,33897.648258,33997.366341,33810.398275,33948.955374,145054.0
2023-04-24,33917.075662,34023.987556,33778.283254,34000.668337,121559.0
2023-04-25,34002.203866,34002.203866,33646.445984,33655.276097,179216.0
2023-04-26,33730.853112,33762.539451,33344.701236,33425.875551,184152.0
2023-04-27,33443.394717,33973.122972,33416.441753,33928.865941,173750.0
2023-04-28,33854.763034,34233.940605,33746.523388,34198.666133,169859.0
2023-05-01,34217.043604,34361.472964,34101.255247,34151.509975,109760.0
2023-05-02,34109.860059,34182.834578,33522.225602,33770.208678,194065.0
2023-05-03,33745.597014,33915.137228,33403.710544,33492.624287,184138.0
2023-05-04,33389.545227,33562.164745,33004.077876,33196.71727,219419.0
2023-05-05,33189.123013,33826.920214,33172.683386,33737.87809,152653.0
2023-05-08,33753.846651,33846.96756,33572.675109,33680.609065,104594.0
2023-05-09,33682.063377,33726.984601,33541.353552,33630.688632,103184.0
2023-05-10,33633.865973,33852.957529,33299.537269,33604.431198,201233.0
2023-05-11,33593.294182,33680.398647,33183.910446,33372.399518,151659.0
2023-05-12,33374.907655,33544.544935,33159.502653,33355.126842,145458.0
2023-05-15,33324.34652,33510.499147,33213.719126,33401.829412,130122.0
2023-05-16,33390.103877,33397.17775,33029.281383,33065.243203,145850.0
2023-05-17,33098.439952,33539.148111,33067.467269,33477.62991,169595.0
2023-05-18,33469.04925,33647.489373,33277.172387,33614.413806,183603.0
2023-05-19,33629.459732,33729.042731,33389.667945,33487.126339,181147.0
2023-05-22,33421.021855,33587.516749,33271.171513,33362.285683,152173.0
2023-05-23,33402.025802,33475.258918,33068.363162,33131.945612,178445.0
2023-05-24,33132.38167,33182.152233,32806.825932,32858.741131,184602.0
2023-05-25,32893.776363,32917.368473,32620.244107,32798.470179,194751.0
2023-05-26,32795.921255,33207.359849,32726.154479,33130.299971,168313.0
2023-05-30,33277.637508,33333.040763,32925.714215,33084.746478,203114.0
2023-05-31,33065.072944,33081.601419,32794.687901,32976.019768,174695.0
2023-06-01,32913.205159,33211.147273,32734.396831,33099.872704,186705.0
2023-06-02,33147.049026,33869.71284,33122.763796,33821.156558,218195.0
2023-06-05,33814.432098,33898.039357,33601.420546,33621.735098,177127.0
2023-06-06,33615.443857,33674.34212,33450.360842,33619.309922,161295.0
2023-06-07,33612.96608,33741.331795,33542.042712,33709.870741,170158.0
2023-06-08,33702.271949,33904.525375,33635.208193,33858.722899,143738.0
2023-06-09,33842.140046,33996.192045,33739.744467,33901.541667,168817.0
2023-06-12,33899.520575,34092.738425,33890.967705,34087.263427,94244.0
2023-06-13,34099.038509,34335.767686,34013.979681,34235.07616,82123.0
2023-06-14,34219.901739,34219.901739,33792.628284,33987.888562,40060.0
2023-06-15,33996.29753,34499.167715,33874.534734,34419.095342,26152.0
2023-06-16,34392.359241,34699.290246,34370.984679,34579.988909,159995.0
2023-06-20,34619.372881,34654.339816,34198.544277,34355.493906,189092.0
2023-06-21,34328.062002,34382.766158,34156.273002,34234.80895,131671.0
2023-06-22,34247.762885,34269.954699,34095.603325,34210.309269,133743.0
2023-06-23,34249.688616,34251.495244,33896.439617,33979.359425,144684.0
2023-06-26,33974.59201,34066.95257,33855.661705,33973.485977,131131.0
2023-06-27,34000.014609,34228.234259,33896.648444,34177.235782,149633.0
2023-06-28,34167.686879,34221.029477,33990.184179,34101.571709,150784.0
2023-06-29,34147.364612,34391.499501,34056.921816,34350.373359,158632.0
2023-06-30,34326.313748,34707.246623,34320.492885,34641.202717,125416.0
2023-07-03,34621.791929,34688.593332,34508.693677,34633.572638,73710.0
2023-07-05,34632.063152,34644.783744,34436.225931,34513.886644,144046.0
2023-07-06,34487.869486,34491.666371,33965.396057,34133.634143,159316.0
2023-07-07,34104.871483,34248.98104,33921.200911,33935.828186,137650.0
2023-07-10,33965.592381,34168.838158,33803.84097,34146.981432,123271.0
2023-07-11,34156.631915,34494.052479,34052.911383,34461.558954,140615.0
2023-07-12,34442.129767,34790.147367,34412.451339,34558.917996,151152.0
2023-07-13,34575.356599,34674.228267,34541.907347,34592.564345,110888.0
2023-07-14,34551.120543,34787.745663,34497.099596,34674.916321,135132.0
2023-07-17,34646.643973,34852.889838,34577.600526,34765.473179,117297.0
2023-07-18,34745.913401,35171.339659,34686.434245,35146.390688,155208.0
2023-07-19,35120.583823,35415.910299,35115.742348,35252.206497,167556.0
2023-07-20,35244.90273,35557.56573,35192.665754,35401.445534,176654.0
2023-07-21,35415.175867,35520.393829,35348.644208,35404.754142,144916.0
2023-07-24,35402.76628,35644.110243,35355.965552,35580.794854,127733.0
2023-07-25,35584.610266,35698.029464,35528.154797,35603.904032,125004.0
2023-07-26,35577.855242,35800.239007,35468.248673,35686.314538,173891.0
2023-07-27,35636.122242,35835.449458,35352.919856,35430.950016,188139.0
2023-07-28,35437.014338,35704.733142,35373.772159,35587.672242,144648.0
2023-07-31,35602.901167,35714.638033,35512.548612,35690.409943,105902.0
2023-08-01,35703.736216,35804.643092,35569.76878,35758.944078,125401.0
2023-08-02,35649.240921,35725.006106,35333.708335,35402.16123,167165.0
2023-08-03,35398.970827,35498.867429,35215.626461,35312.683269,153647.0
2023-08-04,35296.645776,35606.168854,35118.825503,35144.719412,183924.0
2023-08-07,35148.801906,35589.143113,35137.887091,35550.84072,146874.0
2023-08-08,35563.42839,35576.530841,35071.145912,35390.410332,153097.0
2023-08-09,35380.919024,35494.660589,35127.561384,35198.934205,140790.0
2023-08-10,35268.754149,35656.296599,35179.038303,35249.661744,206782.0
2023-08-11,35256.26317,35426.404314,35115.753198,35348.694642,139859.0
2023-08-14,35394.927936,35451.848748,35225.013885,35368.378019,131739.0
2023-08-15,35345.391272,35417.750514,34954.530184,35006.849746,165851.0
2023-08-16,35005.116508,35189.685047,34802.158823,34817.889193,166435.0
2023-08-17,34849.875142,34949.558365,34502.782191,34539.321585,164732.0
2023-08-18,34524.645909,34658.274531,34325.378424,34560.086811,157860.0
2023-08-21,34564.393941,34709.899818,34305.453143,34519.191562,144049.0
2023-08-22,34505.064559,34649.175366,34305.281583,34342.01328,139831.0
2023-08-23,34351.370877,34584.139435,34338.109879,34520.782518,132095.0
2023-08-24,34575.968883,34740.410615,34092.179883,34136.505867,173293.0
2023-08-25,34146.319717,34478.487893,34063.932237,34375.997882,196518.0
2023-08-28,34419.842618,34694.36341,34396.189545,34591.845167,142339.0
2023-08-29,34609.323907,34907.861247,34520.184817,34889.670055,141821.0
2023-08-30,34902.140465,35090.983784,34847.343297,34955.140743,149939.0
2023-08-31,35019.795709,35177.834126,34773.548067,34791.810562,152653.0
2023-09-01,34807.989159,35027.453571,34763.598877,34879.153736,144440.0
2023-09-05,34861.78397,34970.616585,34669.501338,34681.359985,152744.0
2023-09-06,34687.396121,34708.079054,34317.341625,34477.597005,156448.0
2023-09-07,34469.058628,34578.649096,34364.896589,34536.808164,132867.0
2023-09-08,34540.547867,34656.016231,34445.877131,34611.717231,135838.0
2023-09-11,34630.955696,34803.088251,34580.807722,34678.069396,86283.0
2023-09-12,34674.354776,34874.948261,34558.005283,34661.244641,71523.0
2023-09-13,34667.88515,34790.09205,34510.351026,34588.238831,39138.0
2023-09-14,34599.848168,34986.684586,34591.903795,34926.316108,28307.0
2023-09-15,34948.998451,35028.743765,34850.006692,34911.97111,173235.0
2023-09-18,34932.891351,35036.444367,34847.603868,34935.212434,122947.0
2023-09-19,34944.177671,34992.954867,34602.592217,34810.068652,161160.0
2023-09-20,34813.465164,35084.495894,34724.58185,34729.717173,178652.0
2023-09-21,34727.76025,34743.229022,34303.612819,34337.496393,213074.0
2023-09-22,34329.216524,34419.43067,34210.878609,34232.272847,173493.0
2023-09-25,34271.242235,34362.105965,34044.080068,34273.362334,169721.0
2023-09-26,34291.157331,34298.919307,33812.467944,33883.651927,182099.0
2023-09-27,33917.31401,34011.78619,33542.545147,33795.057599,207608.0
2023-09-28,33863.376296,34013.418314,33694.256464,33890.713579,217716.0
2023-09-29,33939.99532,34130.567434,33624.324979,33727.683416,241729.0
2023-10-02,33894.104334,33936.730055,33429.41176,33636.080586,232209.0
2023-10-03,33636.560422,33710.873433,33115.594595,33203.933853,242392.0
2023-10-04,33170.879074,33359.035604,33023.962417,33329.036245,232785.0
2023-10-05,33277.343097,33368.405704,33121.957483,33301.847293,181566.0
2023-10-06,33292.154562,33760.902349,33036.501423,33593.194287,250289.0
2023-10-09,33475.090614,33832.193399,33299.308516,33803.093354,173481.0
2023-10-10,33802.70432,34094.807537,33776.86233,33936.343102,169509.0
2023-10-11,33922.020033,34078.285226,33797.868286,33988.047077,147290.0
2023-10-12,34039.571955,34157.103312,33619.204424,33799.963438,179951.0
2023-10-13,33792.547897,34125.867627,33704.816412,33832.498607,231292.0
2023-10-16,33805.424792,34255.553427,33803.824615,34134.248518,160422.0
2023-10-17,34173.632937,34303.568359,33967.106196,34142.088366,199582.0
2023-10-18,34116.087717,34150.453157,33737.26338,33802.941098,214232.0
2023-10-19,33826.264892,33994.75061,33490.787092,33553.43574,286571.0
2023-10-20,33526.392004,33557.482268,33221.351589,33255.070805,196257.0
2023-10-23,33302.213301,33367.414202,33015.164882,33067.299505,202010.0
2023-10-24,33123.149736,33419.389356,33053.874663,33270.221931,205754.0
2023-10-25,33344.762538,33389.553354,33098.134558,33153.685427,229851.0
2023-10-26,33157.421241,33210.528161,32843.222618,32878.300384,246545.0
2023-10-27,32923.298218,33009.522588,32406.343401,32498.798196,235215.0
2023-10-30,32544.418186,33100.259212,32501.937342,33022.086421,206160.0
2023-10-31,33021.746806,33216.464616,32863.283215,33131.452067,189632.0
2023-11-01,33086.403504,33422.397719,32990.779787,33352.67032,195542.0
2023-11-02,33359.357024,33935.110715,33342.656154,33910.967261,187236.0
2023-11-03,33889.055925,34236.692875,33882.74843,34136.173105,149460.0
2023-11-06,34172.02281,34233.663856,34051.968882,34158.783676,112901.0
2023-11-07,34135.420976,34266.138353,34030.232635,34215.233531,113607.0
2023-11-08,34232.684392,34305.192293,34047.333883,34168.118383,118346.0
2023-11-09,34157.715598,34286.080475,33917.901696,33938.27737,158265.0
2023-11-10,33979.611334,34375.891038,33914.423776,34335.111506,148248.0
2023-11-13,34297.381396,34461.222784,34196.02561,34377.261917,108059.0
2023-11-14,34388.165559,34984.785805,34333.706389,34888.576067,158882.0
2023-11-15,34921.354987,35100.425403,34900.58364,35051.932455,143745.0
2023-11-16,35046.0374,35092.066485,34871.986893,35018.125225,149519.0
2023-11-17,35053.130308,35167.339835,34939.886052,35013.025221,116798.0
2023-11-20,34975.352797,35289.900563,34961.728382,35232.439599,103047.0
2023-11-21,35226.390424,35246.42229,35092.522458,35154.33658,89149.0
2023-11-22,35143.793674,35354.949919,35118.970735,35318.08929,113389.0
2023-11-23,35312.174263,35382.140694,35278.46615,35346.417773,113372.0
2023-11-24,35311.481584,35439.859835,35279.906108,35430.425706,84101.0
2023-11-27,35427.770237,35455.715424,35318.14594,35371.600849,99657.0
2023-11-28,35373.45928,35555.218229,35321.708936,35443.610315,119124.0
2023-11-29,35448.211263,35645.349747,35445.535577,35485.582558,143821.0
2023-11-30,35582.468756,36021.93606,35563.759071,36009.486018,173481.0
2023-12-01,35983.561761,36331.695599,35962.912379,36307.043951,160631.0
2023-12-04,36319.655279,36325.567955,36099.976732,36265.535671,154868.0
2023-12-05,36251.386791,36251.386791,36064.150357,36188.329759,151790.0
2023-12-06,36169.505572,36348.358673,36080.682841,36113.038527,132914.0
2023-12-07,36104.878536,36209.623398,36018.90262,36165.535618,115323.0
2023-12-08,36150.601032,36331.333154,36004.258519,36281.127309,131663.0
2023-12-11,36298.999239,36450.784287,36247.592782,36431.114246,72798.0
2023-12-12,36435.672644,36663.458398,36390.189105,36596.485402,71500.0
2023-12-13,36618.229454,37152.933176,36552.380566,37112.697787,41525.0
2023-12-14,37127.18674,37326.641328,37058.085267,37266.286178,39346.0
2023-12-15,37253.538746,37439.919443,36996.602116,36996.602116,158077.0
2023-12-18,37658.703667,37773.963632,37644.280294,37677.350069,93803.0
2023-12-19,37659.109419,37933.946586,37640.427585,37933.946586,91041.0
2023-12-20,37924.216239,38005.927773,37388.736916,37442.303705,142848.0
2023-12-21,37467.549942,37764.917362,37458.283555,37757.494872,141422.0
2023-12-22,37700.861639,37880.627677,37589.702231,37739.020417,106896.0
2023-12-26,37690.338846,37967.257258,37690.338846,37894.801517,55137.0
2023-12-27,37916.76617,38028.797605,37821.904638,38003.470354,90406.0
2023-12-28,38009.121116,38091.286588,37922.03139,38031.277968,78091.0
2023-12-29,38034.550422,38086.615036,37834.91864,38011.363989,91570.0
2024-01-02,37982.577262,38108.01862,37762.553634,37984.314966,149780.0
2024-01-03,38002.858758,38011.114011,37667.14433,37695.52887,167086.0
2024-01-04,37710.800921,37986.222406,37698.083006,37720.78831,130798.0
2024-01-05,37746.386155,37882.860673,37497.78089,37720.28605,150680.0
2024-01-08,37670.409118,37948.211487,37465.047962,37937.393997,129735.0
2024-01-09,37896.974002,37904.883501,37606.600433,37765.804053,125232.0
2024-01-10,37737.921668,37996.374265,37695.32483,37934.899801,117173.0
2024-01-11,37916.732533,38034.264014,37622.667762,37928.840703,180625.0
2024-01-12,37894.877651,38030.866863,37651.294204,37788.493454,165051.0
2024-01-16,37738.408352,37831.085305,37387.336146,37552.044849,222576.0
2024-01-17,37543.874821,37558.956506,37312.310178,37452.591479,142472.0
2024-01-18,37449.910795,37711.546699,37300.810659,37664.407314,161781.0
2024-01-19,37650.412926,38131.983788,37594.117496,38043.196321,164006.0
2024-01-22,38049.472879,38305.683273,38049.472879,38196.548212,133227.0
2024-01-23,38196.116465,38209.120838,37974.972758,38084.578177,106701.0
2024-01-24,38103.916558,38256.212163,37957.755601,37978.119164,140540.0
2024-01-25,38062.536528,38222.837376,37911.538434,38218.699424,153937.0
2024-01-26,38161.50583,38371.671265,38050.466058,38252.54556,132492.0
2024-01-29,38213.190328,38501.214558,38163.97228,38487.346157,96390.0
2024-01-30,38443.5285,38644.478542,38377.716927,38610.16296,107270.0
2024-01-31,38567.002938,38722.895277,38251.186573,38289.995028,183737.0
2024-02-01,38287.146561,38666.182523,38214.693724,38627.173637,151960.0
2024-02-02,38599.728522,38893.496635,38430.03049,38760.20975,150154.0
2024-02-05,38749.205652,38795.463442,38309.82316,38463.622721,145430.0
2024-02-06,38448.429119,38633.653286,38363.13926,38605.418175,110204.0
2024-02-07,38587.761713,38844.771767,38549.274612,38776.758414,107433.0
2024-02-08,38795.848876,38846.879721,38625.604662,38828.640187,92753.0
2024-02-09,38796.971325,38980.885306,38644.990718,38751.203577,109921.0
2024-02-12,38711.243058,39011.521396,38685.934803,38885.63751,101104.0
2024-02-13,38859.678334,38896.819003,38098.590769,38334.932263,193359.0
2024-02-14,38339.637751,38526.060034,38255.577382,38498.51063,131927.0
2024-02-15,38493.582192,38863.434366,38460.046148,38863.434366,123765.0
2024-02-16,38856.461447,38909.088824,38649.77954,38696.688092,129454.0
2024-02-20,38661.593004,38746.988063,38524.82367,38639.433936,182421.0
2024-02-21,38674.631802,38759.693809,38401.33036,38677.325749,138644.0
2024-02-22,38640.630961,39216.325073,38634.449611,39123.11666,161919.0
2024-02-23,39104.023372,39342.474293,39096.320722,39189.855273,117156.0
2024-02-26,39185.955136,39292.425897,39063.99213,39116.298241,86441.0
2024-02-27,39091.675867,39158.211042,38915.533454,39019.021546,105462.0
2024-02-28,38988.276213,39004.535066,38791.162042,38997.006713,108840.0
2024-02-29,38912.873856,39123.989425,38831.625758,39047.129797,147277.0
2024-03-01,39026.248734,39169.164945,38889.896795,39141.668563,141442.0
2024-03-04,39112.200495,39123.413063,38905.730822,39020.988231,109881.0
2024-03-05,38994.373434,38994.373434,38481.523868,38607.951911,173240.0
2024-03-06,38613.643941,38902.000533,38582.12629,38709.090882,163066.0
2024-03-07,38707.838765,38941.355858,38550.112949,38826.449992,134593.0
2024-03-08,38846.024982,39008.320989,38626.215443,38756.547714,202668.0
2024-03-11,38817.080506,38817.080506,38802.004919,38802.004919,120301.0
2024-03-12,39021.66466,39033.460572,39003.083465,39033.460572,72651.0
2024-03-13,39088.786392,39102.763214,39066.917835,39066.917835,31584.0
2024-03-14,39086.524969,39244.697071,38701.023256,38912.936197,35547.0
2024-03-15,38892.931492,38994.44839,38689.387988,38690.276542,169006.0
2024-03-18,39136.40422,39329.980288,39087.309223,39222.601239,118702.0
2024-03-19,39236.905884,39557.796837,39113.478457,39535.108755,140907.0
2024-03-20,39544.63532,39979.953033,39424.738869,39944.72527,157531.0
2024-03-21,39973.260429,40316.429547,39940.72878,40202.509178,145308.0
2024-03-22,40231.479191,40269.019433,39827.463649,39869.306939,127834.0
2024-03-25,39846.296357,39854.601945,39682.725268,39694.831104,96099.0
2024-03-26,39707.68844,39820.760192,39661.182139,39680.720024,96695.0
2024-03-27,39761.094636,40182.771074,39738.002653,40149.169403,128244.0
2024-03-28,40141.554508,40232.734327,40081.608889,40184.972824,105259.0
2024-04-01,40154.624654,40353.254716,39714.80872,39888.211872,122809.0
2024-04-02,39782.847844,39799.741756,39367.057663,39511.315345,145105.0
2024-04-03,39508.876501,39637.440485,39344.06577,39479.353082,133136.0
2024-04-04,39505.999665,39760.200039,38872.222043,38920.512594,187385.0
2024-04-05,38912.2724,39370.008508,38864.888987,39227.704397,199867.0
2024-04-08,39281.431732,39344.721103,39111.918817,39227.169589,123196.0
2024-04-09,39243.417201,39306.444527,38875.865508,39203.650763,173308.0
2024-04-10,39220.623529,39348.381873,38586.884351,38761.417224,210140.0
2024-04-11,38724.484043,38879.392155,38467.183761,38735.652552,189672.0
2024-04-12,38760.269782,38831.064458,38134.743715,38232.62579,184089.0
2024-04-15,38151.195665,38643.079911,37916.841178,37994.346332,222745.0
2024-04-16,37991.812912,38279.354913,37834.74316,38045.56378,220406.0
2024-04-17,38082.72638,38259.820193,37835.203427,37985.709043,203316.0
2024-04-18,37983.503262,38312.332241,37898.961457,38002.174932,182153.0
2024-04-19,38003.92164,38342.321052,37460.861425,38210.457933,222794.0
2024-04-22,38271.058815,38686.501386,38206.77423,38466.089993,149973.0
2024-04-23,38513.77139,38785.030778,38431.899169,38727.405949,119765.0
2024-04-24,38749.97443,38802.818742,38513.151962,38686.693022,137085.0
2024-04-25,38581.342953,38636.354105,37939.333982,38289.986059,176024.0
2024-04-26,38340.536237,38533.74969,38238.267942,38439.083317,129532.0
2024-04-29,38490.324774,38591.350451,38396.754924,38555.457047,97407.0
2024-04-30,38570.274069,38581.780067,37921.223608,37994.161248,146973.0
2024-05-01,37923.475307,38525.089974,37860.316735,38071.295395,174076.0
2024-05-02,38123.404632,38642.89814,38041.175008,38384.212835,149304.0
2024-05-03,38646.543505,38959.317201,38580.855151,38831.383712,148503.0
2024-05-06,38922.474235,39027.932432,38837.744577,38995.396733,77486.0
2024-05-07,38987.255726,39124.229389,38974.113685,39029.278041,79867.0
2024-05-08,39020.595906,39242.831681,38932.112039,39197.953167,91383.0
2024-05-09,39196.360934,39586.345323,39079.588744,39533.103486,105733.0
2024-05-10,39552.736241,39719.225177,39525.668792,39640.070632,98790.0
2024-05-13,39612.789565,39784.363045,39511.899128,39558.111312,85748.0
2024-05-14,39541.683254,39727.511956,39401.713478,39680.657478,109441.0
2024-05-15,39674.547746,40060.471996,39651.104672,40045.770745,103695.0
2024-05-16,40012.491584,40189.642598,39980.843585,40010.179523,120773.0
2024-05-17,39992.064037,40145.832173,39955.157053,40141.160258,89430.0
2024-05-20,40133.545869,40215.899712,39924.446856,39942.985352,107161.0
2024-05-21,39934.444123,40026.039391,39908.11071,40010.048015,90800.0
2024-05-22,39994.080848,40026.388989,39661.501204,39776.021062,125652.0
2024-05-23,39731.761227,39887.16676,39112.549937,39152.228373,193157.0
2024-05-24,39142.153545,39314.920185,39101.946357,39151.666065,108389.0
2024-05-28,39161.954065,39235.253231,38785.836732,38942.348767,136293.0
2024-05-29,38926.585841,38926.585841,38218.478525,38521.644389,131270.0
2024-05-30,38267.671273,38309.83471,38110.003507,38232.087855,140004.0
2024-05-31,38214.995599,38856.000087,38134.207008,38791.042147,162088.0
2024-06-03,38828.516845,38920.940857,38334.067673,38655.493645,159326.0
2024-06-04,38660.962873,38882.407004,38422.66661,38786.005845,128443.0
2024-06-05,38800.642633,38936.5964,38626.505703,38885.112827,129969.0
2024-06-06,38889.792604,39094.323159,38814.824516,38954.320313,148120.0
2024-06-07,38950.639142,39175.012346,38716.3591,38857.078535,158104.0
2024-06-10,38850.299378,38949.677191,38718.437289,38922.658853,107469.0
2024-06-11,38900.040806,38928.411,38473.241065,38794.944804,133923.0
2024-06-12,38771.688304,39193.508492,38660.085395,38755.468138,192800.0
2024-06-13,38648.37236,38672.976914,38633.782257,38672.976914,148100.0
2024-06-14,38643.537853,38675.60898,38309.932111,38608.865496,144261.0
2024-06-17,38865.779842,38874.671301,38814.763018,38814.763018,94672.0
2024-06-18,38852.29952,38856.376614,38839.425405,38856.376614,50454.0
2024-06-20,38851.999615,39257.174129,38773.293985,39148.771179,40743.0
2024-06-21,39161.263869,39265.397926,39056.709676,39258.024352,120677.0
2024-06-24,39852.331636,39875.434383,39846.064914,39848.717344,132930.0
2024-06-25,39853.930886,39926.491047,39393.334775,39518.871486,138528.0
2024-06-26,39478.451692,39591.907946,39308.036597,39542.292845,108027.0
2024-06-27,39500.187654,39549.22276,39488.234114,39549.22276,111386.0
2024-06-28,39501.830877,39817.130526,39276.744572,39472.042802,163775.0
2024-07-01,39501.762668,39509.437045,39496.474918,39509.437045,147927.0
2024-07-02,39665.161018,39689.544664,39650.512056,39689.544664,112630.0
2024-07-03,39657.795435,39762.6779,39569.287316,39636.308614,83475.0
2024-07-05,39650.706791,39788.786177,39496.638542,39690.523887,122140.0
2024-07-08,39669.117801,40004.378368,39598.264318,39640.075129,125683.0
2024-07-09,39679.17121,39820.095934,39450.672399,39597.926925,128226.0
2024-07-10,39596.642161,40069.121133,39559.874733,40049.811994,121614.0
2024-07-11,40010.485735,40195.844577,39941.037679,40086.468156,160830.0
2024-07-12,40127.070599,40572.894009,40018.400444,40302.67772,150755.0
2024-07-15,40388.088062,40647.025941,40337.147892,40511.153551,150281.0
2024-07-16,40548.178203,41294.742447,40459.211898,41257.198163,166137.0
2024-07-17,41252.639833,41551.015098,41097.856331,41496.367029,174697.0
2024-07-18,41540.229745,41668.181695,40883.822459,40954.540561,205739.0
2024-07-19,40971.361062,41007.011167,40463.073592,40564.335552,189669.0
2024-07-22,40599.313742,40749.877822,40496.393222,40694.012517,139028.0
2024-07-23,40683.829023,40799.590184,40561.605674,40619.047935,115495.0
2024-07-24,40572.109036,40588.540186,40055.143666,40110.078444,152713.0
2024-07-25,40210.975715,40683.184397,40046.613818,40192.970657,184803.0
2024-07-26,40248.843801,40991.690081,40237.497367,40826.255578,155646.0
2024-07-29,40859.102827,41050.645986,40605.126934,40769.654026,130239.0
2024-07-30,40776.591426,40959.311965,40755.818512,40959.311965,149189.0
2024-07-31,41113.0492,41158.266547,41069.495387,41077.642808,169539.0
2024-08-01,40415.984212,40514.467308,40341.68545,40514.467308,215454.0
2024-08-02,40416.981883,40448.802562,39524.176921,39882.991429,212527.0
2024-08-05,39621.196294,39746.70656,38541.946274,38845.784176,242081.0
2024-08-06,39017.400991,39607.190499,38761.511413,39142.372867,176267.0
2024-08-07,39026.73004,39610.453925,38750.945732,38904.536484,142306.0
2024-08-08,38812.018812,39664.220004,38685.791678,39602.836325,157515.0
2024-08-09,39608.911798,39769.057301,39354.893031,39640.968418,114014.0
2024-08-12,39625.402073,39737.105232,39362.662389,39480.758103,105360.0
2024-08-13,39487.171107,39925.91992,39351.030028,39893.023483,117637.0
2024-08-14,39890.412259,40185.730905,39785.460739,40123.294057,121946.0
2024-08-15,40158.150316,40717.254969,40112.102179,40687.709159,110455.0
2024-08-16,40711.963259,40851.100176,40548.402519,40793.233238,100491.0
2024-08-19,40814.965434,41046.088986,40750.590868,41017.860853,92059.0
2024-08-20,40991.977171,41079.092153,40878.241825,40948.356947,93916.0
2024-08-21,40947.548761,41100.43058,40847.429565,41004.969454,108190.0
2024-08-22,41013.630434,41158.5744,40675.956392,40831.65055,127200.0
2024-08-23,40841.035739,41305.168611,40838.141899,41268.121402,140256.0
2024-08-26,41272.484679,41526.333709,41234.265539,41334.27029,99780.0
2024-08-27,41292.225772,41391.416083,41185.552332,41351.157475,96494.0
2024-08-28,41362.576455,41448.914674,40921.619746,41176.968546,130782.0
2024-08-29,41251.097694,41681.482019,41153.176495,41434.929415,159373.0
2024-08-30,41477.683347,41672.91641,41235.375826,41649.399664,102872.0
2024-09-03,41608.457463,41658.040239,40863.218209,41016.558405,159441.0
2024-09-04,41018.668586,41266.59113,40846.957283,41061.012003,121303.0
2024-09-05,41025.314343,41169.642539,40587.18727,40823.494517,138416.0
2024-09-06,40880.586461,41078.603537,40266.490798,40406.28703,197612.0
2024-09-09,40325.059532,41065.675644,40325.059532,40886.560846,197570.0
2024-09-10,40924.270968,40986.917724,40462.555143,40802.038726,138170.0
2024-09-11,40788.629584,40951.144506,40035.548348,40906.467465,192993.0
2024-09-12,40855.3121,41167.252137,40701.935821,41145.633689,130205.0
2024-09-13,41124.799206,41566.767982,41124.799206,41417.453117,191493.0
2024-09-16,41426.197381,41779.89227,41389.313263,41662.435187,91301.0
2024-09-17,41646.602003,41877.872046,41504.709965,41643.084543,62082.0
2024-09-18,41645.603897,42019.52218,41470.28368,41517.225979,32391.0
2024-09-19,41591.937226,42196.670693,41582.622052,42051.998161,24249.0
2024-09-20,42072.705935,42098.105047,41836.860631,41944.626516,114937.0
2024-09-23,42470.792764,42553.665685,42332.98948,42495.274342,91636.0
2024-09-24,42492.692736,42659.465267,42408.278747,42596.900897,113334.0
2024-09-25,42563.822397,42675.660419,42208.166297,42274.9563,123730.0
2024-09-26,42273.219518,42595.262804,42231.78101,42554.660647,112739.0
2024-09-27,42534.407378,43002.408021,42493.621679,42662.451191,139067.0
2024-09-30,42649.996225,42708.566567,42249.194245,42640.947588,135313.0
2024-10-01,42606.975894,42651.846004,42250.290327,42475.777634,164863.0
2024-10-02,42453.417151,42587.103975,42280.2424,42504.912413,116836.0
2024-10-03,42539.343276,42573.296495,42140.594605,42314.832203,135656.0
2024-10-04,42275.831173,42666.473534,42252.03901,42652.369351,116876.0
2024-10-07,42628.034009,42701.70496,42121.5026,42239.589213,119728.0
2024-10-08,42254.182366,42428.153101,42088.917347,42369.793081,80027.0
2024-10-09,42376.016784,42863.843791,42257.150269,42816.145073,106753.0
2024-10-10,42809.662505,42855.810778,42586.137743,42749.894357,99975.0
2024-10-11,42756.081966,43177.522759,42659.464763,43137.695417,118519.0
2024-10-14,43111.105754,43420.558767,42986.128236,43366.146629,83233.0
2024-10-15,43402.906264,43443.380878,42965.431488,43020.638833,138663.0
2024-10-16,43001.255491,43365.513689,42932.702366,43345.475728,89839.0
2024-10-17,43342.347573,43552.151617,43260.9039,43514.366505,105209.0
2024-10-18,43478.964007,43574.54843,43292.582117,43516.598862,87045.0
2024-10-21,43535.314946,43581.355611,43102.698425,43178.799391,112161.0
2024-10-22,43192.604327,43279.8079,42946.056153,43173.984047,110924.0
2024-10-23,43006.030643,43072.024309,42517.274177,42731.343212,130291.0
2024-10-24,42674.51409,42746.29283,42412.464219,42609.107188,105906.0
2024-10-25,42610.040157,42815.775726,42236.747217,42320.641438,110635.0
2024-10-28,42644.552862,42649.248698,42605.43434,42605.43434,104641.0
2024-10-29,42524.313012,42524.313012,42448.969344,42448.969344,105143.0
2024-10-30,42326.208684,42369.48893,42281.397301,42369.48893,121546.0
2024-10-31,42331.845818,42355.2393,41865.819526,41943.520426,154926.0
2024-11-01,41967.034698,42494.587928,41899.62446,42207.84752,117543.0
2024-11-04,42152.228989,42282.110017,41790.177469,41951.072691,114209.0
2024-11-05,42440.997886,42448.080771,42382.677341,42382.677341,95861.0
2024-11-06,42439.827295,43971.390248,42415.576313,43901.164812,184763.0
2024-11-07,43956.762549,44019.740781,43801.38346,43911.456322,104533.0
2024-11-08,43942.187853,44298.794561,43856.311056,44136.856803,112833.0
2024-11-11,44147.50329,44632.86931,44142.536792,44441.623075,100772.0
2024-11-12,44444.90659,44550.167021,44041.932626,44083.891541,126582.0
2024-11-13,44079.622773,44276.033582,43890.591448,44105.672836,117324.0
2024-11-14,44134.447388,44266.242927,43825.896717,43903.320189,113558.0
2024-11-15,43895.974506,43913.7273,43475.846184,43570.424778,132267.0
2024-11-18,43588.361009,43651.549454,43406.178441,43536.675569,100133.0
2024-11-19,43533.590955,43619.128085,42983.403682,43395.318725,124798.0
2024-11-20,43405.960792,43586.333921,43180.428857,43517.207718,104002.0
2024-11-21,43570.226685,44147.830027,43389.133167,43988.11041,137123.0
2024-11-22,43989.887786,44448.542891,43824.810886,44390.679884,126566.0
2024-11-25,44503.32595,44921.950515,44493.26303,44829.379425,118679.0
2024-11-26,44855.644166,44994.836916,44531.130528,44957.10982,120261.0
2024-11-27,44969.532491,45126.553539,44787.312224,44829.615824,98511.0
2024-11-29,44851.081485,45172.286188,44822.753624,45060.234026,90515.0
2024-12-02,45044.754533,45143.692464,44818.452156,44902.042414,85535.0
2024-12-03,44890.881105,44995.963113,44680.045611,44806.471123,80723.0
2024-12-04,44898.145689,45177.974095,44876.905347,45107.740871,96607.0
2024-12-05,45092.242115,45164.435112,44812.775567,44864.374985,82291.0
2024-12-06,44854.000548,44982.040789,44655.917056,44707.522704,75940.0
2024-12-09,44706.853314,44817.215042,44445.997455,44481.539867,91105.0
2024-12-10,44489.725619,44558.320672,44255.722935,44329.394404,82780.0
2024-12-11,44333.491125,44441.380514,44187.629889,44225.765777,87553.0
2024-12-12,44197.509541,44267.262584,43937.769669,43981.272678,99956.0
2024-12-13,43976.008162,44084.866518,43807.049763,43860.695191,132455.0
2024-12-16,43845.542704,43991.87385,43717.156871,43766.291284,88150.0
2024-12-17,43749.315618,43774.836721,43362.535785,43470.499526,59599.0
2024-12-18,43472.643663,43715.234341,42192.017667,42317.67609,46782.0
2024-12-19,42412.997254,42784.157514,42353.784254,42354.625042,36192.0
2024-12-20,42388.348122,42394.07899,42062.596882,42202.86962,161912.0
2024-12-23,43350.350202,43481.66071,42932.334589,43316.372755,96076.0
2024-12-24,43345.334803,43663.894201,43238.156352,43642.957032,45301.0
2024-12-26,43642.453054,43757.15721,43427.908746,43702.376975,59570.0
2024-12-27,43667.286277,43711.037216,43073.786477,43338.580051,107124.0
2024-12-30,43301.313391,43386.843411,42592.70549,42929.088063,126732.0
2024-12-31,42922.439704,43100.037474,42722.455637,42872.686165,97511.0
2025-01-02,42929.180749,43241.10555,42461.936874,42688.580778,136924.0
2025-01-03,42709.877712,43077.259692,42648.232484,43025.330966,82603.0
2025-01-06,43027.195159,43418.663544,42884.488973,42984.179255,118919.0
2025-01-07,43023.672864,43215.635775,42644.988562,42805.296408,132803.0
2025-01-08,42787.908309,42940.54166,42596.384456,42889.440956,107855.0
2025-01-09,42888.611932,42904.542226,42721.248914,42829.39385,15854.0
2025-01-10,42826.038269,42904.508531,42080.437943,42160.402808,161172.0
2025-01-13,42203.157129,42563.587923,41967.376744,42526.832587,116458.0
2025-01-14,42575.002724,42826.239056,42372.262903,42761.557782,112144.0
2025-01-15,42810.680853,43570.856692,42747.063088,43463.451899,120524.0
2025-01-16,43481.185716,43574.030271,43290.22852,43368.772024,104181.0
2025-01-17,43343.278246,43869.966745,43316.928546,43702.166129,90444.0
2025-01-21,43684.462063,44273.596242,43486.652395,44229.331002,121464.0
2025-01-22,44245.967922,44418.956624,44197.558556,44351.056137,80005.0
2025-01-23,44364.461529,44759.121587,44308.410124,44743.82116,85184.0
2025-01-24,44728.632554,44774.454579,44518.637378,44600.540755,72959.0
2025-01-27,44474.532565,44931.903426,44003.789642,44902.349692,162124.0
2025-01-28,44906.723889,45157.3636,44745.419339,45031.655245,97887.0
2025-01-29,45022.571149,45139.515352,44745.458946,44891.132926,94244.0
2025-01-30,44899.399893,45189.817671,44777.145762,45059.275793,110116.0
2025-01-31,45119.981507,45225.579632,44662.428249,44701.492405,130438.0
2025-02-03,44447.181144,44813.193834,43964.56431,44555.75802,165834.0
2025-02-04,44826.395247,44826.395247,44350.770771,44696.856918,97570.0
2025-02-05,44653.765872,45057.980583,44470.098777,45007.489596,91179.0
2025-02-06,45042.214222,45170.582599,44651.090491,44863.605663,92666.0
2025-02-07,44794.806639,44963.955939,44393.806439,44421.192464,114010.0
2025-02-10,44177.973755,44736.202406,44104.519135,44582.681044,79508.0
2025-02-11,44573.903647,44748.655043,44395.158392,44710.583847,76813.0
2025-02-12,44693.610114,44730.500379,44185.625223,44460.464674,118274.0
2025-02-13,44512.49082,44879.871035,44358.083575,44815.079923,105812.0
2025-02-14,44823.795164,44882.466741,44592.359063,44635.388391,75013.0
2025-02-18,44652.54353,44750.908589,44402.53279,44642.486946,106944.0
2025-02-19,44644.503128,44717.489472,44391.806853,44715.007829,94559.0
2025-02-20,44646.601702,44687.760511,44037.979611,44275.150773,107830.0
2025-02-21,44264.594829,44334.609687,43416.610554,43489.21464,161188.0
2025-02-24,43593.650752,43598.219956,43535.165701,43535.165701,133141.0
2025-02-25,43739.661117,43780.473893,43683.510771,43683.510771,151598.0
2025-02-26,43486.408842,43498.458142,43450.879522,43498.458142,149728.0
2025-02-27,43484.876328,43950.400687,43276.02063,43296.747754,206282.0
2025-02-28,43324.160388,43927.701473,43143.294236,43891.284111,177427.0
2025-03-03,43357.37599,43360.735582,43251.941848,43251.941848,195699.0
2025-03-04,43356.013767,43356.013767,42423.230901,42600.559719,216146.0
2025-03-05,42880.714696,43199.07884,42470.86861,43060.146655,194486.0
2025-03-06,43066.241602,43092.050289,42428.651266,42619.824191,185579.0
2025-03-07,42655.72109,42941.022712,42206.385864,42835.480628,180652.0
2025-03-10,42721.970949,42721.970949,41669.606461,41949.498945,185984.0
2025-03-11,42033.032004,42123.373259,41217.704118,41476.900509,211890.0
2025-03-12,41505.359516,42016.266845,41052.155516,41392.670254,142810.0
2025-03-13,41367.955249,41496.500734,40708.892843,40867.855643,144956.0
2025-03-14,40905.185862,41557.996429,40905.185862,41513.042391,142773.0
2025-03-17,41884.5273,41910.060589,41880.164592,41880.164592,103592.0
2025-03-18,41589.427459,41605.903021,41589.427459,41605.903021,47833.0
2025-03-19,42002.696187,42002.696187,41990.722377,41990.722377,25043.0
2025-03-20,42006.717633,42259.652667,41712.851147,41960.481579,18405.0
2025-03-21,41963.726801,42000.878415,41564.744314,41617.580843,100622.0
2025-03-24,42432.238906,42968.847737,42428.507648,42902.9273,87181.0
2025-03-25,42902.466683,43025.038849,42768.718085,42908.164638,79898.0
2025-03-26,42930.727103,43152.588945,42635.152146,42733.809753,99157.0
2025-03-27,42639.063392,42871.99038,42467.900548,42600.608053,105293.0
2025-03-28,42622.417587,42667.147735,41710.809841,41850.845939,118779.0
2025-03-31,41601.866477,42422.871226,41430.415853,42255.839551,133273.0
2025-04-01,42224.17915,42416.181481,41786.898294,42242.565322,147593.0
2025-04-02,42235.693807,42836.625838,41872.01957,42485.956142,153452.0
2025-04-03,41865.518642,41868.236794,40652.246336,40780.21256,192436.0
2025-04-04,40701.222596,40741.581358,38302.407365,38530.304831,263203.0
2025-04-07,37757.46251,39425.231177,36703.508513,38163.434621,253518.0
2025-04-08,38484.851484,39650.560987,37293.698992,37871.000505,231356.0
2025-04-09,37740.318977,41034.875638,36885.806562,40835.539255,219520.0
2025-04-10,40961.84602,41136.565934,38631.555185,39795.922234,256201.0
2025-04-11,39738.923239,40616.591825,39215.143395,40391.957698,192425.0
2025-04-14,40704.286662,40995.482887,40032.165639,40739.697826,144033.0
2025-04-15,40661.068854,41014.342764,40519.51555,40571.961135,134231.0
2025-04-16,40496.16861,40708.399194,39588.060072,39849.369975,172674.0
2025-04-17,39869.60833,40291.73348,39132.663652,39326.638189,165997.0
2025-04-21,39216.618043,39246.344124,37996.033451,38326.924725,104848.0
2025-04-22,38311.286435,39448.326028,38244.558686,39353.268828,127744.0
2025-04-23,39691.128482,40554.938901,39649.344132,39771.967564,136073.0
2025-04-24,39773.953609,40405.826051,39401.006695,40260.590927,86438.0
2025-04-25,40253.974693,40378.180917,39862.14469,40250.694758,79601.0
2025-04-28,40231.955724,40572.094609,40010.880692,40374.050256,77490.0
2025-04-29,40331.180108,40775.67844,40296.085851,40659.576153,83269.0
2025-04-30,40715.005593,40928.839494,39865.276517,40767.046778,114913.0
2025-05-01,40837.320351,41212.079277,40735.626267,40858.24285,78632.0
2025-05-02,40821.914768,41500.195989,40767.063126,41434.045593,80982.0
2025-05-05,41406.048402,41553.579989,41103.009933,41322.495941,68412.0
2025-05-06,41322.656998,41349.0268,40765.719307,40918.215402,74598.0
2025-05-07,40808.127021,41377.218459,40808.127021,41212.276448,86541.0
2025-05-08,41154.815316,41867.270635,41114.224594,41478.430491,90453.0
2025-05-09,41478.034071,41620.233814,41221.350618,41327.770988,68796.0
2025-05-12,41849.525695,42567.808086,41672.722528,42493.130664,89231.0
2025-05-13,42525.464355,42537.968059,42204.224525,42225.511516,73088.0
2025-05-14,42248.519381,42331.518394,42032.690022,42123.69962,64344.0
2025-05-15,42089.644984,42450.308842,41842.742313,42376.034771,80206.0
2025-05-16,42438.188114,42764.673742,42329.091116,42736.339523,58924.0
2025-05-19,42466.188245,42940.149668,42340.698139,42891.107037,74396.0
2025-05-20,42889.050109,42977.084988,42573.910969,42764.338365,55555.0
2025-05-21,42755.774853,42755.774853,41848.060493,41950.473693,90315.0
2025-05-22,41849.081202,42181.243525,41701.279649,41928.79424,74432.0
2025-05-23,41984.069705,42031.410889,41232.505084,41668.77567,90921.0
2025-05-27,41682.846107,42471.807434,41654.021004,42402.591436,80613.0
2025-05-28,42467.78482,42513.695781,42108.803911,42167.590404,59359.0
2025-05-29,42201.142918,42777.808387,41884.395309,42266.382684,88212.0
2025-05-30,42241.24341,42433.719347,41952.928202,42300.436426,82305.0
2025-06-02,42219.044892,42413.768521,41904.446736,42375.984359,71147.0
2025-06-03,42375.284792,42644.216322,42104.579174,42599.527027,59356.0
2025-06-04,42567.381613,42703.593676,42465.128042,42491.227154,52522.0
2025-06-05,42466.709514,42736.284977,42261.806368,42358.644642,0.0
2025-06-06,42373.324108,42982.437046,42341.246223,42807.624883,75689.0
2025-06-09,42842.580377,42934.497269,42597.397286,42791.628402,58531.0
2025-06-10,42807.081069,42967.373236,42667.030933,42906.024644,57296.0
2025-06-11,42882.739694,43199.330499,42755.652599,42906.885584,84493.0
2025-06-12,42875.467583,42998.508631,42581.181615,42996.426473,80003.0
2025-06-13,42948.952413,42956.412401,42086.535219,42210.853969,138939.0
2025-06-16,42022.36774,42736.876752,41915.904804,42526.216746,69513.0
2025-06-17,42543.025982,42566.332383,42151.886194,42225.896001,54035.0
2025-06-18,42199.076569,42527.749734,42095.947964,42188.861253,0.0
2025-06-20,42186.278259,42374.81783,41766.293925,42360.054879,110078.0
2025-06-23,42268.011678,42923.552971,42088.238067,42893.308948,107829.0
2025-06-24,42899.305708,43512.615921,42894.281772,43423.716496,78650.0
2025-06-25,43420.036581,43471.145948,43173.534602,43300.381244,60535.0
2025-06-26,43289.742303,43748.546253,43266.795143,43720.80212,62759.0
2025-06-27,43764.968238,44277.379522,43738.318157,44124.126175,84771.0
2025-06-30,44195.590197,44438.699798,44184.40297,44387.8902,70246.0
2025-07-01,44348.094295,44914.448173,44284.962819,44804.344086,87829.0
2025-07-02,44806.932997,44959.803818,44642.969638,44771.129044,66074.0
2025-07-03,44774.971166,45177.598233,44748.456107,45096.773704,0.0
2025-07-04,45102.778255,45104.032889,44783.245591,44847.919016,0.0
2025-07-07,44920.796128,45130.391181,44426.0301,44678.370823,92925.0
2025-07-08,44554.671425,44718.909863,44464.20841,44510.242824,68371.0
2025-07-09,44505.286134,44825.980024,44423.597986,44713.631475,65740.0
2025-07-10,44734.649813,45040.480537,44572.061455,44901.875222,57549.0
2025-07-11,44872.944384,44940.708216,44507.111326,44598.055278,79039.0
2025-07-14,44455.144381,44703.488713,44324.866446,44692.842898,61424.0
2025-07-15,44671.943734,44838.417379,44184.252012,44247.214466,93546.0
2025-07-16,44167.433058,44474.426714,43962.970921,44468.042114,102177.0
2025-07-17,44430.477623,44772.055468,44355.257857,44719.98602,78964.0
2025-07-18,44741.173947,44852.520218,44423.152517,44525.097205,82864.0
2025-07-21,44535.716876,44816.733269,44493.829114,44543.925692,68926.0
2025-07-22,44581.981013,44757.177381,44423.922839,44718.004973,80543.0
2025-07-23,44747.476915,45237.654979,44721.458742,45216.370733,96815.0
2025-07-24,45108.534945,45131.612741,44861.838952,44894.13912,79999.0
2025-07-25,44923.186154,45131.627156,44820.507681,45083.590108,70780.0
2025-07-28,45243.522136,45317.969156,44911.495944,45013.834797,62830.0
2025-07-29,44998.493578,45126.537506,44738.79493,44817.739934,83460.0
2025-07-30,44757.523546,44910.135148,44422.577023,44635.882675,85104.0
2025-07-31,44726.996478,44851.918753,44204.906829,44302.606483,106823.0
2025-08-01,44267.414312,44324.649698,43457.685533,43707.221842,136714.0
2025-08-04,43675.219789,44390.309939,43636.662153,44298.571807,84476.0
2025-08-05,44388.893054,44435.140818,44041.958131,44236.018308,89851.0
2025-08-06,44237.682806,44480.235563,44116.84782,44314.37509,71111.0
2025-08-07,44297.962148,44607.761933,43903.169404,44073.575835,101705.0
2025-08-08,44110.525039,44380.044682,44082.80197,44279.796767,63972.0
2025-08-11,44309.108631,44415.98489,44006.290771,44081.598208,72041.0
2025-08-12,44055.802852,44600.599042,44033.375081,44557.112136,92716.0
2025-08-13,44565.716782,45064.31474,44505.131606,45028.924145,82504.0
2025-08-14,45018.264682,45134.758574,44776.082755,44995.049336,87954.0
2025-08-15,45116.412595,45365.77278,44974.716686,45031.247083,87454.0
2025-08-18,45024.722323,45114.770858,44893.72518,44981.512748,60968.0
2025-08-19,44999.461188,45286.098791,44835.113623,44999.984504,79732.0
2025-08-20,45008.773966,45127.40027,44829.186316,44996.897405,97741.0
2025-08-21,45003.316455,45029.94998,44637.030287,44851.388981,79750.0
2025-08-22,44898.615671,45845.911265,44742.712319,45713.599507,123012.0
2025-08-25,45714.166913,45767.363863,45333.341268,45357.649822,71588.0
2025-08-26,45393.585084,45526.630968,45186.73846,45488.87774,68030.0
2025-08-27,45515.065694,45698.594988,45444.907461,45647.700192,64387.0
2025-08-28,45654.062362,45805.986981,45495.997524,45708.795379,74190.0
2025-08-29,45653.860578,45690.887283,45418.382194,45596.14668,0.0
2025-09-02,45682.907091,45752.704446,44995.970414,45350.473233,136291.0
2025-09-03,45324.221649,45378.236065,45030.246601,45300.228501,82167.0
2025-09-04,45249.8526,45715.637813,45229.614368,45691.638987,75771.0
2025-09-05,45694.979263,45836.031843,45255.930998,45458.208082,99100.0
2025-09-08,45480.088866,45591.665012,45319.057326,45570.492863,73050.0
2025-09-09,45585.307584,45808.322106,45461.998748,45761.837829,85539.0
2025-09-10,45704.910515,45841.552155,45420.95995,45542.744148,90185.0
2025-09-11,45497.695168,46178.706392,45497.695168,46137.602401,97175.0
2025-09-12,46150.211314,46164.169924,45834.58852,45854.03306,91317.0
2025-09-15,45859.07761,46009.234734,45794.604957,45917.315329,71122.0
2025-09-16,45880.352458,45991.607698,45682.048235,45785.700021,57709.0
2025-09-17,45806.837953,46293.109409,45694.052738,46022.594837,27301.0
2025-09-18,46067.648119,46374.676624,45965.101298,46161.845572,15016.0
2025-09-19,46238.551105,46342.947043,46066.296234,46329.267111,84974.0
2025-09-22,46609.237731,46782.995642,46361.835779,46727.923016,68098.0
2025-09-23,46701.335665,47053.454023,46544.691865,46641.906652,103137.0
2025-09-24,46677.345722,46790.484544,46410.736459,46442.308522,85273.0
2025-09-25,46484.14602,46538.287763,46099.790126,46267.260002,90872.0
2025-09-26,46282.4786,46668.366911,46240.446168,46564.913181,100016.0
2025-09-29,46565.981937,46792.932375,46437.239496,46611.639701,70891.0
2025-09-30,46579.038387,46713.552052,46399.03239,46688.308778,84032.0
2025-10-01,46615.933365,46820.835319,46335.53992,46727.571435,88717.0
2025-10-02,46726.404349,46875.247699,46544.677448,46810.350128,80575.0
2025-10-03,46795.236658,47322.101414,46767.173862,47026.760084,100656.0
2025-10-06,47046.45458,47161.590591,46689.975347,46964.30701,92162.0
2025-10-07,46962.725008,47132.84235,46691.756649,46849.992502,93718.0
2025-10-08,46876.716113,47085.589965,46750.806374,46868.193453,74101.0
2025-10-09,46890.633087,46931.76312,46510.08832,46594.605062,90250.0
2025-10-10,46577.236124,46879.065988,45397.130085,45700.68596,157573.0
2025-10-13,45839.349911,46378.597081,45839.349911,46296.09688,157566.0
2025-10-14,46293.550227,46751.425096,45663.095673,46501.019328,164917.0
2025-10-15,46464.310858,46911.998449,46230.60749,46493.917049,112868.0
2025-10-16,46531.248242,46701.630165,45991.965039,46166.012256,143772.0
2025-10-17,46118.683776,46510.004107,45606.35505,46380.199246,149642.0
2025-10-20,46486.351746,46959.170524,46315.955016,46921.391255,75305.0
2025-10-21,46946.265997,47333.512463,46812.04674,47130.49921,90821.0
2025-10-22,47153.526043,47202.765734,46645.032574,46775.629003,106848.0
2025-10-23,46722.672483,46993.164099,46606.097516,46907.618939,80733.0
2025-10-24,46872.827177,47508.091086,46872.827177,47396.374372,90156.0
2025-10-27,47709.129475,47767.893524,47545.166077,47702.913325,64972.0
2025-10-28,47744.386947,48120.013701,47688.671278,47891.094642,91119.0
2025-10-29,47878.072142,48218.718984,47613.737294,47801.062745,104793.0
2025-10-30,47733.960662,48173.955181,47546.092281,47682.547107,124095.0
2025-10-31,47790.814823,47861.000356,47484.825106,47720.043533,100906.0
2025-11-03,47736.969545,47870.179607,47266.418685,47480.656379,0.0
2025-11-04,47460.203933,47467.381975,46974.389566,47214.677793,112000.0
2025-11-05,47277.313596,47579.589916,47077.753065,47432.335991,103008.0
2025-11-06,47457.159729,47495.607509,46890.718602,47034.265795,114602.0
2025-11-07,47093.265741,47156.539362,46574.149401,47087.094475,126244.0
2025-11-10,47209.866503,47515.613282,47030.149349,47462.57562,93035.0
2025-11-11,47450.295293,48083.218801,47413.65707,48030.622105,86185.0
2025-11-12,48031.498996,48532.788308,48013.251178,48363.733652,97612.0
2025-11-13,48384.210736,48500.103473,47501.961779,47552.058121,122851.0
2025-11-14,47587.172589,47645.20766,46933.634329,47232.466442,141395.0
2025-11-17,47240.761808,47366.916307,46510.60502,46662.445054,98069.0
2025-11-18,46714.829197,46743.577734,45994.161374,46179.373254,140793.0
2025-11-19,46138.341349,46369.716027,45981.078649,46211.537416,101621.0
2025-11-20,46234.417406,46937.393392,45790.348371,45820.310359,160195.0
2025-11-21,45852.230796,46650.065398,45771.216836,46332.030118,150797.0
2025-11-24,46504.464428,46649.505341,46161.145128,46518.13566,83182.0
2025-11-25,46514.655877,47248.028012,46397.724945,47172.560461,99417.0
2025-11-26,47186.644168,47632.164386,47168.249513,47486.195551,76014.0
2025-11-28,47523.831227,47791.388847,47446.033929,47749.44679,30059.0
2025-12-01,47737.62218,47787.454071,47318.42441,47352.357421,76171.0
2025-12-02,47347.65057,47662.174768,47273.581585,47548.949122,82970.0
2025-12-03,47543.54365,48077.040257,47423.134743,47956.791019,100371.0
2025-12-04,48001.923937,48125.889788,47757.253344,47918.015374,74857.0
2025-12-05,47909.432256,48188.128656,47823.256812,47995.277684,76666.0
2025-12-08,48008.510844,48052.585601,47664.730281,47788.360486,72705.0
2025-12-09,47787.047136,48006.74093,47568.656054,47612.092121,79019.0
2025-12-10,47602.205665,48239.608317,47507.617168,48109.228515,99708.0
2025-12-11,48147.651995,48832.069732,47866.788792,48743.74004,122588.0
2025-12-12,48807.801061,48920.621895,48355.244172,48464.511395,126875.0
2025-12-15,48518.435418,48741.850173,48309.204632,48456.763851,66118.0
2025-12-16,48485.619731,48551.080124,47968.688588,48135.312638,44708.0
2025-12-17,48114.166093,48401.03074,47876.194298,47906.483999,32741.0
2025-12-18,47930.597684,48385.146985,47823.209852,47983.847563,17445.0
2025-12-19,47918.177154,48091.470969,47814.02574,48088.036327,70175.0
2025-12-22,48607.197602,48786.285964,48450.550541,48687.841009,71945.0
2025-12-23,48685.326837,48847.17366,48532.084312,48762.82269,52240.0
2025-12-24,48745.713028,49079.522954,48668.995845,49026.974634,26493.0
2025-12-26,49051.595886,49097.470645,48874.41015,48997.272678,34813.0
2025-12-29,48994.440122,49055.814852,48663.594695,48746.928655,50835.0
2025-12-30,48758.22105,48770.060294,48570.961292,48659.735078,44086.0
2025-12-31,48684.775502,48691.857254,48309.150589,48335.176539,46843.0
2026-01-02,48367.947943,48655.00534,48087.964868,48624.684739,104081.0
2026-01-05,48660.289213,49459.964246,48558.779278,49227.267637,108527.0
2026-01-06,49218.06817,49759.818535,49099.580722,49722.29288,96111.0
2026-01-07,49752.910722,49875.233962,49185.378154,49237.412406,103436.0
2026-01-08,49240.1098,49605.892741,48997.84464,49479.472014,107061.0
2026-01-09,49566.292176,49791.875973,49412.82278,49727.829323,85622.0
2026-01-12,49718.108989,49849.254877,49207.27856,49813.78851,104767.0
2026-01-13,49764.789305,49893.588754,49278.272736,49415.128371,115841.0
2026-01-14,49376.382365,49389.718153,49058.766311,49353.766312,123354.0
2026-01-15,49277.647988,49784.617133,49253.372486,49645.857798,117819.0
2026-01-16,49654.606585,49796.152515,49425.352089,49543.381012,96781.0
2026-01-20,49310.134312,49317.479287,48610.275648,48669.059519,174346.0
2026-01-21,48739.945065,49484.662538,48497.226267,49265.026801,151078.0
2026-01-22,49290.041287,49794.59974,49267.163659,49555.819746,110997.0
2026-01-23,49494.39145,49619.975912,49120.249747,49257.958619,96860.0
2026-01-26,49042.782955,49641.71522,48845.444214,49562.050407,90959.0
2026-01-27,49426.942579,49570.438612,49006.040162,49149.446666,104318.0
2026-01-28,49151.567515,49286.54643,48991.85951,49165.377123,90281.0
2026-01-29,49127.111337,49447.188575,48727.895954,49170.165507,148223.0
2026-01-30,49129.645312,49166.760053,48570.535243,49013.667928,141267.0
2026-02-02,48868.117961,49605.986842,48518.556205,49517.995917,120377.0
2026-02-03,49484.476417,49761.34184,48933.820153,49346.910111,151112.0
2026-02-04,49385.475458,49758.408356,49201.389977,49587.755379,132996.0
2026-02-05,49521.190655,49684.782717,48845.576619,48994.519615,143847.0
2026-02-06,48839.70843,50256.265818,48696.172462,50211.693698,156057.0
2026-02-09,50240.705736,50343.225065,49901.351194,50223.942636,101609.0
2026-02-10,50196.339188,50614.478172,50115.173775,50267.855885,108198.0
2026-02-11,50321.587358,50579.467766,49978.599534,50212.146506,112956.0
2026-02-12,50216.422799,50516.876044,49487.902328,49524.966109,137169.0
2026-02-13,49546.917172,49812.98189,49149.531356,49567.413862,139583.0
2026-02-17,49548.214215,49823.169833,49235.772659,49616.429786,142840.0
2026-02-18,49623.516066,49969.504025,49494.353387,49725.959939,91106.0
2026-02-19,49689.801896,49792.980034,49258.137184,49453.592463,95499.0
2026-02-20,49427.611899,49776.480666,49206.303356,49671.91665,128325.0
2026-02-23,49636.795602,49763.2778,48775.20278,48842.189029,140081.0
2026-02-24,48894.390195,49342.544376,48795.207288,49234.400434,111767.0
2026-02-25,49206.935922,49580.120156,49128.28255,49539.674525,84336.0
2026-02-26,49481.815077,49870.780246,49260.006676,49530.229239,127481.0
2026-02-27,49330.641446,49400.413823,48701.029216,48983.530308,128201.0
2026-03-02,48453.1402,49130.507581,48159.718423,48946.576003,144119.0
2026-03-03,48924.797287,48926.811809,47680.131268,48551.964962,209462.0
2026-03-04,48475.150062,48918.909618,48267.511802,48805.918836,134677.0
2026-03-05,48785.073648,48887.118361,47604.181537,47985.297932,168599.0
2026-03-06,47955.121587,48125.138186,47025.890125,47514.998868,160633.0
2026-03-09,47181.424833,47922.960329,46341.723536,47766.369448,195701.0
2026-03-10,47749.507213,48269.405813,47474.810876,47752.848689,174700.0
2026-03-11,47794.979285,47972.905499,47212.062383,47454.696623,133154.0
2026-03-12,47370.019223,47380.346185,46698.965852,46730.732516,173291.0
2026-03-13,46766.066148,47163.586433,46462.231535,46592.690771,140360.0
2026-03-16,46390.84835,47219.965937,46390.84835,46973.531538,89528.0
2026-03-17,46937.050363,47462.695265,46714.416272,47039.216834,52315.0
2026-03-18,47025.883008,47321.897622,46073.305314,46235.829867,30676.0
2026-03-19,46224.66979,46316.018856,45748.247545,46038.849149,11042.0
2026-03-20,46106.410813,46212.429374,45712.000524,45900.235832,155743.0
2026-03-23,45611.966398,47210.45117,45454.692163,46521.387443,194380.0
2026-03-24,46526.641701,46902.205177,46047.77225,46418.576076,117899.0
2026-03-25,46691.953978,47040.444435,46478.784987,46713.502726,103661.0
2026-03-26,46724.038624,46847.275539,46172.805137,46233.699604,112881.0
2026-03-27,46333.387154,46494.706309,45272.785211,45427.005926,118726.0
2026-03-30,45242.414486,45917.295561,45052.707342,45467.332581,100948.0
2026-03-31,45469.939638,46644.982516,45284.655813,46576.287781,161725.0
2026-04-01,46490.919421,47086.927917,46483.462254,46808.637605,110008.0
2026-04-02,46821.814277,46987.944244,46078.79645,46732.818137,118710.0
2026-04-06,46575.502925,47047.850593,46371.707179,46900.277903,74514.0
2026-04-07,47006.393593,47038.605637,46427.734868,46808.112283,123308.0
2026-04-08,47002.928695,48255.072032,46823.5878,48143.862624,127161.0
2026-04-09,48093.693807,48556.663361,47900.465102,48416.408987,86221.0
2026-04-10,48377.968455,48517.801693,48076.556793,48130.756321,69894.0
2026-04-13,47668.343075,48456.494371,47526.693371,48424.863976,94696.0
2026-04-14,48444.984595,48810.730517,48340.510116,48746.634895,85072.0
2026-04-15,48761.31924,48906.242363,48476.546479,48665.978825,83724.0
2026-04-16,48690.824005,48877.878099,48534.624552,48763.441724,77045.0
2026-04-17,48822.028793,49931.775104,48804.556576,49636.869207,129067.0
2026-04-20,49323.225738,49724.830927,49092.642576,49640.625873,80729.0
2026-04-21,49676.63404,50041.340745,49232.917854,49333.758319,112621.0
2026-04-22,49504.90362,49810.821198,49421.550308,49668.128815,81420.0
2026-04-23,49486.640853,49697.790754,49039.593596,49488.163037,111929.0
2026-04-24,49428.428936,49596.441266,49239.617767,49391.199578,85451.0
2026-04-27,49376.288723,49523.832329,49189.350737,49343.321067,64940.0
2026-04-28,49351.924252,49555.186994,49227.174811,49290.081019,83929.0
2026-04-29,49367.156142,49420.448061,48798.686484,49004.114115,84562.0
2026-04-30,48822.120232,49924.720517,48600.804326,49833.91452,111137.0
2026-05-01,49897.177278,50139.250389,49559.31594,49642.244964,82397.0
2026-05-04,49703.236552,49799.320775,49015.131236,49075.062012,96881.0
2026-05-05,49093.423491,49475.485695,49061.855886,49412.561994,73870.0
2026-05-06,49391.81452,50140.362178,49346.731264,50028.184482,111561.0
2026-05-07,50015.378384,50237.343233,49583.648054,49704.870715,106852.0
2026-05-08,49601.151559,49964.749084,49583.934365,49702.287159,82039.0
2026-05-11,49639.768868,49872.363525,49464.600286,49798.64349,81714.0
2026-05-12,49784.653556,49929.738757,49404.001584,49864.137925,96034.0
2026-05-13,49864.336289,49912.911728,49532.806755,49789.755156,80425.0
2026-05-14,49853.976468,50295.371085,49847.406672,50152.905389,99443.0
2026-05-15,50152.179773,50170.175464,49435.711393,49614.025164,99595.0
2026-05-18,49462.882615,49842.533069,49160.326369,49762.870278,115701.0
2026-05-19,49736.151569,49837.501962,49320.485074,49460.552974,107847.0
2026-05-20,49441.953492,50162.14925,49299.495682,50094.078794,123455.0
2026-05-21,50028.764803,50468.379628,49781.751392,50378.832077,119583.0
2026-05-22,50394.474578,50914.272323,50392.652358,50655.798225,94217.0
2026-05-26,50772.027544,51207.629013,50426.351567,50546.739353,104443.0
2026-05-27,50509.61724,50886.669967,50509.61724,50726.066299,84159.0
2026-05-28,50773.072929,50849.704983,50389.573624,50738.960047,79383.0
2026-05-29,50747.908707,51136.338388,50715.442546,51070.10424,95051.0
2026-06-01,51131.748703,51386.11819,50819.98573,51136.874622,101810.0
2026-06-02,51072.603272,51448.619939,50839.790948,51400.354688,96521.0
2026-06-03,51391.496376,51411.682447,50743.650272,50817.331364,100630.0
2026-06-04,50779.77631,51761.398413,50762.078277,51673.596446,123824.0
2026-06-05,51669.723382,51844.356627,50733.275841,50927.949756,146432.0
2026-06-08,50801.430224,51335.992972,50619.821294,50856.699261,123589.0
2026-06-09,50799.225262,51321.736007,50259.934842,50907.537091,167528.0
2026-06-10,50840.082888,50900.195682,49867.196206,49994.663349,161003.0
2026-06-11,49876.473375,51017.585165,49760.645225,50872.073834,152623.0
2026-06-12,50907.452602,51447.353801,50834.633784,51232.507913,76951.0
2026-06-15,51448.272445,51990.049905,51440.83118,51751.033477,64450.0
2026-06-16,51738.746223,52235.494862,51695.480987,52047.705417,38319.0
2026-06-17,52046.525389,52304.75237,51424.739354,51529.643328,15312.0
2026-06-18,51621.774435,51969.108874,51588.287705,51957.559072,92055.0
2026-06-22,51870.203686,52300.645155,51710.542852,52118.564174,91250.0
2026-06-23,52159.496809,52277.253248,51691.811221,52081.321204,96723.0
2026-06-24,52114.048759,52676.463999,51931.510336,52271.79254,98054.0
2026-06-25,52380.114211,53088.909159,52205.056839,52334.688356,113915.0
2026-06-26,52441.087325,52534.902152,52006.224477,52212.757579,105317.0
2026-06-29,52185.027253,52692.811276,52176.330034,52567.994628,89615.0
2026-06-30,52552.084846,52762.977378,52377.475775,52671.380777,74897.0
2026-07-01,52544.072005,53105.944518,52374.757035,52667.284851,90308.0
2026-07-02,52628.652774,53220.670165,52552.728178,53190.854794,100326.0
2026-07-06,53240.713783,53426.07791,52955.368689,53370.056167,90656.0
2026-07-07,53404.131505,53663.874527,53079.315325,53188.847236,89107.0
2026-07-08,53159.37887,53209.168507,52342.457946,52626.776707,95222.0
2026-07-09,52534.695385,52865.253016,52504.956994,52764.30294,66141.0
2026-07-10,52752.710412,52989.859703,52513.524233,52908.07231,68293.0
2026-07-13,52840.571978,53110.819098,52599.762808,52774.63097,73079.0
2026-07-14,52731.358038,52990.757733,52247.950925,52784.633926,99673.0
2026-07-15,52784.13058,53087.920826,52688.092253,52903.36448,76513.0
2026-07-16,52918.025072,53110.859013,52599.062167,52777.989804,85363.0
2026-07-17,52784.319912,52837.345272,52178.708407,52379.207705,115286.0
2026-07-20,52296.558038,52629.465168,52008.633075,52072.812134,75800.0
2026-07-21,52085.601286,52597.540936,52035.735454,52447.41401,66630.0
2026-07-22,52425.222071,52726.717769,52272.854632,52440.595119,87377.0
2026-07-23,52425.504758,52513.34774,51711.44252,51892.334342,105721.0
2026-07-24,51918.114871,52325.513176,51846.352482,52122.899148,89966.0
2026-07-27,52304.821511,52787.79637,52179.774308,52383.086061,91914.0
2026-07-28,52410.142602,53101.311216,52284.875741,52948.818454,103211.0
2026-07-29,52906.513643,53031.4992,51627.550807,51769.737431,146058.0
2026-07-30,51757.54384,52489.96941,51727.549143,52381.015042,97292.0
2026-07-31,52388.469653,52772.552973,52126.739997,52630.468464,89330.0
2026-08-03,52778.514527,53408.056866,52777.63636,53335.989256,89762.0
2026-08-04,53376.367864,54427.196056,53270.018656,54269.200047,115998.0
2026-08-05,54371.83517,54884.423991,54343.778709,54504.281763,77049.0
2026-08-06,54553.86429,54682.035592,53948.186597,54007.977518,71861.0
2026-08-07,54046.320706,54204.870454,53881.180642,54155.105654,55339.0
2026-08-10,54133.83869,54167.306138,53948.009514,54054.774684,49514.0
2026-08-11,54057.357759,54332.311843,53859.579479,53880.668198,48980.0
2026-08-12,53903.35459,54157.802859,53831.273251,53871.118746,46654.0
2026-08-13,53900.116526,54144.61751,53711.804201,53926.908727,51901.0
2026-08-14,53969.057635,54002.487595,53746.931963,53815.541485,45138.0
2026-08-17,53788.728569,53843.563748,53470.011503,53537.413565,51161.0
2026-08-18,53490.416306,53590.97193,53308.94602,53396.321644,60853.0
2026-08-19,53410.088614,53782.861438,53334.882628,53522.643783,65337.0
2026-08-20,53534.94178,53586.705255,52820.800798,52837.444264,72386.0
2026-08-21,52871.519184,53414.834626,52835.574003,53349.772721,65072.0
2026-08-24,53365.493802,53561.028619,53206.8689,53484.934439,58985.0
2026-08-25,53527.254294,53802.091455,53427.852246,53647.123691,53249.0
2026-08-26,53642.992219,53770.633676,53429.113195,53530.670822,44772.0
2026-08-27,53723.859023,53810.622359,53371.718626,53619.864256,57126.0
2026-08-28,53599.208643,53855.649494,53523.276034,53577.449265,57398.0
2026-08-31,53657.650414,53669.849748,53148.984699,53242.105609,55770.0
2026-09-01,53251.416246,53342.444327,52750.822927,52821.856363,75303.0
2026-09-02,52848.421503,53290.3948,52716.334662,53127.016736,61403.0
2026-09-03,53121.154959,53823.48921,53091.012075,53746.945957,71081.0
2026-09-04,53706.156946,53772.722202,53229.150025,53439.821214,62513.0
2026-09-08,53266.138945,53330.887146,52764.875751,52830.501848,79264.0
2026-09-09,52825.431596,52859.66735,52339.818031,52422.147576,69731.0
2026-09-10,52473.801611,52677.372882,51997.811025,52097.000755,70530.0
2026-09-11,52052.585727,52739.258353,52052.585727,52590.868439,74247.0
2026-09-14,52374.960987,52667.066938,52210.1751,52444.834804,81458.0
2026-09-15,52487.44086,52497.582375,51902.95078,52118.968328,40378.0
2026-09-16,52158.283985,52302.299482,51213.219906,51502.665953,27119.0
2026-09-17,51485.301597,52158.784646,51459.241267,51805.990419,15536.0
2026-09-18,51791.245427,51958.791683,51577.723081,51761.687535,70160.0
2026-09-21,52085.852703,52562.639839,52074.052886,52482.508858,68624.0
2026-09-22,52473.959,52852.811674,52127.159629,52283.844982,88222.0
2026-09-23,52251.449965,52363.599456,51839.016171,51874.304797,76439.0
2026-09-24,51874.744737,51911.800823,51496.848996,51725.106512,83826.0
2026-09-25,51659.112945,52227.166996,51604.285784,52168.54356,76064.0
2026-09-28,52142.328013,52153.033368,51740.878157,51835.130689,76062.0
2026-09-29,51771.506387,51842.998449,51754.907696,51807.324333,1629.0
